quads_tilt_fit #-4.303252624789078e-06
delta_local #[1.e-06]
R1 #[[ 1.00000000e+00  0.00000000e+00 -3.30325262e-06  0.00000000e+00
   0.00000000e+00  0.00000000e+00]
 [ 0.00000000e+00  1.00000000e+00  0.00000000e+00 -3.30325262e-06
   0.00000000e+00  0.00000000e+00]
 [ 3.30325262e-06  0.00000000e+00  1.00000000e+00  0.00000000e+00
   0.00000000e+00  0.00000000e+00]
 [ 0.00000000e+00  3.30325262e-06  0.00000000e+00  1.00000000e+00
   0.00000000e+00  0.00000000e+00]
 [ 0.00000000e+00  0.00000000e+00  0.00000000e+00  0.00000000e+00
   1.00000000e+00  0.00000000e+00]
 [ 0.00000000e+00  0.00000000e+00  0.00000000e+00  0.00000000e+00
   0.00000000e+00  1.00000000e+00]]
R2 #[[ 1.00000000e+00  0.00000000e+00  3.30325262e-06  0.00000000e+00
   0.00000000e+00  0.00000000e+00]
 [ 0.00000000e+00  1.00000000e+00  0.00000000e+00  3.30325262e-06
   0.00000000e+00  0.00000000e+00]
 [-3.30325262e-06  0.00000000e+00  1.00000000e+00  0.00000000e+00
   0.00000000e+00  0.00000000e+00]
 [ 0.00000000e+00 -3.30325262e-06  0.00000000e+00  1.00000000e+00
   0.00000000e+00  0.00000000e+00]
 [ 0.00000000e+00  0.00000000e+00  0.00000000e+00  0.00000000e+00
   1.00000000e+00  0.00000000e+00]
 [ 0.00000000e+00  0.00000000e+00  0.00000000e+00  0.00000000e+00
   0.00000000e+00  1.00000000e+00]]
Param #3: delta too small; RMS=2.4586e-06 mm
quads_tilt_fit #-4.303252624789078e-06
delta_local #[0.00040674]
R1 #[[ 9.99999919e-01  0.00000000e+00  4.02434121e-04  0.00000000e+00
   0.00000000e+00  0.00000000e+00]
 [ 0.00000000e+00  9.99999919e-01  0.00000000e+00  4.02434121e-04
   0.00000000e+00  0.00000000e+00]
 [-4.02434121e-04  0.00000000e+00  9.99999919e-01  0.00000000e+00
   0.00000000e+00  0.00000000e+00]
 [ 0.00000000e+00 -4.02434121e-04  0.00000000e+00  9.99999919e-01
   0.00000000e+00  0.00000000e+00]
 [ 0.00000000e+00  0.00000000e+00  0.00000000e+00  0.00000000e+00
   1.00000000e+00  0.00000000e+00]
 [ 0.00000000e+00  0.00000000e+00  0.00000000e+00  0.00000000e+00
   0.00000000e+00  1.00000000e+00]]
R2 #[[ 9.99999919e-01  0.00000000e+00 -4.02434121e-04  0.00000000e+00
   0.00000000e+00  0.00000000e+00]
 [ 0.00000000e+00  9.99999919e-01  0.00000000e+00 -4.02434121e-04
   0.00000000e+00  0.00000000e+00]
 [ 4.02434121e-04  0.00000000e+00  9.99999919e-01  0.00000000e+00
   0.00000000e+00  0.00000000e+00]
 [ 0.00000000e+00  4.02434121e-04  0.00000000e+00  9.99999919e-01
   0.00000000e+00  0.00000000e+00]
 [ 0.00000000e+00  0.00000000e+00  0.00000000e+00  0.00000000e+00
   1.00000000e+00  0.00000000e+00]
 [ 0.00000000e+00  0.00000000e+00  0.00000000e+00  0.00000000e+00
   0.00000000e+00  1.00000000e+00]]
Param #3: delta OK; RMS=0.0010001 mm
quads_tilt_fit #0.00016920073030085605
delta_local #[1.e-06]
R1 #[[ 9.99999986e-01  0.00000000e+00  1.70200729e-04  0.00000000e+00
   0.00000000e+00  0.00000000e+00]
 [ 0.00000000e+00  9.99999986e-01  0.00000000e+00  1.70200729e-04
   0.00000000e+00  0.00000000e+00]
 [-1.70200729e-04  0.00000000e+00  9.99999986e-01  0.00000000e+00
   0.00000000e+00  0.00000000e+00]
 [ 0.00000000e+00 -1.70200729e-04  0.00000000e+00  9.99999986e-01
   0.00000000e+00  0.00000000e+00]
 [ 0.00000000e+00  0.00000000e+00  0.00000000e+00  0.00000000e+00
   1.00000000e+00  0.00000000e+00]
 [ 0.00000000e+00  0.00000000e+00  0.00000000e+00  0.00000000e+00
   0.00000000e+00  1.00000000e+00]]
R2 #[[ 9.99999986e-01  0.00000000e+00 -1.70200729e-04  0.00000000e+00
   0.00000000e+00  0.00000000e+00]
 [ 0.00000000e+00  9.99999986e-01  0.00000000e+00 -1.70200729e-04
   0.00000000e+00  0.00000000e+00]
 [ 1.70200729e-04  0.00000000e+00  9.99999986e-01  0.00000000e+00
   0.00000000e+00  0.00000000e+00]
 [ 0.00000000e+00  1.70200729e-04  0.00000000e+00  9.99999986e-01
   0.00000000e+00  0.00000000e+00]
 [ 0.00000000e+00  0.00000000e+00  0.00000000e+00  0.00000000e+00
   1.00000000e+00  0.00000000e+00]
 [ 0.00000000e+00  0.00000000e+00  0.00000000e+00  0.00000000e+00
   0.00000000e+00  1.00000000e+00]]
Param #2697: delta too small; RMS=2.0298e-06 mm
quads_tilt_fit #0.00016920073030085605
delta_local #[0.00049266]
R1 #[[ 9.99999781e-01  0.00000000e+00  6.61860475e-04  0.00000000e+00
   0.00000000e+00  0.00000000e+00]
 [ 0.00000000e+00  9.99999781e-01  0.00000000e+00  6.61860475e-04
   0.00000000e+00  0.00000000e+00]
 [-6.61860475e-04  0.00000000e+00  9.99999781e-01  0.00000000e+00
   0.00000000e+00  0.00000000e+00]
 [ 0.00000000e+00 -6.61860475e-04  0.00000000e+00  9.99999781e-01
   0.00000000e+00  0.00000000e+00]
 [ 0.00000000e+00  0.00000000e+00  0.00000000e+00  0.00000000e+00
   1.00000000e+00  0.00000000e+00]
 [ 0.00000000e+00  0.00000000e+00  0.00000000e+00  0.00000000e+00
   0.00000000e+00  1.00000000e+00]]
R2 #[[ 9.99999781e-01  0.00000000e+00 -6.61860475e-04  0.00000000e+00
   0.00000000e+00  0.00000000e+00]
 [ 0.00000000e+00  9.99999781e-01  0.00000000e+00 -6.61860475e-04
   0.00000000e+00  0.00000000e+00]
 [ 6.61860475e-04  0.00000000e+00  9.99999781e-01  0.00000000e+00
   0.00000000e+00  0.00000000e+00]
 [ 0.00000000e+00  6.61860475e-04  0.00000000e+00  9.99999781e-01
   0.00000000e+00  0.00000000e+00]
 [ 0.00000000e+00  0.00000000e+00  0.00000000e+00  0.00000000e+00
   1.00000000e+00  0.00000000e+00]
 [ 0.00000000e+00  0.00000000e+00  0.00000000e+00  0.00000000e+00
   0.00000000e+00  1.00000000e+00]]
Param #2697: delta OK; RMS=0.0010004 mm
quads_tilt_fit #2.316139271533174e-05
delta_local #[1.e-06]
R1 #[[ 1.00000000e+00  0.00000000e+00  2.41613927e-05  0.00000000e+00
   0.00000000e+00  0.00000000e+00]
 [ 0.00000000e+00  1.00000000e+00  0.00000000e+00  2.41613927e-05
   0.00000000e+00  0.00000000e+00]
 [-2.41613927e-05  0.00000000e+00  1.00000000e+00  0.00000000e+00
   0.00000000e+00  0.00000000e+00]
 [ 0.00000000e+00 -2.41613927e-05  0.00000000e+00  1.00000000e+00
   0.00000000e+00  0.00000000e+00]
 [ 0.00000000e+00  0.00000000e+00  0.00000000e+00  0.00000000e+00
   1.00000000e+00  0.00000000e+00]
 [ 0.00000000e+00  0.00000000e+00  0.00000000e+00  0.00000000e+00
   0.00000000e+00  1.00000000e+00]]
R2 #[[ 1.00000000e+00  0.00000000e+00 -2.41613927e-05  0.00000000e+00
   0.00000000e+00  0.00000000e+00]
 [ 0.00000000e+00  1.00000000e+00  0.00000000e+00 -2.41613927e-05
   0.00000000e+00  0.00000000e+00]
 [ 2.41613927e-05  0.00000000e+00  1.00000000e+00  0.00000000e+00
   0.00000000e+00  0.00000000e+00]
 [ 0.00000000e+00  2.41613927e-05  0.00000000e+00  1.00000000e+00
   0.00000000e+00  0.00000000e+00]
 [ 0.00000000e+00  0.00000000e+00  0.00000000e+00  0.00000000e+00
   1.00000000e+00  0.00000000e+00]
 [ 0.00000000e+00  0.00000000e+00  0.00000000e+00  0.00000000e+00
   0.00000000e+00  1.00000000e+00]]
Param #2708: delta too small; RMS=2.0593e-06 mm
quads_tilt_fit #2.316139271533174e-05
delta_local #[0.00048561]
R1 #[[ 9.99999871e-01  0.00000000e+00  5.08774122e-04  0.00000000e+00
   0.00000000e+00  0.00000000e+00]
 [ 0.00000000e+00  9.99999871e-01  0.00000000e+00  5.08774122e-04
   0.00000000e+00  0.00000000e+00]
 [-5.08774122e-04  0.00000000e+00  9.99999871e-01  0.00000000e+00
   0.00000000e+00  0.00000000e+00]
 [ 0.00000000e+00 -5.08774122e-04  0.00000000e+00  9.99999871e-01
   0.00000000e+00  0.00000000e+00]
 [ 0.00000000e+00  0.00000000e+00  0.00000000e+00  0.00000000e+00
   1.00000000e+00  0.00000000e+00]
 [ 0.00000000e+00  0.00000000e+00  0.00000000e+00  0.00000000e+00
   0.00000000e+00  1.00000000e+00]]
R2 #[[ 9.99999871e-01  0.00000000e+00 -5.08774122e-04  0.00000000e+00
   0.00000000e+00  0.00000000e+00]
 [ 0.00000000e+00  9.99999871e-01  0.00000000e+00 -5.08774122e-04
   0.00000000e+00  0.00000000e+00]
 [ 5.08774122e-04  0.00000000e+00  9.99999871e-01  0.00000000e+00
   0.00000000e+00  0.00000000e+00]
 [ 0.00000000e+00  5.08774122e-04  0.00000000e+00  9.99999871e-01
   0.00000000e+00  0.00000000e+00]
 [ 0.00000000e+00  0.00000000e+00  0.00000000e+00  0.00000000e+00
   1.00000000e+00  0.00000000e+00]
 [ 0.00000000e+00  0.00000000e+00  0.00000000e+00  0.00000000e+00
   0.00000000e+00  1.00000000e+00]]
Param #2708: delta OK; RMS=0.00099987 mm
quads_tilt_fit #0.0001415240561232389
delta_local #[1.e-06]
R1 #[[ 9.99999990e-01  0.00000000e+00  1.42524056e-04  0.00000000e+00
   0.00000000e+00  0.00000000e+00]
 [ 0.00000000e+00  9.99999990e-01  0.00000000e+00  1.42524056e-04
   0.00000000e+00  0.00000000e+00]
 [-1.42524056e-04  0.00000000e+00  9.99999990e-01  0.00000000e+00
   0.00000000e+00  0.00000000e+00]
 [ 0.00000000e+00 -1.42524056e-04  0.00000000e+00  9.99999990e-01
   0.00000000e+00  0.00000000e+00]
 [ 0.00000000e+00  0.00000000e+00  0.00000000e+00  0.00000000e+00
   1.00000000e+00  0.00000000e+00]
 [ 0.00000000e+00  0.00000000e+00  0.00000000e+00  0.00000000e+00
   0.00000000e+00  1.00000000e+00]]
R2 #[[ 9.99999990e-01  0.00000000e+00 -1.42524056e-04  0.00000000e+00
   0.00000000e+00  0.00000000e+00]
 [ 0.00000000e+00  9.99999990e-01  0.00000000e+00 -1.42524056e-04
   0.00000000e+00  0.00000000e+00]
 [ 1.42524056e-04  0.00000000e+00  9.99999990e-01  0.00000000e+00
   0.00000000e+00  0.00000000e+00]
 [ 0.00000000e+00  1.42524056e-04  0.00000000e+00  9.99999990e-01
   0.00000000e+00  0.00000000e+00]
 [ 0.00000000e+00  0.00000000e+00  0.00000000e+00  0.00000000e+00
   1.00000000e+00  0.00000000e+00]
 [ 0.00000000e+00  0.00000000e+00  0.00000000e+00  0.00000000e+00
   0.00000000e+00  1.00000000e+00]]
Param #6962: delta too small; RMS=2.7418e-06 mm
quads_tilt_fit #0.0001415240561232389
delta_local #[0.00036472]
R1 #[[ 9.99999872e-01  0.00000000e+00  5.06243575e-04  0.00000000e+00
   0.00000000e+00  0.00000000e+00]
 [ 0.00000000e+00  9.99999872e-01  0.00000000e+00  5.06243575e-04
   0.00000000e+00  0.00000000e+00]
 [-5.06243575e-04  0.00000000e+00  9.99999872e-01  0.00000000e+00
   0.00000000e+00  0.00000000e+00]
 [ 0.00000000e+00 -5.06243575e-04  0.00000000e+00  9.99999872e-01
   0.00000000e+00  0.00000000e+00]
 [ 0.00000000e+00  0.00000000e+00  0.00000000e+00  0.00000000e+00
   1.00000000e+00  0.00000000e+00]
 [ 0.00000000e+00  0.00000000e+00  0.00000000e+00  0.00000000e+00
   0.00000000e+00  1.00000000e+00]]
R2 #[[ 9.99999872e-01  0.00000000e+00 -5.06243575e-04  0.00000000e+00
   0.00000000e+00  0.00000000e+00]
 [ 0.00000000e+00  9.99999872e-01  0.00000000e+00 -5.06243575e-04
   0.00000000e+00  0.00000000e+00]
 [ 5.06243575e-04  0.00000000e+00  9.99999872e-01  0.00000000e+00
   0.00000000e+00  0.00000000e+00]
 [ 0.00000000e+00  5.06243575e-04  0.00000000e+00  9.99999872e-01
   0.00000000e+00  0.00000000e+00]
 [ 0.00000000e+00  0.00000000e+00  0.00000000e+00  0.00000000e+00
   1.00000000e+00  0.00000000e+00]
 [ 0.00000000e+00  0.00000000e+00  0.00000000e+00  0.00000000e+00
   0.00000000e+00  1.00000000e+00]]
Param #6962: delta OK; RMS=0.00099958 mm
quads_tilt_fit #-0.0005167977145815725
delta_local #[1.e-06]
R1 #[[ 9.99999867e-01  0.00000000e+00 -5.15797692e-04  0.00000000e+00
   0.00000000e+00  0.00000000e+00]
 [ 0.00000000e+00  9.99999867e-01  0.00000000e+00 -5.15797692e-04
   0.00000000e+00  0.00000000e+00]
 [ 5.15797692e-04  0.00000000e+00  9.99999867e-01  0.00000000e+00
   0.00000000e+00  0.00000000e+00]
 [ 0.00000000e+00  5.15797692e-04  0.00000000e+00  9.99999867e-01
   0.00000000e+00  0.00000000e+00]
 [ 0.00000000e+00  0.00000000e+00  0.00000000e+00  0.00000000e+00
   1.00000000e+00  0.00000000e+00]
 [ 0.00000000e+00  0.00000000e+00  0.00000000e+00  0.00000000e+00
   0.00000000e+00  1.00000000e+00]]
R2 #[[ 9.99999867e-01  0.00000000e+00  5.15797692e-04  0.00000000e+00
   0.00000000e+00  0.00000000e+00]
 [ 0.00000000e+00  9.99999867e-01  0.00000000e+00  5.15797692e-04
   0.00000000e+00  0.00000000e+00]
 [-5.15797692e-04  0.00000000e+00  9.99999867e-01  0.00000000e+00
   0.00000000e+00  0.00000000e+00]
 [ 0.00000000e+00 -5.15797692e-04  0.00000000e+00  9.99999867e-01
   0.00000000e+00  0.00000000e+00]
 [ 0.00000000e+00  0.00000000e+00  0.00000000e+00  0.00000000e+00
   1.00000000e+00  0.00000000e+00]
 [ 0.00000000e+00  0.00000000e+00  0.00000000e+00  0.00000000e+00
   0.00000000e+00  1.00000000e+00]]
Param #6983: delta too small; RMS=1.6933e-06 mm
quads_tilt_fit #-0.0005167977145815725
delta_local #[0.00059057]
R1 #[[ 9.99999997e-01  0.00000000e+00  7.37727376e-05  0.00000000e+00
   0.00000000e+00  0.00000000e+00]
 [ 0.00000000e+00  9.99999997e-01  0.00000000e+00  7.37727376e-05
   0.00000000e+00  0.00000000e+00]
 [-7.37727376e-05  0.00000000e+00  9.99999997e-01  0.00000000e+00
   0.00000000e+00  0.00000000e+00]
 [ 0.00000000e+00 -7.37727376e-05  0.00000000e+00  9.99999997e-01
   0.00000000e+00  0.00000000e+00]
 [ 0.00000000e+00  0.00000000e+00  0.00000000e+00  0.00000000e+00
   1.00000000e+00  0.00000000e+00]
 [ 0.00000000e+00  0.00000000e+00  0.00000000e+00  0.00000000e+00
   0.00000000e+00  1.00000000e+00]]
R2 #[[ 9.99999997e-01  0.00000000e+00 -7.37727376e-05  0.00000000e+00
   0.00000000e+00  0.00000000e+00]
 [ 0.00000000e+00  9.99999997e-01  0.00000000e+00 -7.37727376e-05
   0.00000000e+00  0.00000000e+00]
 [ 7.37727376e-05  0.00000000e+00  9.99999997e-01  0.00000000e+00
   0.00000000e+00  0.00000000e+00]
 [ 0.00000000e+00  7.37727376e-05  0.00000000e+00  9.99999997e-01
   0.00000000e+00  0.00000000e+00]
 [ 0.00000000e+00  0.00000000e+00  0.00000000e+00  0.00000000e+00
   1.00000000e+00  0.00000000e+00]
 [ 0.00000000e+00  0.00000000e+00  0.00000000e+00  0.00000000e+00
   0.00000000e+00  1.00000000e+00]]
Param #6983: delta OK; RMS=0.0010001 mm
quads_tilt_fit #0.00205163741347993
delta_local #[1.e-06]
R1 #[[ 0.99999789  0.          0.00205264  0.          0.          0.        ]
 [ 0.          0.99999789  0.          0.00205264  0.          0.        ]
 [-0.00205264  0.          0.99999789  0.          0.          0.        ]
 [ 0.         -0.00205264  0.          0.99999789  0.          0.        ]
 [ 0.          0.          0.          0.          1.          0.        ]
 [ 0.          0.          0.          0.          0.          1.        ]]
R2 #[[ 0.99999789  0.         -0.00205264  0.          0.          0.        ]
 [ 0.          0.99999789  0.         -0.00205264  0.          0.        ]
 [ 0.00205264  0.          0.99999789  0.          0.          0.        ]
 [ 0.          0.00205264  0.          0.99999789  0.          0.        ]
 [ 0.          0.          0.          0.          1.          0.        ]
 [ 0.          0.          0.          0.          0.          1.        ]]
Param #7665: delta too small; RMS=2.1872e-06 mm
quads_tilt_fit #0.00205163741347993
delta_local #[0.00045721]
R1 #[[ 0.99999685  0.          0.00250885  0.          0.          0.        ]
 [ 0.          0.99999685  0.          0.00250885  0.          0.        ]
 [-0.00250885  0.          0.99999685  0.          0.          0.        ]
 [ 0.         -0.00250885  0.          0.99999685  0.          0.        ]
 [ 0.          0.          0.          0.          1.          0.        ]
 [ 0.          0.          0.          0.          0.          1.        ]]
R2 #[[ 0.99999685  0.         -0.00250885  0.          0.          0.        ]
 [ 0.          0.99999685  0.         -0.00250885  0.          0.        ]
 [ 0.00250885  0.          0.99999685  0.          0.          0.        ]
 [ 0.          0.00250885  0.          0.99999685  0.          0.        ]
 [ 0.          0.          0.          0.          1.          0.        ]
 [ 0.          0.          0.          0.          0.          1.        ]]
Param #7665: delta OK; RMS=0.0010004 mm
quads_tilt_fit #-0.002581303187168734
delta_local #[1.e-06]
R1 #[[ 0.99999667  0.         -0.0025803   0.          0.          0.        ]
 [ 0.          0.99999667  0.         -0.0025803   0.          0.        ]
 [ 0.0025803   0.          0.99999667  0.          0.          0.        ]
 [ 0.          0.0025803   0.          0.99999667  0.          0.        ]
 [ 0.          0.          0.          0.          1.          0.        ]
 [ 0.          0.          0.          0.          0.          1.        ]]
R2 #[[ 0.99999667  0.          0.0025803   0.          0.          0.        ]
 [ 0.          0.99999667  0.          0.0025803   0.          0.        ]
 [-0.0025803   0.          0.99999667  0.          0.          0.        ]
 [ 0.         -0.0025803   0.          0.99999667  0.          0.        ]
 [ 0.          0.          0.          0.          1.          0.        ]
 [ 0.          0.          0.          0.          0.          1.        ]]
Param #1: delta too small; RMS=1.4488e-06 mm
quads_tilt_fit #-0.002581303187168734
delta_local #[0.00069021]
R1 #[[ 0.99999821  0.         -0.00189109  0.          0.          0.        ]
 [ 0.          0.99999821  0.         -0.00189109  0.          0.        ]
 [ 0.00189109  0.          0.99999821  0.          0.          0.        ]
 [ 0.          0.00189109  0.          0.99999821  0.          0.        ]
 [ 0.          0.          0.          0.          1.          0.        ]
 [ 0.          0.          0.          0.          0.          1.        ]]
R2 #[[ 0.99999821  0.          0.00189109  0.          0.          0.        ]
 [ 0.          0.99999821  0.          0.00189109  0.          0.        ]
 [-0.00189109  0.          0.99999821  0.          0.          0.        ]
 [ 0.         -0.00189109  0.          0.99999821  0.          0.        ]
 [ 0.          0.          0.          0.          1.          0.        ]
 [ 0.          0.          0.          0.          0.          1.        ]]
Param #1: delta OK; RMS=0.00099975 mm
quads_tilt_fit #-0.00032582929883077043
delta_local #[1.e-06]
R1 #[[ 9.99999947e-01  0.00000000e+00 -3.24829293e-04  0.00000000e+00
   0.00000000e+00  0.00000000e+00]
 [ 0.00000000e+00  9.99999947e-01  0.00000000e+00 -3.24829293e-04
   0.00000000e+00  0.00000000e+00]
 [ 3.24829293e-04  0.00000000e+00  9.99999947e-01  0.00000000e+00
   0.00000000e+00  0.00000000e+00]
 [ 0.00000000e+00  3.24829293e-04  0.00000000e+00  9.99999947e-01
   0.00000000e+00  0.00000000e+00]
 [ 0.00000000e+00  0.00000000e+00  0.00000000e+00  0.00000000e+00
   1.00000000e+00  0.00000000e+00]
 [ 0.00000000e+00  0.00000000e+00  0.00000000e+00  0.00000000e+00
   0.00000000e+00  1.00000000e+00]]
R2 #[[ 9.99999947e-01  0.00000000e+00  3.24829293e-04  0.00000000e+00
   0.00000000e+00  0.00000000e+00]
 [ 0.00000000e+00  9.99999947e-01  0.00000000e+00  3.24829293e-04
   0.00000000e+00  0.00000000e+00]
 [-3.24829293e-04  0.00000000e+00  9.99999947e-01  0.00000000e+00
   0.00000000e+00  0.00000000e+00]
 [ 0.00000000e+00 -3.24829293e-04  0.00000000e+00  9.99999947e-01
   0.00000000e+00  0.00000000e+00]
 [ 0.00000000e+00  0.00000000e+00  0.00000000e+00  0.00000000e+00
   1.00000000e+00  0.00000000e+00]
 [ 0.00000000e+00  0.00000000e+00  0.00000000e+00  0.00000000e+00
   0.00000000e+00  1.00000000e+00]]
Param #2705: delta too small; RMS=1.0069e-06 mm
quads_tilt_fit #-0.00032582929883077043
delta_local #[0.00099318]
R1 #[[ 9.99999777e-01  0.00000000e+00  6.67346962e-04  0.00000000e+00
   0.00000000e+00  0.00000000e+00]
 [ 0.00000000e+00  9.99999777e-01  0.00000000e+00  6.67346962e-04
   0.00000000e+00  0.00000000e+00]
 [-6.67346962e-04  0.00000000e+00  9.99999777e-01  0.00000000e+00
   0.00000000e+00  0.00000000e+00]
 [ 0.00000000e+00 -6.67346962e-04  0.00000000e+00  9.99999777e-01
   0.00000000e+00  0.00000000e+00]
 [ 0.00000000e+00  0.00000000e+00  0.00000000e+00  0.00000000e+00
   1.00000000e+00  0.00000000e+00]
 [ 0.00000000e+00  0.00000000e+00  0.00000000e+00  0.00000000e+00
   0.00000000e+00  1.00000000e+00]]
R2 #[[ 9.99999777e-01  0.00000000e+00 -6.67346962e-04  0.00000000e+00
   0.00000000e+00  0.00000000e+00]
 [ 0.00000000e+00  9.99999777e-01  0.00000000e+00 -6.67346962e-04
   0.00000000e+00  0.00000000e+00]
 [ 6.67346962e-04  0.00000000e+00  9.99999777e-01  0.00000000e+00
   0.00000000e+00  0.00000000e+00]
 [ 0.00000000e+00  6.67346962e-04  0.00000000e+00  9.99999777e-01
   0.00000000e+00  0.00000000e+00]
 [ 0.00000000e+00  0.00000000e+00  0.00000000e+00  0.00000000e+00
   1.00000000e+00  0.00000000e+00]
 [ 0.00000000e+00  0.00000000e+00  0.00000000e+00  0.00000000e+00
   0.00000000e+00  1.00000000e+00]]
Param #2705: delta OK; RMS=0.00099964 mm
quads_tilt_fit #-0.00040071749920318127
delta_local #[1.e-06]
R1 #[[ 9.99999920e-01  0.00000000e+00 -3.99717489e-04  0.00000000e+00
   0.00000000e+00  0.00000000e+00]
 [ 0.00000000e+00  9.99999920e-01  0.00000000e+00 -3.99717489e-04
   0.00000000e+00  0.00000000e+00]
 [ 3.99717489e-04  0.00000000e+00  9.99999920e-01  0.00000000e+00
   0.00000000e+00  0.00000000e+00]
 [ 0.00000000e+00  3.99717489e-04  0.00000000e+00  9.99999920e-01
   0.00000000e+00  0.00000000e+00]
 [ 0.00000000e+00  0.00000000e+00  0.00000000e+00  0.00000000e+00
   1.00000000e+00  0.00000000e+00]
 [ 0.00000000e+00  0.00000000e+00  0.00000000e+00  0.00000000e+00
   0.00000000e+00  1.00000000e+00]]
R2 #[[ 9.99999920e-01  0.00000000e+00  3.99717489e-04  0.00000000e+00
   0.00000000e+00  0.00000000e+00]
 [ 0.00000000e+00  9.99999920e-01  0.00000000e+00  3.99717489e-04
   0.00000000e+00  0.00000000e+00]
 [-3.99717489e-04  0.00000000e+00  9.99999920e-01  0.00000000e+00
   0.00000000e+00  0.00000000e+00]
 [ 0.00000000e+00 -3.99717489e-04  0.00000000e+00  9.99999920e-01
   0.00000000e+00  0.00000000e+00]
 [ 0.00000000e+00  0.00000000e+00  0.00000000e+00  0.00000000e+00
   1.00000000e+00  0.00000000e+00]
 [ 0.00000000e+00  0.00000000e+00  0.00000000e+00  0.00000000e+00
   0.00000000e+00  1.00000000e+00]]
Param #6972: delta too small; RMS=1.2886e-06 mm
quads_tilt_fit #-0.00040071749920318127
delta_local #[0.00077605]
R1 #[[ 9.99999930e-01  0.00000000e+00  3.75337447e-04  0.00000000e+00
   0.00000000e+00  0.00000000e+00]
 [ 0.00000000e+00  9.99999930e-01  0.00000000e+00  3.75337447e-04
   0.00000000e+00  0.00000000e+00]
 [-3.75337447e-04  0.00000000e+00  9.99999930e-01  0.00000000e+00
   0.00000000e+00  0.00000000e+00]
 [ 0.00000000e+00 -3.75337447e-04  0.00000000e+00  9.99999930e-01
   0.00000000e+00  0.00000000e+00]
 [ 0.00000000e+00  0.00000000e+00  0.00000000e+00  0.00000000e+00
   1.00000000e+00  0.00000000e+00]
 [ 0.00000000e+00  0.00000000e+00  0.00000000e+00  0.00000000e+00
   0.00000000e+00  1.00000000e+00]]
R2 #[[ 9.99999930e-01  0.00000000e+00 -3.75337447e-04  0.00000000e+00
   0.00000000e+00  0.00000000e+00]
 [ 0.00000000e+00  9.99999930e-01  0.00000000e+00 -3.75337447e-04
   0.00000000e+00  0.00000000e+00]
 [ 3.75337447e-04  0.00000000e+00  9.99999930e-01  0.00000000e+00
   0.00000000e+00  0.00000000e+00]
 [ 0.00000000e+00  3.75337447e-04  0.00000000e+00  9.99999930e-01
   0.00000000e+00  0.00000000e+00]
 [ 0.00000000e+00  0.00000000e+00  0.00000000e+00  0.00000000e+00
   1.00000000e+00  0.00000000e+00]
 [ 0.00000000e+00  0.00000000e+00  0.00000000e+00  0.00000000e+00
   0.00000000e+00  1.00000000e+00]]
Param #6972: delta OK; RMS=0.0010002 mm
quads_tilt_fit #0.000735087050980318
delta_local #[1.e-06]
R1 #[[ 9.99999729e-01  0.00000000e+00  7.36086985e-04  0.00000000e+00
   0.00000000e+00  0.00000000e+00]
 [ 0.00000000e+00  9.99999729e-01  0.00000000e+00  7.36086985e-04
   0.00000000e+00  0.00000000e+00]
 [-7.36086985e-04  0.00000000e+00  9.99999729e-01  0.00000000e+00
   0.00000000e+00  0.00000000e+00]
 [ 0.00000000e+00 -7.36086985e-04  0.00000000e+00  9.99999729e-01
   0.00000000e+00  0.00000000e+00]
 [ 0.00000000e+00  0.00000000e+00  0.00000000e+00  0.00000000e+00
   1.00000000e+00  0.00000000e+00]
 [ 0.00000000e+00  0.00000000e+00  0.00000000e+00  0.00000000e+00
   0.00000000e+00  1.00000000e+00]]
R2 #[[ 9.99999729e-01  0.00000000e+00 -7.36086985e-04  0.00000000e+00
   0.00000000e+00  0.00000000e+00]
 [ 0.00000000e+00  9.99999729e-01  0.00000000e+00 -7.36086985e-04
   0.00000000e+00  0.00000000e+00]
 [ 7.36086985e-04  0.00000000e+00  9.99999729e-01  0.00000000e+00
   0.00000000e+00  0.00000000e+00]
 [ 0.00000000e+00  7.36086985e-04  0.00000000e+00  9.99999729e-01
   0.00000000e+00  0.00000000e+00]
 [ 0.00000000e+00  0.00000000e+00  0.00000000e+00  0.00000000e+00
   1.00000000e+00  0.00000000e+00]
 [ 0.00000000e+00  0.00000000e+00  0.00000000e+00  0.00000000e+00
   0.00000000e+00  1.00000000e+00]]
Param #301: delta too small; RMS=2.1678e-06 mm
quads_tilt_fit #0.000735087050980318
delta_local #[0.00046131]
R1 #[[ 0.99999928  0.          0.00119639  0.          0.          0.        ]
 [ 0.          0.99999928  0.          0.00119639  0.          0.        ]
 [-0.00119639  0.          0.99999928  0.          0.          0.        ]
 [ 0.         -0.00119639  0.          0.99999928  0.          0.        ]
 [ 0.          0.          0.          0.          1.          0.        ]
 [ 0.          0.          0.          0.          0.          1.        ]]
R2 #[[ 0.99999928  0.         -0.00119639  0.          0.          0.        ]
 [ 0.          0.99999928  0.         -0.00119639  0.          0.        ]
 [ 0.00119639  0.          0.99999928  0.          0.          0.        ]
 [ 0.          0.00119639  0.          0.99999928  0.          0.        ]
 [ 0.          0.          0.          0.          1.          0.        ]
 [ 0.          0.          0.          0.          0.          1.        ]]
Param #301: delta OK; RMS=0.0010004 mm
quads_tilt_fit #-4.791160175185328e-05
delta_local #[1.e-06]
R1 #[[ 9.99999999e-01  0.00000000e+00 -4.69116017e-05  0.00000000e+00
   0.00000000e+00  0.00000000e+00]
 [ 0.00000000e+00  9.99999999e-01  0.00000000e+00 -4.69116017e-05
   0.00000000e+00  0.00000000e+00]
 [ 4.69116017e-05  0.00000000e+00  9.99999999e-01  0.00000000e+00
   0.00000000e+00  0.00000000e+00]
 [ 0.00000000e+00  4.69116017e-05  0.00000000e+00  9.99999999e-01
   0.00000000e+00  0.00000000e+00]
 [ 0.00000000e+00  0.00000000e+00  0.00000000e+00  0.00000000e+00
   1.00000000e+00  0.00000000e+00]
 [ 0.00000000e+00  0.00000000e+00  0.00000000e+00  0.00000000e+00
   0.00000000e+00  1.00000000e+00]]
R2 #[[ 9.99999999e-01  0.00000000e+00  4.69116017e-05  0.00000000e+00
   0.00000000e+00  0.00000000e+00]
 [ 0.00000000e+00  9.99999999e-01  0.00000000e+00  4.69116017e-05
   0.00000000e+00  0.00000000e+00]
 [-4.69116017e-05  0.00000000e+00  9.99999999e-01  0.00000000e+00
   0.00000000e+00  0.00000000e+00]
 [ 0.00000000e+00 -4.69116017e-05  0.00000000e+00  9.99999999e-01
   0.00000000e+00  0.00000000e+00]
 [ 0.00000000e+00  0.00000000e+00  0.00000000e+00  0.00000000e+00
   1.00000000e+00  0.00000000e+00]
 [ 0.00000000e+00  0.00000000e+00  0.00000000e+00  0.00000000e+00
   0.00000000e+00  1.00000000e+00]]
Param #2403: delta too small; RMS=1.7765e-06 mm
quads_tilt_fit #-4.791160175185328e-05
delta_local #[0.0005629]
R1 #[[ 9.99999867e-01  0.00000000e+00  5.14993132e-04  0.00000000e+00
   0.00000000e+00  0.00000000e+00]
 [ 0.00000000e+00  9.99999867e-01  0.00000000e+00  5.14993132e-04
   0.00000000e+00  0.00000000e+00]
 [-5.14993132e-04  0.00000000e+00  9.99999867e-01  0.00000000e+00
   0.00000000e+00  0.00000000e+00]
 [ 0.00000000e+00 -5.14993132e-04  0.00000000e+00  9.99999867e-01
   0.00000000e+00  0.00000000e+00]
 [ 0.00000000e+00  0.00000000e+00  0.00000000e+00  0.00000000e+00
   1.00000000e+00  0.00000000e+00]
 [ 0.00000000e+00  0.00000000e+00  0.00000000e+00  0.00000000e+00
   0.00000000e+00  1.00000000e+00]]
R2 #[[ 9.99999867e-01  0.00000000e+00 -5.14993132e-04  0.00000000e+00
   0.00000000e+00  0.00000000e+00]
 [ 0.00000000e+00  9.99999867e-01  0.00000000e+00 -5.14993132e-04
   0.00000000e+00  0.00000000e+00]
 [ 5.14993132e-04  0.00000000e+00  9.99999867e-01  0.00000000e+00
   0.00000000e+00  0.00000000e+00]
 [ 0.00000000e+00  5.14993132e-04  0.00000000e+00  9.99999867e-01
   0.00000000e+00  0.00000000e+00]
 [ 0.00000000e+00  0.00000000e+00  0.00000000e+00  0.00000000e+00
   1.00000000e+00  0.00000000e+00]
 [ 0.00000000e+00  0.00000000e+00  0.00000000e+00  0.00000000e+00
   0.00000000e+00  1.00000000e+00]]
Param #2403: delta OK; RMS=0.0010004 mm
quads_tilt_fit #0.00012714118989164537
delta_local #[1.e-06]
R1 #[[ 9.99999992e-01  0.00000000e+00  1.28141190e-04  0.00000000e+00
   0.00000000e+00  0.00000000e+00]
 [ 0.00000000e+00  9.99999992e-01  0.00000000e+00  1.28141190e-04
   0.00000000e+00  0.00000000e+00]
 [-1.28141190e-04  0.00000000e+00  9.99999992e-01  0.00000000e+00
   0.00000000e+00  0.00000000e+00]
 [ 0.00000000e+00 -1.28141190e-04  0.00000000e+00  9.99999992e-01
   0.00000000e+00  0.00000000e+00]
 [ 0.00000000e+00  0.00000000e+00  0.00000000e+00  0.00000000e+00
   1.00000000e+00  0.00000000e+00]
 [ 0.00000000e+00  0.00000000e+00  0.00000000e+00  0.00000000e+00
   0.00000000e+00  1.00000000e+00]]
R2 #[[ 9.99999992e-01  0.00000000e+00 -1.28141190e-04  0.00000000e+00
   0.00000000e+00  0.00000000e+00]
 [ 0.00000000e+00  9.99999992e-01  0.00000000e+00 -1.28141190e-04
   0.00000000e+00  0.00000000e+00]
 [ 1.28141190e-04  0.00000000e+00  9.99999992e-01  0.00000000e+00
   0.00000000e+00  0.00000000e+00]
 [ 0.00000000e+00  1.28141190e-04  0.00000000e+00  9.99999992e-01
   0.00000000e+00  0.00000000e+00]
 [ 0.00000000e+00  0.00000000e+00  0.00000000e+00  0.00000000e+00
   1.00000000e+00  0.00000000e+00]
 [ 0.00000000e+00  0.00000000e+00  0.00000000e+00  0.00000000e+00
   0.00000000e+00  1.00000000e+00]]
Param #2994: delta too small; RMS=1.8874e-06 mm
quads_tilt_fit #0.00012714118989164537
delta_local #[0.00052983]
R1 #[[ 9.99999784e-01  0.00000000e+00  6.56975827e-04  0.00000000e+00
   0.00000000e+00  0.00000000e+00]
 [ 0.00000000e+00  9.99999784e-01  0.00000000e+00  6.56975827e-04
   0.00000000e+00  0.00000000e+00]
 [-6.56975827e-04  0.00000000e+00  9.99999784e-01  0.00000000e+00
   0.00000000e+00  0.00000000e+00]
 [ 0.00000000e+00 -6.56975827e-04  0.00000000e+00  9.99999784e-01
   0.00000000e+00  0.00000000e+00]
 [ 0.00000000e+00  0.00000000e+00  0.00000000e+00  0.00000000e+00
   1.00000000e+00  0.00000000e+00]
 [ 0.00000000e+00  0.00000000e+00  0.00000000e+00  0.00000000e+00
   0.00000000e+00  1.00000000e+00]]
R2 #[[ 9.99999784e-01  0.00000000e+00 -6.56975827e-04  0.00000000e+00
   0.00000000e+00  0.00000000e+00]
 [ 0.00000000e+00  9.99999784e-01  0.00000000e+00 -6.56975827e-04
   0.00000000e+00  0.00000000e+00]
 [ 6.56975827e-04  0.00000000e+00  9.99999784e-01  0.00000000e+00
   0.00000000e+00  0.00000000e+00]
 [ 0.00000000e+00  6.56975827e-04  0.00000000e+00  9.99999784e-01
   0.00000000e+00  0.00000000e+00]
 [ 0.00000000e+00  0.00000000e+00  0.00000000e+00  0.00000000e+00
   1.00000000e+00  0.00000000e+00]
 [ 0.00000000e+00  0.00000000e+00  0.00000000e+00  0.00000000e+00
   0.00000000e+00  1.00000000e+00]]
Param #2994: delta OK; RMS=0.0010004 mm
quads_tilt_fit #-0.0005630481175360993
delta_local #[1.e-06]
R1 #[[ 9.99999842e-01  0.00000000e+00 -5.62048088e-04  0.00000000e+00
   0.00000000e+00  0.00000000e+00]
 [ 0.00000000e+00  9.99999842e-01  0.00000000e+00 -5.62048088e-04
   0.00000000e+00  0.00000000e+00]
 [ 5.62048088e-04  0.00000000e+00  9.99999842e-01  0.00000000e+00
   0.00000000e+00  0.00000000e+00]
 [ 0.00000000e+00  5.62048088e-04  0.00000000e+00  9.99999842e-01
   0.00000000e+00  0.00000000e+00]
 [ 0.00000000e+00  0.00000000e+00  0.00000000e+00  0.00000000e+00
   1.00000000e+00  0.00000000e+00]
 [ 0.00000000e+00  0.00000000e+00  0.00000000e+00  0.00000000e+00
   0.00000000e+00  1.00000000e+00]]
R2 #[[ 9.99999842e-01  0.00000000e+00  5.62048088e-04  0.00000000e+00
   0.00000000e+00  0.00000000e+00]
 [ 0.00000000e+00  9.99999842e-01  0.00000000e+00  5.62048088e-04
   0.00000000e+00  0.00000000e+00]
 [-5.62048088e-04  0.00000000e+00  9.99999842e-01  0.00000000e+00
   0.00000000e+00  0.00000000e+00]
 [ 0.00000000e+00 -5.62048088e-04  0.00000000e+00  9.99999842e-01
   0.00000000e+00  0.00000000e+00]
 [ 0.00000000e+00  0.00000000e+00  0.00000000e+00  0.00000000e+00
   1.00000000e+00  0.00000000e+00]
 [ 0.00000000e+00  0.00000000e+00  0.00000000e+00  0.00000000e+00
   0.00000000e+00  1.00000000e+00]]
Param #5096: delta too small; RMS=2.5698e-06 mm
quads_tilt_fit #-0.0005630481175360993
delta_local #[0.00038913]
R1 #[[ 9.99999985e-01  0.00000000e+00 -1.73914235e-04  0.00000000e+00
   0.00000000e+00  0.00000000e+00]
 [ 0.00000000e+00  9.99999985e-01  0.00000000e+00 -1.73914235e-04
   0.00000000e+00  0.00000000e+00]
 [ 1.73914235e-04  0.00000000e+00  9.99999985e-01  0.00000000e+00
   0.00000000e+00  0.00000000e+00]
 [ 0.00000000e+00  1.73914235e-04  0.00000000e+00  9.99999985e-01
   0.00000000e+00  0.00000000e+00]
 [ 0.00000000e+00  0.00000000e+00  0.00000000e+00  0.00000000e+00
   1.00000000e+00  0.00000000e+00]
 [ 0.00000000e+00  0.00000000e+00  0.00000000e+00  0.00000000e+00
   0.00000000e+00  1.00000000e+00]]
R2 #[[ 9.99999985e-01  0.00000000e+00  1.73914235e-04  0.00000000e+00
   0.00000000e+00  0.00000000e+00]
 [ 0.00000000e+00  9.99999985e-01  0.00000000e+00  1.73914235e-04
   0.00000000e+00  0.00000000e+00]
 [-1.73914235e-04  0.00000000e+00  9.99999985e-01  0.00000000e+00
   0.00000000e+00  0.00000000e+00]
 [ 0.00000000e+00 -1.73914235e-04  0.00000000e+00  9.99999985e-01
   0.00000000e+00  0.00000000e+00]
 [ 0.00000000e+00  0.00000000e+00  0.00000000e+00  0.00000000e+00
   1.00000000e+00  0.00000000e+00]
 [ 0.00000000e+00  0.00000000e+00  0.00000000e+00  0.00000000e+00
   0.00000000e+00  1.00000000e+00]]
Param #5096: delta OK; RMS=0.0010001 mm
quads_tilt_fit #-0.002774406554437913
delta_local #[1.e-06]
R1 #[[ 0.99999615  0.         -0.0027734   0.          0.          0.        ]
 [ 0.          0.99999615  0.         -0.0027734   0.          0.        ]
 [ 0.0027734   0.          0.99999615  0.          0.          0.        ]
 [ 0.          0.0027734   0.          0.99999615  0.          0.        ]
 [ 0.          0.          0.          0.          1.          0.        ]
 [ 0.          0.          0.          0.          0.          1.        ]]
R2 #[[ 0.99999615  0.          0.0027734   0.          0.          0.        ]
 [ 0.          0.99999615  0.          0.0027734   0.          0.        ]
 [-0.0027734   0.          0.99999615  0.          0.          0.        ]
 [ 0.         -0.0027734   0.          0.99999615  0.          0.        ]
 [ 0.          0.          0.          0.          1.          0.        ]
 [ 0.          0.          0.          0.          0.          1.        ]]
Param #7283: delta too small; RMS=2.2566e-06 mm
quads_tilt_fit #-0.002774406554437913
delta_local #[0.00044315]
R1 #[[ 0.99999728  0.         -0.00233126  0.          0.          0.        ]
 [ 0.          0.99999728  0.         -0.00233126  0.          0.        ]
 [ 0.00233126  0.          0.99999728  0.          0.          0.        ]
 [ 0.          0.00233126  0.          0.99999728  0.          0.        ]
 [ 0.          0.          0.          0.          1.          0.        ]
 [ 0.          0.          0.          0.          0.          1.        ]]
R2 #[[ 0.99999728  0.          0.00233126  0.          0.          0.        ]
 [ 0.          0.99999728  0.          0.00233126  0.          0.        ]
 [-0.00233126  0.          0.99999728  0.          0.          0.        ]
 [ 0.         -0.00233126  0.          0.99999728  0.          0.        ]
 [ 0.          0.          0.          0.          1.          0.        ]
 [ 0.          0.          0.          0.          0.          1.        ]]
Param #7283: delta OK; RMS=0.0010004 mm
quads_tilt_fit #0.001995583143878864
delta_local #[1.e-06]
R1 #[[ 0.99999801  0.          0.00199658  0.          0.          0.        ]
 [ 0.          0.99999801  0.          0.00199658  0.          0.        ]
 [-0.00199658  0.          0.99999801  0.          0.          0.        ]
 [ 0.         -0.00199658  0.          0.99999801  0.          0.        ]
 [ 0.          0.          0.          0.          1.          0.        ]
 [ 0.          0.          0.          0.          0.          1.        ]]
R2 #[[ 0.99999801  0.         -0.00199658  0.          0.          0.        ]
 [ 0.          0.99999801  0.         -0.00199658  0.          0.        ]
 [ 0.00199658  0.          0.99999801  0.          0.          0.        ]
 [ 0.          0.00199658  0.          0.99999801  0.          0.        ]
 [ 0.          0.          0.          0.          1.          0.        ]
 [ 0.          0.          0.          0.          0.          1.        ]]
Param #7377: delta too small; RMS=2.5069e-06 mm
quads_tilt_fit #0.001995583143878864
delta_local #[0.0003989]
R1 #[[ 0.99999713  0.          0.00239448  0.          0.          0.        ]
 [ 0.          0.99999713  0.          0.00239448  0.          0.        ]
 [-0.00239448  0.          0.99999713  0.          0.          0.        ]
 [ 0.         -0.00239448  0.          0.99999713  0.          0.        ]
 [ 0.          0.          0.          0.          1.          0.        ]
 [ 0.          0.          0.          0.          0.          1.        ]]
R2 #[[ 0.99999713  0.         -0.00239448  0.          0.          0.        ]
 [ 0.          0.99999713  0.         -0.00239448  0.          0.        ]
 [ 0.00239448  0.          0.99999713  0.          0.          0.        ]
 [ 0.          0.00239448  0.          0.99999713  0.          0.        ]
 [ 0.          0.          0.          0.          1.          0.        ]
 [ 0.          0.          0.          0.          0.          1.        ]]
Param #7377: delta OK; RMS=0.0010005 mm
quads_tilt_fit #-2.2628031698719822e-05
delta_local #[1.e-06]
R1 #[[ 1.00000000e+00  0.00000000e+00 -2.16280317e-05  0.00000000e+00
   0.00000000e+00  0.00000000e+00]
 [ 0.00000000e+00  1.00000000e+00  0.00000000e+00 -2.16280317e-05
   0.00000000e+00  0.00000000e+00]
 [ 2.16280317e-05  0.00000000e+00  1.00000000e+00  0.00000000e+00
   0.00000000e+00  0.00000000e+00]
 [ 0.00000000e+00  2.16280317e-05  0.00000000e+00  1.00000000e+00
   0.00000000e+00  0.00000000e+00]
 [ 0.00000000e+00  0.00000000e+00  0.00000000e+00  0.00000000e+00
   1.00000000e+00  0.00000000e+00]
 [ 0.00000000e+00  0.00000000e+00  0.00000000e+00  0.00000000e+00
   0.00000000e+00  1.00000000e+00]]
R2 #[[ 1.00000000e+00  0.00000000e+00  2.16280317e-05  0.00000000e+00
   0.00000000e+00  0.00000000e+00]
 [ 0.00000000e+00  1.00000000e+00  0.00000000e+00  2.16280317e-05
   0.00000000e+00  0.00000000e+00]
 [-2.16280317e-05  0.00000000e+00  1.00000000e+00  0.00000000e+00
   0.00000000e+00  0.00000000e+00]
 [ 0.00000000e+00 -2.16280317e-05  0.00000000e+00  1.00000000e+00
   0.00000000e+00  0.00000000e+00]
 [ 0.00000000e+00  0.00000000e+00  0.00000000e+00  0.00000000e+00
   1.00000000e+00  0.00000000e+00]
 [ 0.00000000e+00  0.00000000e+00  0.00000000e+00  0.00000000e+00
   0.00000000e+00  1.00000000e+00]]
Param #79: delta too small; RMS=1.9915e-06 mm
quads_tilt_fit #-2.2628031698719822e-05
delta_local #[0.00050212]
R1 #[[ 9.99999885e-01  0.00000000e+00  4.79495130e-04  0.00000000e+00
   0.00000000e+00  0.00000000e+00]
 [ 0.00000000e+00  9.99999885e-01  0.00000000e+00  4.79495130e-04
   0.00000000e+00  0.00000000e+00]
 [-4.79495130e-04  0.00000000e+00  9.99999885e-01  0.00000000e+00
   0.00000000e+00  0.00000000e+00]
 [ 0.00000000e+00 -4.79495130e-04  0.00000000e+00  9.99999885e-01
   0.00000000e+00  0.00000000e+00]
 [ 0.00000000e+00  0.00000000e+00  0.00000000e+00  0.00000000e+00
   1.00000000e+00  0.00000000e+00]
 [ 0.00000000e+00  0.00000000e+00  0.00000000e+00  0.00000000e+00
   0.00000000e+00  1.00000000e+00]]
R2 #[[ 9.99999885e-01  0.00000000e+00 -4.79495130e-04  0.00000000e+00
   0.00000000e+00  0.00000000e+00]
 [ 0.00000000e+00  9.99999885e-01  0.00000000e+00 -4.79495130e-04
   0.00000000e+00  0.00000000e+00]
 [ 4.79495130e-04  0.00000000e+00  9.99999885e-01  0.00000000e+00
   0.00000000e+00  0.00000000e+00]
 [ 0.00000000e+00  4.79495130e-04  0.00000000e+00  9.99999885e-01
   0.00000000e+00  0.00000000e+00]
 [ 0.00000000e+00  0.00000000e+00  0.00000000e+00  0.00000000e+00
   1.00000000e+00  0.00000000e+00]
 [ 0.00000000e+00  0.00000000e+00  0.00000000e+00  0.00000000e+00
   0.00000000e+00  1.00000000e+00]]
Param #79: delta OK; RMS=0.00099988 mm
quads_tilt_fit #-0.0004615979203037381
delta_local #[1.e-06]
R1 #[[ 9.99999894e-01  0.00000000e+00 -4.60597904e-04  0.00000000e+00
   0.00000000e+00  0.00000000e+00]
 [ 0.00000000e+00  9.99999894e-01  0.00000000e+00 -4.60597904e-04
   0.00000000e+00  0.00000000e+00]
 [ 4.60597904e-04  0.00000000e+00  9.99999894e-01  0.00000000e+00
   0.00000000e+00  0.00000000e+00]
 [ 0.00000000e+00  4.60597904e-04  0.00000000e+00  9.99999894e-01
   0.00000000e+00  0.00000000e+00]
 [ 0.00000000e+00  0.00000000e+00  0.00000000e+00  0.00000000e+00
   1.00000000e+00  0.00000000e+00]
 [ 0.00000000e+00  0.00000000e+00  0.00000000e+00  0.00000000e+00
   0.00000000e+00  1.00000000e+00]]
R2 #[[ 9.99999894e-01  0.00000000e+00  4.60597904e-04  0.00000000e+00
   0.00000000e+00  0.00000000e+00]
 [ 0.00000000e+00  9.99999894e-01  0.00000000e+00  4.60597904e-04
   0.00000000e+00  0.00000000e+00]
 [-4.60597904e-04  0.00000000e+00  9.99999894e-01  0.00000000e+00
   0.00000000e+00  0.00000000e+00]
 [ 0.00000000e+00 -4.60597904e-04  0.00000000e+00  9.99999894e-01
   0.00000000e+00  0.00000000e+00]
 [ 0.00000000e+00  0.00000000e+00  0.00000000e+00  0.00000000e+00
   1.00000000e+00  0.00000000e+00]
 [ 0.00000000e+00  0.00000000e+00  0.00000000e+00  0.00000000e+00
   0.00000000e+00  1.00000000e+00]]
Param #98: delta too small; RMS=1.88e-06 mm
quads_tilt_fit #-0.0004615979203037381
delta_local #[0.00053193]
R1 #[[ 9.99999998e-01  0.00000000e+00  7.03278308e-05  0.00000000e+00
   0.00000000e+00  0.00000000e+00]
 [ 0.00000000e+00  9.99999998e-01  0.00000000e+00  7.03278308e-05
   0.00000000e+00  0.00000000e+00]
 [-7.03278308e-05  0.00000000e+00  9.99999998e-01  0.00000000e+00
   0.00000000e+00  0.00000000e+00]
 [ 0.00000000e+00 -7.03278308e-05  0.00000000e+00  9.99999998e-01
   0.00000000e+00  0.00000000e+00]
 [ 0.00000000e+00  0.00000000e+00  0.00000000e+00  0.00000000e+00
   1.00000000e+00  0.00000000e+00]
 [ 0.00000000e+00  0.00000000e+00  0.00000000e+00  0.00000000e+00
   0.00000000e+00  1.00000000e+00]]
R2 #[[ 9.99999998e-01  0.00000000e+00 -7.03278308e-05  0.00000000e+00
   0.00000000e+00  0.00000000e+00]
 [ 0.00000000e+00  9.99999998e-01  0.00000000e+00 -7.03278308e-05
   0.00000000e+00  0.00000000e+00]
 [ 7.03278308e-05  0.00000000e+00  9.99999998e-01  0.00000000e+00
   0.00000000e+00  0.00000000e+00]
 [ 0.00000000e+00  7.03278308e-05  0.00000000e+00  9.99999998e-01
   0.00000000e+00  0.00000000e+00]
 [ 0.00000000e+00  0.00000000e+00  0.00000000e+00  0.00000000e+00
   1.00000000e+00  0.00000000e+00]
 [ 0.00000000e+00  0.00000000e+00  0.00000000e+00  0.00000000e+00
   0.00000000e+00  1.00000000e+00]]
Param #98: delta OK; RMS=0.00099974 mm
quads_tilt_fit #0.0001319988152342659
delta_local #[1.e-06]
R1 #[[ 9.99999991e-01  0.00000000e+00  1.32998815e-04  0.00000000e+00
   0.00000000e+00  0.00000000e+00]
 [ 0.00000000e+00  9.99999991e-01  0.00000000e+00  1.32998815e-04
   0.00000000e+00  0.00000000e+00]
 [-1.32998815e-04  0.00000000e+00  9.99999991e-01  0.00000000e+00
   0.00000000e+00  0.00000000e+00]
 [ 0.00000000e+00 -1.32998815e-04  0.00000000e+00  9.99999991e-01
   0.00000000e+00  0.00000000e+00]
 [ 0.00000000e+00  0.00000000e+00  0.00000000e+00  0.00000000e+00
   1.00000000e+00  0.00000000e+00]
 [ 0.00000000e+00  0.00000000e+00  0.00000000e+00  0.00000000e+00
   0.00000000e+00  1.00000000e+00]]
R2 #[[ 9.99999991e-01  0.00000000e+00 -1.32998815e-04  0.00000000e+00
   0.00000000e+00  0.00000000e+00]
 [ 0.00000000e+00  9.99999991e-01  0.00000000e+00 -1.32998815e-04
   0.00000000e+00  0.00000000e+00]
 [ 1.32998815e-04  0.00000000e+00  9.99999991e-01  0.00000000e+00
   0.00000000e+00  0.00000000e+00]
 [ 0.00000000e+00  1.32998815e-04  0.00000000e+00  9.99999991e-01
   0.00000000e+00  0.00000000e+00]
 [ 0.00000000e+00  0.00000000e+00  0.00000000e+00  0.00000000e+00
   1.00000000e+00  0.00000000e+00]
 [ 0.00000000e+00  0.00000000e+00  0.00000000e+00  0.00000000e+00
   0.00000000e+00  1.00000000e+00]]
Param #117: delta too small; RMS=1.676e-06 mm
quads_tilt_fit #0.0001319988152342659
delta_local #[0.00059667]
R1 #[[ 9.99999735e-01  0.00000000e+00  7.28671546e-04  0.00000000e+00
   0.00000000e+00  0.00000000e+00]
 [ 0.00000000e+00  9.99999735e-01  0.00000000e+00  7.28671546e-04
   0.00000000e+00  0.00000000e+00]
 [-7.28671546e-04  0.00000000e+00  9.99999735e-01  0.00000000e+00
   0.00000000e+00  0.00000000e+00]
 [ 0.00000000e+00 -7.28671546e-04  0.00000000e+00  9.99999735e-01
   0.00000000e+00  0.00000000e+00]
 [ 0.00000000e+00  0.00000000e+00  0.00000000e+00  0.00000000e+00
   1.00000000e+00  0.00000000e+00]
 [ 0.00000000e+00  0.00000000e+00  0.00000000e+00  0.00000000e+00
   0.00000000e+00  1.00000000e+00]]
R2 #[[ 9.99999735e-01  0.00000000e+00 -7.28671546e-04  0.00000000e+00
   0.00000000e+00  0.00000000e+00]
 [ 0.00000000e+00  9.99999735e-01  0.00000000e+00 -7.28671546e-04
   0.00000000e+00  0.00000000e+00]
 [ 7.28671546e-04  0.00000000e+00  9.99999735e-01  0.00000000e+00
   0.00000000e+00  0.00000000e+00]
 [ 0.00000000e+00  7.28671546e-04  0.00000000e+00  9.99999735e-01
   0.00000000e+00  0.00000000e+00]
 [ 0.00000000e+00  0.00000000e+00  0.00000000e+00  0.00000000e+00
   1.00000000e+00  0.00000000e+00]
 [ 0.00000000e+00  0.00000000e+00  0.00000000e+00  0.00000000e+00
   0.00000000e+00  1.00000000e+00]]
Param #117: delta OK; RMS=0.0010003 mm
quads_tilt_fit #-0.00045788487172533486
delta_local #[1.e-06]
R1 #[[ 9.99999896e-01  0.00000000e+00 -4.56884856e-04  0.00000000e+00
   0.00000000e+00  0.00000000e+00]
 [ 0.00000000e+00  9.99999896e-01  0.00000000e+00 -4.56884856e-04
   0.00000000e+00  0.00000000e+00]
 [ 4.56884856e-04  0.00000000e+00  9.99999896e-01  0.00000000e+00
   0.00000000e+00  0.00000000e+00]
 [ 0.00000000e+00  4.56884856e-04  0.00000000e+00  9.99999896e-01
   0.00000000e+00  0.00000000e+00]
 [ 0.00000000e+00  0.00000000e+00  0.00000000e+00  0.00000000e+00
   1.00000000e+00  0.00000000e+00]
 [ 0.00000000e+00  0.00000000e+00  0.00000000e+00  0.00000000e+00
   0.00000000e+00  1.00000000e+00]]
R2 #[[ 9.99999896e-01  0.00000000e+00  4.56884856e-04  0.00000000e+00
   0.00000000e+00  0.00000000e+00]
 [ 0.00000000e+00  9.99999896e-01  0.00000000e+00  4.56884856e-04
   0.00000000e+00  0.00000000e+00]
 [-4.56884856e-04  0.00000000e+00  9.99999896e-01  0.00000000e+00
   0.00000000e+00  0.00000000e+00]
 [ 0.00000000e+00 -4.56884856e-04  0.00000000e+00  9.99999896e-01
   0.00000000e+00  0.00000000e+00]
 [ 0.00000000e+00  0.00000000e+00  0.00000000e+00  0.00000000e+00
   1.00000000e+00  0.00000000e+00]
 [ 0.00000000e+00  0.00000000e+00  0.00000000e+00  0.00000000e+00
   0.00000000e+00  1.00000000e+00]]
Param #136: delta too small; RMS=2.1179e-06 mm
quads_tilt_fit #-0.00045788487172533486
delta_local #[0.00047217]
R1 #[[ 1.0000000e+00  0.0000000e+00  1.4282946e-05  0.0000000e+00
   0.0000000e+00  0.0000000e+00]
 [ 0.0000000e+00  1.0000000e+00  0.0000000e+00  1.4282946e-05
   0.0000000e+00  0.0000000e+00]
 [-1.4282946e-05  0.0000000e+00  1.0000000e+00  0.0000000e+00
   0.0000000e+00  0.0000000e+00]
 [ 0.0000000e+00 -1.4282946e-05  0.0000000e+00  1.0000000e+00
   0.0000000e+00  0.0000000e+00]
 [ 0.0000000e+00  0.0000000e+00  0.0000000e+00  0.0000000e+00
   1.0000000e+00  0.0000000e+00]
 [ 0.0000000e+00  0.0000000e+00  0.0000000e+00  0.0000000e+00
   0.0000000e+00  1.0000000e+00]]
R2 #[[ 1.0000000e+00  0.0000000e+00 -1.4282946e-05  0.0000000e+00
   0.0000000e+00  0.0000000e+00]
 [ 0.0000000e+00  1.0000000e+00  0.0000000e+00 -1.4282946e-05
   0.0000000e+00  0.0000000e+00]
 [ 1.4282946e-05  0.0000000e+00  1.0000000e+00  0.0000000e+00
   0.0000000e+00  0.0000000e+00]
 [ 0.0000000e+00  1.4282946e-05  0.0000000e+00  1.0000000e+00
   0.0000000e+00  0.0000000e+00]
 [ 0.0000000e+00  0.0000000e+00  0.0000000e+00  0.0000000e+00
   1.0000000e+00  0.0000000e+00]
 [ 0.0000000e+00  0.0000000e+00  0.0000000e+00  0.0000000e+00
   0.0000000e+00  1.0000000e+00]]
Param #136: delta OK; RMS=0.00099961 mm
quads_tilt_fit #0.0012533520356041755
delta_local #[1.e-06]
R1 #[[ 0.99999921  0.          0.00125435  0.          0.          0.        ]
 [ 0.          0.99999921  0.          0.00125435  0.          0.        ]
 [-0.00125435  0.          0.99999921  0.          0.          0.        ]
 [ 0.         -0.00125435  0.          0.99999921  0.          0.        ]
 [ 0.          0.          0.          0.          1.          0.        ]
 [ 0.          0.          0.          0.          0.          1.        ]]
R2 #[[ 0.99999921  0.         -0.00125435  0.          0.          0.        ]
 [ 0.          0.99999921  0.         -0.00125435  0.          0.        ]
 [ 0.00125435  0.          0.99999921  0.          0.          0.        ]
 [ 0.          0.00125435  0.          0.99999921  0.          0.        ]
 [ 0.          0.          0.          0.          1.          0.        ]
 [ 0.          0.          0.          0.          0.          1.        ]]
Param #155: delta too small; RMS=1.5637e-06 mm
quads_tilt_fit #0.0012533520356041755
delta_local #[0.00063952]
R1 #[[ 0.99999821  0.          0.00189287  0.          0.          0.        ]
 [ 0.          0.99999821  0.          0.00189287  0.          0.        ]
 [-0.00189287  0.          0.99999821  0.          0.          0.        ]
 [ 0.         -0.00189287  0.          0.99999821  0.          0.        ]
 [ 0.          0.          0.          0.          1.          0.        ]
 [ 0.          0.          0.          0.          0.          1.        ]]
R2 #[[ 0.99999821  0.         -0.00189287  0.          0.          0.        ]
 [ 0.          0.99999821  0.         -0.00189287  0.          0.        ]
 [ 0.00189287  0.          0.99999821  0.          0.          0.        ]
 [ 0.          0.00189287  0.          0.99999821  0.          0.        ]
 [ 0.          0.          0.          0.          1.          0.        ]
 [ 0.          0.          0.          0.          0.          1.        ]]
Param #155: delta OK; RMS=0.0010002 mm
quads_tilt_fit #0.00031183132907374063
delta_local #[1.e-06]
R1 #[[ 9.99999951e-01  0.00000000e+00  3.12831324e-04  0.00000000e+00
   0.00000000e+00  0.00000000e+00]
 [ 0.00000000e+00  9.99999951e-01  0.00000000e+00  3.12831324e-04
   0.00000000e+00  0.00000000e+00]
 [-3.12831324e-04  0.00000000e+00  9.99999951e-01  0.00000000e+00
   0.00000000e+00  0.00000000e+00]
 [ 0.00000000e+00 -3.12831324e-04  0.00000000e+00  9.99999951e-01
   0.00000000e+00  0.00000000e+00]
 [ 0.00000000e+00  0.00000000e+00  0.00000000e+00  0.00000000e+00
   1.00000000e+00  0.00000000e+00]
 [ 0.00000000e+00  0.00000000e+00  0.00000000e+00  0.00000000e+00
   0.00000000e+00  1.00000000e+00]]
R2 #[[ 9.99999951e-01  0.00000000e+00 -3.12831324e-04  0.00000000e+00
   0.00000000e+00  0.00000000e+00]
 [ 0.00000000e+00  9.99999951e-01  0.00000000e+00 -3.12831324e-04
   0.00000000e+00  0.00000000e+00]
 [ 3.12831324e-04  0.00000000e+00  9.99999951e-01  0.00000000e+00
   0.00000000e+00  0.00000000e+00]
 [ 0.00000000e+00  3.12831324e-04  0.00000000e+00  9.99999951e-01
   0.00000000e+00  0.00000000e+00]
 [ 0.00000000e+00  0.00000000e+00  0.00000000e+00  0.00000000e+00
   1.00000000e+00  0.00000000e+00]
 [ 0.00000000e+00  0.00000000e+00  0.00000000e+00  0.00000000e+00
   0.00000000e+00  1.00000000e+00]]
Param #168: delta too small; RMS=2.0258e-06 mm
quads_tilt_fit #0.00031183132907374063
delta_local #[0.00049364]
R1 #[[ 9.99999676e-01  0.00000000e+00  8.05473331e-04  0.00000000e+00
   0.00000000e+00  0.00000000e+00]
 [ 0.00000000e+00  9.99999676e-01  0.00000000e+00  8.05473331e-04
   0.00000000e+00  0.00000000e+00]
 [-8.05473331e-04  0.00000000e+00  9.99999676e-01  0.00000000e+00
   0.00000000e+00  0.00000000e+00]
 [ 0.00000000e+00 -8.05473331e-04  0.00000000e+00  9.99999676e-01
   0.00000000e+00  0.00000000e+00]
 [ 0.00000000e+00  0.00000000e+00  0.00000000e+00  0.00000000e+00
   1.00000000e+00  0.00000000e+00]
 [ 0.00000000e+00  0.00000000e+00  0.00000000e+00  0.00000000e+00
   0.00000000e+00  1.00000000e+00]]
R2 #[[ 9.99999676e-01  0.00000000e+00 -8.05473331e-04  0.00000000e+00
   0.00000000e+00  0.00000000e+00]
 [ 0.00000000e+00  9.99999676e-01  0.00000000e+00 -8.05473331e-04
   0.00000000e+00  0.00000000e+00]
 [ 8.05473331e-04  0.00000000e+00  9.99999676e-01  0.00000000e+00
   0.00000000e+00  0.00000000e+00]
 [ 0.00000000e+00  8.05473331e-04  0.00000000e+00  9.99999676e-01
   0.00000000e+00  0.00000000e+00]
 [ 0.00000000e+00  0.00000000e+00  0.00000000e+00  0.00000000e+00
   1.00000000e+00  0.00000000e+00]
 [ 0.00000000e+00  0.00000000e+00  0.00000000e+00  0.00000000e+00
   0.00000000e+00  1.00000000e+00]]
Param #168: delta OK; RMS=0.00099985 mm
quads_tilt_fit #-0.0003545641246316225
delta_local #[1.e-06]
R1 #[[ 9.99999937e-01  0.00000000e+00 -3.53564117e-04  0.00000000e+00
   0.00000000e+00  0.00000000e+00]
 [ 0.00000000e+00  9.99999937e-01  0.00000000e+00 -3.53564117e-04
   0.00000000e+00  0.00000000e+00]
 [ 3.53564117e-04  0.00000000e+00  9.99999937e-01  0.00000000e+00
   0.00000000e+00  0.00000000e+00]
 [ 0.00000000e+00  3.53564117e-04  0.00000000e+00  9.99999937e-01
   0.00000000e+00  0.00000000e+00]
 [ 0.00000000e+00  0.00000000e+00  0.00000000e+00  0.00000000e+00
   1.00000000e+00  0.00000000e+00]
 [ 0.00000000e+00  0.00000000e+00  0.00000000e+00  0.00000000e+00
   0.00000000e+00  1.00000000e+00]]
R2 #[[ 9.99999937e-01  0.00000000e+00  3.53564117e-04  0.00000000e+00
   0.00000000e+00  0.00000000e+00]
 [ 0.00000000e+00  9.99999937e-01  0.00000000e+00  3.53564117e-04
   0.00000000e+00  0.00000000e+00]
 [-3.53564117e-04  0.00000000e+00  9.99999937e-01  0.00000000e+00
   0.00000000e+00  0.00000000e+00]
 [ 0.00000000e+00 -3.53564117e-04  0.00000000e+00  9.99999937e-01
   0.00000000e+00  0.00000000e+00]
 [ 0.00000000e+00  0.00000000e+00  0.00000000e+00  0.00000000e+00
   1.00000000e+00  0.00000000e+00]
 [ 0.00000000e+00  0.00000000e+00  0.00000000e+00  0.00000000e+00
   0.00000000e+00  1.00000000e+00]]
Param #187: delta too small; RMS=1.7987e-06 mm
quads_tilt_fit #-0.0003545641246316225
delta_local #[0.00055597]
R1 #[[ 9.9999998e-01  0.0000000e+00  2.0140468e-04  0.0000000e+00
   0.0000000e+00  0.0000000e+00]
 [ 0.0000000e+00  9.9999998e-01  0.0000000e+00  2.0140468e-04
   0.0000000e+00  0.0000000e+00]
 [-2.0140468e-04  0.0000000e+00  9.9999998e-01  0.0000000e+00
   0.0000000e+00  0.0000000e+00]
 [ 0.0000000e+00 -2.0140468e-04  0.0000000e+00  9.9999998e-01
   0.0000000e+00  0.0000000e+00]
 [ 0.0000000e+00  0.0000000e+00  0.0000000e+00  0.0000000e+00
   1.0000000e+00  0.0000000e+00]
 [ 0.0000000e+00  0.0000000e+00  0.0000000e+00  0.0000000e+00
   0.0000000e+00  1.0000000e+00]]
R2 #[[ 9.9999998e-01  0.0000000e+00 -2.0140468e-04  0.0000000e+00
   0.0000000e+00  0.0000000e+00]
 [ 0.0000000e+00  9.9999998e-01  0.0000000e+00 -2.0140468e-04
   0.0000000e+00  0.0000000e+00]
 [ 2.0140468e-04  0.0000000e+00  9.9999998e-01  0.0000000e+00
   0.0000000e+00  0.0000000e+00]
 [ 0.0000000e+00  2.0140468e-04  0.0000000e+00  9.9999998e-01
   0.0000000e+00  0.0000000e+00]
 [ 0.0000000e+00  0.0000000e+00  0.0000000e+00  0.0000000e+00
   1.0000000e+00  0.0000000e+00]
 [ 0.0000000e+00  0.0000000e+00  0.0000000e+00  0.0000000e+00
   0.0000000e+00  1.0000000e+00]]
Param #187: delta OK; RMS=0.00099981 mm
quads_tilt_fit #-0.00042823625889388075
delta_local #[1.e-06]
R1 #[[ 9.99999909e-01  0.00000000e+00 -4.27236246e-04  0.00000000e+00
   0.00000000e+00  0.00000000e+00]
 [ 0.00000000e+00  9.99999909e-01  0.00000000e+00 -4.27236246e-04
   0.00000000e+00  0.00000000e+00]
 [ 4.27236246e-04  0.00000000e+00  9.99999909e-01  0.00000000e+00
   0.00000000e+00  0.00000000e+00]
 [ 0.00000000e+00  4.27236246e-04  0.00000000e+00  9.99999909e-01
   0.00000000e+00  0.00000000e+00]
 [ 0.00000000e+00  0.00000000e+00  0.00000000e+00  0.00000000e+00
   1.00000000e+00  0.00000000e+00]
 [ 0.00000000e+00  0.00000000e+00  0.00000000e+00  0.00000000e+00
   0.00000000e+00  1.00000000e+00]]
R2 #[[ 9.99999909e-01  0.00000000e+00  4.27236246e-04  0.00000000e+00
   0.00000000e+00  0.00000000e+00]
 [ 0.00000000e+00  9.99999909e-01  0.00000000e+00  4.27236246e-04
   0.00000000e+00  0.00000000e+00]
 [-4.27236246e-04  0.00000000e+00  9.99999909e-01  0.00000000e+00
   0.00000000e+00  0.00000000e+00]
 [ 0.00000000e+00 -4.27236246e-04  0.00000000e+00  9.99999909e-01
   0.00000000e+00  0.00000000e+00]
 [ 0.00000000e+00  0.00000000e+00  0.00000000e+00  0.00000000e+00
   1.00000000e+00  0.00000000e+00]
 [ 0.00000000e+00  0.00000000e+00  0.00000000e+00  0.00000000e+00
   0.00000000e+00  1.00000000e+00]]
Param #206: delta too small; RMS=1.7375e-06 mm
quads_tilt_fit #-0.00042823625889388075
delta_local #[0.00057553]
R1 #[[ 9.99999989e-01  0.00000000e+00  1.47297494e-04  0.00000000e+00
   0.00000000e+00  0.00000000e+00]
 [ 0.00000000e+00  9.99999989e-01  0.00000000e+00  1.47297494e-04
   0.00000000e+00  0.00000000e+00]
 [-1.47297494e-04  0.00000000e+00  9.99999989e-01  0.00000000e+00
   0.00000000e+00  0.00000000e+00]
 [ 0.00000000e+00 -1.47297494e-04  0.00000000e+00  9.99999989e-01
   0.00000000e+00  0.00000000e+00]
 [ 0.00000000e+00  0.00000000e+00  0.00000000e+00  0.00000000e+00
   1.00000000e+00  0.00000000e+00]
 [ 0.00000000e+00  0.00000000e+00  0.00000000e+00  0.00000000e+00
   0.00000000e+00  1.00000000e+00]]
R2 #[[ 9.99999989e-01  0.00000000e+00 -1.47297494e-04  0.00000000e+00
   0.00000000e+00  0.00000000e+00]
 [ 0.00000000e+00  9.99999989e-01  0.00000000e+00 -1.47297494e-04
   0.00000000e+00  0.00000000e+00]
 [ 1.47297494e-04  0.00000000e+00  9.99999989e-01  0.00000000e+00
   0.00000000e+00  0.00000000e+00]
 [ 0.00000000e+00  1.47297494e-04  0.00000000e+00  9.99999989e-01
   0.00000000e+00  0.00000000e+00]
 [ 0.00000000e+00  0.00000000e+00  0.00000000e+00  0.00000000e+00
   1.00000000e+00  0.00000000e+00]
 [ 0.00000000e+00  0.00000000e+00  0.00000000e+00  0.00000000e+00
   0.00000000e+00  1.00000000e+00]]
Param #206: delta OK; RMS=0.0010002 mm
quads_tilt_fit #-0.00036212688963683284
delta_local #[1.e-06]
R1 #[[ 9.99999935e-01  0.00000000e+00 -3.61126882e-04  0.00000000e+00
   0.00000000e+00  0.00000000e+00]
 [ 0.00000000e+00  9.99999935e-01  0.00000000e+00 -3.61126882e-04
   0.00000000e+00  0.00000000e+00]
 [ 3.61126882e-04  0.00000000e+00  9.99999935e-01  0.00000000e+00
   0.00000000e+00  0.00000000e+00]
 [ 0.00000000e+00  3.61126882e-04  0.00000000e+00  9.99999935e-01
   0.00000000e+00  0.00000000e+00]
 [ 0.00000000e+00  0.00000000e+00  0.00000000e+00  0.00000000e+00
   1.00000000e+00  0.00000000e+00]
 [ 0.00000000e+00  0.00000000e+00  0.00000000e+00  0.00000000e+00
   0.00000000e+00  1.00000000e+00]]
R2 #[[ 9.99999935e-01  0.00000000e+00  3.61126882e-04  0.00000000e+00
   0.00000000e+00  0.00000000e+00]
 [ 0.00000000e+00  9.99999935e-01  0.00000000e+00  3.61126882e-04
   0.00000000e+00  0.00000000e+00]
 [-3.61126882e-04  0.00000000e+00  9.99999935e-01  0.00000000e+00
   0.00000000e+00  0.00000000e+00]
 [ 0.00000000e+00 -3.61126882e-04  0.00000000e+00  9.99999935e-01
   0.00000000e+00  0.00000000e+00]
 [ 0.00000000e+00  0.00000000e+00  0.00000000e+00  0.00000000e+00
   1.00000000e+00  0.00000000e+00]
 [ 0.00000000e+00  0.00000000e+00  0.00000000e+00  0.00000000e+00
   0.00000000e+00  1.00000000e+00]]
Param #225: delta too small; RMS=2.0801e-06 mm
quads_tilt_fit #-0.00036212688963683284
delta_local #[0.00048074]
R1 #[[ 9.99999993e-01  0.00000000e+00  1.18609647e-04  0.00000000e+00
   0.00000000e+00  0.00000000e+00]
 [ 0.00000000e+00  9.99999993e-01  0.00000000e+00  1.18609647e-04
   0.00000000e+00  0.00000000e+00]
 [-1.18609647e-04  0.00000000e+00  9.99999993e-01  0.00000000e+00
   0.00000000e+00  0.00000000e+00]
 [ 0.00000000e+00 -1.18609647e-04  0.00000000e+00  9.99999993e-01
   0.00000000e+00  0.00000000e+00]
 [ 0.00000000e+00  0.00000000e+00  0.00000000e+00  0.00000000e+00
   1.00000000e+00  0.00000000e+00]
 [ 0.00000000e+00  0.00000000e+00  0.00000000e+00  0.00000000e+00
   0.00000000e+00  1.00000000e+00]]
R2 #[[ 9.99999993e-01  0.00000000e+00 -1.18609647e-04  0.00000000e+00
   0.00000000e+00  0.00000000e+00]
 [ 0.00000000e+00  9.99999993e-01  0.00000000e+00 -1.18609647e-04
   0.00000000e+00  0.00000000e+00]
 [ 1.18609647e-04  0.00000000e+00  9.99999993e-01  0.00000000e+00
   0.00000000e+00  0.00000000e+00]
 [ 0.00000000e+00  1.18609647e-04  0.00000000e+00  9.99999993e-01
   0.00000000e+00  0.00000000e+00]
 [ 0.00000000e+00  0.00000000e+00  0.00000000e+00  0.00000000e+00
   1.00000000e+00  0.00000000e+00]
 [ 0.00000000e+00  0.00000000e+00  0.00000000e+00  0.00000000e+00
   0.00000000e+00  1.00000000e+00]]
Param #225: delta OK; RMS=0.00099963 mm
quads_tilt_fit #-0.0015299458919249668
delta_local #[1.e-06]
R1 #[[ 0.99999883  0.         -0.00152895  0.          0.          0.        ]
 [ 0.          0.99999883  0.         -0.00152895  0.          0.        ]
 [ 0.00152895  0.          0.99999883  0.          0.          0.        ]
 [ 0.          0.00152895  0.          0.99999883  0.          0.        ]
 [ 0.          0.          0.          0.          1.          0.        ]
 [ 0.          0.          0.          0.          0.          1.        ]]
R2 #[[ 0.99999883  0.          0.00152895  0.          0.          0.        ]
 [ 0.          0.99999883  0.          0.00152895  0.          0.        ]
 [-0.00152895  0.          0.99999883  0.          0.          0.        ]
 [ 0.         -0.00152895  0.          0.99999883  0.          0.        ]
 [ 0.          0.          0.          0.          1.          0.        ]
 [ 0.          0.          0.          0.          0.          1.        ]]
Param #2479: delta too small; RMS=1.524e-06 mm
quads_tilt_fit #-0.0015299458919249668
delta_local #[0.00065618]
R1 #[[ 9.99999618e-01  0.00000000e+00 -8.73766801e-04  0.00000000e+00
   0.00000000e+00  0.00000000e+00]
 [ 0.00000000e+00  9.99999618e-01  0.00000000e+00 -8.73766801e-04
   0.00000000e+00  0.00000000e+00]
 [ 8.73766801e-04  0.00000000e+00  9.99999618e-01  0.00000000e+00
   0.00000000e+00  0.00000000e+00]
 [ 0.00000000e+00  8.73766801e-04  0.00000000e+00  9.99999618e-01
   0.00000000e+00  0.00000000e+00]
 [ 0.00000000e+00  0.00000000e+00  0.00000000e+00  0.00000000e+00
   1.00000000e+00  0.00000000e+00]
 [ 0.00000000e+00  0.00000000e+00  0.00000000e+00  0.00000000e+00
   0.00000000e+00  1.00000000e+00]]
R2 #[[ 9.99999618e-01  0.00000000e+00  8.73766801e-04  0.00000000e+00
   0.00000000e+00  0.00000000e+00]
 [ 0.00000000e+00  9.99999618e-01  0.00000000e+00  8.73766801e-04
   0.00000000e+00  0.00000000e+00]
 [-8.73766801e-04  0.00000000e+00  9.99999618e-01  0.00000000e+00
   0.00000000e+00  0.00000000e+00]
 [ 0.00000000e+00 -8.73766801e-04  0.00000000e+00  9.99999618e-01
   0.00000000e+00  0.00000000e+00]
 [ 0.00000000e+00  0.00000000e+00  0.00000000e+00  0.00000000e+00
   1.00000000e+00  0.00000000e+00]
 [ 0.00000000e+00  0.00000000e+00  0.00000000e+00  0.00000000e+00
   0.00000000e+00  1.00000000e+00]]
Param #2479: delta OK; RMS=0.00099966 mm
quads_tilt_fit #0.0002781926754654207
delta_local #[1.e-06]
R1 #[[ 9.99999961e-01  0.00000000e+00  2.79192672e-04  0.00000000e+00
   0.00000000e+00  0.00000000e+00]
 [ 0.00000000e+00  9.99999961e-01  0.00000000e+00  2.79192672e-04
   0.00000000e+00  0.00000000e+00]
 [-2.79192672e-04  0.00000000e+00  9.99999961e-01  0.00000000e+00
   0.00000000e+00  0.00000000e+00]
 [ 0.00000000e+00 -2.79192672e-04  0.00000000e+00  9.99999961e-01
   0.00000000e+00  0.00000000e+00]
 [ 0.00000000e+00  0.00000000e+00  0.00000000e+00  0.00000000e+00
   1.00000000e+00  0.00000000e+00]
 [ 0.00000000e+00  0.00000000e+00  0.00000000e+00  0.00000000e+00
   0.00000000e+00  1.00000000e+00]]
R2 #[[ 9.99999961e-01  0.00000000e+00 -2.79192672e-04  0.00000000e+00
   0.00000000e+00  0.00000000e+00]
 [ 0.00000000e+00  9.99999961e-01  0.00000000e+00 -2.79192672e-04
   0.00000000e+00  0.00000000e+00]
 [ 2.79192672e-04  0.00000000e+00  9.99999961e-01  0.00000000e+00
   0.00000000e+00  0.00000000e+00]
 [ 0.00000000e+00  2.79192672e-04  0.00000000e+00  9.99999961e-01
   0.00000000e+00  0.00000000e+00]
 [ 0.00000000e+00  0.00000000e+00  0.00000000e+00  0.00000000e+00
   1.00000000e+00  0.00000000e+00]
 [ 0.00000000e+00  0.00000000e+00  0.00000000e+00  0.00000000e+00
   0.00000000e+00  1.00000000e+00]]
Param #2498: delta too small; RMS=2.0849e-06 mm
quads_tilt_fit #0.0002781926754654207
delta_local #[0.00047965]
R1 #[[ 9.99999713e-01  0.00000000e+00  7.57841407e-04  0.00000000e+00
   0.00000000e+00  0.00000000e+00]
 [ 0.00000000e+00  9.99999713e-01  0.00000000e+00  7.57841407e-04
   0.00000000e+00  0.00000000e+00]
 [-7.57841407e-04  0.00000000e+00  9.99999713e-01  0.00000000e+00
   0.00000000e+00  0.00000000e+00]
 [ 0.00000000e+00 -7.57841407e-04  0.00000000e+00  9.99999713e-01
   0.00000000e+00  0.00000000e+00]
 [ 0.00000000e+00  0.00000000e+00  0.00000000e+00  0.00000000e+00
   1.00000000e+00  0.00000000e+00]
 [ 0.00000000e+00  0.00000000e+00  0.00000000e+00  0.00000000e+00
   0.00000000e+00  1.00000000e+00]]
R2 #[[ 9.99999713e-01  0.00000000e+00 -7.57841407e-04  0.00000000e+00
   0.00000000e+00  0.00000000e+00]
 [ 0.00000000e+00  9.99999713e-01  0.00000000e+00 -7.57841407e-04
   0.00000000e+00  0.00000000e+00]
 [ 7.57841407e-04  0.00000000e+00  9.99999713e-01  0.00000000e+00
   0.00000000e+00  0.00000000e+00]
 [ 0.00000000e+00  7.57841407e-04  0.00000000e+00  9.99999713e-01
   0.00000000e+00  0.00000000e+00]
 [ 0.00000000e+00  0.00000000e+00  0.00000000e+00  0.00000000e+00
   1.00000000e+00  0.00000000e+00]
 [ 0.00000000e+00  0.00000000e+00  0.00000000e+00  0.00000000e+00
   0.00000000e+00  1.00000000e+00]]
Param #2498: delta OK; RMS=0.0010002 mm
quads_tilt_fit #-0.0009280530166523955
delta_local #[1.e-06]
R1 #[[ 9.99999570e-01  0.00000000e+00 -9.27052884e-04  0.00000000e+00
   0.00000000e+00  0.00000000e+00]
 [ 0.00000000e+00  9.99999570e-01  0.00000000e+00 -9.27052884e-04
   0.00000000e+00  0.00000000e+00]
 [ 9.27052884e-04  0.00000000e+00  9.99999570e-01  0.00000000e+00
   0.00000000e+00  0.00000000e+00]
 [ 0.00000000e+00  9.27052884e-04  0.00000000e+00  9.99999570e-01
   0.00000000e+00  0.00000000e+00]
 [ 0.00000000e+00  0.00000000e+00  0.00000000e+00  0.00000000e+00
   1.00000000e+00  0.00000000e+00]
 [ 0.00000000e+00  0.00000000e+00  0.00000000e+00  0.00000000e+00
   0.00000000e+00  1.00000000e+00]]
R2 #[[ 9.99999570e-01  0.00000000e+00  9.27052884e-04  0.00000000e+00
   0.00000000e+00  0.00000000e+00]
 [ 0.00000000e+00  9.99999570e-01  0.00000000e+00  9.27052884e-04
   0.00000000e+00  0.00000000e+00]
 [-9.27052884e-04  0.00000000e+00  9.99999570e-01  0.00000000e+00
   0.00000000e+00  0.00000000e+00]
 [ 0.00000000e+00 -9.27052884e-04  0.00000000e+00  9.99999570e-01
   0.00000000e+00  0.00000000e+00]
 [ 0.00000000e+00  0.00000000e+00  0.00000000e+00  0.00000000e+00
   1.00000000e+00  0.00000000e+00]
 [ 0.00000000e+00  0.00000000e+00  0.00000000e+00  0.00000000e+00
   0.00000000e+00  1.00000000e+00]]
Param #2517: delta too small; RMS=1.8797e-06 mm
quads_tilt_fit #-0.0009280530166523955
delta_local #[0.000532]
R1 #[[ 9.99999922e-01  0.00000000e+00 -3.96053721e-04  0.00000000e+00
   0.00000000e+00  0.00000000e+00]
 [ 0.00000000e+00  9.99999922e-01  0.00000000e+00 -3.96053721e-04
   0.00000000e+00  0.00000000e+00]
 [ 3.96053721e-04  0.00000000e+00  9.99999922e-01  0.00000000e+00
   0.00000000e+00  0.00000000e+00]
 [ 0.00000000e+00  3.96053721e-04  0.00000000e+00  9.99999922e-01
   0.00000000e+00  0.00000000e+00]
 [ 0.00000000e+00  0.00000000e+00  0.00000000e+00  0.00000000e+00
   1.00000000e+00  0.00000000e+00]
 [ 0.00000000e+00  0.00000000e+00  0.00000000e+00  0.00000000e+00
   0.00000000e+00  1.00000000e+00]]
R2 #[[ 9.99999922e-01  0.00000000e+00  3.96053721e-04  0.00000000e+00
   0.00000000e+00  0.00000000e+00]
 [ 0.00000000e+00  9.99999922e-01  0.00000000e+00  3.96053721e-04
   0.00000000e+00  0.00000000e+00]
 [-3.96053721e-04  0.00000000e+00  9.99999922e-01  0.00000000e+00
   0.00000000e+00  0.00000000e+00]
 [ 0.00000000e+00 -3.96053721e-04  0.00000000e+00  9.99999922e-01
   0.00000000e+00  0.00000000e+00]
 [ 0.00000000e+00  0.00000000e+00  0.00000000e+00  0.00000000e+00
   1.00000000e+00  0.00000000e+00]
 [ 0.00000000e+00  0.00000000e+00  0.00000000e+00  0.00000000e+00
   0.00000000e+00  1.00000000e+00]]
Param #2517: delta OK; RMS=0.00099962 mm
quads_tilt_fit #-0.001103921166902755
delta_local #[1.e-06]
R1 #[[ 0.99999939  0.         -0.00110292  0.          0.          0.        ]
 [ 0.          0.99999939  0.         -0.00110292  0.          0.        ]
 [ 0.00110292  0.          0.99999939  0.          0.          0.        ]
 [ 0.          0.00110292  0.          0.99999939  0.          0.        ]
 [ 0.          0.          0.          0.          1.          0.        ]
 [ 0.          0.          0.          0.          0.          1.        ]]
R2 #[[ 0.99999939  0.          0.00110292  0.          0.          0.        ]
 [ 0.          0.99999939  0.          0.00110292  0.          0.        ]
 [-0.00110292  0.          0.99999939  0.          0.          0.        ]
 [ 0.         -0.00110292  0.          0.99999939  0.          0.        ]
 [ 0.          0.          0.          0.          1.          0.        ]
 [ 0.          0.          0.          0.          0.          1.        ]]
Param #2536: delta too small; RMS=1.671e-06 mm
quads_tilt_fit #-0.001103921166902755
delta_local #[0.00059843]
R1 #[[ 9.99999872e-01  0.00000000e+00 -5.05487960e-04  0.00000000e+00
   0.00000000e+00  0.00000000e+00]
 [ 0.00000000e+00  9.99999872e-01  0.00000000e+00 -5.05487960e-04
   0.00000000e+00  0.00000000e+00]
 [ 5.05487960e-04  0.00000000e+00  9.99999872e-01  0.00000000e+00
   0.00000000e+00  0.00000000e+00]
 [ 0.00000000e+00  5.05487960e-04  0.00000000e+00  9.99999872e-01
   0.00000000e+00  0.00000000e+00]
 [ 0.00000000e+00  0.00000000e+00  0.00000000e+00  0.00000000e+00
   1.00000000e+00  0.00000000e+00]
 [ 0.00000000e+00  0.00000000e+00  0.00000000e+00  0.00000000e+00
   0.00000000e+00  1.00000000e+00]]
R2 #[[ 9.99999872e-01  0.00000000e+00  5.05487960e-04  0.00000000e+00
   0.00000000e+00  0.00000000e+00]
 [ 0.00000000e+00  9.99999872e-01  0.00000000e+00  5.05487960e-04
   0.00000000e+00  0.00000000e+00]
 [-5.05487960e-04  0.00000000e+00  9.99999872e-01  0.00000000e+00
   0.00000000e+00  0.00000000e+00]
 [ 0.00000000e+00 -5.05487960e-04  0.00000000e+00  9.99999872e-01
   0.00000000e+00  0.00000000e+00]
 [ 0.00000000e+00  0.00000000e+00  0.00000000e+00  0.00000000e+00
   1.00000000e+00  0.00000000e+00]
 [ 0.00000000e+00  0.00000000e+00  0.00000000e+00  0.00000000e+00
   0.00000000e+00  1.00000000e+00]]
Param #2536: delta OK; RMS=0.0010003 mm
quads_tilt_fit #1.782404575766545e-05
delta_local #[1.e-06]
R1 #[[ 1.00000000e+00  0.00000000e+00  1.88240458e-05  0.00000000e+00
   0.00000000e+00  0.00000000e+00]
 [ 0.00000000e+00  1.00000000e+00  0.00000000e+00  1.88240458e-05
   0.00000000e+00  0.00000000e+00]
 [-1.88240458e-05  0.00000000e+00  1.00000000e+00  0.00000000e+00
   0.00000000e+00  0.00000000e+00]
 [ 0.00000000e+00 -1.88240458e-05  0.00000000e+00  1.00000000e+00
   0.00000000e+00  0.00000000e+00]
 [ 0.00000000e+00  0.00000000e+00  0.00000000e+00  0.00000000e+00
   1.00000000e+00  0.00000000e+00]
 [ 0.00000000e+00  0.00000000e+00  0.00000000e+00  0.00000000e+00
   0.00000000e+00  1.00000000e+00]]
R2 #[[ 1.00000000e+00  0.00000000e+00 -1.88240458e-05  0.00000000e+00
   0.00000000e+00  0.00000000e+00]
 [ 0.00000000e+00  1.00000000e+00  0.00000000e+00 -1.88240458e-05
   0.00000000e+00  0.00000000e+00]
 [ 1.88240458e-05  0.00000000e+00  1.00000000e+00  0.00000000e+00
   0.00000000e+00  0.00000000e+00]
 [ 0.00000000e+00  1.88240458e-05  0.00000000e+00  1.00000000e+00
   0.00000000e+00  0.00000000e+00]
 [ 0.00000000e+00  0.00000000e+00  0.00000000e+00  0.00000000e+00
   1.00000000e+00  0.00000000e+00]
 [ 0.00000000e+00  0.00000000e+00  0.00000000e+00  0.00000000e+00
   0.00000000e+00  1.00000000e+00]]
Param #2549: delta too small; RMS=2.1501e-06 mm
quads_tilt_fit #1.782404575766545e-05
delta_local #[0.00046509]
R1 #[[ 9.99999883e-01  0.00000000e+00  4.82912042e-04  0.00000000e+00
   0.00000000e+00  0.00000000e+00]
 [ 0.00000000e+00  9.99999883e-01  0.00000000e+00  4.82912042e-04
   0.00000000e+00  0.00000000e+00]
 [-4.82912042e-04  0.00000000e+00  9.99999883e-01  0.00000000e+00
   0.00000000e+00  0.00000000e+00]
 [ 0.00000000e+00 -4.82912042e-04  0.00000000e+00  9.99999883e-01
   0.00000000e+00  0.00000000e+00]
 [ 0.00000000e+00  0.00000000e+00  0.00000000e+00  0.00000000e+00
   1.00000000e+00  0.00000000e+00]
 [ 0.00000000e+00  0.00000000e+00  0.00000000e+00  0.00000000e+00
   0.00000000e+00  1.00000000e+00]]
R2 #[[ 9.99999883e-01  0.00000000e+00 -4.82912042e-04  0.00000000e+00
   0.00000000e+00  0.00000000e+00]
 [ 0.00000000e+00  9.99999883e-01  0.00000000e+00 -4.82912042e-04
   0.00000000e+00  0.00000000e+00]
 [ 4.82912042e-04  0.00000000e+00  9.99999883e-01  0.00000000e+00
   0.00000000e+00  0.00000000e+00]
 [ 0.00000000e+00  4.82912042e-04  0.00000000e+00  9.99999883e-01
   0.00000000e+00  0.00000000e+00]
 [ 0.00000000e+00  0.00000000e+00  0.00000000e+00  0.00000000e+00
   1.00000000e+00  0.00000000e+00]
 [ 0.00000000e+00  0.00000000e+00  0.00000000e+00  0.00000000e+00
   0.00000000e+00  1.00000000e+00]]
Param #2549: delta OK; RMS=0.00099984 mm
quads_tilt_fit #-0.0008032019723457572
delta_local #[1.e-06]
R1 #[[ 9.99999678e-01  0.00000000e+00 -8.02201886e-04  0.00000000e+00
   0.00000000e+00  0.00000000e+00]
 [ 0.00000000e+00  9.99999678e-01  0.00000000e+00 -8.02201886e-04
   0.00000000e+00  0.00000000e+00]
 [ 8.02201886e-04  0.00000000e+00  9.99999678e-01  0.00000000e+00
   0.00000000e+00  0.00000000e+00]
 [ 0.00000000e+00  8.02201886e-04  0.00000000e+00  9.99999678e-01
   0.00000000e+00  0.00000000e+00]
 [ 0.00000000e+00  0.00000000e+00  0.00000000e+00  0.00000000e+00
   1.00000000e+00  0.00000000e+00]
 [ 0.00000000e+00  0.00000000e+00  0.00000000e+00  0.00000000e+00
   0.00000000e+00  1.00000000e+00]]
R2 #[[ 9.99999678e-01  0.00000000e+00  8.02201886e-04  0.00000000e+00
   0.00000000e+00  0.00000000e+00]
 [ 0.00000000e+00  9.99999678e-01  0.00000000e+00  8.02201886e-04
   0.00000000e+00  0.00000000e+00]
 [-8.02201886e-04  0.00000000e+00  9.99999678e-01  0.00000000e+00
   0.00000000e+00  0.00000000e+00]
 [ 0.00000000e+00 -8.02201886e-04  0.00000000e+00  9.99999678e-01
   0.00000000e+00  0.00000000e+00]
 [ 0.00000000e+00  0.00000000e+00  0.00000000e+00  0.00000000e+00
   1.00000000e+00  0.00000000e+00]
 [ 0.00000000e+00  0.00000000e+00  0.00000000e+00  0.00000000e+00
   0.00000000e+00  1.00000000e+00]]
Param #2568: delta too small; RMS=1.5111e-06 mm
quads_tilt_fit #-0.0008032019723457572
delta_local #[0.00066176]
R1 #[[ 9.99999990e-01  0.00000000e+00 -1.41437763e-04  0.00000000e+00
   0.00000000e+00  0.00000000e+00]
 [ 0.00000000e+00  9.99999990e-01  0.00000000e+00 -1.41437763e-04
   0.00000000e+00  0.00000000e+00]
 [ 1.41437763e-04  0.00000000e+00  9.99999990e-01  0.00000000e+00
   0.00000000e+00  0.00000000e+00]
 [ 0.00000000e+00  1.41437763e-04  0.00000000e+00  9.99999990e-01
   0.00000000e+00  0.00000000e+00]
 [ 0.00000000e+00  0.00000000e+00  0.00000000e+00  0.00000000e+00
   1.00000000e+00  0.00000000e+00]
 [ 0.00000000e+00  0.00000000e+00  0.00000000e+00  0.00000000e+00
   0.00000000e+00  1.00000000e+00]]
R2 #[[ 9.99999990e-01  0.00000000e+00  1.41437763e-04  0.00000000e+00
   0.00000000e+00  0.00000000e+00]
 [ 0.00000000e+00  9.99999990e-01  0.00000000e+00  1.41437763e-04
   0.00000000e+00  0.00000000e+00]
 [-1.41437763e-04  0.00000000e+00  9.99999990e-01  0.00000000e+00
   0.00000000e+00  0.00000000e+00]
 [ 0.00000000e+00 -1.41437763e-04  0.00000000e+00  9.99999990e-01
   0.00000000e+00  0.00000000e+00]
 [ 0.00000000e+00  0.00000000e+00  0.00000000e+00  0.00000000e+00
   1.00000000e+00  0.00000000e+00]
 [ 0.00000000e+00  0.00000000e+00  0.00000000e+00  0.00000000e+00
   0.00000000e+00  1.00000000e+00]]
Param #2568: delta OK; RMS=0.00099972 mm
quads_tilt_fit #0.0004099071324180984
delta_local #[1.e-06]
R1 #[[ 9.99999916e-01  0.00000000e+00  4.10907121e-04  0.00000000e+00
   0.00000000e+00  0.00000000e+00]
 [ 0.00000000e+00  9.99999916e-01  0.00000000e+00  4.10907121e-04
   0.00000000e+00  0.00000000e+00]
 [-4.10907121e-04  0.00000000e+00  9.99999916e-01  0.00000000e+00
   0.00000000e+00  0.00000000e+00]
 [ 0.00000000e+00 -4.10907121e-04  0.00000000e+00  9.99999916e-01
   0.00000000e+00  0.00000000e+00]
 [ 0.00000000e+00  0.00000000e+00  0.00000000e+00  0.00000000e+00
   1.00000000e+00  0.00000000e+00]
 [ 0.00000000e+00  0.00000000e+00  0.00000000e+00  0.00000000e+00
   0.00000000e+00  1.00000000e+00]]
R2 #[[ 9.99999916e-01  0.00000000e+00 -4.10907121e-04  0.00000000e+00
   0.00000000e+00  0.00000000e+00]
 [ 0.00000000e+00  9.99999916e-01  0.00000000e+00 -4.10907121e-04
   0.00000000e+00  0.00000000e+00]
 [ 4.10907121e-04  0.00000000e+00  9.99999916e-01  0.00000000e+00
   0.00000000e+00  0.00000000e+00]
 [ 0.00000000e+00  4.10907121e-04  0.00000000e+00  9.99999916e-01
   0.00000000e+00  0.00000000e+00]
 [ 0.00000000e+00  0.00000000e+00  0.00000000e+00  0.00000000e+00
   1.00000000e+00  0.00000000e+00]
 [ 0.00000000e+00  0.00000000e+00  0.00000000e+00  0.00000000e+00
   0.00000000e+00  1.00000000e+00]]
Param #2587: delta too small; RMS=2.0999e-06 mm
quads_tilt_fit #0.0004099071324180984
delta_local #[0.0004762]
R1 #[[ 9.99999607e-01  0.00000000e+00  8.86110384e-04  0.00000000e+00
   0.00000000e+00  0.00000000e+00]
 [ 0.00000000e+00  9.99999607e-01  0.00000000e+00  8.86110384e-04
   0.00000000e+00  0.00000000e+00]
 [-8.86110384e-04  0.00000000e+00  9.99999607e-01  0.00000000e+00
   0.00000000e+00  0.00000000e+00]
 [ 0.00000000e+00 -8.86110384e-04  0.00000000e+00  9.99999607e-01
   0.00000000e+00  0.00000000e+00]
 [ 0.00000000e+00  0.00000000e+00  0.00000000e+00  0.00000000e+00
   1.00000000e+00  0.00000000e+00]
 [ 0.00000000e+00  0.00000000e+00  0.00000000e+00  0.00000000e+00
   0.00000000e+00  1.00000000e+00]]
R2 #[[ 9.99999607e-01  0.00000000e+00 -8.86110384e-04  0.00000000e+00
   0.00000000e+00  0.00000000e+00]
 [ 0.00000000e+00  9.99999607e-01  0.00000000e+00 -8.86110384e-04
   0.00000000e+00  0.00000000e+00]
 [ 8.86110384e-04  0.00000000e+00  9.99999607e-01  0.00000000e+00
   0.00000000e+00  0.00000000e+00]
 [ 0.00000000e+00  8.86110384e-04  0.00000000e+00  9.99999607e-01
   0.00000000e+00  0.00000000e+00]
 [ 0.00000000e+00  0.00000000e+00  0.00000000e+00  0.00000000e+00
   1.00000000e+00  0.00000000e+00]
 [ 0.00000000e+00  0.00000000e+00  0.00000000e+00  0.00000000e+00
   0.00000000e+00  1.00000000e+00]]
Param #2587: delta OK; RMS=0.0010002 mm
quads_tilt_fit #-0.00039050642758572116
delta_local #[1.e-06]
R1 #[[ 9.99999924e-01  0.00000000e+00 -3.89506418e-04  0.00000000e+00
   0.00000000e+00  0.00000000e+00]
 [ 0.00000000e+00  9.99999924e-01  0.00000000e+00 -3.89506418e-04
   0.00000000e+00  0.00000000e+00]
 [ 3.89506418e-04  0.00000000e+00  9.99999924e-01  0.00000000e+00
   0.00000000e+00  0.00000000e+00]
 [ 0.00000000e+00  3.89506418e-04  0.00000000e+00  9.99999924e-01
   0.00000000e+00  0.00000000e+00]
 [ 0.00000000e+00  0.00000000e+00  0.00000000e+00  0.00000000e+00
   1.00000000e+00  0.00000000e+00]
 [ 0.00000000e+00  0.00000000e+00  0.00000000e+00  0.00000000e+00
   0.00000000e+00  1.00000000e+00]]
R2 #[[ 9.99999924e-01  0.00000000e+00  3.89506418e-04  0.00000000e+00
   0.00000000e+00  0.00000000e+00]
 [ 0.00000000e+00  9.99999924e-01  0.00000000e+00  3.89506418e-04
   0.00000000e+00  0.00000000e+00]
 [-3.89506418e-04  0.00000000e+00  9.99999924e-01  0.00000000e+00
   0.00000000e+00  0.00000000e+00]
 [ 0.00000000e+00 -3.89506418e-04  0.00000000e+00  9.99999924e-01
   0.00000000e+00  0.00000000e+00]
 [ 0.00000000e+00  0.00000000e+00  0.00000000e+00  0.00000000e+00
   1.00000000e+00  0.00000000e+00]
 [ 0.00000000e+00  0.00000000e+00  0.00000000e+00  0.00000000e+00
   0.00000000e+00  1.00000000e+00]]
Param #2606: delta too small; RMS=1.8309e-06 mm
quads_tilt_fit #-0.00039050642758572116
delta_local #[0.00054618]
R1 #[[ 9.99999988e-01  0.00000000e+00  1.55677186e-04  0.00000000e+00
   0.00000000e+00  0.00000000e+00]
 [ 0.00000000e+00  9.99999988e-01  0.00000000e+00  1.55677186e-04
   0.00000000e+00  0.00000000e+00]
 [-1.55677186e-04  0.00000000e+00  9.99999988e-01  0.00000000e+00
   0.00000000e+00  0.00000000e+00]
 [ 0.00000000e+00 -1.55677186e-04  0.00000000e+00  9.99999988e-01
   0.00000000e+00  0.00000000e+00]
 [ 0.00000000e+00  0.00000000e+00  0.00000000e+00  0.00000000e+00
   1.00000000e+00  0.00000000e+00]
 [ 0.00000000e+00  0.00000000e+00  0.00000000e+00  0.00000000e+00
   0.00000000e+00  1.00000000e+00]]
R2 #[[ 9.99999988e-01  0.00000000e+00 -1.55677186e-04  0.00000000e+00
   0.00000000e+00  0.00000000e+00]
 [ 0.00000000e+00  9.99999988e-01  0.00000000e+00 -1.55677186e-04
   0.00000000e+00  0.00000000e+00]
 [ 1.55677186e-04  0.00000000e+00  9.99999988e-01  0.00000000e+00
   0.00000000e+00  0.00000000e+00]
 [ 0.00000000e+00  1.55677186e-04  0.00000000e+00  9.99999988e-01
   0.00000000e+00  0.00000000e+00]
 [ 0.00000000e+00  0.00000000e+00  0.00000000e+00  0.00000000e+00
   1.00000000e+00  0.00000000e+00]
 [ 0.00000000e+00  0.00000000e+00  0.00000000e+00  0.00000000e+00
   0.00000000e+00  1.00000000e+00]]
Param #2606: delta OK; RMS=0.00099957 mm
quads_tilt_fit #-0.000946631478715556
delta_local #[1.e-06]
R1 #[[ 9.99999553e-01  0.00000000e+00 -9.45631338e-04  0.00000000e+00
   0.00000000e+00  0.00000000e+00]
 [ 0.00000000e+00  9.99999553e-01  0.00000000e+00 -9.45631338e-04
   0.00000000e+00  0.00000000e+00]
 [ 9.45631338e-04  0.00000000e+00  9.99999553e-01  0.00000000e+00
   0.00000000e+00  0.00000000e+00]
 [ 0.00000000e+00  9.45631338e-04  0.00000000e+00  9.99999553e-01
   0.00000000e+00  0.00000000e+00]
 [ 0.00000000e+00  0.00000000e+00  0.00000000e+00  0.00000000e+00
   1.00000000e+00  0.00000000e+00]
 [ 0.00000000e+00  0.00000000e+00  0.00000000e+00  0.00000000e+00
   0.00000000e+00  1.00000000e+00]]
R2 #[[ 9.99999553e-01  0.00000000e+00  9.45631338e-04  0.00000000e+00
   0.00000000e+00  0.00000000e+00]
 [ 0.00000000e+00  9.99999553e-01  0.00000000e+00  9.45631338e-04
   0.00000000e+00  0.00000000e+00]
 [-9.45631338e-04  0.00000000e+00  9.99999553e-01  0.00000000e+00
   0.00000000e+00  0.00000000e+00]
 [ 0.00000000e+00 -9.45631338e-04  0.00000000e+00  9.99999553e-01
   0.00000000e+00  0.00000000e+00]
 [ 0.00000000e+00  0.00000000e+00  0.00000000e+00  0.00000000e+00
   1.00000000e+00  0.00000000e+00]
 [ 0.00000000e+00  0.00000000e+00  0.00000000e+00  0.00000000e+00
   0.00000000e+00  1.00000000e+00]]
Param #2625: delta too small; RMS=1.7191e-06 mm
quads_tilt_fit #-0.000946631478715556
delta_local #[0.0005817]
R1 #[[ 9.99999933e-01  0.00000000e+00 -3.64927189e-04  0.00000000e+00
   0.00000000e+00  0.00000000e+00]
 [ 0.00000000e+00  9.99999933e-01  0.00000000e+00 -3.64927189e-04
   0.00000000e+00  0.00000000e+00]
 [ 3.64927189e-04  0.00000000e+00  9.99999933e-01  0.00000000e+00
   0.00000000e+00  0.00000000e+00]
 [ 0.00000000e+00  3.64927189e-04  0.00000000e+00  9.99999933e-01
   0.00000000e+00  0.00000000e+00]
 [ 0.00000000e+00  0.00000000e+00  0.00000000e+00  0.00000000e+00
   1.00000000e+00  0.00000000e+00]
 [ 0.00000000e+00  0.00000000e+00  0.00000000e+00  0.00000000e+00
   0.00000000e+00  1.00000000e+00]]
R2 #[[ 9.99999933e-01  0.00000000e+00  3.64927189e-04  0.00000000e+00
   0.00000000e+00  0.00000000e+00]
 [ 0.00000000e+00  9.99999933e-01  0.00000000e+00  3.64927189e-04
   0.00000000e+00  0.00000000e+00]
 [-3.64927189e-04  0.00000000e+00  9.99999933e-01  0.00000000e+00
   0.00000000e+00  0.00000000e+00]
 [ 0.00000000e+00 -3.64927189e-04  0.00000000e+00  9.99999933e-01
   0.00000000e+00  0.00000000e+00]
 [ 0.00000000e+00  0.00000000e+00  0.00000000e+00  0.00000000e+00
   1.00000000e+00  0.00000000e+00]
 [ 0.00000000e+00  0.00000000e+00  0.00000000e+00  0.00000000e+00
   0.00000000e+00  1.00000000e+00]]
Param #2625: delta OK; RMS=0.0010004 mm
quads_tilt_fit #-2.60035841363127e-05
delta_local #[1.e-06]
R1 #[[ 1.00000000e+00  0.00000000e+00 -2.50035841e-05  0.00000000e+00
   0.00000000e+00  0.00000000e+00]
 [ 0.00000000e+00  1.00000000e+00  0.00000000e+00 -2.50035841e-05
   0.00000000e+00  0.00000000e+00]
 [ 2.50035841e-05  0.00000000e+00  1.00000000e+00  0.00000000e+00
   0.00000000e+00  0.00000000e+00]
 [ 0.00000000e+00  2.50035841e-05  0.00000000e+00  1.00000000e+00
   0.00000000e+00  0.00000000e+00]
 [ 0.00000000e+00  0.00000000e+00  0.00000000e+00  0.00000000e+00
   1.00000000e+00  0.00000000e+00]
 [ 0.00000000e+00  0.00000000e+00  0.00000000e+00  0.00000000e+00
   0.00000000e+00  1.00000000e+00]]
R2 #[[ 1.00000000e+00  0.00000000e+00  2.50035841e-05  0.00000000e+00
   0.00000000e+00  0.00000000e+00]
 [ 0.00000000e+00  1.00000000e+00  0.00000000e+00  2.50035841e-05
   0.00000000e+00  0.00000000e+00]
 [-2.50035841e-05  0.00000000e+00  1.00000000e+00  0.00000000e+00
   0.00000000e+00  0.00000000e+00]
 [ 0.00000000e+00 -2.50035841e-05  0.00000000e+00  1.00000000e+00
   0.00000000e+00  0.00000000e+00]
 [ 0.00000000e+00  0.00000000e+00  0.00000000e+00  0.00000000e+00
   1.00000000e+00  0.00000000e+00]
 [ 0.00000000e+00  0.00000000e+00  0.00000000e+00  0.00000000e+00
   0.00000000e+00  1.00000000e+00]]
Param #2778: delta too small; RMS=1.7391e-06 mm
quads_tilt_fit #-2.60035841363127e-05
delta_local #[0.00057503]
R1 #[[ 9.99999849e-01  0.00000000e+00  5.49021500e-04  0.00000000e+00
   0.00000000e+00  0.00000000e+00]
 [ 0.00000000e+00  9.99999849e-01  0.00000000e+00  5.49021500e-04
   0.00000000e+00  0.00000000e+00]
 [-5.49021500e-04  0.00000000e+00  9.99999849e-01  0.00000000e+00
   0.00000000e+00  0.00000000e+00]
 [ 0.00000000e+00 -5.49021500e-04  0.00000000e+00  9.99999849e-01
   0.00000000e+00  0.00000000e+00]
 [ 0.00000000e+00  0.00000000e+00  0.00000000e+00  0.00000000e+00
   1.00000000e+00  0.00000000e+00]
 [ 0.00000000e+00  0.00000000e+00  0.00000000e+00  0.00000000e+00
   0.00000000e+00  1.00000000e+00]]
R2 #[[ 9.99999849e-01  0.00000000e+00 -5.49021500e-04  0.00000000e+00
   0.00000000e+00  0.00000000e+00]
 [ 0.00000000e+00  9.99999849e-01  0.00000000e+00 -5.49021500e-04
   0.00000000e+00  0.00000000e+00]
 [ 5.49021500e-04  0.00000000e+00  9.99999849e-01  0.00000000e+00
   0.00000000e+00  0.00000000e+00]
 [ 0.00000000e+00  5.49021500e-04  0.00000000e+00  9.99999849e-01
   0.00000000e+00  0.00000000e+00]
 [ 0.00000000e+00  0.00000000e+00  0.00000000e+00  0.00000000e+00
   1.00000000e+00  0.00000000e+00]
 [ 0.00000000e+00  0.00000000e+00  0.00000000e+00  0.00000000e+00
   0.00000000e+00  1.00000000e+00]]
Param #2778: delta OK; RMS=0.001 mm
quads_tilt_fit #-0.0010205975013293277
delta_local #[1.e-06]
R1 #[[ 0.99999948  0.         -0.0010196   0.          0.          0.        ]
 [ 0.          0.99999948  0.         -0.0010196   0.          0.        ]
 [ 0.0010196   0.          0.99999948  0.          0.          0.        ]
 [ 0.          0.0010196   0.          0.99999948  0.          0.        ]
 [ 0.          0.          0.          0.          1.          0.        ]
 [ 0.          0.          0.          0.          0.          1.        ]]
R2 #[[ 0.99999948  0.          0.0010196   0.          0.          0.        ]
 [ 0.          0.99999948  0.          0.0010196   0.          0.        ]
 [-0.0010196   0.          0.99999948  0.          0.          0.        ]
 [ 0.         -0.0010196   0.          0.99999948  0.          0.        ]
 [ 0.          0.          0.          0.          1.          0.        ]
 [ 0.          0.          0.          0.          0.          1.        ]]
Param #2797: delta too small; RMS=1.7593e-06 mm
quads_tilt_fit #-0.0010205975013293277
delta_local #[0.0005684]
R1 #[[ 9.99999898e-01  0.00000000e+00 -4.52202116e-04  0.00000000e+00
   0.00000000e+00  0.00000000e+00]
 [ 0.00000000e+00  9.99999898e-01  0.00000000e+00 -4.52202116e-04
   0.00000000e+00  0.00000000e+00]
 [ 4.52202116e-04  0.00000000e+00  9.99999898e-01  0.00000000e+00
   0.00000000e+00  0.00000000e+00]
 [ 0.00000000e+00  4.52202116e-04  0.00000000e+00  9.99999898e-01
   0.00000000e+00  0.00000000e+00]
 [ 0.00000000e+00  0.00000000e+00  0.00000000e+00  0.00000000e+00
   1.00000000e+00  0.00000000e+00]
 [ 0.00000000e+00  0.00000000e+00  0.00000000e+00  0.00000000e+00
   0.00000000e+00  1.00000000e+00]]
R2 #[[ 9.99999898e-01  0.00000000e+00  4.52202116e-04  0.00000000e+00
   0.00000000e+00  0.00000000e+00]
 [ 0.00000000e+00  9.99999898e-01  0.00000000e+00  4.52202116e-04
   0.00000000e+00  0.00000000e+00]
 [-4.52202116e-04  0.00000000e+00  9.99999898e-01  0.00000000e+00
   0.00000000e+00  0.00000000e+00]
 [ 0.00000000e+00 -4.52202116e-04  0.00000000e+00  9.99999898e-01
   0.00000000e+00  0.00000000e+00]
 [ 0.00000000e+00  0.00000000e+00  0.00000000e+00  0.00000000e+00
   1.00000000e+00  0.00000000e+00]
 [ 0.00000000e+00  0.00000000e+00  0.00000000e+00  0.00000000e+00
   0.00000000e+00  1.00000000e+00]]
Param #2797: delta OK; RMS=0.0010001 mm
quads_tilt_fit #0.001380873015737609
delta_local #[1.e-06]
R1 #[[ 0.99999905  0.          0.00138187  0.          0.          0.        ]
 [ 0.          0.99999905  0.          0.00138187  0.          0.        ]
 [-0.00138187  0.          0.99999905  0.          0.          0.        ]
 [ 0.         -0.00138187  0.          0.99999905  0.          0.        ]
 [ 0.          0.          0.          0.          1.          0.        ]
 [ 0.          0.          0.          0.          0.          1.        ]]
R2 #[[ 0.99999905  0.         -0.00138187  0.          0.          0.        ]
 [ 0.          0.99999905  0.         -0.00138187  0.          0.        ]
 [ 0.00138187  0.          0.99999905  0.          0.          0.        ]
 [ 0.          0.00138187  0.          0.99999905  0.          0.        ]
 [ 0.          0.          0.          0.          1.          0.        ]
 [ 0.          0.          0.          0.          0.          1.        ]]
Param #2816: delta too small; RMS=2.2543e-06 mm
quads_tilt_fit #0.001380873015737609
delta_local #[0.00044361]
R1 #[[ 0.99999834  0.          0.00182448  0.          0.          0.        ]
 [ 0.          0.99999834  0.          0.00182448  0.          0.        ]
 [-0.00182448  0.          0.99999834  0.          0.          0.        ]
 [ 0.         -0.00182448  0.          0.99999834  0.          0.        ]
 [ 0.          0.          0.          0.          1.          0.        ]
 [ 0.          0.          0.          0.          0.          1.        ]]
R2 #[[ 0.99999834  0.         -0.00182448  0.          0.          0.        ]
 [ 0.          0.99999834  0.         -0.00182448  0.          0.        ]
 [ 0.00182448  0.          0.99999834  0.          0.          0.        ]
 [ 0.          0.00182448  0.          0.99999834  0.          0.        ]
 [ 0.          0.          0.          0.          1.          0.        ]
 [ 0.          0.          0.          0.          0.          1.        ]]
Param #2816: delta OK; RMS=0.0010004 mm
quads_tilt_fit #0.00024440701410625634
delta_local #[1.e-06]
R1 #[[ 9.99999970e-01  0.00000000e+00  2.45407012e-04  0.00000000e+00
   0.00000000e+00  0.00000000e+00]
 [ 0.00000000e+00  9.99999970e-01  0.00000000e+00  2.45407012e-04
   0.00000000e+00  0.00000000e+00]
 [-2.45407012e-04  0.00000000e+00  9.99999970e-01  0.00000000e+00
   0.00000000e+00  0.00000000e+00]
 [ 0.00000000e+00 -2.45407012e-04  0.00000000e+00  9.99999970e-01
   0.00000000e+00  0.00000000e+00]
 [ 0.00000000e+00  0.00000000e+00  0.00000000e+00  0.00000000e+00
   1.00000000e+00  0.00000000e+00]
 [ 0.00000000e+00  0.00000000e+00  0.00000000e+00  0.00000000e+00
   0.00000000e+00  1.00000000e+00]]
R2 #[[ 9.99999970e-01  0.00000000e+00 -2.45407012e-04  0.00000000e+00
   0.00000000e+00  0.00000000e+00]
 [ 0.00000000e+00  9.99999970e-01  0.00000000e+00 -2.45407012e-04
   0.00000000e+00  0.00000000e+00]
 [ 2.45407012e-04  0.00000000e+00  9.99999970e-01  0.00000000e+00
   0.00000000e+00  0.00000000e+00]
 [ 0.00000000e+00  2.45407012e-04  0.00000000e+00  9.99999970e-01
   0.00000000e+00  0.00000000e+00]
 [ 0.00000000e+00  0.00000000e+00  0.00000000e+00  0.00000000e+00
   1.00000000e+00  0.00000000e+00]
 [ 0.00000000e+00  0.00000000e+00  0.00000000e+00  0.00000000e+00
   0.00000000e+00  1.00000000e+00]]
Param #2835: delta too small; RMS=1.4047e-06 mm
quads_tilt_fit #0.00024440701410625634
delta_local #[0.0007119]
R1 #[[ 9.99999543e-01  0.00000000e+00  9.56302576e-04  0.00000000e+00
   0.00000000e+00  0.00000000e+00]
 [ 0.00000000e+00  9.99999543e-01  0.00000000e+00  9.56302576e-04
   0.00000000e+00  0.00000000e+00]
 [-9.56302576e-04  0.00000000e+00  9.99999543e-01  0.00000000e+00
   0.00000000e+00  0.00000000e+00]
 [ 0.00000000e+00 -9.56302576e-04  0.00000000e+00  9.99999543e-01
   0.00000000e+00  0.00000000e+00]
 [ 0.00000000e+00  0.00000000e+00  0.00000000e+00  0.00000000e+00
   1.00000000e+00  0.00000000e+00]
 [ 0.00000000e+00  0.00000000e+00  0.00000000e+00  0.00000000e+00
   0.00000000e+00  1.00000000e+00]]
R2 #[[ 9.99999543e-01  0.00000000e+00 -9.56302576e-04  0.00000000e+00
   0.00000000e+00  0.00000000e+00]
 [ 0.00000000e+00  9.99999543e-01  0.00000000e+00 -9.56302576e-04
   0.00000000e+00  0.00000000e+00]
 [ 9.56302576e-04  0.00000000e+00  9.99999543e-01  0.00000000e+00
   0.00000000e+00  0.00000000e+00]
 [ 0.00000000e+00  9.56302576e-04  0.00000000e+00  9.99999543e-01
   0.00000000e+00  0.00000000e+00]
 [ 0.00000000e+00  0.00000000e+00  0.00000000e+00  0.00000000e+00
   1.00000000e+00  0.00000000e+00]
 [ 0.00000000e+00  0.00000000e+00  0.00000000e+00  0.00000000e+00
   0.00000000e+00  1.00000000e+00]]
Param #2835: delta OK; RMS=0.00099967 mm
quads_tilt_fit #-0.0006916613357437398
delta_local #[1.e-06]
R1 #[[ 9.99999761e-01  0.00000000e+00 -6.90661281e-04  0.00000000e+00
   0.00000000e+00  0.00000000e+00]
 [ 0.00000000e+00  9.99999761e-01  0.00000000e+00 -6.90661281e-04
   0.00000000e+00  0.00000000e+00]
 [ 6.90661281e-04  0.00000000e+00  9.99999761e-01  0.00000000e+00
   0.00000000e+00  0.00000000e+00]
 [ 0.00000000e+00  6.90661281e-04  0.00000000e+00  9.99999761e-01
   0.00000000e+00  0.00000000e+00]
 [ 0.00000000e+00  0.00000000e+00  0.00000000e+00  0.00000000e+00
   1.00000000e+00  0.00000000e+00]
 [ 0.00000000e+00  0.00000000e+00  0.00000000e+00  0.00000000e+00
   0.00000000e+00  1.00000000e+00]]
R2 #[[ 9.99999761e-01  0.00000000e+00  6.90661281e-04  0.00000000e+00
   0.00000000e+00  0.00000000e+00]
 [ 0.00000000e+00  9.99999761e-01  0.00000000e+00  6.90661281e-04
   0.00000000e+00  0.00000000e+00]
 [-6.90661281e-04  0.00000000e+00  9.99999761e-01  0.00000000e+00
   0.00000000e+00  0.00000000e+00]
 [ 0.00000000e+00 -6.90661281e-04  0.00000000e+00  9.99999761e-01
   0.00000000e+00  0.00000000e+00]
 [ 0.00000000e+00  0.00000000e+00  0.00000000e+00  0.00000000e+00
   1.00000000e+00  0.00000000e+00]
 [ 0.00000000e+00  0.00000000e+00  0.00000000e+00  0.00000000e+00
   0.00000000e+00  1.00000000e+00]]
Param #2854: delta too small; RMS=2.3025e-06 mm
quads_tilt_fit #-0.0006916613357437398
delta_local #[0.00043432]
R1 #[[ 9.99999967e-01  0.00000000e+00 -2.57345846e-04  0.00000000e+00
   0.00000000e+00  0.00000000e+00]
 [ 0.00000000e+00  9.99999967e-01  0.00000000e+00 -2.57345846e-04
   0.00000000e+00  0.00000000e+00]
 [ 2.57345846e-04  0.00000000e+00  9.99999967e-01  0.00000000e+00
   0.00000000e+00  0.00000000e+00]
 [ 0.00000000e+00  2.57345846e-04  0.00000000e+00  9.99999967e-01
   0.00000000e+00  0.00000000e+00]
 [ 0.00000000e+00  0.00000000e+00  0.00000000e+00  0.00000000e+00
   1.00000000e+00  0.00000000e+00]
 [ 0.00000000e+00  0.00000000e+00  0.00000000e+00  0.00000000e+00
   0.00000000e+00  1.00000000e+00]]
R2 #[[ 9.99999967e-01  0.00000000e+00  2.57345846e-04  0.00000000e+00
   0.00000000e+00  0.00000000e+00]
 [ 0.00000000e+00  9.99999967e-01  0.00000000e+00  2.57345846e-04
   0.00000000e+00  0.00000000e+00]
 [-2.57345846e-04  0.00000000e+00  9.99999967e-01  0.00000000e+00
   0.00000000e+00  0.00000000e+00]
 [ 0.00000000e+00 -2.57345846e-04  0.00000000e+00  9.99999967e-01
   0.00000000e+00  0.00000000e+00]
 [ 0.00000000e+00  0.00000000e+00  0.00000000e+00  0.00000000e+00
   1.00000000e+00  0.00000000e+00]
 [ 0.00000000e+00  0.00000000e+00  0.00000000e+00  0.00000000e+00
   0.00000000e+00  1.00000000e+00]]
Param #2854: delta OK; RMS=0.0010004 mm
quads_tilt_fit #-0.0005597277512516196
delta_local #[1.e-06]
R1 #[[ 9.99999844e-01  0.00000000e+00 -5.58727722e-04  0.00000000e+00
   0.00000000e+00  0.00000000e+00]
 [ 0.00000000e+00  9.99999844e-01  0.00000000e+00 -5.58727722e-04
   0.00000000e+00  0.00000000e+00]
 [ 5.58727722e-04  0.00000000e+00  9.99999844e-01  0.00000000e+00
   0.00000000e+00  0.00000000e+00]
 [ 0.00000000e+00  5.58727722e-04  0.00000000e+00  9.99999844e-01
   0.00000000e+00  0.00000000e+00]
 [ 0.00000000e+00  0.00000000e+00  0.00000000e+00  0.00000000e+00
   1.00000000e+00  0.00000000e+00]
 [ 0.00000000e+00  0.00000000e+00  0.00000000e+00  0.00000000e+00
   0.00000000e+00  1.00000000e+00]]
R2 #[[ 9.99999844e-01  0.00000000e+00  5.58727722e-04  0.00000000e+00
   0.00000000e+00  0.00000000e+00]
 [ 0.00000000e+00  9.99999844e-01  0.00000000e+00  5.58727722e-04
   0.00000000e+00  0.00000000e+00]
 [-5.58727722e-04  0.00000000e+00  9.99999844e-01  0.00000000e+00
   0.00000000e+00  0.00000000e+00]
 [ 0.00000000e+00 -5.58727722e-04  0.00000000e+00  9.99999844e-01
   0.00000000e+00  0.00000000e+00]
 [ 0.00000000e+00  0.00000000e+00  0.00000000e+00  0.00000000e+00
   1.00000000e+00  0.00000000e+00]
 [ 0.00000000e+00  0.00000000e+00  0.00000000e+00  0.00000000e+00
   0.00000000e+00  1.00000000e+00]]
Param #2867: delta too small; RMS=1.6687e-06 mm
quads_tilt_fit #-0.0005597277512516196
delta_local #[0.00059926]
R1 #[[ 9.99999999e-01  0.00000000e+00  3.95356010e-05  0.00000000e+00
   0.00000000e+00  0.00000000e+00]
 [ 0.00000000e+00  9.99999999e-01  0.00000000e+00  3.95356010e-05
   0.00000000e+00  0.00000000e+00]
 [-3.95356010e-05  0.00000000e+00  9.99999999e-01  0.00000000e+00
   0.00000000e+00  0.00000000e+00]
 [ 0.00000000e+00 -3.95356010e-05  0.00000000e+00  9.99999999e-01
   0.00000000e+00  0.00000000e+00]
 [ 0.00000000e+00  0.00000000e+00  0.00000000e+00  0.00000000e+00
   1.00000000e+00  0.00000000e+00]
 [ 0.00000000e+00  0.00000000e+00  0.00000000e+00  0.00000000e+00
   0.00000000e+00  1.00000000e+00]]
R2 #[[ 9.99999999e-01  0.00000000e+00 -3.95356010e-05  0.00000000e+00
   0.00000000e+00  0.00000000e+00]
 [ 0.00000000e+00  9.99999999e-01  0.00000000e+00 -3.95356010e-05
   0.00000000e+00  0.00000000e+00]
 [ 3.95356010e-05  0.00000000e+00  9.99999999e-01  0.00000000e+00
   0.00000000e+00  0.00000000e+00]
 [ 0.00000000e+00  3.95356010e-05  0.00000000e+00  9.99999999e-01
   0.00000000e+00  0.00000000e+00]
 [ 0.00000000e+00  0.00000000e+00  0.00000000e+00  0.00000000e+00
   1.00000000e+00  0.00000000e+00]
 [ 0.00000000e+00  0.00000000e+00  0.00000000e+00  0.00000000e+00
   0.00000000e+00  1.00000000e+00]]
Param #2867: delta OK; RMS=0.00099996 mm
quads_tilt_fit #0.0004982940146606199
delta_local #[1.e-06]
R1 #[[ 9.99999875e-01  0.00000000e+00  4.99293994e-04  0.00000000e+00
   0.00000000e+00  0.00000000e+00]
 [ 0.00000000e+00  9.99999875e-01  0.00000000e+00  4.99293994e-04
   0.00000000e+00  0.00000000e+00]
 [-4.99293994e-04  0.00000000e+00  9.99999875e-01  0.00000000e+00
   0.00000000e+00  0.00000000e+00]
 [ 0.00000000e+00 -4.99293994e-04  0.00000000e+00  9.99999875e-01
   0.00000000e+00  0.00000000e+00]
 [ 0.00000000e+00  0.00000000e+00  0.00000000e+00  0.00000000e+00
   1.00000000e+00  0.00000000e+00]
 [ 0.00000000e+00  0.00000000e+00  0.00000000e+00  0.00000000e+00
   0.00000000e+00  1.00000000e+00]]
R2 #[[ 9.99999875e-01  0.00000000e+00 -4.99293994e-04  0.00000000e+00
   0.00000000e+00  0.00000000e+00]
 [ 0.00000000e+00  9.99999875e-01  0.00000000e+00 -4.99293994e-04
   0.00000000e+00  0.00000000e+00]
 [ 4.99293994e-04  0.00000000e+00  9.99999875e-01  0.00000000e+00
   0.00000000e+00  0.00000000e+00]
 [ 0.00000000e+00  4.99293994e-04  0.00000000e+00  9.99999875e-01
   0.00000000e+00  0.00000000e+00]
 [ 0.00000000e+00  0.00000000e+00  0.00000000e+00  0.00000000e+00
   1.00000000e+00  0.00000000e+00]
 [ 0.00000000e+00  0.00000000e+00  0.00000000e+00  0.00000000e+00
   0.00000000e+00  1.00000000e+00]]
Param #2886: delta too small; RMS=1.833e-06 mm
quads_tilt_fit #0.0004982940146606199
delta_local #[0.00054554]
R1 #[[ 0.99999946  0.          0.00104383  0.          0.          0.        ]
 [ 0.          0.99999946  0.          0.00104383  0.          0.        ]
 [-0.00104383  0.          0.99999946  0.          0.          0.        ]
 [ 0.         -0.00104383  0.          0.99999946  0.          0.        ]
 [ 0.          0.          0.          0.          1.          0.        ]
 [ 0.          0.          0.          0.          0.          1.        ]]
R2 #[[ 0.99999946  0.         -0.00104383  0.          0.          0.        ]
 [ 0.          0.99999946  0.         -0.00104383  0.          0.        ]
 [ 0.00104383  0.          0.99999946  0.          0.          0.        ]
 [ 0.          0.00104383  0.          0.99999946  0.          0.        ]
 [ 0.          0.          0.          0.          1.          0.        ]
 [ 0.          0.          0.          0.          0.          1.        ]]
Param #2886: delta OK; RMS=0.0010002 mm
quads_tilt_fit #0.0004965609825685301
delta_local #[1.e-06]
R1 #[[ 9.99999876e-01  0.00000000e+00  4.97560962e-04  0.00000000e+00
   0.00000000e+00  0.00000000e+00]
 [ 0.00000000e+00  9.99999876e-01  0.00000000e+00  4.97560962e-04
   0.00000000e+00  0.00000000e+00]
 [-4.97560962e-04  0.00000000e+00  9.99999876e-01  0.00000000e+00
   0.00000000e+00  0.00000000e+00]
 [ 0.00000000e+00 -4.97560962e-04  0.00000000e+00  9.99999876e-01
   0.00000000e+00  0.00000000e+00]
 [ 0.00000000e+00  0.00000000e+00  0.00000000e+00  0.00000000e+00
   1.00000000e+00  0.00000000e+00]
 [ 0.00000000e+00  0.00000000e+00  0.00000000e+00  0.00000000e+00
   0.00000000e+00  1.00000000e+00]]
R2 #[[ 9.99999876e-01  0.00000000e+00 -4.97560962e-04  0.00000000e+00
   0.00000000e+00  0.00000000e+00]
 [ 0.00000000e+00  9.99999876e-01  0.00000000e+00 -4.97560962e-04
   0.00000000e+00  0.00000000e+00]
 [ 4.97560962e-04  0.00000000e+00  9.99999876e-01  0.00000000e+00
   0.00000000e+00  0.00000000e+00]
 [ 0.00000000e+00  4.97560962e-04  0.00000000e+00  9.99999876e-01
   0.00000000e+00  0.00000000e+00]
 [ 0.00000000e+00  0.00000000e+00  0.00000000e+00  0.00000000e+00
   1.00000000e+00  0.00000000e+00]
 [ 0.00000000e+00  0.00000000e+00  0.00000000e+00  0.00000000e+00
   0.00000000e+00  1.00000000e+00]]
Param #2905: delta too small; RMS=2.1717e-06 mm
quads_tilt_fit #0.0004965609825685301
delta_local #[0.00046046]
R1 #[[ 9.99999542e-01  0.00000000e+00  9.57021839e-04  0.00000000e+00
   0.00000000e+00  0.00000000e+00]
 [ 0.00000000e+00  9.99999542e-01  0.00000000e+00  9.57021839e-04
   0.00000000e+00  0.00000000e+00]
 [-9.57021839e-04  0.00000000e+00  9.99999542e-01  0.00000000e+00
   0.00000000e+00  0.00000000e+00]
 [ 0.00000000e+00 -9.57021839e-04  0.00000000e+00  9.99999542e-01
   0.00000000e+00  0.00000000e+00]
 [ 0.00000000e+00  0.00000000e+00  0.00000000e+00  0.00000000e+00
   1.00000000e+00  0.00000000e+00]
 [ 0.00000000e+00  0.00000000e+00  0.00000000e+00  0.00000000e+00
   0.00000000e+00  1.00000000e+00]]
R2 #[[ 9.99999542e-01  0.00000000e+00 -9.57021839e-04  0.00000000e+00
   0.00000000e+00  0.00000000e+00]
 [ 0.00000000e+00  9.99999542e-01  0.00000000e+00 -9.57021839e-04
   0.00000000e+00  0.00000000e+00]
 [ 9.57021839e-04  0.00000000e+00  9.99999542e-01  0.00000000e+00
   0.00000000e+00  0.00000000e+00]
 [ 0.00000000e+00  9.57021839e-04  0.00000000e+00  9.99999542e-01
   0.00000000e+00  0.00000000e+00]
 [ 0.00000000e+00  0.00000000e+00  0.00000000e+00  0.00000000e+00
   1.00000000e+00  0.00000000e+00]
 [ 0.00000000e+00  0.00000000e+00  0.00000000e+00  0.00000000e+00
   0.00000000e+00  1.00000000e+00]]
Param #2905: delta OK; RMS=0.0010004 mm
quads_tilt_fit #-0.0001847363645795535
delta_local #[1.e-06]
R1 #[[ 9.99999983e-01  0.00000000e+00 -1.83736364e-04  0.00000000e+00
   0.00000000e+00  0.00000000e+00]
 [ 0.00000000e+00  9.99999983e-01  0.00000000e+00 -1.83736364e-04
   0.00000000e+00  0.00000000e+00]
 [ 1.83736364e-04  0.00000000e+00  9.99999983e-01  0.00000000e+00
   0.00000000e+00  0.00000000e+00]
 [ 0.00000000e+00  1.83736364e-04  0.00000000e+00  9.99999983e-01
   0.00000000e+00  0.00000000e+00]
 [ 0.00000000e+00  0.00000000e+00  0.00000000e+00  0.00000000e+00
   1.00000000e+00  0.00000000e+00]
 [ 0.00000000e+00  0.00000000e+00  0.00000000e+00  0.00000000e+00
   0.00000000e+00  1.00000000e+00]]
R2 #[[ 9.99999983e-01  0.00000000e+00  1.83736364e-04  0.00000000e+00
   0.00000000e+00  0.00000000e+00]
 [ 0.00000000e+00  9.99999983e-01  0.00000000e+00  1.83736364e-04
   0.00000000e+00  0.00000000e+00]
 [-1.83736364e-04  0.00000000e+00  9.99999983e-01  0.00000000e+00
   0.00000000e+00  0.00000000e+00]
 [ 0.00000000e+00 -1.83736364e-04  0.00000000e+00  9.99999983e-01
   0.00000000e+00  0.00000000e+00]
 [ 0.00000000e+00  0.00000000e+00  0.00000000e+00  0.00000000e+00
   1.00000000e+00  0.00000000e+00]
 [ 0.00000000e+00  0.00000000e+00  0.00000000e+00  0.00000000e+00
   0.00000000e+00  1.00000000e+00]]
Param #2924: delta too small; RMS=1.4401e-06 mm
quads_tilt_fit #-0.0001847363645795535
delta_local #[0.00069441]
R1 #[[ 9.99999870e-01  0.00000000e+00  5.09668733e-04  0.00000000e+00
   0.00000000e+00  0.00000000e+00]
 [ 0.00000000e+00  9.99999870e-01  0.00000000e+00  5.09668733e-04
   0.00000000e+00  0.00000000e+00]
 [-5.09668733e-04  0.00000000e+00  9.99999870e-01  0.00000000e+00
   0.00000000e+00  0.00000000e+00]
 [ 0.00000000e+00 -5.09668733e-04  0.00000000e+00  9.99999870e-01
   0.00000000e+00  0.00000000e+00]
 [ 0.00000000e+00  0.00000000e+00  0.00000000e+00  0.00000000e+00
   1.00000000e+00  0.00000000e+00]
 [ 0.00000000e+00  0.00000000e+00  0.00000000e+00  0.00000000e+00
   0.00000000e+00  1.00000000e+00]]
R2 #[[ 9.99999870e-01  0.00000000e+00 -5.09668733e-04  0.00000000e+00
   0.00000000e+00  0.00000000e+00]
 [ 0.00000000e+00  9.99999870e-01  0.00000000e+00 -5.09668733e-04
   0.00000000e+00  0.00000000e+00]
 [ 5.09668733e-04  0.00000000e+00  9.99999870e-01  0.00000000e+00
   0.00000000e+00  0.00000000e+00]
 [ 0.00000000e+00  5.09668733e-04  0.00000000e+00  9.99999870e-01
   0.00000000e+00  0.00000000e+00]
 [ 0.00000000e+00  0.00000000e+00  0.00000000e+00  0.00000000e+00
   1.00000000e+00  0.00000000e+00]
 [ 0.00000000e+00  0.00000000e+00  0.00000000e+00  0.00000000e+00
   0.00000000e+00  1.00000000e+00]]
Param #2924: delta OK; RMS=0.00099971 mm
quads_tilt_fit #0.00022404528243000232
delta_local #[1.e-06]
R1 #[[ 9.99999975e-01  0.00000000e+00  2.25045281e-04  0.00000000e+00
   0.00000000e+00  0.00000000e+00]
 [ 0.00000000e+00  9.99999975e-01  0.00000000e+00  2.25045281e-04
   0.00000000e+00  0.00000000e+00]
 [-2.25045281e-04  0.00000000e+00  9.99999975e-01  0.00000000e+00
   0.00000000e+00  0.00000000e+00]
 [ 0.00000000e+00 -2.25045281e-04  0.00000000e+00  9.99999975e-01
   0.00000000e+00  0.00000000e+00]
 [ 0.00000000e+00  0.00000000e+00  0.00000000e+00  0.00000000e+00
   1.00000000e+00  0.00000000e+00]
 [ 0.00000000e+00  0.00000000e+00  0.00000000e+00  0.00000000e+00
   0.00000000e+00  1.00000000e+00]]
R2 #[[ 9.99999975e-01  0.00000000e+00 -2.25045281e-04  0.00000000e+00
   0.00000000e+00  0.00000000e+00]
 [ 0.00000000e+00  9.99999975e-01  0.00000000e+00 -2.25045281e-04
   0.00000000e+00  0.00000000e+00]
 [ 2.25045281e-04  0.00000000e+00  9.99999975e-01  0.00000000e+00
   0.00000000e+00  0.00000000e+00]
 [ 0.00000000e+00  2.25045281e-04  0.00000000e+00  9.99999975e-01
   0.00000000e+00  0.00000000e+00]
 [ 0.00000000e+00  0.00000000e+00  0.00000000e+00  0.00000000e+00
   1.00000000e+00  0.00000000e+00]
 [ 0.00000000e+00  0.00000000e+00  0.00000000e+00  0.00000000e+00
   0.00000000e+00  1.00000000e+00]]
Param #5344: delta too small; RMS=1.7162e-06 mm
quads_tilt_fit #0.00022404528243000232
delta_local #[0.00058268]
R1 #[[ 9.99999675e-01  0.00000000e+00  8.06724209e-04  0.00000000e+00
   0.00000000e+00  0.00000000e+00]
 [ 0.00000000e+00  9.99999675e-01  0.00000000e+00  8.06724209e-04
   0.00000000e+00  0.00000000e+00]
 [-8.06724209e-04  0.00000000e+00  9.99999675e-01  0.00000000e+00
   0.00000000e+00  0.00000000e+00]
 [ 0.00000000e+00 -8.06724209e-04  0.00000000e+00  9.99999675e-01
   0.00000000e+00  0.00000000e+00]
 [ 0.00000000e+00  0.00000000e+00  0.00000000e+00  0.00000000e+00
   1.00000000e+00  0.00000000e+00]
 [ 0.00000000e+00  0.00000000e+00  0.00000000e+00  0.00000000e+00
   0.00000000e+00  1.00000000e+00]]
R2 #[[ 9.99999675e-01  0.00000000e+00 -8.06724209e-04  0.00000000e+00
   0.00000000e+00  0.00000000e+00]
 [ 0.00000000e+00  9.99999675e-01  0.00000000e+00 -8.06724209e-04
   0.00000000e+00  0.00000000e+00]
 [ 8.06724209e-04  0.00000000e+00  9.99999675e-01  0.00000000e+00
   0.00000000e+00  0.00000000e+00]
 [ 0.00000000e+00  8.06724209e-04  0.00000000e+00  9.99999675e-01
   0.00000000e+00  0.00000000e+00]
 [ 0.00000000e+00  0.00000000e+00  0.00000000e+00  0.00000000e+00
   1.00000000e+00  0.00000000e+00]
 [ 0.00000000e+00  0.00000000e+00  0.00000000e+00  0.00000000e+00
   0.00000000e+00  1.00000000e+00]]
Param #5344: delta OK; RMS=0.00099999 mm
quads_tilt_fit #-6.309339654912244e-05
delta_local #[1.e-06]
R1 #[[ 9.99999998e-01  0.00000000e+00 -6.20933965e-05  0.00000000e+00
   0.00000000e+00  0.00000000e+00]
 [ 0.00000000e+00  9.99999998e-01  0.00000000e+00 -6.20933965e-05
   0.00000000e+00  0.00000000e+00]
 [ 6.20933965e-05  0.00000000e+00  9.99999998e-01  0.00000000e+00
   0.00000000e+00  0.00000000e+00]
 [ 0.00000000e+00  6.20933965e-05  0.00000000e+00  9.99999998e-01
   0.00000000e+00  0.00000000e+00]
 [ 0.00000000e+00  0.00000000e+00  0.00000000e+00  0.00000000e+00
   1.00000000e+00  0.00000000e+00]
 [ 0.00000000e+00  0.00000000e+00  0.00000000e+00  0.00000000e+00
   0.00000000e+00  1.00000000e+00]]
R2 #[[ 9.99999998e-01  0.00000000e+00  6.20933965e-05  0.00000000e+00
   0.00000000e+00  0.00000000e+00]
 [ 0.00000000e+00  9.99999998e-01  0.00000000e+00  6.20933965e-05
   0.00000000e+00  0.00000000e+00]
 [-6.20933965e-05  0.00000000e+00  9.99999998e-01  0.00000000e+00
   0.00000000e+00  0.00000000e+00]
 [ 0.00000000e+00 -6.20933965e-05  0.00000000e+00  9.99999998e-01
   0.00000000e+00  0.00000000e+00]
 [ 0.00000000e+00  0.00000000e+00  0.00000000e+00  0.00000000e+00
   1.00000000e+00  0.00000000e+00]
 [ 0.00000000e+00  0.00000000e+00  0.00000000e+00  0.00000000e+00
   0.00000000e+00  1.00000000e+00]]
Param #5357: delta too small; RMS=1.991e-06 mm
quads_tilt_fit #-6.309339654912244e-05
delta_local #[0.00050226]
R1 #[[ 9.99999904e-01  0.00000000e+00  4.39167108e-04  0.00000000e+00
   0.00000000e+00  0.00000000e+00]
 [ 0.00000000e+00  9.99999904e-01  0.00000000e+00  4.39167108e-04
   0.00000000e+00  0.00000000e+00]
 [-4.39167108e-04  0.00000000e+00  9.99999904e-01  0.00000000e+00
   0.00000000e+00  0.00000000e+00]
 [ 0.00000000e+00 -4.39167108e-04  0.00000000e+00  9.99999904e-01
   0.00000000e+00  0.00000000e+00]
 [ 0.00000000e+00  0.00000000e+00  0.00000000e+00  0.00000000e+00
   1.00000000e+00  0.00000000e+00]
 [ 0.00000000e+00  0.00000000e+00  0.00000000e+00  0.00000000e+00
   0.00000000e+00  1.00000000e+00]]
R2 #[[ 9.99999904e-01  0.00000000e+00 -4.39167108e-04  0.00000000e+00
   0.00000000e+00  0.00000000e+00]
 [ 0.00000000e+00  9.99999904e-01  0.00000000e+00 -4.39167108e-04
   0.00000000e+00  0.00000000e+00]
 [ 4.39167108e-04  0.00000000e+00  9.99999904e-01  0.00000000e+00
   0.00000000e+00  0.00000000e+00]
 [ 0.00000000e+00  4.39167108e-04  0.00000000e+00  9.99999904e-01
   0.00000000e+00  0.00000000e+00]
 [ 0.00000000e+00  0.00000000e+00  0.00000000e+00  0.00000000e+00
   1.00000000e+00  0.00000000e+00]
 [ 0.00000000e+00  0.00000000e+00  0.00000000e+00  0.00000000e+00
   0.00000000e+00  1.00000000e+00]]
Param #5357: delta OK; RMS=0.0009998 mm
quads_tilt_fit #-0.001504876931522835
delta_local #[1.e-06]
R1 #[[ 0.99999887  0.         -0.00150388  0.          0.          0.        ]
 [ 0.          0.99999887  0.         -0.00150388  0.          0.        ]
 [ 0.00150388  0.          0.99999887  0.          0.          0.        ]
 [ 0.          0.00150388  0.          0.99999887  0.          0.        ]
 [ 0.          0.          0.          0.          1.          0.        ]
 [ 0.          0.          0.          0.          0.          1.        ]]
R2 #[[ 0.99999887  0.          0.00150388  0.          0.          0.        ]
 [ 0.          0.99999887  0.          0.00150388  0.          0.        ]
 [-0.00150388  0.          0.99999887  0.          0.          0.        ]
 [ 0.         -0.00150388  0.          0.99999887  0.          0.        ]
 [ 0.          0.          0.          0.          1.          0.        ]
 [ 0.          0.          0.          0.          0.          1.        ]]
Param #5376: delta too small; RMS=1.6509e-06 mm
quads_tilt_fit #-0.001504876931522835
delta_local #[0.00060573]
R1 #[[ 9.99999596e-01  0.00000000e+00 -8.99143476e-04  0.00000000e+00
   0.00000000e+00  0.00000000e+00]
 [ 0.00000000e+00  9.99999596e-01  0.00000000e+00 -8.99143476e-04
   0.00000000e+00  0.00000000e+00]
 [ 8.99143476e-04  0.00000000e+00  9.99999596e-01  0.00000000e+00
   0.00000000e+00  0.00000000e+00]
 [ 0.00000000e+00  8.99143476e-04  0.00000000e+00  9.99999596e-01
   0.00000000e+00  0.00000000e+00]
 [ 0.00000000e+00  0.00000000e+00  0.00000000e+00  0.00000000e+00
   1.00000000e+00  0.00000000e+00]
 [ 0.00000000e+00  0.00000000e+00  0.00000000e+00  0.00000000e+00
   0.00000000e+00  1.00000000e+00]]
R2 #[[ 9.99999596e-01  0.00000000e+00  8.99143476e-04  0.00000000e+00
   0.00000000e+00  0.00000000e+00]
 [ 0.00000000e+00  9.99999596e-01  0.00000000e+00  8.99143476e-04
   0.00000000e+00  0.00000000e+00]
 [-8.99143476e-04  0.00000000e+00  9.99999596e-01  0.00000000e+00
   0.00000000e+00  0.00000000e+00]
 [ 0.00000000e+00 -8.99143476e-04  0.00000000e+00  9.99999596e-01
   0.00000000e+00  0.00000000e+00]
 [ 0.00000000e+00  0.00000000e+00  0.00000000e+00  0.00000000e+00
   1.00000000e+00  0.00000000e+00]
 [ 0.00000000e+00  0.00000000e+00  0.00000000e+00  0.00000000e+00
   0.00000000e+00  1.00000000e+00]]
Param #5376: delta OK; RMS=0.00099984 mm
quads_tilt_fit #0.00018448439300274255
delta_local #[1.e-06]
R1 #[[ 9.99999983e-01  0.00000000e+00  1.85484392e-04  0.00000000e+00
   0.00000000e+00  0.00000000e+00]
 [ 0.00000000e+00  9.99999983e-01  0.00000000e+00  1.85484392e-04
   0.00000000e+00  0.00000000e+00]
 [-1.85484392e-04  0.00000000e+00  9.99999983e-01  0.00000000e+00
   0.00000000e+00  0.00000000e+00]
 [ 0.00000000e+00 -1.85484392e-04  0.00000000e+00  9.99999983e-01
   0.00000000e+00  0.00000000e+00]
 [ 0.00000000e+00  0.00000000e+00  0.00000000e+00  0.00000000e+00
   1.00000000e+00  0.00000000e+00]
 [ 0.00000000e+00  0.00000000e+00  0.00000000e+00  0.00000000e+00
   0.00000000e+00  1.00000000e+00]]
R2 #[[ 9.99999983e-01  0.00000000e+00 -1.85484392e-04  0.00000000e+00
   0.00000000e+00  0.00000000e+00]
 [ 0.00000000e+00  9.99999983e-01  0.00000000e+00 -1.85484392e-04
   0.00000000e+00  0.00000000e+00]
 [ 1.85484392e-04  0.00000000e+00  9.99999983e-01  0.00000000e+00
   0.00000000e+00  0.00000000e+00]
 [ 0.00000000e+00  1.85484392e-04  0.00000000e+00  9.99999983e-01
   0.00000000e+00  0.00000000e+00]
 [ 0.00000000e+00  0.00000000e+00  0.00000000e+00  0.00000000e+00
   1.00000000e+00  0.00000000e+00]
 [ 0.00000000e+00  0.00000000e+00  0.00000000e+00  0.00000000e+00
   0.00000000e+00  1.00000000e+00]]
Param #5395: delta too small; RMS=1.8992e-06 mm
quads_tilt_fit #0.00018448439300274255
delta_local #[0.00052654]
R1 #[[ 9.99999747e-01  0.00000000e+00  7.11024989e-04  0.00000000e+00
   0.00000000e+00  0.00000000e+00]
 [ 0.00000000e+00  9.99999747e-01  0.00000000e+00  7.11024989e-04
   0.00000000e+00  0.00000000e+00]
 [-7.11024989e-04  0.00000000e+00  9.99999747e-01  0.00000000e+00
   0.00000000e+00  0.00000000e+00]
 [ 0.00000000e+00 -7.11024989e-04  0.00000000e+00  9.99999747e-01
   0.00000000e+00  0.00000000e+00]
 [ 0.00000000e+00  0.00000000e+00  0.00000000e+00  0.00000000e+00
   1.00000000e+00  0.00000000e+00]
 [ 0.00000000e+00  0.00000000e+00  0.00000000e+00  0.00000000e+00
   0.00000000e+00  1.00000000e+00]]
R2 #[[ 9.99999747e-01  0.00000000e+00 -7.11024989e-04  0.00000000e+00
   0.00000000e+00  0.00000000e+00]
 [ 0.00000000e+00  9.99999747e-01  0.00000000e+00 -7.11024989e-04
   0.00000000e+00  0.00000000e+00]
 [ 7.11024989e-04  0.00000000e+00  9.99999747e-01  0.00000000e+00
   0.00000000e+00  0.00000000e+00]
 [ 0.00000000e+00  7.11024989e-04  0.00000000e+00  9.99999747e-01
   0.00000000e+00  0.00000000e+00]
 [ 0.00000000e+00  0.00000000e+00  0.00000000e+00  0.00000000e+00
   1.00000000e+00  0.00000000e+00]
 [ 0.00000000e+00  0.00000000e+00  0.00000000e+00  0.00000000e+00
   0.00000000e+00  1.00000000e+00]]
Param #5395: delta OK; RMS=0.00099984 mm
quads_tilt_fit #0.0003032160541798347
delta_local #[1.e-06]
R1 #[[ 9.99999954e-01  0.00000000e+00  3.04216049e-04  0.00000000e+00
   0.00000000e+00  0.00000000e+00]
 [ 0.00000000e+00  9.99999954e-01  0.00000000e+00  3.04216049e-04
   0.00000000e+00  0.00000000e+00]
 [-3.04216049e-04  0.00000000e+00  9.99999954e-01  0.00000000e+00
   0.00000000e+00  0.00000000e+00]
 [ 0.00000000e+00 -3.04216049e-04  0.00000000e+00  9.99999954e-01
   0.00000000e+00  0.00000000e+00]
 [ 0.00000000e+00  0.00000000e+00  0.00000000e+00  0.00000000e+00
   1.00000000e+00  0.00000000e+00]
 [ 0.00000000e+00  0.00000000e+00  0.00000000e+00  0.00000000e+00
   0.00000000e+00  1.00000000e+00]]
R2 #[[ 9.99999954e-01  0.00000000e+00 -3.04216049e-04  0.00000000e+00
   0.00000000e+00  0.00000000e+00]
 [ 0.00000000e+00  9.99999954e-01  0.00000000e+00 -3.04216049e-04
   0.00000000e+00  0.00000000e+00]
 [ 3.04216049e-04  0.00000000e+00  9.99999954e-01  0.00000000e+00
   0.00000000e+00  0.00000000e+00]
 [ 0.00000000e+00  3.04216049e-04  0.00000000e+00  9.99999954e-01
   0.00000000e+00  0.00000000e+00]
 [ 0.00000000e+00  0.00000000e+00  0.00000000e+00  0.00000000e+00
   1.00000000e+00  0.00000000e+00]
 [ 0.00000000e+00  0.00000000e+00  0.00000000e+00  0.00000000e+00
   0.00000000e+00  1.00000000e+00]]
Param #5414: delta too small; RMS=1.8456e-06 mm
quads_tilt_fit #0.0003032160541798347
delta_local #[0.00054183]
R1 #[[ 9.99999643e-01  0.00000000e+00  8.45045543e-04  0.00000000e+00
   0.00000000e+00  0.00000000e+00]
 [ 0.00000000e+00  9.99999643e-01  0.00000000e+00  8.45045543e-04
   0.00000000e+00  0.00000000e+00]
 [-8.45045543e-04  0.00000000e+00  9.99999643e-01  0.00000000e+00
   0.00000000e+00  0.00000000e+00]
 [ 0.00000000e+00 -8.45045543e-04  0.00000000e+00  9.99999643e-01
   0.00000000e+00  0.00000000e+00]
 [ 0.00000000e+00  0.00000000e+00  0.00000000e+00  0.00000000e+00
   1.00000000e+00  0.00000000e+00]
 [ 0.00000000e+00  0.00000000e+00  0.00000000e+00  0.00000000e+00
   0.00000000e+00  1.00000000e+00]]
R2 #[[ 9.99999643e-01  0.00000000e+00 -8.45045543e-04  0.00000000e+00
   0.00000000e+00  0.00000000e+00]
 [ 0.00000000e+00  9.99999643e-01  0.00000000e+00 -8.45045543e-04
   0.00000000e+00  0.00000000e+00]
 [ 8.45045543e-04  0.00000000e+00  9.99999643e-01  0.00000000e+00
   0.00000000e+00  0.00000000e+00]
 [ 0.00000000e+00  8.45045543e-04  0.00000000e+00  9.99999643e-01
   0.00000000e+00  0.00000000e+00]
 [ 0.00000000e+00  0.00000000e+00  0.00000000e+00  0.00000000e+00
   1.00000000e+00  0.00000000e+00]
 [ 0.00000000e+00  0.00000000e+00  0.00000000e+00  0.00000000e+00
   0.00000000e+00  1.00000000e+00]]
Param #5414: delta OK; RMS=0.00099984 mm
quads_tilt_fit #0.000641606733584137
delta_local #[1.e-06]
R1 #[[ 9.99999794e-01  0.00000000e+00  6.42606689e-04  0.00000000e+00
   0.00000000e+00  0.00000000e+00]
 [ 0.00000000e+00  9.99999794e-01  0.00000000e+00  6.42606689e-04
   0.00000000e+00  0.00000000e+00]
 [-6.42606689e-04  0.00000000e+00  9.99999794e-01  0.00000000e+00
   0.00000000e+00  0.00000000e+00]
 [ 0.00000000e+00 -6.42606689e-04  0.00000000e+00  9.99999794e-01
   0.00000000e+00  0.00000000e+00]
 [ 0.00000000e+00  0.00000000e+00  0.00000000e+00  0.00000000e+00
   1.00000000e+00  0.00000000e+00]
 [ 0.00000000e+00  0.00000000e+00  0.00000000e+00  0.00000000e+00
   0.00000000e+00  1.00000000e+00]]
R2 #[[ 9.99999794e-01  0.00000000e+00 -6.42606689e-04  0.00000000e+00
   0.00000000e+00  0.00000000e+00]
 [ 0.00000000e+00  9.99999794e-01  0.00000000e+00 -6.42606689e-04
   0.00000000e+00  0.00000000e+00]
 [ 6.42606689e-04  0.00000000e+00  9.99999794e-01  0.00000000e+00
   0.00000000e+00  0.00000000e+00]
 [ 0.00000000e+00  6.42606689e-04  0.00000000e+00  9.99999794e-01
   0.00000000e+00  0.00000000e+00]
 [ 0.00000000e+00  0.00000000e+00  0.00000000e+00  0.00000000e+00
   1.00000000e+00  0.00000000e+00]
 [ 0.00000000e+00  0.00000000e+00  0.00000000e+00  0.00000000e+00
   0.00000000e+00  1.00000000e+00]]
Param #5433: delta too small; RMS=1.7535e-06 mm
quads_tilt_fit #0.000641606733584137
delta_local #[0.0005703]
R1 #[[ 0.99999927  0.          0.00121191  0.          0.          0.        ]
 [ 0.          0.99999927  0.          0.00121191  0.          0.        ]
 [-0.00121191  0.          0.99999927  0.          0.          0.        ]
 [ 0.         -0.00121191  0.          0.99999927  0.          0.        ]
 [ 0.          0.          0.          0.          1.          0.        ]
 [ 0.          0.          0.          0.          0.          1.        ]]
R2 #[[ 0.99999927  0.         -0.00121191  0.          0.          0.        ]
 [ 0.          0.99999927  0.         -0.00121191  0.          0.        ]
 [ 0.00121191  0.          0.99999927  0.          0.          0.        ]
 [ 0.          0.00121191  0.          0.99999927  0.          0.        ]
 [ 0.          0.          0.          0.          1.          0.        ]
 [ 0.          0.          0.          0.          0.          1.        ]]
Param #5433: delta OK; RMS=0.00099993 mm
quads_tilt_fit #-0.002825765413868157
delta_local #[1.e-06]
R1 #[[ 0.99999601  0.         -0.00282476  0.          0.          0.        ]
 [ 0.          0.99999601  0.         -0.00282476  0.          0.        ]
 [ 0.00282476  0.          0.99999601  0.          0.          0.        ]
 [ 0.          0.00282476  0.          0.99999601  0.          0.        ]
 [ 0.          0.          0.          0.          1.          0.        ]
 [ 0.          0.          0.          0.          0.          1.        ]]
R2 #[[ 0.99999601  0.          0.00282476  0.          0.          0.        ]
 [ 0.          0.99999601  0.          0.00282476  0.          0.        ]
 [-0.00282476  0.          0.99999601  0.          0.          0.        ]
 [ 0.         -0.00282476  0.          0.99999601  0.          0.        ]
 [ 0.          0.          0.          0.          1.          0.        ]
 [ 0.          0.          0.          0.          0.          1.        ]]
Param #6797: delta too small; RMS=1.7049e-06 mm
quads_tilt_fit #-0.002825765413868157
delta_local #[0.00058653]
R1 #[[ 0.99999749  0.         -0.00223923  0.          0.          0.        ]
 [ 0.          0.99999749  0.         -0.00223923  0.          0.        ]
 [ 0.00223923  0.          0.99999749  0.          0.          0.        ]
 [ 0.          0.00223923  0.          0.99999749  0.          0.        ]
 [ 0.          0.          0.          0.          1.          0.        ]
 [ 0.          0.          0.          0.          0.          1.        ]]
R2 #[[ 0.99999749  0.          0.00223923  0.          0.          0.        ]
 [ 0.          0.99999749  0.          0.00223923  0.          0.        ]
 [-0.00223923  0.          0.99999749  0.          0.          0.        ]
 [ 0.         -0.00223923  0.          0.99999749  0.          0.        ]
 [ 0.          0.          0.          0.          1.          0.        ]
 [ 0.          0.          0.          0.          0.          1.        ]]
Param #6797: delta OK; RMS=0.00099932 mm
quads_tilt_fit #8.559032612410197e-05
delta_local #[1.e-06]
R1 #[[ 9.99999996e-01  0.00000000e+00  8.65903260e-05  0.00000000e+00
   0.00000000e+00  0.00000000e+00]
 [ 0.00000000e+00  9.99999996e-01  0.00000000e+00  8.65903260e-05
   0.00000000e+00  0.00000000e+00]
 [-8.65903260e-05  0.00000000e+00  9.99999996e-01  0.00000000e+00
   0.00000000e+00  0.00000000e+00]
 [ 0.00000000e+00 -8.65903260e-05  0.00000000e+00  9.99999996e-01
   0.00000000e+00  0.00000000e+00]
 [ 0.00000000e+00  0.00000000e+00  0.00000000e+00  0.00000000e+00
   1.00000000e+00  0.00000000e+00]
 [ 0.00000000e+00  0.00000000e+00  0.00000000e+00  0.00000000e+00
   0.00000000e+00  1.00000000e+00]]
R2 #[[ 9.99999996e-01  0.00000000e+00 -8.65903260e-05  0.00000000e+00
   0.00000000e+00  0.00000000e+00]
 [ 0.00000000e+00  9.99999996e-01  0.00000000e+00 -8.65903260e-05
   0.00000000e+00  0.00000000e+00]
 [ 8.65903260e-05  0.00000000e+00  9.99999996e-01  0.00000000e+00
   0.00000000e+00  0.00000000e+00]
 [ 0.00000000e+00  8.65903260e-05  0.00000000e+00  9.99999996e-01
   0.00000000e+00  0.00000000e+00]
 [ 0.00000000e+00  0.00000000e+00  0.00000000e+00  0.00000000e+00
   1.00000000e+00  0.00000000e+00]
 [ 0.00000000e+00  0.00000000e+00  0.00000000e+00  0.00000000e+00
   0.00000000e+00  1.00000000e+00]]
Param #6808: delta too small; RMS=2.0347e-06 mm
quads_tilt_fit #8.559032612410197e-05
delta_local #[0.00049148]
R1 #[[ 9.99999833e-01  0.00000000e+00  5.77075125e-04  0.00000000e+00
   0.00000000e+00  0.00000000e+00]
 [ 0.00000000e+00  9.99999833e-01  0.00000000e+00  5.77075125e-04
   0.00000000e+00  0.00000000e+00]
 [-5.77075125e-04  0.00000000e+00  9.99999833e-01  0.00000000e+00
   0.00000000e+00  0.00000000e+00]
 [ 0.00000000e+00 -5.77075125e-04  0.00000000e+00  9.99999833e-01
   0.00000000e+00  0.00000000e+00]
 [ 0.00000000e+00  0.00000000e+00  0.00000000e+00  0.00000000e+00
   1.00000000e+00  0.00000000e+00]
 [ 0.00000000e+00  0.00000000e+00  0.00000000e+00  0.00000000e+00
   0.00000000e+00  1.00000000e+00]]
R2 #[[ 9.99999833e-01  0.00000000e+00 -5.77075125e-04  0.00000000e+00
   0.00000000e+00  0.00000000e+00]
 [ 0.00000000e+00  9.99999833e-01  0.00000000e+00 -5.77075125e-04
   0.00000000e+00  0.00000000e+00]
 [ 5.77075125e-04  0.00000000e+00  9.99999833e-01  0.00000000e+00
   0.00000000e+00  0.00000000e+00]
 [ 0.00000000e+00  5.77075125e-04  0.00000000e+00  9.99999833e-01
   0.00000000e+00  0.00000000e+00]
 [ 0.00000000e+00  0.00000000e+00  0.00000000e+00  0.00000000e+00
   1.00000000e+00  0.00000000e+00]
 [ 0.00000000e+00  0.00000000e+00  0.00000000e+00  0.00000000e+00
   0.00000000e+00  1.00000000e+00]]
Param #6808: delta OK; RMS=0.0010002 mm
quads_tilt_fit #-0.000753244860942968
delta_local #[1.e-06]
R1 #[[ 9.99999717e-01  0.00000000e+00 -7.52244790e-04  0.00000000e+00
   0.00000000e+00  0.00000000e+00]
 [ 0.00000000e+00  9.99999717e-01  0.00000000e+00 -7.52244790e-04
   0.00000000e+00  0.00000000e+00]
 [ 7.52244790e-04  0.00000000e+00  9.99999717e-01  0.00000000e+00
   0.00000000e+00  0.00000000e+00]
 [ 0.00000000e+00  7.52244790e-04  0.00000000e+00  9.99999717e-01
   0.00000000e+00  0.00000000e+00]
 [ 0.00000000e+00  0.00000000e+00  0.00000000e+00  0.00000000e+00
   1.00000000e+00  0.00000000e+00]
 [ 0.00000000e+00  0.00000000e+00  0.00000000e+00  0.00000000e+00
   0.00000000e+00  1.00000000e+00]]
R2 #[[ 9.99999717e-01  0.00000000e+00  7.52244790e-04  0.00000000e+00
   0.00000000e+00  0.00000000e+00]
 [ 0.00000000e+00  9.99999717e-01  0.00000000e+00  7.52244790e-04
   0.00000000e+00  0.00000000e+00]
 [-7.52244790e-04  0.00000000e+00  9.99999717e-01  0.00000000e+00
   0.00000000e+00  0.00000000e+00]
 [ 0.00000000e+00 -7.52244790e-04  0.00000000e+00  9.99999717e-01
   0.00000000e+00  0.00000000e+00]
 [ 0.00000000e+00  0.00000000e+00  0.00000000e+00  0.00000000e+00
   1.00000000e+00  0.00000000e+00]
 [ 0.00000000e+00  0.00000000e+00  0.00000000e+00  0.00000000e+00
   0.00000000e+00  1.00000000e+00]]
Param #6827: delta too small; RMS=1.8131e-06 mm
quads_tilt_fit #-0.000753244860942968
delta_local #[0.00055153]
R1 #[[ 9.9999998e-01  0.0000000e+00 -2.0171587e-04  0.0000000e+00
   0.0000000e+00  0.0000000e+00]
 [ 0.0000000e+00  9.9999998e-01  0.0000000e+00 -2.0171587e-04
   0.0000000e+00  0.0000000e+00]
 [ 2.0171587e-04  0.0000000e+00  9.9999998e-01  0.0000000e+00
   0.0000000e+00  0.0000000e+00]
 [ 0.0000000e+00  2.0171587e-04  0.0000000e+00  9.9999998e-01
   0.0000000e+00  0.0000000e+00]
 [ 0.0000000e+00  0.0000000e+00  0.0000000e+00  0.0000000e+00
   1.0000000e+00  0.0000000e+00]
 [ 0.0000000e+00  0.0000000e+00  0.0000000e+00  0.0000000e+00
   0.0000000e+00  1.0000000e+00]]
R2 #[[ 9.9999998e-01  0.0000000e+00  2.0171587e-04  0.0000000e+00
   0.0000000e+00  0.0000000e+00]
 [ 0.0000000e+00  9.9999998e-01  0.0000000e+00  2.0171587e-04
   0.0000000e+00  0.0000000e+00]
 [-2.0171587e-04  0.0000000e+00  9.9999998e-01  0.0000000e+00
   0.0000000e+00  0.0000000e+00]
 [ 0.0000000e+00 -2.0171587e-04  0.0000000e+00  9.9999998e-01
   0.0000000e+00  0.0000000e+00]
 [ 0.0000000e+00  0.0000000e+00  0.0000000e+00  0.0000000e+00
   1.0000000e+00  0.0000000e+00]
 [ 0.0000000e+00  0.0000000e+00  0.0000000e+00  0.0000000e+00
   0.0000000e+00  1.0000000e+00]]
Param #6827: delta OK; RMS=0.00099973 mm
quads_tilt_fit #-0.0005134680815154945
delta_local #[1.e-06]
R1 #[[ 9.99999869e-01  0.00000000e+00 -5.12468059e-04  0.00000000e+00
   0.00000000e+00  0.00000000e+00]
 [ 0.00000000e+00  9.99999869e-01  0.00000000e+00 -5.12468059e-04
   0.00000000e+00  0.00000000e+00]
 [ 5.12468059e-04  0.00000000e+00  9.99999869e-01  0.00000000e+00
   0.00000000e+00  0.00000000e+00]
 [ 0.00000000e+00  5.12468059e-04  0.00000000e+00  9.99999869e-01
   0.00000000e+00  0.00000000e+00]
 [ 0.00000000e+00  0.00000000e+00  0.00000000e+00  0.00000000e+00
   1.00000000e+00  0.00000000e+00]
 [ 0.00000000e+00  0.00000000e+00  0.00000000e+00  0.00000000e+00
   0.00000000e+00  1.00000000e+00]]
R2 #[[ 9.99999869e-01  0.00000000e+00  5.12468059e-04  0.00000000e+00
   0.00000000e+00  0.00000000e+00]
 [ 0.00000000e+00  9.99999869e-01  0.00000000e+00  5.12468059e-04
   0.00000000e+00  0.00000000e+00]
 [-5.12468059e-04  0.00000000e+00  9.99999869e-01  0.00000000e+00
   0.00000000e+00  0.00000000e+00]
 [ 0.00000000e+00 -5.12468059e-04  0.00000000e+00  9.99999869e-01
   0.00000000e+00  0.00000000e+00]
 [ 0.00000000e+00  0.00000000e+00  0.00000000e+00  0.00000000e+00
   1.00000000e+00  0.00000000e+00]
 [ 0.00000000e+00  0.00000000e+00  0.00000000e+00  0.00000000e+00
   0.00000000e+00  1.00000000e+00]]
Param #6846: delta too small; RMS=1.7652e-06 mm
quads_tilt_fit #-0.0005134680815154945
delta_local #[0.00056651]
R1 #[[ 9.99999999e-01  0.00000000e+00  5.30447156e-05  0.00000000e+00
   0.00000000e+00  0.00000000e+00]
 [ 0.00000000e+00  9.99999999e-01  0.00000000e+00  5.30447156e-05
   0.00000000e+00  0.00000000e+00]
 [-5.30447156e-05  0.00000000e+00  9.99999999e-01  0.00000000e+00
   0.00000000e+00  0.00000000e+00]
 [ 0.00000000e+00 -5.30447156e-05  0.00000000e+00  9.99999999e-01
   0.00000000e+00  0.00000000e+00]
 [ 0.00000000e+00  0.00000000e+00  0.00000000e+00  0.00000000e+00
   1.00000000e+00  0.00000000e+00]
 [ 0.00000000e+00  0.00000000e+00  0.00000000e+00  0.00000000e+00
   0.00000000e+00  1.00000000e+00]]
R2 #[[ 9.99999999e-01  0.00000000e+00 -5.30447156e-05  0.00000000e+00
   0.00000000e+00  0.00000000e+00]
 [ 0.00000000e+00  9.99999999e-01  0.00000000e+00 -5.30447156e-05
   0.00000000e+00  0.00000000e+00]
 [ 5.30447156e-05  0.00000000e+00  9.99999999e-01  0.00000000e+00
   0.00000000e+00  0.00000000e+00]
 [ 0.00000000e+00  5.30447156e-05  0.00000000e+00  9.99999999e-01
   0.00000000e+00  0.00000000e+00]
 [ 0.00000000e+00  0.00000000e+00  0.00000000e+00  0.00000000e+00
   1.00000000e+00  0.00000000e+00]
 [ 0.00000000e+00  0.00000000e+00  0.00000000e+00  0.00000000e+00
   0.00000000e+00  1.00000000e+00]]
Param #6846: delta OK; RMS=0.00099971 mm
quads_tilt_fit #-0.0005235721706579711
delta_local #[1.e-06]
R1 #[[ 9.99999863e-01  0.00000000e+00 -5.22572147e-04  0.00000000e+00
   0.00000000e+00  0.00000000e+00]
 [ 0.00000000e+00  9.99999863e-01  0.00000000e+00 -5.22572147e-04
   0.00000000e+00  0.00000000e+00]
 [ 5.22572147e-04  0.00000000e+00  9.99999863e-01  0.00000000e+00
   0.00000000e+00  0.00000000e+00]
 [ 0.00000000e+00  5.22572147e-04  0.00000000e+00  9.99999863e-01
   0.00000000e+00  0.00000000e+00]
 [ 0.00000000e+00  0.00000000e+00  0.00000000e+00  0.00000000e+00
   1.00000000e+00  0.00000000e+00]
 [ 0.00000000e+00  0.00000000e+00  0.00000000e+00  0.00000000e+00
   0.00000000e+00  1.00000000e+00]]
R2 #[[ 9.99999863e-01  0.00000000e+00  5.22572147e-04  0.00000000e+00
   0.00000000e+00  0.00000000e+00]
 [ 0.00000000e+00  9.99999863e-01  0.00000000e+00  5.22572147e-04
   0.00000000e+00  0.00000000e+00]
 [-5.22572147e-04  0.00000000e+00  9.99999863e-01  0.00000000e+00
   0.00000000e+00  0.00000000e+00]
 [ 0.00000000e+00 -5.22572147e-04  0.00000000e+00  9.99999863e-01
   0.00000000e+00  0.00000000e+00]
 [ 0.00000000e+00  0.00000000e+00  0.00000000e+00  0.00000000e+00
   1.00000000e+00  0.00000000e+00]
 [ 0.00000000e+00  0.00000000e+00  0.00000000e+00  0.00000000e+00
   0.00000000e+00  1.00000000e+00]]
Param #6865: delta too small; RMS=1.9884e-06 mm
quads_tilt_fit #-0.0005235721706579711
delta_local #[0.00050291]
R1 #[[ 1.00000000e+00  0.00000000e+00 -2.06587214e-05  0.00000000e+00
   0.00000000e+00  0.00000000e+00]
 [ 0.00000000e+00  1.00000000e+00  0.00000000e+00 -2.06587214e-05
   0.00000000e+00  0.00000000e+00]
 [ 2.06587214e-05  0.00000000e+00  1.00000000e+00  0.00000000e+00
   0.00000000e+00  0.00000000e+00]
 [ 0.00000000e+00  2.06587214e-05  0.00000000e+00  1.00000000e+00
   0.00000000e+00  0.00000000e+00]
 [ 0.00000000e+00  0.00000000e+00  0.00000000e+00  0.00000000e+00
   1.00000000e+00  0.00000000e+00]
 [ 0.00000000e+00  0.00000000e+00  0.00000000e+00  0.00000000e+00
   0.00000000e+00  1.00000000e+00]]
R2 #[[ 1.00000000e+00  0.00000000e+00  2.06587214e-05  0.00000000e+00
   0.00000000e+00  0.00000000e+00]
 [ 0.00000000e+00  1.00000000e+00  0.00000000e+00  2.06587214e-05
   0.00000000e+00  0.00000000e+00]
 [-2.06587214e-05  0.00000000e+00  1.00000000e+00  0.00000000e+00
   0.00000000e+00  0.00000000e+00]
 [ 0.00000000e+00 -2.06587214e-05  0.00000000e+00  1.00000000e+00
   0.00000000e+00  0.00000000e+00]
 [ 0.00000000e+00  0.00000000e+00  0.00000000e+00  0.00000000e+00
   1.00000000e+00  0.00000000e+00]
 [ 0.00000000e+00  0.00000000e+00  0.00000000e+00  0.00000000e+00
   0.00000000e+00  1.00000000e+00]]
Param #6865: delta OK; RMS=0.0010001 mm
quads_tilt_fit #0.000264170895106518
delta_local #[1.e-06]
R1 #[[ 9.99999965e-01  0.00000000e+00  2.65170892e-04  0.00000000e+00
   0.00000000e+00  0.00000000e+00]
 [ 0.00000000e+00  9.99999965e-01  0.00000000e+00  2.65170892e-04
   0.00000000e+00  0.00000000e+00]
 [-2.65170892e-04  0.00000000e+00  9.99999965e-01  0.00000000e+00
   0.00000000e+00  0.00000000e+00]
 [ 0.00000000e+00 -2.65170892e-04  0.00000000e+00  9.99999965e-01
   0.00000000e+00  0.00000000e+00]
 [ 0.00000000e+00  0.00000000e+00  0.00000000e+00  0.00000000e+00
   1.00000000e+00  0.00000000e+00]
 [ 0.00000000e+00  0.00000000e+00  0.00000000e+00  0.00000000e+00
   0.00000000e+00  1.00000000e+00]]
R2 #[[ 9.99999965e-01  0.00000000e+00 -2.65170892e-04  0.00000000e+00
   0.00000000e+00  0.00000000e+00]
 [ 0.00000000e+00  9.99999965e-01  0.00000000e+00 -2.65170892e-04
   0.00000000e+00  0.00000000e+00]
 [ 2.65170892e-04  0.00000000e+00  9.99999965e-01  0.00000000e+00
   0.00000000e+00  0.00000000e+00]
 [ 0.00000000e+00  2.65170892e-04  0.00000000e+00  9.99999965e-01
   0.00000000e+00  0.00000000e+00]
 [ 0.00000000e+00  0.00000000e+00  0.00000000e+00  0.00000000e+00
   1.00000000e+00  0.00000000e+00]
 [ 0.00000000e+00  0.00000000e+00  0.00000000e+00  0.00000000e+00
   0.00000000e+00  1.00000000e+00]]
Param #6884: delta too small; RMS=1.7161e-06 mm
quads_tilt_fit #0.000264170895106518
delta_local #[0.00058271]
R1 #[[ 9.99999641e-01  0.00000000e+00  8.46884599e-04  0.00000000e+00
   0.00000000e+00  0.00000000e+00]
 [ 0.00000000e+00  9.99999641e-01  0.00000000e+00  8.46884599e-04
   0.00000000e+00  0.00000000e+00]
 [-8.46884599e-04  0.00000000e+00  9.99999641e-01  0.00000000e+00
   0.00000000e+00  0.00000000e+00]
 [ 0.00000000e+00 -8.46884599e-04  0.00000000e+00  9.99999641e-01
   0.00000000e+00  0.00000000e+00]
 [ 0.00000000e+00  0.00000000e+00  0.00000000e+00  0.00000000e+00
   1.00000000e+00  0.00000000e+00]
 [ 0.00000000e+00  0.00000000e+00  0.00000000e+00  0.00000000e+00
   0.00000000e+00  1.00000000e+00]]
R2 #[[ 9.99999641e-01  0.00000000e+00 -8.46884599e-04  0.00000000e+00
   0.00000000e+00  0.00000000e+00]
 [ 0.00000000e+00  9.99999641e-01  0.00000000e+00 -8.46884599e-04
   0.00000000e+00  0.00000000e+00]
 [ 8.46884599e-04  0.00000000e+00  9.99999641e-01  0.00000000e+00
   0.00000000e+00  0.00000000e+00]
 [ 0.00000000e+00  8.46884599e-04  0.00000000e+00  9.99999641e-01
   0.00000000e+00  0.00000000e+00]
 [ 0.00000000e+00  0.00000000e+00  0.00000000e+00  0.00000000e+00
   1.00000000e+00  0.00000000e+00]
 [ 0.00000000e+00  0.00000000e+00  0.00000000e+00  0.00000000e+00
   0.00000000e+00  1.00000000e+00]]
Param #6884: delta OK; RMS=0.00099929 mm
quads_tilt_fit #0.00011813841734450754
delta_local #[1.e-06]
R1 #[[ 9.99999993e-01  0.00000000e+00  1.19138417e-04  0.00000000e+00
   0.00000000e+00  0.00000000e+00]
 [ 0.00000000e+00  9.99999993e-01  0.00000000e+00  1.19138417e-04
   0.00000000e+00  0.00000000e+00]
 [-1.19138417e-04  0.00000000e+00  9.99999993e-01  0.00000000e+00
   0.00000000e+00  0.00000000e+00]
 [ 0.00000000e+00 -1.19138417e-04  0.00000000e+00  9.99999993e-01
   0.00000000e+00  0.00000000e+00]
 [ 0.00000000e+00  0.00000000e+00  0.00000000e+00  0.00000000e+00
   1.00000000e+00  0.00000000e+00]
 [ 0.00000000e+00  0.00000000e+00  0.00000000e+00  0.00000000e+00
   0.00000000e+00  1.00000000e+00]]
R2 #[[ 9.99999993e-01  0.00000000e+00 -1.19138417e-04  0.00000000e+00
   0.00000000e+00  0.00000000e+00]
 [ 0.00000000e+00  9.99999993e-01  0.00000000e+00 -1.19138417e-04
   0.00000000e+00  0.00000000e+00]
 [ 1.19138417e-04  0.00000000e+00  9.99999993e-01  0.00000000e+00
   0.00000000e+00  0.00000000e+00]
 [ 0.00000000e+00  1.19138417e-04  0.00000000e+00  9.99999993e-01
   0.00000000e+00  0.00000000e+00]
 [ 0.00000000e+00  0.00000000e+00  0.00000000e+00  0.00000000e+00
   1.00000000e+00  0.00000000e+00]
 [ 0.00000000e+00  0.00000000e+00  0.00000000e+00  0.00000000e+00
   0.00000000e+00  1.00000000e+00]]
Param #7073: delta too small; RMS=2.3144e-06 mm
quads_tilt_fit #0.00011813841734450754
delta_local #[0.00043208]
R1 #[[ 9.99999849e-01  0.00000000e+00  5.50219736e-04  0.00000000e+00
   0.00000000e+00  0.00000000e+00]
 [ 0.00000000e+00  9.99999849e-01  0.00000000e+00  5.50219736e-04
   0.00000000e+00  0.00000000e+00]
 [-5.50219736e-04  0.00000000e+00  9.99999849e-01  0.00000000e+00
   0.00000000e+00  0.00000000e+00]
 [ 0.00000000e+00 -5.50219736e-04  0.00000000e+00  9.99999849e-01
   0.00000000e+00  0.00000000e+00]
 [ 0.00000000e+00  0.00000000e+00  0.00000000e+00  0.00000000e+00
   1.00000000e+00  0.00000000e+00]
 [ 0.00000000e+00  0.00000000e+00  0.00000000e+00  0.00000000e+00
   0.00000000e+00  1.00000000e+00]]
R2 #[[ 9.99999849e-01  0.00000000e+00 -5.50219736e-04  0.00000000e+00
   0.00000000e+00  0.00000000e+00]
 [ 0.00000000e+00  9.99999849e-01  0.00000000e+00 -5.50219736e-04
   0.00000000e+00  0.00000000e+00]
 [ 5.50219736e-04  0.00000000e+00  9.99999849e-01  0.00000000e+00
   0.00000000e+00  0.00000000e+00]
 [ 0.00000000e+00  5.50219736e-04  0.00000000e+00  9.99999849e-01
   0.00000000e+00  0.00000000e+00]
 [ 0.00000000e+00  0.00000000e+00  0.00000000e+00  0.00000000e+00
   1.00000000e+00  0.00000000e+00]
 [ 0.00000000e+00  0.00000000e+00  0.00000000e+00  0.00000000e+00
   0.00000000e+00  1.00000000e+00]]
Param #7073: delta OK; RMS=0.0010006 mm
quads_tilt_fit #-0.0001240952842502118
delta_local #[1.e-06]
R1 #[[ 9.99999992e-01  0.00000000e+00 -1.23095284e-04  0.00000000e+00
   0.00000000e+00  0.00000000e+00]
 [ 0.00000000e+00  9.99999992e-01  0.00000000e+00 -1.23095284e-04
   0.00000000e+00  0.00000000e+00]
 [ 1.23095284e-04  0.00000000e+00  9.99999992e-01  0.00000000e+00
   0.00000000e+00  0.00000000e+00]
 [ 0.00000000e+00  1.23095284e-04  0.00000000e+00  9.99999992e-01
   0.00000000e+00  0.00000000e+00]
 [ 0.00000000e+00  0.00000000e+00  0.00000000e+00  0.00000000e+00
   1.00000000e+00  0.00000000e+00]
 [ 0.00000000e+00  0.00000000e+00  0.00000000e+00  0.00000000e+00
   0.00000000e+00  1.00000000e+00]]
R2 #[[ 9.99999992e-01  0.00000000e+00  1.23095284e-04  0.00000000e+00
   0.00000000e+00  0.00000000e+00]
 [ 0.00000000e+00  9.99999992e-01  0.00000000e+00  1.23095284e-04
   0.00000000e+00  0.00000000e+00]
 [-1.23095284e-04  0.00000000e+00  9.99999992e-01  0.00000000e+00
   0.00000000e+00  0.00000000e+00]
 [ 0.00000000e+00 -1.23095284e-04  0.00000000e+00  9.99999992e-01
   0.00000000e+00  0.00000000e+00]
 [ 0.00000000e+00  0.00000000e+00  0.00000000e+00  0.00000000e+00
   1.00000000e+00  0.00000000e+00]
 [ 0.00000000e+00  0.00000000e+00  0.00000000e+00  0.00000000e+00
   0.00000000e+00  1.00000000e+00]]
Param #7092: delta too small; RMS=1.4202e-06 mm
quads_tilt_fit #-0.0001240952842502118
delta_local #[0.0007041]
R1 #[[ 9.99999832e-01  0.00000000e+00  5.80009350e-04  0.00000000e+00
   0.00000000e+00  0.00000000e+00]
 [ 0.00000000e+00  9.99999832e-01  0.00000000e+00  5.80009350e-04
   0.00000000e+00  0.00000000e+00]
 [-5.80009350e-04  0.00000000e+00  9.99999832e-01  0.00000000e+00
   0.00000000e+00  0.00000000e+00]
 [ 0.00000000e+00 -5.80009350e-04  0.00000000e+00  9.99999832e-01
   0.00000000e+00  0.00000000e+00]
 [ 0.00000000e+00  0.00000000e+00  0.00000000e+00  0.00000000e+00
   1.00000000e+00  0.00000000e+00]
 [ 0.00000000e+00  0.00000000e+00  0.00000000e+00  0.00000000e+00
   0.00000000e+00  1.00000000e+00]]
R2 #[[ 9.99999832e-01  0.00000000e+00 -5.80009350e-04  0.00000000e+00
   0.00000000e+00  0.00000000e+00]
 [ 0.00000000e+00  9.99999832e-01  0.00000000e+00 -5.80009350e-04
   0.00000000e+00  0.00000000e+00]
 [ 5.80009350e-04  0.00000000e+00  9.99999832e-01  0.00000000e+00
   0.00000000e+00  0.00000000e+00]
 [ 0.00000000e+00  5.80009350e-04  0.00000000e+00  9.99999832e-01
   0.00000000e+00  0.00000000e+00]
 [ 0.00000000e+00  0.00000000e+00  0.00000000e+00  0.00000000e+00
   1.00000000e+00  0.00000000e+00]
 [ 0.00000000e+00  0.00000000e+00  0.00000000e+00  0.00000000e+00
   0.00000000e+00  1.00000000e+00]]
Param #7092: delta OK; RMS=0.0010001 mm
quads_tilt_fit #0.0006658609054517916
delta_local #[1.e-06]
R1 #[[ 9.99999778e-01  0.00000000e+00  6.66860856e-04  0.00000000e+00
   0.00000000e+00  0.00000000e+00]
 [ 0.00000000e+00  9.99999778e-01  0.00000000e+00  6.66860856e-04
   0.00000000e+00  0.00000000e+00]
 [-6.66860856e-04  0.00000000e+00  9.99999778e-01  0.00000000e+00
   0.00000000e+00  0.00000000e+00]
 [ 0.00000000e+00 -6.66860856e-04  0.00000000e+00  9.99999778e-01
   0.00000000e+00  0.00000000e+00]
 [ 0.00000000e+00  0.00000000e+00  0.00000000e+00  0.00000000e+00
   1.00000000e+00  0.00000000e+00]
 [ 0.00000000e+00  0.00000000e+00  0.00000000e+00  0.00000000e+00
   0.00000000e+00  1.00000000e+00]]
R2 #[[ 9.99999778e-01  0.00000000e+00 -6.66860856e-04  0.00000000e+00
   0.00000000e+00  0.00000000e+00]
 [ 0.00000000e+00  9.99999778e-01  0.00000000e+00 -6.66860856e-04
   0.00000000e+00  0.00000000e+00]
 [ 6.66860856e-04  0.00000000e+00  9.99999778e-01  0.00000000e+00
   0.00000000e+00  0.00000000e+00]
 [ 0.00000000e+00  6.66860856e-04  0.00000000e+00  9.99999778e-01
   0.00000000e+00  0.00000000e+00]
 [ 0.00000000e+00  0.00000000e+00  0.00000000e+00  0.00000000e+00
   1.00000000e+00  0.00000000e+00]
 [ 0.00000000e+00  0.00000000e+00  0.00000000e+00  0.00000000e+00
   0.00000000e+00  1.00000000e+00]]
Param #7111: delta too small; RMS=2.2188e-06 mm
quads_tilt_fit #0.0006658609054517916
delta_local #[0.0004507]
R1 #[[ 0.99999938  0.          0.00111656  0.          0.          0.        ]
 [ 0.          0.99999938  0.          0.00111656  0.          0.        ]
 [-0.00111656  0.          0.99999938  0.          0.          0.        ]
 [ 0.         -0.00111656  0.          0.99999938  0.          0.        ]
 [ 0.          0.          0.          0.          1.          0.        ]
 [ 0.          0.          0.          0.          0.          1.        ]]
R2 #[[ 0.99999938  0.         -0.00111656  0.          0.          0.        ]
 [ 0.          0.99999938  0.         -0.00111656  0.          0.        ]
 [ 0.00111656  0.          0.99999938  0.          0.          0.        ]
 [ 0.          0.00111656  0.          0.99999938  0.          0.        ]
 [ 0.          0.          0.          0.          1.          0.        ]
 [ 0.          0.          0.          0.          0.          1.        ]]
Param #7111: delta OK; RMS=0.0010003 mm
quads_tilt_fit #-0.0004576354574601433
delta_local #[1.e-06]
R1 #[[ 9.99999896e-01  0.00000000e+00 -4.56635442e-04  0.00000000e+00
   0.00000000e+00  0.00000000e+00]
 [ 0.00000000e+00  9.99999896e-01  0.00000000e+00 -4.56635442e-04
   0.00000000e+00  0.00000000e+00]
 [ 4.56635442e-04  0.00000000e+00  9.99999896e-01  0.00000000e+00
   0.00000000e+00  0.00000000e+00]
 [ 0.00000000e+00  4.56635442e-04  0.00000000e+00  9.99999896e-01
   0.00000000e+00  0.00000000e+00]
 [ 0.00000000e+00  0.00000000e+00  0.00000000e+00  0.00000000e+00
   1.00000000e+00  0.00000000e+00]
 [ 0.00000000e+00  0.00000000e+00  0.00000000e+00  0.00000000e+00
   0.00000000e+00  1.00000000e+00]]
R2 #[[ 9.99999896e-01  0.00000000e+00  4.56635442e-04  0.00000000e+00
   0.00000000e+00  0.00000000e+00]
 [ 0.00000000e+00  9.99999896e-01  0.00000000e+00  4.56635442e-04
   0.00000000e+00  0.00000000e+00]
 [-4.56635442e-04  0.00000000e+00  9.99999896e-01  0.00000000e+00
   0.00000000e+00  0.00000000e+00]
 [ 0.00000000e+00 -4.56635442e-04  0.00000000e+00  9.99999896e-01
   0.00000000e+00  0.00000000e+00]
 [ 0.00000000e+00  0.00000000e+00  0.00000000e+00  0.00000000e+00
   1.00000000e+00  0.00000000e+00]
 [ 0.00000000e+00  0.00000000e+00  0.00000000e+00  0.00000000e+00
   0.00000000e+00  1.00000000e+00]]
Param #7130: delta too small; RMS=1.8196e-06 mm
quads_tilt_fit #-0.0004576354574601433
delta_local #[0.00054956]
R1 #[[ 9.99999996e-01  0.00000000e+00  9.19208090e-05  0.00000000e+00
   0.00000000e+00  0.00000000e+00]
 [ 0.00000000e+00  9.99999996e-01  0.00000000e+00  9.19208090e-05
   0.00000000e+00  0.00000000e+00]
 [-9.19208090e-05  0.00000000e+00  9.99999996e-01  0.00000000e+00
   0.00000000e+00  0.00000000e+00]
 [ 0.00000000e+00 -9.19208090e-05  0.00000000e+00  9.99999996e-01
   0.00000000e+00  0.00000000e+00]
 [ 0.00000000e+00  0.00000000e+00  0.00000000e+00  0.00000000e+00
   1.00000000e+00  0.00000000e+00]
 [ 0.00000000e+00  0.00000000e+00  0.00000000e+00  0.00000000e+00
   0.00000000e+00  1.00000000e+00]]
R2 #[[ 9.99999996e-01  0.00000000e+00 -9.19208090e-05  0.00000000e+00
   0.00000000e+00  0.00000000e+00]
 [ 0.00000000e+00  9.99999996e-01  0.00000000e+00 -9.19208090e-05
   0.00000000e+00  0.00000000e+00]
 [ 9.19208090e-05  0.00000000e+00  9.99999996e-01  0.00000000e+00
   0.00000000e+00  0.00000000e+00]
 [ 0.00000000e+00  9.19208090e-05  0.00000000e+00  9.99999996e-01
   0.00000000e+00  0.00000000e+00]
 [ 0.00000000e+00  0.00000000e+00  0.00000000e+00  0.00000000e+00
   1.00000000e+00  0.00000000e+00]
 [ 0.00000000e+00  0.00000000e+00  0.00000000e+00  0.00000000e+00
   0.00000000e+00  1.00000000e+00]]
Param #7130: delta OK; RMS=0.0010006 mm
quads_tilt_fit #-0.0003892285528510335
delta_local #[1.e-06]
R1 #[[ 9.99999925e-01  0.00000000e+00 -3.88228543e-04  0.00000000e+00
   0.00000000e+00  0.00000000e+00]
 [ 0.00000000e+00  9.99999925e-01  0.00000000e+00 -3.88228543e-04
   0.00000000e+00  0.00000000e+00]
 [ 3.88228543e-04  0.00000000e+00  9.99999925e-01  0.00000000e+00
   0.00000000e+00  0.00000000e+00]
 [ 0.00000000e+00  3.88228543e-04  0.00000000e+00  9.99999925e-01
   0.00000000e+00  0.00000000e+00]
 [ 0.00000000e+00  0.00000000e+00  0.00000000e+00  0.00000000e+00
   1.00000000e+00  0.00000000e+00]
 [ 0.00000000e+00  0.00000000e+00  0.00000000e+00  0.00000000e+00
   0.00000000e+00  1.00000000e+00]]
R2 #[[ 9.99999925e-01  0.00000000e+00  3.88228543e-04  0.00000000e+00
   0.00000000e+00  0.00000000e+00]
 [ 0.00000000e+00  9.99999925e-01  0.00000000e+00  3.88228543e-04
   0.00000000e+00  0.00000000e+00]
 [-3.88228543e-04  0.00000000e+00  9.99999925e-01  0.00000000e+00
   0.00000000e+00  0.00000000e+00]
 [ 0.00000000e+00 -3.88228543e-04  0.00000000e+00  9.99999925e-01
   0.00000000e+00  0.00000000e+00]
 [ 0.00000000e+00  0.00000000e+00  0.00000000e+00  0.00000000e+00
   1.00000000e+00  0.00000000e+00]
 [ 0.00000000e+00  0.00000000e+00  0.00000000e+00  0.00000000e+00
   0.00000000e+00  1.00000000e+00]]
Param #7149: delta too small; RMS=1.7449e-06 mm
quads_tilt_fit #-0.0003892285528510335
delta_local #[0.0005731]
R1 #[[ 9.99999983e-01  0.00000000e+00  1.83867263e-04  0.00000000e+00
   0.00000000e+00  0.00000000e+00]
 [ 0.00000000e+00  9.99999983e-01  0.00000000e+00  1.83867263e-04
   0.00000000e+00  0.00000000e+00]
 [-1.83867263e-04  0.00000000e+00  9.99999983e-01  0.00000000e+00
   0.00000000e+00  0.00000000e+00]
 [ 0.00000000e+00 -1.83867263e-04  0.00000000e+00  9.99999983e-01
   0.00000000e+00  0.00000000e+00]
 [ 0.00000000e+00  0.00000000e+00  0.00000000e+00  0.00000000e+00
   1.00000000e+00  0.00000000e+00]
 [ 0.00000000e+00  0.00000000e+00  0.00000000e+00  0.00000000e+00
   0.00000000e+00  1.00000000e+00]]
R2 #[[ 9.99999983e-01  0.00000000e+00 -1.83867263e-04  0.00000000e+00
   0.00000000e+00  0.00000000e+00]
 [ 0.00000000e+00  9.99999983e-01  0.00000000e+00 -1.83867263e-04
   0.00000000e+00  0.00000000e+00]
 [ 1.83867263e-04  0.00000000e+00  9.99999983e-01  0.00000000e+00
   0.00000000e+00  0.00000000e+00]
 [ 0.00000000e+00  1.83867263e-04  0.00000000e+00  9.99999983e-01
   0.00000000e+00  0.00000000e+00]
 [ 0.00000000e+00  0.00000000e+00  0.00000000e+00  0.00000000e+00
   1.00000000e+00  0.00000000e+00]
 [ 0.00000000e+00  0.00000000e+00  0.00000000e+00  0.00000000e+00
   0.00000000e+00  1.00000000e+00]]
Param #7149: delta OK; RMS=0.00099997 mm
quads_tilt_fit #0.00012158242117928317
delta_local #[1.e-06]
R1 #[[ 9.99999992e-01  0.00000000e+00  1.22582421e-04  0.00000000e+00
   0.00000000e+00  0.00000000e+00]
 [ 0.00000000e+00  9.99999992e-01  0.00000000e+00  1.22582421e-04
   0.00000000e+00  0.00000000e+00]
 [-1.22582421e-04  0.00000000e+00  9.99999992e-01  0.00000000e+00
   0.00000000e+00  0.00000000e+00]
 [ 0.00000000e+00 -1.22582421e-04  0.00000000e+00  9.99999992e-01
   0.00000000e+00  0.00000000e+00]
 [ 0.00000000e+00  0.00000000e+00  0.00000000e+00  0.00000000e+00
   1.00000000e+00  0.00000000e+00]
 [ 0.00000000e+00  0.00000000e+00  0.00000000e+00  0.00000000e+00
   0.00000000e+00  1.00000000e+00]]
R2 #[[ 9.99999992e-01  0.00000000e+00 -1.22582421e-04  0.00000000e+00
   0.00000000e+00  0.00000000e+00]
 [ 0.00000000e+00  9.99999992e-01  0.00000000e+00 -1.22582421e-04
   0.00000000e+00  0.00000000e+00]
 [ 1.22582421e-04  0.00000000e+00  9.99999992e-01  0.00000000e+00
   0.00000000e+00  0.00000000e+00]
 [ 0.00000000e+00  1.22582421e-04  0.00000000e+00  9.99999992e-01
   0.00000000e+00  0.00000000e+00]
 [ 0.00000000e+00  0.00000000e+00  0.00000000e+00  0.00000000e+00
   1.00000000e+00  0.00000000e+00]
 [ 0.00000000e+00  0.00000000e+00  0.00000000e+00  0.00000000e+00
   0.00000000e+00  1.00000000e+00]]
Param #7162: delta too small; RMS=2.2848e-06 mm
quads_tilt_fit #0.00012158242117928317
delta_local #[0.00043768]
R1 #[[ 9.99999844e-01  0.00000000e+00  5.59263950e-04  0.00000000e+00
   0.00000000e+00  0.00000000e+00]
 [ 0.00000000e+00  9.99999844e-01  0.00000000e+00  5.59263950e-04
   0.00000000e+00  0.00000000e+00]
 [-5.59263950e-04  0.00000000e+00  9.99999844e-01  0.00000000e+00
   0.00000000e+00  0.00000000e+00]
 [ 0.00000000e+00 -5.59263950e-04  0.00000000e+00  9.99999844e-01
   0.00000000e+00  0.00000000e+00]
 [ 0.00000000e+00  0.00000000e+00  0.00000000e+00  0.00000000e+00
   1.00000000e+00  0.00000000e+00]
 [ 0.00000000e+00  0.00000000e+00  0.00000000e+00  0.00000000e+00
   0.00000000e+00  1.00000000e+00]]
R2 #[[ 9.99999844e-01  0.00000000e+00 -5.59263950e-04  0.00000000e+00
   0.00000000e+00  0.00000000e+00]
 [ 0.00000000e+00  9.99999844e-01  0.00000000e+00 -5.59263950e-04
   0.00000000e+00  0.00000000e+00]
 [ 5.59263950e-04  0.00000000e+00  9.99999844e-01  0.00000000e+00
   0.00000000e+00  0.00000000e+00]
 [ 0.00000000e+00  5.59263950e-04  0.00000000e+00  9.99999844e-01
   0.00000000e+00  0.00000000e+00]
 [ 0.00000000e+00  0.00000000e+00  0.00000000e+00  0.00000000e+00
   1.00000000e+00  0.00000000e+00]
 [ 0.00000000e+00  0.00000000e+00  0.00000000e+00  0.00000000e+00
   0.00000000e+00  1.00000000e+00]]
Param #7162: delta OK; RMS=0.0010007 mm
quads_tilt_fit #0.00011925767473103478
delta_local #[1.e-06]
R1 #[[ 9.99999993e-01  0.00000000e+00  1.20257674e-04  0.00000000e+00
   0.00000000e+00  0.00000000e+00]
 [ 0.00000000e+00  9.99999993e-01  0.00000000e+00  1.20257674e-04
   0.00000000e+00  0.00000000e+00]
 [-1.20257674e-04  0.00000000e+00  9.99999993e-01  0.00000000e+00
   0.00000000e+00  0.00000000e+00]
 [ 0.00000000e+00 -1.20257674e-04  0.00000000e+00  9.99999993e-01
   0.00000000e+00  0.00000000e+00]
 [ 0.00000000e+00  0.00000000e+00  0.00000000e+00  0.00000000e+00
   1.00000000e+00  0.00000000e+00]
 [ 0.00000000e+00  0.00000000e+00  0.00000000e+00  0.00000000e+00
   0.00000000e+00  1.00000000e+00]]
R2 #[[ 9.99999993e-01  0.00000000e+00 -1.20257674e-04  0.00000000e+00
   0.00000000e+00  0.00000000e+00]
 [ 0.00000000e+00  9.99999993e-01  0.00000000e+00 -1.20257674e-04
   0.00000000e+00  0.00000000e+00]
 [ 1.20257674e-04  0.00000000e+00  9.99999993e-01  0.00000000e+00
   0.00000000e+00  0.00000000e+00]
 [ 0.00000000e+00  1.20257674e-04  0.00000000e+00  9.99999993e-01
   0.00000000e+00  0.00000000e+00]
 [ 0.00000000e+00  0.00000000e+00  0.00000000e+00  0.00000000e+00
   1.00000000e+00  0.00000000e+00]
 [ 0.00000000e+00  0.00000000e+00  0.00000000e+00  0.00000000e+00
   0.00000000e+00  1.00000000e+00]]
Param #7181: delta too small; RMS=1.4198e-06 mm
quads_tilt_fit #0.00011925767473103478
delta_local #[0.00070432]
R1 #[[ 9.99999661e-01  0.00000000e+00  8.23582126e-04  0.00000000e+00
   0.00000000e+00  0.00000000e+00]
 [ 0.00000000e+00  9.99999661e-01  0.00000000e+00  8.23582126e-04
   0.00000000e+00  0.00000000e+00]
 [-8.23582126e-04  0.00000000e+00  9.99999661e-01  0.00000000e+00
   0.00000000e+00  0.00000000e+00]
 [ 0.00000000e+00 -8.23582126e-04  0.00000000e+00  9.99999661e-01
   0.00000000e+00  0.00000000e+00]
 [ 0.00000000e+00  0.00000000e+00  0.00000000e+00  0.00000000e+00
   1.00000000e+00  0.00000000e+00]
 [ 0.00000000e+00  0.00000000e+00  0.00000000e+00  0.00000000e+00
   0.00000000e+00  1.00000000e+00]]
R2 #[[ 9.99999661e-01  0.00000000e+00 -8.23582126e-04  0.00000000e+00
   0.00000000e+00  0.00000000e+00]
 [ 0.00000000e+00  9.99999661e-01  0.00000000e+00 -8.23582126e-04
   0.00000000e+00  0.00000000e+00]
 [ 8.23582126e-04  0.00000000e+00  9.99999661e-01  0.00000000e+00
   0.00000000e+00  0.00000000e+00]
 [ 0.00000000e+00  8.23582126e-04  0.00000000e+00  9.99999661e-01
   0.00000000e+00  0.00000000e+00]
 [ 0.00000000e+00  0.00000000e+00  0.00000000e+00  0.00000000e+00
   1.00000000e+00  0.00000000e+00]
 [ 0.00000000e+00  0.00000000e+00  0.00000000e+00  0.00000000e+00
   0.00000000e+00  1.00000000e+00]]
Param #7181: delta OK; RMS=0.001 mm
quads_tilt_fit #0.0009918940111098501
delta_local #[1.e-06]
R1 #[[ 9.99999507e-01  0.00000000e+00  9.92893848e-04  0.00000000e+00
   0.00000000e+00  0.00000000e+00]
 [ 0.00000000e+00  9.99999507e-01  0.00000000e+00  9.92893848e-04
   0.00000000e+00  0.00000000e+00]
 [-9.92893848e-04  0.00000000e+00  9.99999507e-01  0.00000000e+00
   0.00000000e+00  0.00000000e+00]
 [ 0.00000000e+00 -9.92893848e-04  0.00000000e+00  9.99999507e-01
   0.00000000e+00  0.00000000e+00]
 [ 0.00000000e+00  0.00000000e+00  0.00000000e+00  0.00000000e+00
   1.00000000e+00  0.00000000e+00]
 [ 0.00000000e+00  0.00000000e+00  0.00000000e+00  0.00000000e+00
   0.00000000e+00  1.00000000e+00]]
R2 #[[ 9.99999507e-01  0.00000000e+00 -9.92893848e-04  0.00000000e+00
   0.00000000e+00  0.00000000e+00]
 [ 0.00000000e+00  9.99999507e-01  0.00000000e+00 -9.92893848e-04
   0.00000000e+00  0.00000000e+00]
 [ 9.92893848e-04  0.00000000e+00  9.99999507e-01  0.00000000e+00
   0.00000000e+00  0.00000000e+00]
 [ 0.00000000e+00  9.92893848e-04  0.00000000e+00  9.99999507e-01
   0.00000000e+00  0.00000000e+00]
 [ 0.00000000e+00  0.00000000e+00  0.00000000e+00  0.00000000e+00
   1.00000000e+00  0.00000000e+00]
 [ 0.00000000e+00  0.00000000e+00  0.00000000e+00  0.00000000e+00
   0.00000000e+00  1.00000000e+00]]
Param #7200: delta too small; RMS=2.2712e-06 mm
quads_tilt_fit #0.0009918940111098501
delta_local #[0.0004403]
R1 #[[ 0.99999897  0.          0.00143219  0.          0.          0.        ]
 [ 0.          0.99999897  0.          0.00143219  0.          0.        ]
 [-0.00143219  0.          0.99999897  0.          0.          0.        ]
 [ 0.         -0.00143219  0.          0.99999897  0.          0.        ]
 [ 0.          0.          0.          0.          1.          0.        ]
 [ 0.          0.          0.          0.          0.          1.        ]]
R2 #[[ 0.99999897  0.         -0.00143219  0.          0.          0.        ]
 [ 0.          0.99999897  0.         -0.00143219  0.          0.        ]
 [ 0.00143219  0.          0.99999897  0.          0.          0.        ]
 [ 0.          0.00143219  0.          0.99999897  0.          0.        ]
 [ 0.          0.          0.          0.          1.          0.        ]
 [ 0.          0.          0.          0.          0.          1.        ]]
Param #7200: delta OK; RMS=0.0010004 mm
quads_tilt_fit #0.0002655124560325917
delta_local #[1.e-06]
R1 #[[ 9.99999964e-01  0.00000000e+00  2.66512453e-04  0.00000000e+00
   0.00000000e+00  0.00000000e+00]
 [ 0.00000000e+00  9.99999964e-01  0.00000000e+00  2.66512453e-04
   0.00000000e+00  0.00000000e+00]
 [-2.66512453e-04  0.00000000e+00  9.99999964e-01  0.00000000e+00
   0.00000000e+00  0.00000000e+00]
 [ 0.00000000e+00 -2.66512453e-04  0.00000000e+00  9.99999964e-01
   0.00000000e+00  0.00000000e+00]
 [ 0.00000000e+00  0.00000000e+00  0.00000000e+00  0.00000000e+00
   1.00000000e+00  0.00000000e+00]
 [ 0.00000000e+00  0.00000000e+00  0.00000000e+00  0.00000000e+00
   0.00000000e+00  1.00000000e+00]]
R2 #[[ 9.99999964e-01  0.00000000e+00 -2.66512453e-04  0.00000000e+00
   0.00000000e+00  0.00000000e+00]
 [ 0.00000000e+00  9.99999964e-01  0.00000000e+00 -2.66512453e-04
   0.00000000e+00  0.00000000e+00]
 [ 2.66512453e-04  0.00000000e+00  9.99999964e-01  0.00000000e+00
   0.00000000e+00  0.00000000e+00]
 [ 0.00000000e+00  2.66512453e-04  0.00000000e+00  9.99999964e-01
   0.00000000e+00  0.00000000e+00]
 [ 0.00000000e+00  0.00000000e+00  0.00000000e+00  0.00000000e+00
   1.00000000e+00  0.00000000e+00]
 [ 0.00000000e+00  0.00000000e+00  0.00000000e+00  0.00000000e+00
   0.00000000e+00  1.00000000e+00]]
Param #7219: delta too small; RMS=1.7138e-06 mm
quads_tilt_fit #0.0002655124560325917
delta_local #[0.00058348]
R1 #[[ 9.99999640e-01  0.00000000e+00  8.48996432e-04  0.00000000e+00
   0.00000000e+00  0.00000000e+00]
 [ 0.00000000e+00  9.99999640e-01  0.00000000e+00  8.48996432e-04
   0.00000000e+00  0.00000000e+00]
 [-8.48996432e-04  0.00000000e+00  9.99999640e-01  0.00000000e+00
   0.00000000e+00  0.00000000e+00]
 [ 0.00000000e+00 -8.48996432e-04  0.00000000e+00  9.99999640e-01
   0.00000000e+00  0.00000000e+00]
 [ 0.00000000e+00  0.00000000e+00  0.00000000e+00  0.00000000e+00
   1.00000000e+00  0.00000000e+00]
 [ 0.00000000e+00  0.00000000e+00  0.00000000e+00  0.00000000e+00
   0.00000000e+00  1.00000000e+00]]
R2 #[[ 9.99999640e-01  0.00000000e+00 -8.48996432e-04  0.00000000e+00
   0.00000000e+00  0.00000000e+00]
 [ 0.00000000e+00  9.99999640e-01  0.00000000e+00 -8.48996432e-04
   0.00000000e+00  0.00000000e+00]
 [ 8.48996432e-04  0.00000000e+00  9.99999640e-01  0.00000000e+00
   0.00000000e+00  0.00000000e+00]
 [ 0.00000000e+00  8.48996432e-04  0.00000000e+00  9.99999640e-01
   0.00000000e+00  0.00000000e+00]
 [ 0.00000000e+00  0.00000000e+00  0.00000000e+00  0.00000000e+00
   1.00000000e+00  0.00000000e+00]
 [ 0.00000000e+00  0.00000000e+00  0.00000000e+00  0.00000000e+00
   0.00000000e+00  1.00000000e+00]]
Param #7219: delta OK; RMS=0.0010006 mm
quads_tilt_fit #-0.0002935671830591628
delta_local #[1.e-06]
R1 #[[ 9.99999957e-01  0.00000000e+00 -2.92567179e-04  0.00000000e+00
   0.00000000e+00  0.00000000e+00]
 [ 0.00000000e+00  9.99999957e-01  0.00000000e+00 -2.92567179e-04
   0.00000000e+00  0.00000000e+00]
 [ 2.92567179e-04  0.00000000e+00  9.99999957e-01  0.00000000e+00
   0.00000000e+00  0.00000000e+00]
 [ 0.00000000e+00  2.92567179e-04  0.00000000e+00  9.99999957e-01
   0.00000000e+00  0.00000000e+00]
 [ 0.00000000e+00  0.00000000e+00  0.00000000e+00  0.00000000e+00
   1.00000000e+00  0.00000000e+00]
 [ 0.00000000e+00  0.00000000e+00  0.00000000e+00  0.00000000e+00
   0.00000000e+00  1.00000000e+00]]
R2 #[[ 9.99999957e-01  0.00000000e+00  2.92567179e-04  0.00000000e+00
   0.00000000e+00  0.00000000e+00]
 [ 0.00000000e+00  9.99999957e-01  0.00000000e+00  2.92567179e-04
   0.00000000e+00  0.00000000e+00]
 [-2.92567179e-04  0.00000000e+00  9.99999957e-01  0.00000000e+00
   0.00000000e+00  0.00000000e+00]
 [ 0.00000000e+00 -2.92567179e-04  0.00000000e+00  9.99999957e-01
   0.00000000e+00  0.00000000e+00]
 [ 0.00000000e+00  0.00000000e+00  0.00000000e+00  0.00000000e+00
   1.00000000e+00  0.00000000e+00]
 [ 0.00000000e+00  0.00000000e+00  0.00000000e+00  0.00000000e+00
   0.00000000e+00  1.00000000e+00]]
Param #7439: delta too small; RMS=1.8581e-06 mm
quads_tilt_fit #-0.0002935671830591628
delta_local #[0.00053819]
R1 #[[ 9.9999997e-01  0.0000000e+00  2.4462528e-04  0.0000000e+00
   0.0000000e+00  0.0000000e+00]
 [ 0.0000000e+00  9.9999997e-01  0.0000000e+00  2.4462528e-04
   0.0000000e+00  0.0000000e+00]
 [-2.4462528e-04  0.0000000e+00  9.9999997e-01  0.0000000e+00
   0.0000000e+00  0.0000000e+00]
 [ 0.0000000e+00 -2.4462528e-04  0.0000000e+00  9.9999997e-01
   0.0000000e+00  0.0000000e+00]
 [ 0.0000000e+00  0.0000000e+00  0.0000000e+00  0.0000000e+00
   1.0000000e+00  0.0000000e+00]
 [ 0.0000000e+00  0.0000000e+00  0.0000000e+00  0.0000000e+00
   0.0000000e+00  1.0000000e+00]]
R2 #[[ 9.9999997e-01  0.0000000e+00 -2.4462528e-04  0.0000000e+00
   0.0000000e+00  0.0000000e+00]
 [ 0.0000000e+00  9.9999997e-01  0.0000000e+00 -2.4462528e-04
   0.0000000e+00  0.0000000e+00]
 [ 2.4462528e-04  0.0000000e+00  9.9999997e-01  0.0000000e+00
   0.0000000e+00  0.0000000e+00]
 [ 0.0000000e+00  2.4462528e-04  0.0000000e+00  9.9999997e-01
   0.0000000e+00  0.0000000e+00]
 [ 0.0000000e+00  0.0000000e+00  0.0000000e+00  0.0000000e+00
   1.0000000e+00  0.0000000e+00]
 [ 0.0000000e+00  0.0000000e+00  0.0000000e+00  0.0000000e+00
   0.0000000e+00  1.0000000e+00]]
Param #7439: delta OK; RMS=0.001 mm
quads_tilt_fit #0.0009882376006201145
delta_local #[1.e-06]
R1 #[[ 9.99999511e-01  0.00000000e+00  9.89237439e-04  0.00000000e+00
   0.00000000e+00  0.00000000e+00]
 [ 0.00000000e+00  9.99999511e-01  0.00000000e+00  9.89237439e-04
   0.00000000e+00  0.00000000e+00]
 [-9.89237439e-04  0.00000000e+00  9.99999511e-01  0.00000000e+00
   0.00000000e+00  0.00000000e+00]
 [ 0.00000000e+00 -9.89237439e-04  0.00000000e+00  9.99999511e-01
   0.00000000e+00  0.00000000e+00]
 [ 0.00000000e+00  0.00000000e+00  0.00000000e+00  0.00000000e+00
   1.00000000e+00  0.00000000e+00]
 [ 0.00000000e+00  0.00000000e+00  0.00000000e+00  0.00000000e+00
   0.00000000e+00  1.00000000e+00]]
R2 #[[ 9.99999511e-01  0.00000000e+00 -9.89237439e-04  0.00000000e+00
   0.00000000e+00  0.00000000e+00]
 [ 0.00000000e+00  9.99999511e-01  0.00000000e+00 -9.89237439e-04
   0.00000000e+00  0.00000000e+00]
 [ 9.89237439e-04  0.00000000e+00  9.99999511e-01  0.00000000e+00
   0.00000000e+00  0.00000000e+00]
 [ 0.00000000e+00  9.89237439e-04  0.00000000e+00  9.99999511e-01
   0.00000000e+00  0.00000000e+00]
 [ 0.00000000e+00  0.00000000e+00  0.00000000e+00  0.00000000e+00
   1.00000000e+00  0.00000000e+00]
 [ 0.00000000e+00  0.00000000e+00  0.00000000e+00  0.00000000e+00
   0.00000000e+00  1.00000000e+00]]
Param #7458: delta too small; RMS=2.137e-06 mm
quads_tilt_fit #0.0009882376006201145
delta_local #[0.00046794]
R1 #[[ 0.99999894  0.          0.00145618  0.          0.          0.        ]
 [ 0.          0.99999894  0.          0.00145618  0.          0.        ]
 [-0.00145618  0.          0.99999894  0.          0.          0.        ]
 [ 0.         -0.00145618  0.          0.99999894  0.          0.        ]
 [ 0.          0.          0.          0.          1.          0.        ]
 [ 0.          0.          0.          0.          0.          1.        ]]
R2 #[[ 0.99999894  0.         -0.00145618  0.          0.          0.        ]
 [ 0.          0.99999894  0.         -0.00145618  0.          0.        ]
 [ 0.00145618  0.          0.99999894  0.          0.          0.        ]
 [ 0.          0.00145618  0.          0.99999894  0.          0.        ]
 [ 0.          0.          0.          0.          1.          0.        ]
 [ 0.          0.          0.          0.          0.          1.        ]]
Param #7458: delta OK; RMS=0.0010006 mm
quads_tilt_fit #-0.0002612954417797726
delta_local #[1.e-06]
R1 #[[ 9.99999966e-01  0.00000000e+00 -2.60295439e-04  0.00000000e+00
   0.00000000e+00  0.00000000e+00]
 [ 0.00000000e+00  9.99999966e-01  0.00000000e+00 -2.60295439e-04
   0.00000000e+00  0.00000000e+00]
 [ 2.60295439e-04  0.00000000e+00  9.99999966e-01  0.00000000e+00
   0.00000000e+00  0.00000000e+00]
 [ 0.00000000e+00  2.60295439e-04  0.00000000e+00  9.99999966e-01
   0.00000000e+00  0.00000000e+00]
 [ 0.00000000e+00  0.00000000e+00  0.00000000e+00  0.00000000e+00
   1.00000000e+00  0.00000000e+00]
 [ 0.00000000e+00  0.00000000e+00  0.00000000e+00  0.00000000e+00
   0.00000000e+00  1.00000000e+00]]
R2 #[[ 9.99999966e-01  0.00000000e+00  2.60295439e-04  0.00000000e+00
   0.00000000e+00  0.00000000e+00]
 [ 0.00000000e+00  9.99999966e-01  0.00000000e+00  2.60295439e-04
   0.00000000e+00  0.00000000e+00]
 [-2.60295439e-04  0.00000000e+00  9.99999966e-01  0.00000000e+00
   0.00000000e+00  0.00000000e+00]
 [ 0.00000000e+00 -2.60295439e-04  0.00000000e+00  9.99999966e-01
   0.00000000e+00  0.00000000e+00]
 [ 0.00000000e+00  0.00000000e+00  0.00000000e+00  0.00000000e+00
   1.00000000e+00  0.00000000e+00]
 [ 0.00000000e+00  0.00000000e+00  0.00000000e+00  0.00000000e+00
   0.00000000e+00  1.00000000e+00]]
Param #7477: delta too small; RMS=1.5049e-06 mm
quads_tilt_fit #-0.0002612954417797726
delta_local #[0.00066451]
R1 #[[ 9.99999919e-01  0.00000000e+00  4.03213926e-04  0.00000000e+00
   0.00000000e+00  0.00000000e+00]
 [ 0.00000000e+00  9.99999919e-01  0.00000000e+00  4.03213926e-04
   0.00000000e+00  0.00000000e+00]
 [-4.03213926e-04  0.00000000e+00  9.99999919e-01  0.00000000e+00
   0.00000000e+00  0.00000000e+00]
 [ 0.00000000e+00 -4.03213926e-04  0.00000000e+00  9.99999919e-01
   0.00000000e+00  0.00000000e+00]
 [ 0.00000000e+00  0.00000000e+00  0.00000000e+00  0.00000000e+00
   1.00000000e+00  0.00000000e+00]
 [ 0.00000000e+00  0.00000000e+00  0.00000000e+00  0.00000000e+00
   0.00000000e+00  1.00000000e+00]]
R2 #[[ 9.99999919e-01  0.00000000e+00 -4.03213926e-04  0.00000000e+00
   0.00000000e+00  0.00000000e+00]
 [ 0.00000000e+00  9.99999919e-01  0.00000000e+00 -4.03213926e-04
   0.00000000e+00  0.00000000e+00]
 [ 4.03213926e-04  0.00000000e+00  9.99999919e-01  0.00000000e+00
   0.00000000e+00  0.00000000e+00]
 [ 0.00000000e+00  4.03213926e-04  0.00000000e+00  9.99999919e-01
   0.00000000e+00  0.00000000e+00]
 [ 0.00000000e+00  0.00000000e+00  0.00000000e+00  0.00000000e+00
   1.00000000e+00  0.00000000e+00]
 [ 0.00000000e+00  0.00000000e+00  0.00000000e+00  0.00000000e+00
   0.00000000e+00  1.00000000e+00]]
Param #7477: delta OK; RMS=0.00099985 mm
quads_tilt_fit #0.0001907359656684227
delta_local #[1.e-06]
R1 #[[ 9.99999982e-01  0.00000000e+00  1.91735964e-04  0.00000000e+00
   0.00000000e+00  0.00000000e+00]
 [ 0.00000000e+00  9.99999982e-01  0.00000000e+00  1.91735964e-04
   0.00000000e+00  0.00000000e+00]
 [-1.91735964e-04  0.00000000e+00  9.99999982e-01  0.00000000e+00
   0.00000000e+00  0.00000000e+00]
 [ 0.00000000e+00 -1.91735964e-04  0.00000000e+00  9.99999982e-01
   0.00000000e+00  0.00000000e+00]
 [ 0.00000000e+00  0.00000000e+00  0.00000000e+00  0.00000000e+00
   1.00000000e+00  0.00000000e+00]
 [ 0.00000000e+00  0.00000000e+00  0.00000000e+00  0.00000000e+00
   0.00000000e+00  1.00000000e+00]]
R2 #[[ 9.99999982e-01  0.00000000e+00 -1.91735964e-04  0.00000000e+00
   0.00000000e+00  0.00000000e+00]
 [ 0.00000000e+00  9.99999982e-01  0.00000000e+00 -1.91735964e-04
   0.00000000e+00  0.00000000e+00]
 [ 1.91735964e-04  0.00000000e+00  9.99999982e-01  0.00000000e+00
   0.00000000e+00  0.00000000e+00]
 [ 0.00000000e+00  1.91735964e-04  0.00000000e+00  9.99999982e-01
   0.00000000e+00  0.00000000e+00]
 [ 0.00000000e+00  0.00000000e+00  0.00000000e+00  0.00000000e+00
   1.00000000e+00  0.00000000e+00]
 [ 0.00000000e+00  0.00000000e+00  0.00000000e+00  0.00000000e+00
   0.00000000e+00  1.00000000e+00]]
Param #7496: delta too small; RMS=2.2226e-06 mm
quads_tilt_fit #0.0001907359656684227
delta_local #[0.00044993]
R1 #[[ 9.99999795e-01  0.00000000e+00  6.40663905e-04  0.00000000e+00
   0.00000000e+00  0.00000000e+00]
 [ 0.00000000e+00  9.99999795e-01  0.00000000e+00  6.40663905e-04
   0.00000000e+00  0.00000000e+00]
 [-6.40663905e-04  0.00000000e+00  9.99999795e-01  0.00000000e+00
   0.00000000e+00  0.00000000e+00]
 [ 0.00000000e+00 -6.40663905e-04  0.00000000e+00  9.99999795e-01
   0.00000000e+00  0.00000000e+00]
 [ 0.00000000e+00  0.00000000e+00  0.00000000e+00  0.00000000e+00
   1.00000000e+00  0.00000000e+00]
 [ 0.00000000e+00  0.00000000e+00  0.00000000e+00  0.00000000e+00
   0.00000000e+00  1.00000000e+00]]
R2 #[[ 9.99999795e-01  0.00000000e+00 -6.40663905e-04  0.00000000e+00
   0.00000000e+00  0.00000000e+00]
 [ 0.00000000e+00  9.99999795e-01  0.00000000e+00 -6.40663905e-04
   0.00000000e+00  0.00000000e+00]
 [ 6.40663905e-04  0.00000000e+00  9.99999795e-01  0.00000000e+00
   0.00000000e+00  0.00000000e+00]
 [ 0.00000000e+00  6.40663905e-04  0.00000000e+00  9.99999795e-01
   0.00000000e+00  0.00000000e+00]
 [ 0.00000000e+00  0.00000000e+00  0.00000000e+00  0.00000000e+00
   1.00000000e+00  0.00000000e+00]
 [ 0.00000000e+00  0.00000000e+00  0.00000000e+00  0.00000000e+00
   0.00000000e+00  1.00000000e+00]]
Param #7496: delta OK; RMS=0.0010005 mm
quads_tilt_fit #0.00020043282165061344
delta_local #[1.e-06]
R1 #[[ 9.9999998e-01  0.0000000e+00  2.0143282e-04  0.0000000e+00
   0.0000000e+00  0.0000000e+00]
 [ 0.0000000e+00  9.9999998e-01  0.0000000e+00  2.0143282e-04
   0.0000000e+00  0.0000000e+00]
 [-2.0143282e-04  0.0000000e+00  9.9999998e-01  0.0000000e+00
   0.0000000e+00  0.0000000e+00]
 [ 0.0000000e+00 -2.0143282e-04  0.0000000e+00  9.9999998e-01
   0.0000000e+00  0.0000000e+00]
 [ 0.0000000e+00  0.0000000e+00  0.0000000e+00  0.0000000e+00
   1.0000000e+00  0.0000000e+00]
 [ 0.0000000e+00  0.0000000e+00  0.0000000e+00  0.0000000e+00
   0.0000000e+00  1.0000000e+00]]
R2 #[[ 9.9999998e-01  0.0000000e+00 -2.0143282e-04  0.0000000e+00
   0.0000000e+00  0.0000000e+00]
 [ 0.0000000e+00  9.9999998e-01  0.0000000e+00 -2.0143282e-04
   0.0000000e+00  0.0000000e+00]
 [ 2.0143282e-04  0.0000000e+00  9.9999998e-01  0.0000000e+00
   0.0000000e+00  0.0000000e+00]
 [ 0.0000000e+00  2.0143282e-04  0.0000000e+00  9.9999998e-01
   0.0000000e+00  0.0000000e+00]
 [ 0.0000000e+00  0.0000000e+00  0.0000000e+00  0.0000000e+00
   1.0000000e+00  0.0000000e+00]
 [ 0.0000000e+00  0.0000000e+00  0.0000000e+00  0.0000000e+00
   0.0000000e+00  1.0000000e+00]]
Param #7509: delta too small; RMS=1.5991e-06 mm
quads_tilt_fit #0.00020043282165061344
delta_local #[0.00062534]
R1 #[[ 9.99999659e-01  0.00000000e+00  8.25776704e-04  0.00000000e+00
   0.00000000e+00  0.00000000e+00]
 [ 0.00000000e+00  9.99999659e-01  0.00000000e+00  8.25776704e-04
   0.00000000e+00  0.00000000e+00]
 [-8.25776704e-04  0.00000000e+00  9.99999659e-01  0.00000000e+00
   0.00000000e+00  0.00000000e+00]
 [ 0.00000000e+00 -8.25776704e-04  0.00000000e+00  9.99999659e-01
   0.00000000e+00  0.00000000e+00]
 [ 0.00000000e+00  0.00000000e+00  0.00000000e+00  0.00000000e+00
   1.00000000e+00  0.00000000e+00]
 [ 0.00000000e+00  0.00000000e+00  0.00000000e+00  0.00000000e+00
   0.00000000e+00  1.00000000e+00]]
R2 #[[ 9.99999659e-01  0.00000000e+00 -8.25776704e-04  0.00000000e+00
   0.00000000e+00  0.00000000e+00]
 [ 0.00000000e+00  9.99999659e-01  0.00000000e+00 -8.25776704e-04
   0.00000000e+00  0.00000000e+00]
 [ 8.25776704e-04  0.00000000e+00  9.99999659e-01  0.00000000e+00
   0.00000000e+00  0.00000000e+00]
 [ 0.00000000e+00  8.25776704e-04  0.00000000e+00  9.99999659e-01
   0.00000000e+00  0.00000000e+00]
 [ 0.00000000e+00  0.00000000e+00  0.00000000e+00  0.00000000e+00
   1.00000000e+00  0.00000000e+00]
 [ 0.00000000e+00  0.00000000e+00  0.00000000e+00  0.00000000e+00
   0.00000000e+00  1.00000000e+00]]
Param #7509: delta OK; RMS=0.0010003 mm
quads_tilt_fit #-0.0003806439144185229
delta_local #[1.e-06]
R1 #[[ 9.99999928e-01  0.00000000e+00 -3.79643905e-04  0.00000000e+00
   0.00000000e+00  0.00000000e+00]
 [ 0.00000000e+00  9.99999928e-01  0.00000000e+00 -3.79643905e-04
   0.00000000e+00  0.00000000e+00]
 [ 3.79643905e-04  0.00000000e+00  9.99999928e-01  0.00000000e+00
   0.00000000e+00  0.00000000e+00]
 [ 0.00000000e+00  3.79643905e-04  0.00000000e+00  9.99999928e-01
   0.00000000e+00  0.00000000e+00]
 [ 0.00000000e+00  0.00000000e+00  0.00000000e+00  0.00000000e+00
   1.00000000e+00  0.00000000e+00]
 [ 0.00000000e+00  0.00000000e+00  0.00000000e+00  0.00000000e+00
   0.00000000e+00  1.00000000e+00]]
R2 #[[ 9.99999928e-01  0.00000000e+00  3.79643905e-04  0.00000000e+00
   0.00000000e+00  0.00000000e+00]
 [ 0.00000000e+00  9.99999928e-01  0.00000000e+00  3.79643905e-04
   0.00000000e+00  0.00000000e+00]
 [-3.79643905e-04  0.00000000e+00  9.99999928e-01  0.00000000e+00
   0.00000000e+00  0.00000000e+00]
 [ 0.00000000e+00 -3.79643905e-04  0.00000000e+00  9.99999928e-01
   0.00000000e+00  0.00000000e+00]
 [ 0.00000000e+00  0.00000000e+00  0.00000000e+00  0.00000000e+00
   1.00000000e+00  0.00000000e+00]
 [ 0.00000000e+00  0.00000000e+00  0.00000000e+00  0.00000000e+00
   0.00000000e+00  1.00000000e+00]]
Param #7528: delta too small; RMS=1.9246e-06 mm
quads_tilt_fit #-0.0003806439144185229
delta_local #[0.0005196]
R1 #[[ 9.99999990e-01  0.00000000e+00  1.38951233e-04  0.00000000e+00
   0.00000000e+00  0.00000000e+00]
 [ 0.00000000e+00  9.99999990e-01  0.00000000e+00  1.38951233e-04
   0.00000000e+00  0.00000000e+00]
 [-1.38951233e-04  0.00000000e+00  9.99999990e-01  0.00000000e+00
   0.00000000e+00  0.00000000e+00]
 [ 0.00000000e+00 -1.38951233e-04  0.00000000e+00  9.99999990e-01
   0.00000000e+00  0.00000000e+00]
 [ 0.00000000e+00  0.00000000e+00  0.00000000e+00  0.00000000e+00
   1.00000000e+00  0.00000000e+00]
 [ 0.00000000e+00  0.00000000e+00  0.00000000e+00  0.00000000e+00
   0.00000000e+00  1.00000000e+00]]
R2 #[[ 9.99999990e-01  0.00000000e+00 -1.38951233e-04  0.00000000e+00
   0.00000000e+00  0.00000000e+00]
 [ 0.00000000e+00  9.99999990e-01  0.00000000e+00 -1.38951233e-04
   0.00000000e+00  0.00000000e+00]
 [ 1.38951233e-04  0.00000000e+00  9.99999990e-01  0.00000000e+00
   0.00000000e+00  0.00000000e+00]
 [ 0.00000000e+00  1.38951233e-04  0.00000000e+00  9.99999990e-01
   0.00000000e+00  0.00000000e+00]
 [ 0.00000000e+00  0.00000000e+00  0.00000000e+00  0.00000000e+00
   1.00000000e+00  0.00000000e+00]
 [ 0.00000000e+00  0.00000000e+00  0.00000000e+00  0.00000000e+00
   0.00000000e+00  1.00000000e+00]]
Param #7528: delta OK; RMS=0.0010001 mm
quads_tilt_fit #0.000505944135357589
delta_local #[1.e-06]
R1 #[[ 9.99999872e-01  0.00000000e+00  5.06944114e-04  0.00000000e+00
   0.00000000e+00  0.00000000e+00]
 [ 0.00000000e+00  9.99999872e-01  0.00000000e+00  5.06944114e-04
   0.00000000e+00  0.00000000e+00]
 [-5.06944114e-04  0.00000000e+00  9.99999872e-01  0.00000000e+00
   0.00000000e+00  0.00000000e+00]
 [ 0.00000000e+00 -5.06944114e-04  0.00000000e+00  9.99999872e-01
   0.00000000e+00  0.00000000e+00]
 [ 0.00000000e+00  0.00000000e+00  0.00000000e+00  0.00000000e+00
   1.00000000e+00  0.00000000e+00]
 [ 0.00000000e+00  0.00000000e+00  0.00000000e+00  0.00000000e+00
   0.00000000e+00  1.00000000e+00]]
R2 #[[ 9.99999872e-01  0.00000000e+00 -5.06944114e-04  0.00000000e+00
   0.00000000e+00  0.00000000e+00]
 [ 0.00000000e+00  9.99999872e-01  0.00000000e+00 -5.06944114e-04
   0.00000000e+00  0.00000000e+00]
 [ 5.06944114e-04  0.00000000e+00  9.99999872e-01  0.00000000e+00
   0.00000000e+00  0.00000000e+00]
 [ 0.00000000e+00  5.06944114e-04  0.00000000e+00  9.99999872e-01
   0.00000000e+00  0.00000000e+00]
 [ 0.00000000e+00  0.00000000e+00  0.00000000e+00  0.00000000e+00
   1.00000000e+00  0.00000000e+00]
 [ 0.00000000e+00  0.00000000e+00  0.00000000e+00  0.00000000e+00
   0.00000000e+00  1.00000000e+00]]
Param #7547: delta too small; RMS=2.1079e-06 mm
quads_tilt_fit #0.000505944135357589
delta_local #[0.00047441]
R1 #[[ 9.99999519e-01  0.00000000e+00  9.80358114e-04  0.00000000e+00
   0.00000000e+00  0.00000000e+00]
 [ 0.00000000e+00  9.99999519e-01  0.00000000e+00  9.80358114e-04
   0.00000000e+00  0.00000000e+00]
 [-9.80358114e-04  0.00000000e+00  9.99999519e-01  0.00000000e+00
   0.00000000e+00  0.00000000e+00]
 [ 0.00000000e+00 -9.80358114e-04  0.00000000e+00  9.99999519e-01
   0.00000000e+00  0.00000000e+00]
 [ 0.00000000e+00  0.00000000e+00  0.00000000e+00  0.00000000e+00
   1.00000000e+00  0.00000000e+00]
 [ 0.00000000e+00  0.00000000e+00  0.00000000e+00  0.00000000e+00
   0.00000000e+00  1.00000000e+00]]
R2 #[[ 9.99999519e-01  0.00000000e+00 -9.80358114e-04  0.00000000e+00
   0.00000000e+00  0.00000000e+00]
 [ 0.00000000e+00  9.99999519e-01  0.00000000e+00 -9.80358114e-04
   0.00000000e+00  0.00000000e+00]
 [ 9.80358114e-04  0.00000000e+00  9.99999519e-01  0.00000000e+00
   0.00000000e+00  0.00000000e+00]
 [ 0.00000000e+00  9.80358114e-04  0.00000000e+00  9.99999519e-01
   0.00000000e+00  0.00000000e+00]
 [ 0.00000000e+00  0.00000000e+00  0.00000000e+00  0.00000000e+00
   1.00000000e+00  0.00000000e+00]
 [ 0.00000000e+00  0.00000000e+00  0.00000000e+00  0.00000000e+00
   0.00000000e+00  1.00000000e+00]]
Param #7547: delta OK; RMS=0.0010006 mm
quads_tilt_fit #-0.0005019075145371482
delta_local #[1.e-06]
R1 #[[ 9.99999875e-01  0.00000000e+00 -5.00907494e-04  0.00000000e+00
   0.00000000e+00  0.00000000e+00]
 [ 0.00000000e+00  9.99999875e-01  0.00000000e+00 -5.00907494e-04
   0.00000000e+00  0.00000000e+00]
 [ 5.00907494e-04  0.00000000e+00  9.99999875e-01  0.00000000e+00
   0.00000000e+00  0.00000000e+00]
 [ 0.00000000e+00  5.00907494e-04  0.00000000e+00  9.99999875e-01
   0.00000000e+00  0.00000000e+00]
 [ 0.00000000e+00  0.00000000e+00  0.00000000e+00  0.00000000e+00
   1.00000000e+00  0.00000000e+00]
 [ 0.00000000e+00  0.00000000e+00  0.00000000e+00  0.00000000e+00
   0.00000000e+00  1.00000000e+00]]
R2 #[[ 9.99999875e-01  0.00000000e+00  5.00907494e-04  0.00000000e+00
   0.00000000e+00  0.00000000e+00]
 [ 0.00000000e+00  9.99999875e-01  0.00000000e+00  5.00907494e-04
   0.00000000e+00  0.00000000e+00]
 [-5.00907494e-04  0.00000000e+00  9.99999875e-01  0.00000000e+00
   0.00000000e+00  0.00000000e+00]
 [ 0.00000000e+00 -5.00907494e-04  0.00000000e+00  9.99999875e-01
   0.00000000e+00  0.00000000e+00]
 [ 0.00000000e+00  0.00000000e+00  0.00000000e+00  0.00000000e+00
   1.00000000e+00  0.00000000e+00]
 [ 0.00000000e+00  0.00000000e+00  0.00000000e+00  0.00000000e+00
   0.00000000e+00  1.00000000e+00]]
Param #7566: delta too small; RMS=1.5328e-06 mm
quads_tilt_fit #-0.0005019075145371482
delta_local #[0.00065242]
R1 #[[ 9.99999989e-01  0.00000000e+00  1.50510052e-04  0.00000000e+00
   0.00000000e+00  0.00000000e+00]
 [ 0.00000000e+00  9.99999989e-01  0.00000000e+00  1.50510052e-04
   0.00000000e+00  0.00000000e+00]
 [-1.50510052e-04  0.00000000e+00  9.99999989e-01  0.00000000e+00
   0.00000000e+00  0.00000000e+00]
 [ 0.00000000e+00 -1.50510052e-04  0.00000000e+00  9.99999989e-01
   0.00000000e+00  0.00000000e+00]
 [ 0.00000000e+00  0.00000000e+00  0.00000000e+00  0.00000000e+00
   1.00000000e+00  0.00000000e+00]
 [ 0.00000000e+00  0.00000000e+00  0.00000000e+00  0.00000000e+00
   0.00000000e+00  1.00000000e+00]]
R2 #[[ 9.99999989e-01  0.00000000e+00 -1.50510052e-04  0.00000000e+00
   0.00000000e+00  0.00000000e+00]
 [ 0.00000000e+00  9.99999989e-01  0.00000000e+00 -1.50510052e-04
   0.00000000e+00  0.00000000e+00]
 [ 1.50510052e-04  0.00000000e+00  9.99999989e-01  0.00000000e+00
   0.00000000e+00  0.00000000e+00]
 [ 0.00000000e+00  1.50510052e-04  0.00000000e+00  9.99999989e-01
   0.00000000e+00  0.00000000e+00]
 [ 0.00000000e+00  0.00000000e+00  0.00000000e+00  0.00000000e+00
   1.00000000e+00  0.00000000e+00]
 [ 0.00000000e+00  0.00000000e+00  0.00000000e+00  0.00000000e+00
   0.00000000e+00  1.00000000e+00]]
Param #7566: delta OK; RMS=0.00099983 mm
quads_tilt_fit #0.002425799881144846
delta_local #[1.e-06]
R1 #[[ 0.99999706  0.          0.0024268   0.          0.          0.        ]
 [ 0.          0.99999706  0.          0.0024268   0.          0.        ]
 [-0.0024268   0.          0.99999706  0.          0.          0.        ]
 [ 0.         -0.0024268   0.          0.99999706  0.          0.        ]
 [ 0.          0.          0.          0.          1.          0.        ]
 [ 0.          0.          0.          0.          0.          1.        ]]
R2 #[[ 0.99999706  0.         -0.0024268   0.          0.          0.        ]
 [ 0.          0.99999706  0.         -0.0024268   0.          0.        ]
 [ 0.0024268   0.          0.99999706  0.          0.          0.        ]
 [ 0.          0.0024268   0.          0.99999706  0.          0.        ]
 [ 0.          0.          0.          0.          1.          0.        ]
 [ 0.          0.          0.          0.          0.          1.        ]]
Param #7585: delta too small; RMS=2.2563e-06 mm
quads_tilt_fit #0.002425799881144846
delta_local #[0.00044321]
R1 #[[ 0.99999588  0.          0.002869    0.          0.          0.        ]
 [ 0.          0.99999588  0.          0.002869    0.          0.        ]
 [-0.002869    0.          0.99999588  0.          0.          0.        ]
 [ 0.         -0.002869    0.          0.99999588  0.          0.        ]
 [ 0.          0.          0.          0.          1.          0.        ]
 [ 0.          0.          0.          0.          0.          1.        ]]
R2 #[[ 0.99999588  0.         -0.002869    0.          0.          0.        ]
 [ 0.          0.99999588  0.         -0.002869    0.          0.        ]
 [ 0.002869    0.          0.99999588  0.          0.          0.        ]
 [ 0.          0.002869    0.          0.99999588  0.          0.        ]
 [ 0.          0.          0.          0.          1.          0.        ]
 [ 0.          0.          0.          0.          0.          1.        ]]
Param #7585: delta OK; RMS=0.0010005 mm
quads_tilt_fit #-0.000567722616577039
delta_local #[1.e-06]
R1 #[[ 9.99999839e-01  0.00000000e+00 -5.66722586e-04  0.00000000e+00
   0.00000000e+00  0.00000000e+00]
 [ 0.00000000e+00  9.99999839e-01  0.00000000e+00 -5.66722586e-04
   0.00000000e+00  0.00000000e+00]
 [ 5.66722586e-04  0.00000000e+00  9.99999839e-01  0.00000000e+00
   0.00000000e+00  0.00000000e+00]
 [ 0.00000000e+00  5.66722586e-04  0.00000000e+00  9.99999839e-01
   0.00000000e+00  0.00000000e+00]
 [ 0.00000000e+00  0.00000000e+00  0.00000000e+00  0.00000000e+00
   1.00000000e+00  0.00000000e+00]
 [ 0.00000000e+00  0.00000000e+00  0.00000000e+00  0.00000000e+00
   0.00000000e+00  1.00000000e+00]]
R2 #[[ 9.99999839e-01  0.00000000e+00  5.66722586e-04  0.00000000e+00
   0.00000000e+00  0.00000000e+00]
 [ 0.00000000e+00  9.99999839e-01  0.00000000e+00  5.66722586e-04
   0.00000000e+00  0.00000000e+00]
 [-5.66722586e-04  0.00000000e+00  9.99999839e-01  0.00000000e+00
   0.00000000e+00  0.00000000e+00]
 [ 0.00000000e+00 -5.66722586e-04  0.00000000e+00  9.99999839e-01
   0.00000000e+00  0.00000000e+00]
 [ 0.00000000e+00  0.00000000e+00  0.00000000e+00  0.00000000e+00
   1.00000000e+00  0.00000000e+00]
 [ 0.00000000e+00  0.00000000e+00  0.00000000e+00  0.00000000e+00
   0.00000000e+00  1.00000000e+00]]
Param #87: delta too small; RMS=2.1349e-06 mm
quads_tilt_fit #-0.000567722616577039
delta_local #[0.0004684]
R1 #[[ 9.99999995e-01  0.00000000e+00 -9.93230410e-05  0.00000000e+00
   0.00000000e+00  0.00000000e+00]
 [ 0.00000000e+00  9.99999995e-01  0.00000000e+00 -9.93230410e-05
   0.00000000e+00  0.00000000e+00]
 [ 9.93230410e-05  0.00000000e+00  9.99999995e-01  0.00000000e+00
   0.00000000e+00  0.00000000e+00]
 [ 0.00000000e+00  9.93230410e-05  0.00000000e+00  9.99999995e-01
   0.00000000e+00  0.00000000e+00]
 [ 0.00000000e+00  0.00000000e+00  0.00000000e+00  0.00000000e+00
   1.00000000e+00  0.00000000e+00]
 [ 0.00000000e+00  0.00000000e+00  0.00000000e+00  0.00000000e+00
   0.00000000e+00  1.00000000e+00]]
R2 #[[ 9.99999995e-01  0.00000000e+00  9.93230410e-05  0.00000000e+00
   0.00000000e+00  0.00000000e+00]
 [ 0.00000000e+00  9.99999995e-01  0.00000000e+00  9.93230410e-05
   0.00000000e+00  0.00000000e+00]
 [-9.93230410e-05  0.00000000e+00  9.99999995e-01  0.00000000e+00
   0.00000000e+00  0.00000000e+00]
 [ 0.00000000e+00 -9.93230410e-05  0.00000000e+00  9.99999995e-01
   0.00000000e+00  0.00000000e+00]
 [ 0.00000000e+00  0.00000000e+00  0.00000000e+00  0.00000000e+00
   1.00000000e+00  0.00000000e+00]
 [ 0.00000000e+00  0.00000000e+00  0.00000000e+00  0.00000000e+00
   0.00000000e+00  1.00000000e+00]]
Param #87: delta OK; RMS=0.0010006 mm
quads_tilt_fit #0.001274468134852373
delta_local #[1.e-06]
R1 #[[ 0.99999919  0.          0.00127547  0.          0.          0.        ]
 [ 0.          0.99999919  0.          0.00127547  0.          0.        ]
 [-0.00127547  0.          0.99999919  0.          0.          0.        ]
 [ 0.         -0.00127547  0.          0.99999919  0.          0.        ]
 [ 0.          0.          0.          0.          1.          0.        ]
 [ 0.          0.          0.          0.          0.          1.        ]]
R2 #[[ 0.99999919  0.         -0.00127547  0.          0.          0.        ]
 [ 0.          0.99999919  0.         -0.00127547  0.          0.        ]
 [ 0.00127547  0.          0.99999919  0.          0.          0.        ]
 [ 0.          0.00127547  0.          0.99999919  0.          0.        ]
 [ 0.          0.          0.          0.          1.          0.        ]
 [ 0.          0.          0.          0.          0.          1.        ]]
Param #106: delta too small; RMS=1.5592e-06 mm
quads_tilt_fit #0.001274468134852373
delta_local #[0.00064134]
R1 #[[ 0.99999816  0.          0.00191581  0.          0.          0.        ]
 [ 0.          0.99999816  0.          0.00191581  0.          0.        ]
 [-0.00191581  0.          0.99999816  0.          0.          0.        ]
 [ 0.         -0.00191581  0.          0.99999816  0.          0.        ]
 [ 0.          0.          0.          0.          1.          0.        ]
 [ 0.          0.          0.          0.          0.          1.        ]]
R2 #[[ 0.99999816  0.         -0.00191581  0.          0.          0.        ]
 [ 0.          0.99999816  0.         -0.00191581  0.          0.        ]
 [ 0.00191581  0.          0.99999816  0.          0.          0.        ]
 [ 0.          0.00191581  0.          0.99999816  0.          0.        ]
 [ 0.          0.          0.          0.          1.          0.        ]
 [ 0.          0.          0.          0.          0.          1.        ]]
Param #106: delta OK; RMS=0.00099975 mm
quads_tilt_fit #-1.2785920102347225e-06
delta_local #[1.e-06]
R1 #[[ 1.0000000e+00  0.0000000e+00 -2.7859201e-07  0.0000000e+00
   0.0000000e+00  0.0000000e+00]
 [ 0.0000000e+00  1.0000000e+00  0.0000000e+00 -2.7859201e-07
   0.0000000e+00  0.0000000e+00]
 [ 2.7859201e-07  0.0000000e+00  1.0000000e+00  0.0000000e+00
   0.0000000e+00  0.0000000e+00]
 [ 0.0000000e+00  2.7859201e-07  0.0000000e+00  1.0000000e+00
   0.0000000e+00  0.0000000e+00]
 [ 0.0000000e+00  0.0000000e+00  0.0000000e+00  0.0000000e+00
   1.0000000e+00  0.0000000e+00]
 [ 0.0000000e+00  0.0000000e+00  0.0000000e+00  0.0000000e+00
   0.0000000e+00  1.0000000e+00]]
R2 #[[ 1.0000000e+00  0.0000000e+00  2.7859201e-07  0.0000000e+00
   0.0000000e+00  0.0000000e+00]
 [ 0.0000000e+00  1.0000000e+00  0.0000000e+00  2.7859201e-07
   0.0000000e+00  0.0000000e+00]
 [-2.7859201e-07  0.0000000e+00  1.0000000e+00  0.0000000e+00
   0.0000000e+00  0.0000000e+00]
 [ 0.0000000e+00 -2.7859201e-07  0.0000000e+00  1.0000000e+00
   0.0000000e+00  0.0000000e+00]
 [ 0.0000000e+00  0.0000000e+00  0.0000000e+00  0.0000000e+00
   1.0000000e+00  0.0000000e+00]
 [ 0.0000000e+00  0.0000000e+00  0.0000000e+00  0.0000000e+00
   0.0000000e+00  1.0000000e+00]]
Param #125: delta too small; RMS=2.0416e-06 mm
quads_tilt_fit #-1.2785920102347225e-06
delta_local #[0.00048982]
R1 #[[ 9.99999881e-01  0.00000000e+00  4.88539932e-04  0.00000000e+00
   0.00000000e+00  0.00000000e+00]
 [ 0.00000000e+00  9.99999881e-01  0.00000000e+00  4.88539932e-04
   0.00000000e+00  0.00000000e+00]
 [-4.88539932e-04  0.00000000e+00  9.99999881e-01  0.00000000e+00
   0.00000000e+00  0.00000000e+00]
 [ 0.00000000e+00 -4.88539932e-04  0.00000000e+00  9.99999881e-01
   0.00000000e+00  0.00000000e+00]
 [ 0.00000000e+00  0.00000000e+00  0.00000000e+00  0.00000000e+00
   1.00000000e+00  0.00000000e+00]
 [ 0.00000000e+00  0.00000000e+00  0.00000000e+00  0.00000000e+00
   0.00000000e+00  1.00000000e+00]]
R2 #[[ 9.99999881e-01  0.00000000e+00 -4.88539932e-04  0.00000000e+00
   0.00000000e+00  0.00000000e+00]
 [ 0.00000000e+00  9.99999881e-01  0.00000000e+00 -4.88539932e-04
   0.00000000e+00  0.00000000e+00]
 [ 4.88539932e-04  0.00000000e+00  9.99999881e-01  0.00000000e+00
   0.00000000e+00  0.00000000e+00]
 [ 0.00000000e+00  4.88539932e-04  0.00000000e+00  9.99999881e-01
   0.00000000e+00  0.00000000e+00]
 [ 0.00000000e+00  0.00000000e+00  0.00000000e+00  0.00000000e+00
   1.00000000e+00  0.00000000e+00]
 [ 0.00000000e+00  0.00000000e+00  0.00000000e+00  0.00000000e+00
   0.00000000e+00  1.00000000e+00]]
Param #125: delta OK; RMS=0.0010002 mm
quads_tilt_fit #0.00032986902885034566
delta_local #[1.e-06]
R1 #[[ 9.99999945e-01  0.00000000e+00  3.30869023e-04  0.00000000e+00
   0.00000000e+00  0.00000000e+00]
 [ 0.00000000e+00  9.99999945e-01  0.00000000e+00  3.30869023e-04
   0.00000000e+00  0.00000000e+00]
 [-3.30869023e-04  0.00000000e+00  9.99999945e-01  0.00000000e+00
   0.00000000e+00  0.00000000e+00]
 [ 0.00000000e+00 -3.30869023e-04  0.00000000e+00  9.99999945e-01
   0.00000000e+00  0.00000000e+00]
 [ 0.00000000e+00  0.00000000e+00  0.00000000e+00  0.00000000e+00
   1.00000000e+00  0.00000000e+00]
 [ 0.00000000e+00  0.00000000e+00  0.00000000e+00  0.00000000e+00
   0.00000000e+00  1.00000000e+00]]
R2 #[[ 9.99999945e-01  0.00000000e+00 -3.30869023e-04  0.00000000e+00
   0.00000000e+00  0.00000000e+00]
 [ 0.00000000e+00  9.99999945e-01  0.00000000e+00 -3.30869023e-04
   0.00000000e+00  0.00000000e+00]
 [ 3.30869023e-04  0.00000000e+00  9.99999945e-01  0.00000000e+00
   0.00000000e+00  0.00000000e+00]
 [ 0.00000000e+00  3.30869023e-04  0.00000000e+00  9.99999945e-01
   0.00000000e+00  0.00000000e+00]
 [ 0.00000000e+00  0.00000000e+00  0.00000000e+00  0.00000000e+00
   1.00000000e+00  0.00000000e+00]
 [ 0.00000000e+00  0.00000000e+00  0.00000000e+00  0.00000000e+00
   0.00000000e+00  1.00000000e+00]]
Param #144: delta too small; RMS=1.8539e-06 mm
quads_tilt_fit #0.00032986902885034566
delta_local #[0.00053939]
R1 #[[ 9.99999622e-01  0.00000000e+00  8.69263355e-04  0.00000000e+00
   0.00000000e+00  0.00000000e+00]
 [ 0.00000000e+00  9.99999622e-01  0.00000000e+00  8.69263355e-04
   0.00000000e+00  0.00000000e+00]
 [-8.69263355e-04  0.00000000e+00  9.99999622e-01  0.00000000e+00
   0.00000000e+00  0.00000000e+00]
 [ 0.00000000e+00 -8.69263355e-04  0.00000000e+00  9.99999622e-01
   0.00000000e+00  0.00000000e+00]
 [ 0.00000000e+00  0.00000000e+00  0.00000000e+00  0.00000000e+00
   1.00000000e+00  0.00000000e+00]
 [ 0.00000000e+00  0.00000000e+00  0.00000000e+00  0.00000000e+00
   0.00000000e+00  1.00000000e+00]]
R2 #[[ 9.99999622e-01  0.00000000e+00 -8.69263355e-04  0.00000000e+00
   0.00000000e+00  0.00000000e+00]
 [ 0.00000000e+00  9.99999622e-01  0.00000000e+00 -8.69263355e-04
   0.00000000e+00  0.00000000e+00]
 [ 8.69263355e-04  0.00000000e+00  9.99999622e-01  0.00000000e+00
   0.00000000e+00  0.00000000e+00]
 [ 0.00000000e+00  8.69263355e-04  0.00000000e+00  9.99999622e-01
   0.00000000e+00  0.00000000e+00]
 [ 0.00000000e+00  0.00000000e+00  0.00000000e+00  0.00000000e+00
   1.00000000e+00  0.00000000e+00]
 [ 0.00000000e+00  0.00000000e+00  0.00000000e+00  0.00000000e+00
   0.00000000e+00  1.00000000e+00]]
Param #144: delta OK; RMS=0.0010004 mm
quads_tilt_fit #0.00010878683737777165
delta_local #[1.e-06]
R1 #[[ 9.99999994e-01  0.00000000e+00  1.09786837e-04  0.00000000e+00
   0.00000000e+00  0.00000000e+00]
 [ 0.00000000e+00  9.99999994e-01  0.00000000e+00  1.09786837e-04
   0.00000000e+00  0.00000000e+00]
 [-1.09786837e-04  0.00000000e+00  9.99999994e-01  0.00000000e+00
   0.00000000e+00  0.00000000e+00]
 [ 0.00000000e+00 -1.09786837e-04  0.00000000e+00  9.99999994e-01
   0.00000000e+00  0.00000000e+00]
 [ 0.00000000e+00  0.00000000e+00  0.00000000e+00  0.00000000e+00
   1.00000000e+00  0.00000000e+00]
 [ 0.00000000e+00  0.00000000e+00  0.00000000e+00  0.00000000e+00
   0.00000000e+00  1.00000000e+00]]
R2 #[[ 9.99999994e-01  0.00000000e+00 -1.09786837e-04  0.00000000e+00
   0.00000000e+00  0.00000000e+00]
 [ 0.00000000e+00  9.99999994e-01  0.00000000e+00 -1.09786837e-04
   0.00000000e+00  0.00000000e+00]
 [ 1.09786837e-04  0.00000000e+00  9.99999994e-01  0.00000000e+00
   0.00000000e+00  0.00000000e+00]
 [ 0.00000000e+00  1.09786837e-04  0.00000000e+00  9.99999994e-01
   0.00000000e+00  0.00000000e+00]
 [ 0.00000000e+00  0.00000000e+00  0.00000000e+00  0.00000000e+00
   1.00000000e+00  0.00000000e+00]
 [ 0.00000000e+00  0.00000000e+00  0.00000000e+00  0.00000000e+00
   0.00000000e+00  1.00000000e+00]]
Param #161: delta too small; RMS=1.7022e-06 mm
quads_tilt_fit #0.00010878683737777165
delta_local #[0.00058747]
R1 #[[ 9.99999758e-01  0.00000000e+00  6.96260720e-04  0.00000000e+00
   0.00000000e+00  0.00000000e+00]
 [ 0.00000000e+00  9.99999758e-01  0.00000000e+00  6.96260720e-04
   0.00000000e+00  0.00000000e+00]
 [-6.96260720e-04  0.00000000e+00  9.99999758e-01  0.00000000e+00
   0.00000000e+00  0.00000000e+00]
 [ 0.00000000e+00 -6.96260720e-04  0.00000000e+00  9.99999758e-01
   0.00000000e+00  0.00000000e+00]
 [ 0.00000000e+00  0.00000000e+00  0.00000000e+00  0.00000000e+00
   1.00000000e+00  0.00000000e+00]
 [ 0.00000000e+00  0.00000000e+00  0.00000000e+00  0.00000000e+00
   0.00000000e+00  1.00000000e+00]]
R2 #[[ 9.99999758e-01  0.00000000e+00 -6.96260720e-04  0.00000000e+00
   0.00000000e+00  0.00000000e+00]
 [ 0.00000000e+00  9.99999758e-01  0.00000000e+00 -6.96260720e-04
   0.00000000e+00  0.00000000e+00]
 [ 6.96260720e-04  0.00000000e+00  9.99999758e-01  0.00000000e+00
   0.00000000e+00  0.00000000e+00]
 [ 0.00000000e+00  6.96260720e-04  0.00000000e+00  9.99999758e-01
   0.00000000e+00  0.00000000e+00]
 [ 0.00000000e+00  0.00000000e+00  0.00000000e+00  0.00000000e+00
   1.00000000e+00  0.00000000e+00]
 [ 0.00000000e+00  0.00000000e+00  0.00000000e+00  0.00000000e+00
   0.00000000e+00  1.00000000e+00]]
Param #161: delta OK; RMS=0.0009996 mm
quads_tilt_fit #-0.0013728964665220458
delta_local #[1.e-06]
R1 #[[ 0.99999906  0.         -0.0013719   0.          0.          0.        ]
 [ 0.          0.99999906  0.         -0.0013719   0.          0.        ]
 [ 0.0013719   0.          0.99999906  0.          0.          0.        ]
 [ 0.          0.0013719   0.          0.99999906  0.          0.        ]
 [ 0.          0.          0.          0.          1.          0.        ]
 [ 0.          0.          0.          0.          0.          1.        ]]
R2 #[[ 0.99999906  0.          0.0013719   0.          0.          0.        ]
 [ 0.          0.99999906  0.          0.0013719   0.          0.        ]
 [-0.0013719   0.          0.99999906  0.          0.          0.        ]
 [ 0.         -0.0013719   0.          0.99999906  0.          0.        ]
 [ 0.          0.          0.          0.          1.          0.        ]
 [ 0.          0.          0.          0.          0.          1.        ]]
Param #180: delta too small; RMS=2.0786e-06 mm
quads_tilt_fit #-0.0013728964665220458
delta_local #[0.00048109]
R1 #[[ 9.99999602e-01  0.00000000e+00 -8.91802082e-04  0.00000000e+00
   0.00000000e+00  0.00000000e+00]
 [ 0.00000000e+00  9.99999602e-01  0.00000000e+00 -8.91802082e-04
   0.00000000e+00  0.00000000e+00]
 [ 8.91802082e-04  0.00000000e+00  9.99999602e-01  0.00000000e+00
   0.00000000e+00  0.00000000e+00]
 [ 0.00000000e+00  8.91802082e-04  0.00000000e+00  9.99999602e-01
   0.00000000e+00  0.00000000e+00]
 [ 0.00000000e+00  0.00000000e+00  0.00000000e+00  0.00000000e+00
   1.00000000e+00  0.00000000e+00]
 [ 0.00000000e+00  0.00000000e+00  0.00000000e+00  0.00000000e+00
   0.00000000e+00  1.00000000e+00]]
R2 #[[ 9.99999602e-01  0.00000000e+00  8.91802082e-04  0.00000000e+00
   0.00000000e+00  0.00000000e+00]
 [ 0.00000000e+00  9.99999602e-01  0.00000000e+00  8.91802082e-04
   0.00000000e+00  0.00000000e+00]
 [-8.91802082e-04  0.00000000e+00  9.99999602e-01  0.00000000e+00
   0.00000000e+00  0.00000000e+00]
 [ 0.00000000e+00 -8.91802082e-04  0.00000000e+00  9.99999602e-01
   0.00000000e+00  0.00000000e+00]
 [ 0.00000000e+00  0.00000000e+00  0.00000000e+00  0.00000000e+00
   1.00000000e+00  0.00000000e+00]
 [ 0.00000000e+00  0.00000000e+00  0.00000000e+00  0.00000000e+00
   0.00000000e+00  1.00000000e+00]]
Param #180: delta OK; RMS=0.0010005 mm
quads_tilt_fit #0.0013312555995574887
delta_local #[1.e-06]
R1 #[[ 0.99999911  0.          0.00133226  0.          0.          0.        ]
 [ 0.          0.99999911  0.          0.00133226  0.          0.        ]
 [-0.00133226  0.          0.99999911  0.          0.          0.        ]
 [ 0.         -0.00133226  0.          0.99999911  0.          0.        ]
 [ 0.          0.          0.          0.          1.          0.        ]
 [ 0.          0.          0.          0.          0.          1.        ]]
R2 #[[ 0.99999911  0.         -0.00133226  0.          0.          0.        ]
 [ 0.          0.99999911  0.         -0.00133226  0.          0.        ]
 [ 0.00133226  0.          0.99999911  0.          0.          0.        ]
 [ 0.          0.00133226  0.          0.99999911  0.          0.        ]
 [ 0.          0.          0.          0.          1.          0.        ]
 [ 0.          0.          0.          0.          0.          1.        ]]
Param #199: delta too small; RMS=1.5706e-06 mm
quads_tilt_fit #0.0013312555995574887
delta_local #[0.00063671]
R1 #[[ 0.99999806  0.          0.00196796  0.          0.          0.        ]
 [ 0.          0.99999806  0.          0.00196796  0.          0.        ]
 [-0.00196796  0.          0.99999806  0.          0.          0.        ]
 [ 0.         -0.00196796  0.          0.99999806  0.          0.        ]
 [ 0.          0.          0.          0.          1.          0.        ]
 [ 0.          0.          0.          0.          0.          1.        ]]
R2 #[[ 0.99999806  0.         -0.00196796  0.          0.          0.        ]
 [ 0.          0.99999806  0.         -0.00196796  0.          0.        ]
 [ 0.00196796  0.          0.99999806  0.          0.          0.        ]
 [ 0.          0.00196796  0.          0.99999806  0.          0.        ]
 [ 0.          0.          0.          0.          1.          0.        ]
 [ 0.          0.          0.          0.          0.          1.        ]]
Param #199: delta OK; RMS=0.00099968 mm
quads_tilt_fit #-0.0003906126202298499
delta_local #[1.e-06]
R1 #[[ 9.99999924e-01  0.00000000e+00 -3.89612610e-04  0.00000000e+00
   0.00000000e+00  0.00000000e+00]
 [ 0.00000000e+00  9.99999924e-01  0.00000000e+00 -3.89612610e-04
   0.00000000e+00  0.00000000e+00]
 [ 3.89612610e-04  0.00000000e+00  9.99999924e-01  0.00000000e+00
   0.00000000e+00  0.00000000e+00]
 [ 0.00000000e+00  3.89612610e-04  0.00000000e+00  9.99999924e-01
   0.00000000e+00  0.00000000e+00]
 [ 0.00000000e+00  0.00000000e+00  0.00000000e+00  0.00000000e+00
   1.00000000e+00  0.00000000e+00]
 [ 0.00000000e+00  0.00000000e+00  0.00000000e+00  0.00000000e+00
   0.00000000e+00  1.00000000e+00]]
R2 #[[ 9.99999924e-01  0.00000000e+00  3.89612610e-04  0.00000000e+00
   0.00000000e+00  0.00000000e+00]
 [ 0.00000000e+00  9.99999924e-01  0.00000000e+00  3.89612610e-04
   0.00000000e+00  0.00000000e+00]
 [-3.89612610e-04  0.00000000e+00  9.99999924e-01  0.00000000e+00
   0.00000000e+00  0.00000000e+00]
 [ 0.00000000e+00 -3.89612610e-04  0.00000000e+00  9.99999924e-01
   0.00000000e+00  0.00000000e+00]
 [ 0.00000000e+00  0.00000000e+00  0.00000000e+00  0.00000000e+00
   1.00000000e+00  0.00000000e+00]
 [ 0.00000000e+00  0.00000000e+00  0.00000000e+00  0.00000000e+00
   0.00000000e+00  1.00000000e+00]]
Param #218: delta too small; RMS=2.0635e-06 mm
quads_tilt_fit #-0.0003906126202298499
delta_local #[0.00048461]
R1 #[[ 9.99999996e-01  0.00000000e+00  9.39962474e-05  0.00000000e+00
   0.00000000e+00  0.00000000e+00]
 [ 0.00000000e+00  9.99999996e-01  0.00000000e+00  9.39962474e-05
   0.00000000e+00  0.00000000e+00]
 [-9.39962474e-05  0.00000000e+00  9.99999996e-01  0.00000000e+00
   0.00000000e+00  0.00000000e+00]
 [ 0.00000000e+00 -9.39962474e-05  0.00000000e+00  9.99999996e-01
   0.00000000e+00  0.00000000e+00]
 [ 0.00000000e+00  0.00000000e+00  0.00000000e+00  0.00000000e+00
   1.00000000e+00  0.00000000e+00]
 [ 0.00000000e+00  0.00000000e+00  0.00000000e+00  0.00000000e+00
   0.00000000e+00  1.00000000e+00]]
R2 #[[ 9.99999996e-01  0.00000000e+00 -9.39962474e-05  0.00000000e+00
   0.00000000e+00  0.00000000e+00]
 [ 0.00000000e+00  9.99999996e-01  0.00000000e+00 -9.39962474e-05
   0.00000000e+00  0.00000000e+00]
 [ 9.39962474e-05  0.00000000e+00  9.99999996e-01  0.00000000e+00
   0.00000000e+00  0.00000000e+00]
 [ 0.00000000e+00  9.39962474e-05  0.00000000e+00  9.99999996e-01
   0.00000000e+00  0.00000000e+00]
 [ 0.00000000e+00  0.00000000e+00  0.00000000e+00  0.00000000e+00
   1.00000000e+00  0.00000000e+00]
 [ 0.00000000e+00  0.00000000e+00  0.00000000e+00  0.00000000e+00
   0.00000000e+00  1.00000000e+00]]
Param #218: delta OK; RMS=0.0010003 mm
quads_tilt_fit #0.0008174241088881278
delta_local #[1.e-06]
R1 #[[ 9.99999665e-01  0.00000000e+00  8.18424018e-04  0.00000000e+00
   0.00000000e+00  0.00000000e+00]
 [ 0.00000000e+00  9.99999665e-01  0.00000000e+00  8.18424018e-04
   0.00000000e+00  0.00000000e+00]
 [-8.18424018e-04  0.00000000e+00  9.99999665e-01  0.00000000e+00
   0.00000000e+00  0.00000000e+00]
 [ 0.00000000e+00 -8.18424018e-04  0.00000000e+00  9.99999665e-01
   0.00000000e+00  0.00000000e+00]
 [ 0.00000000e+00  0.00000000e+00  0.00000000e+00  0.00000000e+00
   1.00000000e+00  0.00000000e+00]
 [ 0.00000000e+00  0.00000000e+00  0.00000000e+00  0.00000000e+00
   0.00000000e+00  1.00000000e+00]]
R2 #[[ 9.99999665e-01  0.00000000e+00 -8.18424018e-04  0.00000000e+00
   0.00000000e+00  0.00000000e+00]
 [ 0.00000000e+00  9.99999665e-01  0.00000000e+00 -8.18424018e-04
   0.00000000e+00  0.00000000e+00]
 [ 8.18424018e-04  0.00000000e+00  9.99999665e-01  0.00000000e+00
   0.00000000e+00  0.00000000e+00]
 [ 0.00000000e+00  8.18424018e-04  0.00000000e+00  9.99999665e-01
   0.00000000e+00  0.00000000e+00]
 [ 0.00000000e+00  0.00000000e+00  0.00000000e+00  0.00000000e+00
   1.00000000e+00  0.00000000e+00]
 [ 0.00000000e+00  0.00000000e+00  0.00000000e+00  0.00000000e+00
   0.00000000e+00  1.00000000e+00]]
Param #237: delta too small; RMS=1.8058e-06 mm
quads_tilt_fit #0.0008174241088881278
delta_local #[0.00055376]
R1 #[[ 0.99999906  0.          0.00137118  0.          0.          0.        ]
 [ 0.          0.99999906  0.          0.00137118  0.          0.        ]
 [-0.00137118  0.          0.99999906  0.          0.          0.        ]
 [ 0.         -0.00137118  0.          0.99999906  0.          0.        ]
 [ 0.          0.          0.          0.          1.          0.        ]
 [ 0.          0.          0.          0.          0.          1.        ]]
R2 #[[ 0.99999906  0.         -0.00137118  0.          0.          0.        ]
 [ 0.          0.99999906  0.         -0.00137118  0.          0.        ]
 [ 0.00137118  0.          0.99999906  0.          0.          0.        ]
 [ 0.          0.00137118  0.          0.99999906  0.          0.        ]
 [ 0.          0.          0.          0.          1.          0.        ]
 [ 0.          0.          0.          0.          0.          1.        ]]
Param #237: delta OK; RMS=0.0010002 mm
quads_tilt_fit #0.0005596741428220027
delta_local #[1.e-06]
R1 #[[ 9.99999843e-01  0.00000000e+00  5.60674113e-04  0.00000000e+00
   0.00000000e+00  0.00000000e+00]
 [ 0.00000000e+00  9.99999843e-01  0.00000000e+00  5.60674113e-04
   0.00000000e+00  0.00000000e+00]
 [-5.60674113e-04  0.00000000e+00  9.99999843e-01  0.00000000e+00
   0.00000000e+00  0.00000000e+00]
 [ 0.00000000e+00 -5.60674113e-04  0.00000000e+00  9.99999843e-01
   0.00000000e+00  0.00000000e+00]
 [ 0.00000000e+00  0.00000000e+00  0.00000000e+00  0.00000000e+00
   1.00000000e+00  0.00000000e+00]
 [ 0.00000000e+00  0.00000000e+00  0.00000000e+00  0.00000000e+00
   0.00000000e+00  1.00000000e+00]]
R2 #[[ 9.99999843e-01  0.00000000e+00 -5.60674113e-04  0.00000000e+00
   0.00000000e+00  0.00000000e+00]
 [ 0.00000000e+00  9.99999843e-01  0.00000000e+00 -5.60674113e-04
   0.00000000e+00  0.00000000e+00]
 [ 5.60674113e-04  0.00000000e+00  9.99999843e-01  0.00000000e+00
   0.00000000e+00  0.00000000e+00]
 [ 0.00000000e+00  5.60674113e-04  0.00000000e+00  9.99999843e-01
   0.00000000e+00  0.00000000e+00]
 [ 0.00000000e+00  0.00000000e+00  0.00000000e+00  0.00000000e+00
   1.00000000e+00  0.00000000e+00]
 [ 0.00000000e+00  0.00000000e+00  0.00000000e+00  0.00000000e+00
   0.00000000e+00  1.00000000e+00]]
Param #2468: delta too small; RMS=1.9047e-06 mm
quads_tilt_fit #0.0005596741428220027
delta_local #[0.00052503]
R1 #[[ 0.99999941  0.          0.0010847   0.          0.          0.        ]
 [ 0.          0.99999941  0.          0.0010847   0.          0.        ]
 [-0.0010847   0.          0.99999941  0.          0.          0.        ]
 [ 0.         -0.0010847   0.          0.99999941  0.          0.        ]
 [ 0.          0.          0.          0.          1.          0.        ]
 [ 0.          0.          0.          0.          0.          1.        ]]
R2 #[[ 0.99999941  0.         -0.0010847   0.          0.          0.        ]
 [ 0.          0.99999941  0.         -0.0010847   0.          0.        ]
 [ 0.0010847   0.          0.99999941  0.          0.          0.        ]
 [ 0.          0.0010847   0.          0.99999941  0.          0.        ]
 [ 0.          0.          0.          0.          1.          0.        ]
 [ 0.          0.          0.          0.          0.          1.        ]]
Param #2468: delta OK; RMS=0.0010005 mm
quads_tilt_fit #-0.00015375600551070033
delta_local #[1.e-06]
R1 #[[ 9.99999988e-01  0.00000000e+00 -1.52756005e-04  0.00000000e+00
   0.00000000e+00  0.00000000e+00]
 [ 0.00000000e+00  9.99999988e-01  0.00000000e+00 -1.52756005e-04
   0.00000000e+00  0.00000000e+00]
 [ 1.52756005e-04  0.00000000e+00  9.99999988e-01  0.00000000e+00
   0.00000000e+00  0.00000000e+00]
 [ 0.00000000e+00  1.52756005e-04  0.00000000e+00  9.99999988e-01
   0.00000000e+00  0.00000000e+00]
 [ 0.00000000e+00  0.00000000e+00  0.00000000e+00  0.00000000e+00
   1.00000000e+00  0.00000000e+00]
 [ 0.00000000e+00  0.00000000e+00  0.00000000e+00  0.00000000e+00
   0.00000000e+00  1.00000000e+00]]
R2 #[[ 9.99999988e-01  0.00000000e+00  1.52756005e-04  0.00000000e+00
   0.00000000e+00  0.00000000e+00]
 [ 0.00000000e+00  9.99999988e-01  0.00000000e+00  1.52756005e-04
   0.00000000e+00  0.00000000e+00]
 [-1.52756005e-04  0.00000000e+00  9.99999988e-01  0.00000000e+00
   0.00000000e+00  0.00000000e+00]
 [ 0.00000000e+00 -1.52756005e-04  0.00000000e+00  9.99999988e-01
   0.00000000e+00  0.00000000e+00]
 [ 0.00000000e+00  0.00000000e+00  0.00000000e+00  0.00000000e+00
   1.00000000e+00  0.00000000e+00]
 [ 0.00000000e+00  0.00000000e+00  0.00000000e+00  0.00000000e+00
   0.00000000e+00  1.00000000e+00]]
Param #2487: delta too small; RMS=1.6583e-06 mm
quads_tilt_fit #-0.00015375600551070033
delta_local #[0.00060302]
R1 #[[ 9.99999899e-01  0.00000000e+00  4.49261926e-04  0.00000000e+00
   0.00000000e+00  0.00000000e+00]
 [ 0.00000000e+00  9.99999899e-01  0.00000000e+00  4.49261926e-04
   0.00000000e+00  0.00000000e+00]
 [-4.49261926e-04  0.00000000e+00  9.99999899e-01  0.00000000e+00
   0.00000000e+00  0.00000000e+00]
 [ 0.00000000e+00 -4.49261926e-04  0.00000000e+00  9.99999899e-01
   0.00000000e+00  0.00000000e+00]
 [ 0.00000000e+00  0.00000000e+00  0.00000000e+00  0.00000000e+00
   1.00000000e+00  0.00000000e+00]
 [ 0.00000000e+00  0.00000000e+00  0.00000000e+00  0.00000000e+00
   0.00000000e+00  1.00000000e+00]]
R2 #[[ 9.99999899e-01  0.00000000e+00 -4.49261926e-04  0.00000000e+00
   0.00000000e+00  0.00000000e+00]
 [ 0.00000000e+00  9.99999899e-01  0.00000000e+00 -4.49261926e-04
   0.00000000e+00  0.00000000e+00]
 [ 4.49261926e-04  0.00000000e+00  9.99999899e-01  0.00000000e+00
   0.00000000e+00  0.00000000e+00]
 [ 0.00000000e+00  4.49261926e-04  0.00000000e+00  9.99999899e-01
   0.00000000e+00  0.00000000e+00]
 [ 0.00000000e+00  0.00000000e+00  0.00000000e+00  0.00000000e+00
   1.00000000e+00  0.00000000e+00]
 [ 0.00000000e+00  0.00000000e+00  0.00000000e+00  0.00000000e+00
   0.00000000e+00  1.00000000e+00]]
Param #2487: delta OK; RMS=0.0009998 mm
quads_tilt_fit #0.0015028428528380336
delta_local #[1.e-06]
R1 #[[ 0.99999887  0.          0.00150384  0.          0.          0.        ]
 [ 0.          0.99999887  0.          0.00150384  0.          0.        ]
 [-0.00150384  0.          0.99999887  0.          0.          0.        ]
 [ 0.         -0.00150384  0.          0.99999887  0.          0.        ]
 [ 0.          0.          0.          0.          1.          0.        ]
 [ 0.          0.          0.          0.          0.          1.        ]]
R2 #[[ 0.99999887  0.         -0.00150384  0.          0.          0.        ]
 [ 0.          0.99999887  0.         -0.00150384  0.          0.        ]
 [ 0.00150384  0.          0.99999887  0.          0.          0.        ]
 [ 0.          0.00150384  0.          0.99999887  0.          0.        ]
 [ 0.          0.          0.          0.          1.          0.        ]
 [ 0.          0.          0.          0.          0.          1.        ]]
Param #2506: delta too small; RMS=2.1853e-06 mm
quads_tilt_fit #0.0015028428528380336
delta_local #[0.00045761]
R1 #[[ 0.99999808  0.          0.00196045  0.          0.          0.        ]
 [ 0.          0.99999808  0.          0.00196045  0.          0.        ]
 [-0.00196045  0.          0.99999808  0.          0.          0.        ]
 [ 0.         -0.00196045  0.          0.99999808  0.          0.        ]
 [ 0.          0.          0.          0.          1.          0.        ]
 [ 0.          0.          0.          0.          0.          1.        ]]
R2 #[[ 0.99999808  0.         -0.00196045  0.          0.          0.        ]
 [ 0.          0.99999808  0.         -0.00196045  0.          0.        ]
 [ 0.00196045  0.          0.99999808  0.          0.          0.        ]
 [ 0.          0.00196045  0.          0.99999808  0.          0.        ]
 [ 0.          0.          0.          0.          1.          0.        ]
 [ 0.          0.          0.          0.          0.          1.        ]]
Param #2506: delta OK; RMS=0.0010002 mm
quads_tilt_fit #-0.0012714435469584832
delta_local #[1.e-06]
R1 #[[ 0.99999919  0.         -0.00127044  0.          0.          0.        ]
 [ 0.          0.99999919  0.         -0.00127044  0.          0.        ]
 [ 0.00127044  0.          0.99999919  0.          0.          0.        ]
 [ 0.          0.00127044  0.          0.99999919  0.          0.        ]
 [ 0.          0.          0.          0.          1.          0.        ]
 [ 0.          0.          0.          0.          0.          1.        ]]
R2 #[[ 0.99999919  0.          0.00127044  0.          0.          0.        ]
 [ 0.          0.99999919  0.          0.00127044  0.          0.        ]
 [-0.00127044  0.          0.99999919  0.          0.          0.        ]
 [ 0.         -0.00127044  0.          0.99999919  0.          0.        ]
 [ 0.          0.          0.          0.          1.          0.        ]
 [ 0.          0.          0.          0.          0.          1.        ]]
Param #2525: delta too small; RMS=1.5257e-06 mm
quads_tilt_fit #-0.0012714435469584832
delta_local #[0.00065542]
R1 #[[ 9.99999810e-01  0.00000000e+00 -6.16025083e-04  0.00000000e+00
   0.00000000e+00  0.00000000e+00]
 [ 0.00000000e+00  9.99999810e-01  0.00000000e+00 -6.16025083e-04
   0.00000000e+00  0.00000000e+00]
 [ 6.16025083e-04  0.00000000e+00  9.99999810e-01  0.00000000e+00
   0.00000000e+00  0.00000000e+00]
 [ 0.00000000e+00  6.16025083e-04  0.00000000e+00  9.99999810e-01
   0.00000000e+00  0.00000000e+00]
 [ 0.00000000e+00  0.00000000e+00  0.00000000e+00  0.00000000e+00
   1.00000000e+00  0.00000000e+00]
 [ 0.00000000e+00  0.00000000e+00  0.00000000e+00  0.00000000e+00
   0.00000000e+00  1.00000000e+00]]
R2 #[[ 9.99999810e-01  0.00000000e+00  6.16025083e-04  0.00000000e+00
   0.00000000e+00  0.00000000e+00]
 [ 0.00000000e+00  9.99999810e-01  0.00000000e+00  6.16025083e-04
   0.00000000e+00  0.00000000e+00]
 [-6.16025083e-04  0.00000000e+00  9.99999810e-01  0.00000000e+00
   0.00000000e+00  0.00000000e+00]
 [ 0.00000000e+00 -6.16025083e-04  0.00000000e+00  9.99999810e-01
   0.00000000e+00  0.00000000e+00]
 [ 0.00000000e+00  0.00000000e+00  0.00000000e+00  0.00000000e+00
   1.00000000e+00  0.00000000e+00]
 [ 0.00000000e+00  0.00000000e+00  0.00000000e+00  0.00000000e+00
   0.00000000e+00  1.00000000e+00]]
Param #2525: delta OK; RMS=0.0010004 mm
quads_tilt_fit #0.0007917924798848536
delta_local #[1.e-06]
R1 #[[ 9.99999686e-01  0.00000000e+00  7.92792397e-04  0.00000000e+00
   0.00000000e+00  0.00000000e+00]
 [ 0.00000000e+00  9.99999686e-01  0.00000000e+00  7.92792397e-04
   0.00000000e+00  0.00000000e+00]
 [-7.92792397e-04  0.00000000e+00  9.99999686e-01  0.00000000e+00
   0.00000000e+00  0.00000000e+00]
 [ 0.00000000e+00 -7.92792397e-04  0.00000000e+00  9.99999686e-01
   0.00000000e+00  0.00000000e+00]
 [ 0.00000000e+00  0.00000000e+00  0.00000000e+00  0.00000000e+00
   1.00000000e+00  0.00000000e+00]
 [ 0.00000000e+00  0.00000000e+00  0.00000000e+00  0.00000000e+00
   0.00000000e+00  1.00000000e+00]]
R2 #[[ 9.99999686e-01  0.00000000e+00 -7.92792397e-04  0.00000000e+00
   0.00000000e+00  0.00000000e+00]
 [ 0.00000000e+00  9.99999686e-01  0.00000000e+00 -7.92792397e-04
   0.00000000e+00  0.00000000e+00]
 [ 7.92792397e-04  0.00000000e+00  9.99999686e-01  0.00000000e+00
   0.00000000e+00  0.00000000e+00]
 [ 0.00000000e+00  7.92792397e-04  0.00000000e+00  9.99999686e-01
   0.00000000e+00  0.00000000e+00]
 [ 0.00000000e+00  0.00000000e+00  0.00000000e+00  0.00000000e+00
   1.00000000e+00  0.00000000e+00]
 [ 0.00000000e+00  0.00000000e+00  0.00000000e+00  0.00000000e+00
   0.00000000e+00  1.00000000e+00]]
Param #2544: delta too small; RMS=2.1075e-06 mm
quads_tilt_fit #0.0007917924798848536
delta_local #[0.00047449]
R1 #[[ 0.9999992   0.          0.00126628  0.          0.          0.        ]
 [ 0.          0.9999992   0.          0.00126628  0.          0.        ]
 [-0.00126628  0.          0.9999992   0.          0.          0.        ]
 [ 0.         -0.00126628  0.          0.9999992   0.          0.        ]
 [ 0.          0.          0.          0.          1.          0.        ]
 [ 0.          0.          0.          0.          0.          1.        ]]
R2 #[[ 0.9999992   0.         -0.00126628  0.          0.          0.        ]
 [ 0.          0.9999992   0.         -0.00126628  0.          0.        ]
 [ 0.00126628  0.          0.9999992   0.          0.          0.        ]
 [ 0.          0.00126628  0.          0.9999992   0.          0.        ]
 [ 0.          0.          0.          0.          1.          0.        ]
 [ 0.          0.          0.          0.          0.          1.        ]]
Param #2544: delta OK; RMS=0.00099973 mm
quads_tilt_fit #-0.0004097008738782015
delta_local #[1.e-06]
R1 #[[ 9.99999916e-01  0.00000000e+00 -4.08700863e-04  0.00000000e+00
   0.00000000e+00  0.00000000e+00]
 [ 0.00000000e+00  9.99999916e-01  0.00000000e+00 -4.08700863e-04
   0.00000000e+00  0.00000000e+00]
 [ 4.08700863e-04  0.00000000e+00  9.99999916e-01  0.00000000e+00
   0.00000000e+00  0.00000000e+00]
 [ 0.00000000e+00  4.08700863e-04  0.00000000e+00  9.99999916e-01
   0.00000000e+00  0.00000000e+00]
 [ 0.00000000e+00  0.00000000e+00  0.00000000e+00  0.00000000e+00
   1.00000000e+00  0.00000000e+00]
 [ 0.00000000e+00  0.00000000e+00  0.00000000e+00  0.00000000e+00
   0.00000000e+00  1.00000000e+00]]
R2 #[[ 9.99999916e-01  0.00000000e+00  4.08700863e-04  0.00000000e+00
   0.00000000e+00  0.00000000e+00]
 [ 0.00000000e+00  9.99999916e-01  0.00000000e+00  4.08700863e-04
   0.00000000e+00  0.00000000e+00]
 [-4.08700863e-04  0.00000000e+00  9.99999916e-01  0.00000000e+00
   0.00000000e+00  0.00000000e+00]
 [ 0.00000000e+00 -4.08700863e-04  0.00000000e+00  9.99999916e-01
   0.00000000e+00  0.00000000e+00]
 [ 0.00000000e+00  0.00000000e+00  0.00000000e+00  0.00000000e+00
   1.00000000e+00  0.00000000e+00]
 [ 0.00000000e+00  0.00000000e+00  0.00000000e+00  0.00000000e+00
   0.00000000e+00  1.00000000e+00]]
Param #2561: delta too small; RMS=1.8614e-06 mm
quads_tilt_fit #-0.0004097008738782015
delta_local #[0.00053722]
R1 #[[ 9.99999992e-01  0.00000000e+00  1.27517264e-04  0.00000000e+00
   0.00000000e+00  0.00000000e+00]
 [ 0.00000000e+00  9.99999992e-01  0.00000000e+00  1.27517264e-04
   0.00000000e+00  0.00000000e+00]
 [-1.27517264e-04  0.00000000e+00  9.99999992e-01  0.00000000e+00
   0.00000000e+00  0.00000000e+00]
 [ 0.00000000e+00 -1.27517264e-04  0.00000000e+00  9.99999992e-01
   0.00000000e+00  0.00000000e+00]
 [ 0.00000000e+00  0.00000000e+00  0.00000000e+00  0.00000000e+00
   1.00000000e+00  0.00000000e+00]
 [ 0.00000000e+00  0.00000000e+00  0.00000000e+00  0.00000000e+00
   0.00000000e+00  1.00000000e+00]]
R2 #[[ 9.99999992e-01  0.00000000e+00 -1.27517264e-04  0.00000000e+00
   0.00000000e+00  0.00000000e+00]
 [ 0.00000000e+00  9.99999992e-01  0.00000000e+00 -1.27517264e-04
   0.00000000e+00  0.00000000e+00]
 [ 1.27517264e-04  0.00000000e+00  9.99999992e-01  0.00000000e+00
   0.00000000e+00  0.00000000e+00]
 [ 0.00000000e+00  1.27517264e-04  0.00000000e+00  9.99999992e-01
   0.00000000e+00  0.00000000e+00]
 [ 0.00000000e+00  0.00000000e+00  0.00000000e+00  0.00000000e+00
   1.00000000e+00  0.00000000e+00]
 [ 0.00000000e+00  0.00000000e+00  0.00000000e+00  0.00000000e+00
   0.00000000e+00  1.00000000e+00]]
Param #2561: delta OK; RMS=0.0010006 mm
quads_tilt_fit #-0.00044082692737564406
delta_local #[1.e-06]
R1 #[[ 9.99999903e-01  0.00000000e+00 -4.39826913e-04  0.00000000e+00
   0.00000000e+00  0.00000000e+00]
 [ 0.00000000e+00  9.99999903e-01  0.00000000e+00 -4.39826913e-04
   0.00000000e+00  0.00000000e+00]
 [ 4.39826913e-04  0.00000000e+00  9.99999903e-01  0.00000000e+00
   0.00000000e+00  0.00000000e+00]
 [ 0.00000000e+00  4.39826913e-04  0.00000000e+00  9.99999903e-01
   0.00000000e+00  0.00000000e+00]
 [ 0.00000000e+00  0.00000000e+00  0.00000000e+00  0.00000000e+00
   1.00000000e+00  0.00000000e+00]
 [ 0.00000000e+00  0.00000000e+00  0.00000000e+00  0.00000000e+00
   0.00000000e+00  1.00000000e+00]]
R2 #[[ 9.99999903e-01  0.00000000e+00  4.39826913e-04  0.00000000e+00
   0.00000000e+00  0.00000000e+00]
 [ 0.00000000e+00  9.99999903e-01  0.00000000e+00  4.39826913e-04
   0.00000000e+00  0.00000000e+00]
 [-4.39826913e-04  0.00000000e+00  9.99999903e-01  0.00000000e+00
   0.00000000e+00  0.00000000e+00]
 [ 0.00000000e+00 -4.39826913e-04  0.00000000e+00  9.99999903e-01
   0.00000000e+00  0.00000000e+00]
 [ 0.00000000e+00  0.00000000e+00  0.00000000e+00  0.00000000e+00
   1.00000000e+00  0.00000000e+00]
 [ 0.00000000e+00  0.00000000e+00  0.00000000e+00  0.00000000e+00
   0.00000000e+00  1.00000000e+00]]
Param #2580: delta too small; RMS=1.7199e-06 mm
quads_tilt_fit #-0.00044082692737564406
delta_local #[0.00058142]
R1 #[[ 9.99999990e-01  0.00000000e+00  1.40596286e-04  0.00000000e+00
   0.00000000e+00  0.00000000e+00]
 [ 0.00000000e+00  9.99999990e-01  0.00000000e+00  1.40596286e-04
   0.00000000e+00  0.00000000e+00]
 [-1.40596286e-04  0.00000000e+00  9.99999990e-01  0.00000000e+00
   0.00000000e+00  0.00000000e+00]
 [ 0.00000000e+00 -1.40596286e-04  0.00000000e+00  9.99999990e-01
   0.00000000e+00  0.00000000e+00]
 [ 0.00000000e+00  0.00000000e+00  0.00000000e+00  0.00000000e+00
   1.00000000e+00  0.00000000e+00]
 [ 0.00000000e+00  0.00000000e+00  0.00000000e+00  0.00000000e+00
   0.00000000e+00  1.00000000e+00]]
R2 #[[ 9.99999990e-01  0.00000000e+00 -1.40596286e-04  0.00000000e+00
   0.00000000e+00  0.00000000e+00]
 [ 0.00000000e+00  9.99999990e-01  0.00000000e+00 -1.40596286e-04
   0.00000000e+00  0.00000000e+00]
 [ 1.40596286e-04  0.00000000e+00  9.99999990e-01  0.00000000e+00
   0.00000000e+00  0.00000000e+00]
 [ 0.00000000e+00  1.40596286e-04  0.00000000e+00  9.99999990e-01
   0.00000000e+00  0.00000000e+00]
 [ 0.00000000e+00  0.00000000e+00  0.00000000e+00  0.00000000e+00
   1.00000000e+00  0.00000000e+00]
 [ 0.00000000e+00  0.00000000e+00  0.00000000e+00  0.00000000e+00
   0.00000000e+00  1.00000000e+00]]
Param #2580: delta OK; RMS=0.00099965 mm
quads_tilt_fit #0.00012648420500255107
delta_local #[1.e-06]
R1 #[[ 9.99999992e-01  0.00000000e+00  1.27484205e-04  0.00000000e+00
   0.00000000e+00  0.00000000e+00]
 [ 0.00000000e+00  9.99999992e-01  0.00000000e+00  1.27484205e-04
   0.00000000e+00  0.00000000e+00]
 [-1.27484205e-04  0.00000000e+00  9.99999992e-01  0.00000000e+00
   0.00000000e+00  0.00000000e+00]
 [ 0.00000000e+00 -1.27484205e-04  0.00000000e+00  9.99999992e-01
   0.00000000e+00  0.00000000e+00]
 [ 0.00000000e+00  0.00000000e+00  0.00000000e+00  0.00000000e+00
   1.00000000e+00  0.00000000e+00]
 [ 0.00000000e+00  0.00000000e+00  0.00000000e+00  0.00000000e+00
   0.00000000e+00  1.00000000e+00]]
R2 #[[ 9.99999992e-01  0.00000000e+00 -1.27484205e-04  0.00000000e+00
   0.00000000e+00  0.00000000e+00]
 [ 0.00000000e+00  9.99999992e-01  0.00000000e+00 -1.27484205e-04
   0.00000000e+00  0.00000000e+00]
 [ 1.27484205e-04  0.00000000e+00  9.99999992e-01  0.00000000e+00
   0.00000000e+00  0.00000000e+00]
 [ 0.00000000e+00  1.27484205e-04  0.00000000e+00  9.99999992e-01
   0.00000000e+00  0.00000000e+00]
 [ 0.00000000e+00  0.00000000e+00  0.00000000e+00  0.00000000e+00
   1.00000000e+00  0.00000000e+00]
 [ 0.00000000e+00  0.00000000e+00  0.00000000e+00  0.00000000e+00
   0.00000000e+00  1.00000000e+00]]
Param #2599: delta too small; RMS=2.1683e-06 mm
quads_tilt_fit #0.00012648420500255107
delta_local #[0.00046119]
R1 #[[ 9.99999827e-01  0.00000000e+00  5.87674212e-04  0.00000000e+00
   0.00000000e+00  0.00000000e+00]
 [ 0.00000000e+00  9.99999827e-01  0.00000000e+00  5.87674212e-04
   0.00000000e+00  0.00000000e+00]
 [-5.87674212e-04  0.00000000e+00  9.99999827e-01  0.00000000e+00
   0.00000000e+00  0.00000000e+00]
 [ 0.00000000e+00 -5.87674212e-04  0.00000000e+00  9.99999827e-01
   0.00000000e+00  0.00000000e+00]
 [ 0.00000000e+00  0.00000000e+00  0.00000000e+00  0.00000000e+00
   1.00000000e+00  0.00000000e+00]
 [ 0.00000000e+00  0.00000000e+00  0.00000000e+00  0.00000000e+00
   0.00000000e+00  1.00000000e+00]]
R2 #[[ 9.99999827e-01  0.00000000e+00 -5.87674212e-04  0.00000000e+00
   0.00000000e+00  0.00000000e+00]
 [ 0.00000000e+00  9.99999827e-01  0.00000000e+00 -5.87674212e-04
   0.00000000e+00  0.00000000e+00]
 [ 5.87674212e-04  0.00000000e+00  9.99999827e-01  0.00000000e+00
   0.00000000e+00  0.00000000e+00]
 [ 0.00000000e+00  5.87674212e-04  0.00000000e+00  9.99999827e-01
   0.00000000e+00  0.00000000e+00]
 [ 0.00000000e+00  0.00000000e+00  0.00000000e+00  0.00000000e+00
   1.00000000e+00  0.00000000e+00]
 [ 0.00000000e+00  0.00000000e+00  0.00000000e+00  0.00000000e+00
   0.00000000e+00  1.00000000e+00]]
Param #2599: delta OK; RMS=0.0010002 mm
quads_tilt_fit #-0.0021737702669001944
delta_local #[1.e-06]
R1 #[[ 0.99999764  0.         -0.00217277  0.          0.          0.        ]
 [ 0.          0.99999764  0.         -0.00217277  0.          0.        ]
 [ 0.00217277  0.          0.99999764  0.          0.          0.        ]
 [ 0.          0.00217277  0.          0.99999764  0.          0.        ]
 [ 0.          0.          0.          0.          1.          0.        ]
 [ 0.          0.          0.          0.          0.          1.        ]]
R2 #[[ 0.99999764  0.          0.00217277  0.          0.          0.        ]
 [ 0.          0.99999764  0.          0.00217277  0.          0.        ]
 [-0.00217277  0.          0.99999764  0.          0.          0.        ]
 [ 0.         -0.00217277  0.          0.99999764  0.          0.        ]
 [ 0.          0.          0.          0.          1.          0.        ]
 [ 0.          0.          0.          0.          0.          1.        ]]
Param #2618: delta too small; RMS=1.4967e-06 mm
quads_tilt_fit #-0.0021737702669001944
delta_local #[0.00066812]
R1 #[[ 0.99999887  0.         -0.00150565  0.          0.          0.        ]
 [ 0.          0.99999887  0.         -0.00150565  0.          0.        ]
 [ 0.00150565  0.          0.99999887  0.          0.          0.        ]
 [ 0.          0.00150565  0.          0.99999887  0.          0.        ]
 [ 0.          0.          0.          0.          1.          0.        ]
 [ 0.          0.          0.          0.          0.          1.        ]]
R2 #[[ 0.99999887  0.          0.00150565  0.          0.          0.        ]
 [ 0.          0.99999887  0.          0.00150565  0.          0.        ]
 [-0.00150565  0.          0.99999887  0.          0.          0.        ]
 [ 0.         -0.00150565  0.          0.99999887  0.          0.        ]
 [ 0.          0.          0.          0.          1.          0.        ]
 [ 0.          0.          0.          0.          0.          1.        ]]
Param #2618: delta OK; RMS=0.0010003 mm
quads_tilt_fit #0.0005801192960440732
delta_local #[1.e-06]
R1 #[[ 9.99999831e-01  0.00000000e+00  5.81119263e-04  0.00000000e+00
   0.00000000e+00  0.00000000e+00]
 [ 0.00000000e+00  9.99999831e-01  0.00000000e+00  5.81119263e-04
   0.00000000e+00  0.00000000e+00]
 [-5.81119263e-04  0.00000000e+00  9.99999831e-01  0.00000000e+00
   0.00000000e+00  0.00000000e+00]
 [ 0.00000000e+00 -5.81119263e-04  0.00000000e+00  9.99999831e-01
   0.00000000e+00  0.00000000e+00]
 [ 0.00000000e+00  0.00000000e+00  0.00000000e+00  0.00000000e+00
   1.00000000e+00  0.00000000e+00]
 [ 0.00000000e+00  0.00000000e+00  0.00000000e+00  0.00000000e+00
   0.00000000e+00  1.00000000e+00]]
R2 #[[ 9.99999831e-01  0.00000000e+00 -5.81119263e-04  0.00000000e+00
   0.00000000e+00  0.00000000e+00]
 [ 0.00000000e+00  9.99999831e-01  0.00000000e+00 -5.81119263e-04
   0.00000000e+00  0.00000000e+00]
 [ 5.81119263e-04  0.00000000e+00  9.99999831e-01  0.00000000e+00
   0.00000000e+00  0.00000000e+00]
 [ 0.00000000e+00  5.81119263e-04  0.00000000e+00  9.99999831e-01
   0.00000000e+00  0.00000000e+00]
 [ 0.00000000e+00  0.00000000e+00  0.00000000e+00  0.00000000e+00
   1.00000000e+00  0.00000000e+00]
 [ 0.00000000e+00  0.00000000e+00  0.00000000e+00  0.00000000e+00
   0.00000000e+00  1.00000000e+00]]
Param #2786: delta too small; RMS=1.3942e-06 mm
quads_tilt_fit #0.0005801192960440732
delta_local #[0.00071725]
R1 #[[ 0.99999916  0.          0.00129737  0.          0.          0.        ]
 [ 0.          0.99999916  0.          0.00129737  0.          0.        ]
 [-0.00129737  0.          0.99999916  0.          0.          0.        ]
 [ 0.         -0.00129737  0.          0.99999916  0.          0.        ]
 [ 0.          0.          0.          0.          1.          0.        ]
 [ 0.          0.          0.          0.          0.          1.        ]]
R2 #[[ 0.99999916  0.         -0.00129737  0.          0.          0.        ]
 [ 0.          0.99999916  0.         -0.00129737  0.          0.        ]
 [ 0.00129737  0.          0.99999916  0.          0.          0.        ]
 [ 0.          0.00129737  0.          0.99999916  0.          0.        ]
 [ 0.          0.          0.          0.          1.          0.        ]
 [ 0.          0.          0.          0.          0.          1.        ]]
Param #2786: delta OK; RMS=0.0010005 mm
quads_tilt_fit #-0.00030644458021227797
delta_local #[1.e-06]
R1 #[[ 9.99999953e-01  0.00000000e+00 -3.05444575e-04  0.00000000e+00
   0.00000000e+00  0.00000000e+00]
 [ 0.00000000e+00  9.99999953e-01  0.00000000e+00 -3.05444575e-04
   0.00000000e+00  0.00000000e+00]
 [ 3.05444575e-04  0.00000000e+00  9.99999953e-01  0.00000000e+00
   0.00000000e+00  0.00000000e+00]
 [ 0.00000000e+00  3.05444575e-04  0.00000000e+00  9.99999953e-01
   0.00000000e+00  0.00000000e+00]
 [ 0.00000000e+00  0.00000000e+00  0.00000000e+00  0.00000000e+00
   1.00000000e+00  0.00000000e+00]
 [ 0.00000000e+00  0.00000000e+00  0.00000000e+00  0.00000000e+00
   0.00000000e+00  1.00000000e+00]]
R2 #[[ 9.99999953e-01  0.00000000e+00  3.05444575e-04  0.00000000e+00
   0.00000000e+00  0.00000000e+00]
 [ 0.00000000e+00  9.99999953e-01  0.00000000e+00  3.05444575e-04
   0.00000000e+00  0.00000000e+00]
 [-3.05444575e-04  0.00000000e+00  9.99999953e-01  0.00000000e+00
   0.00000000e+00  0.00000000e+00]
 [ 0.00000000e+00 -3.05444575e-04  0.00000000e+00  9.99999953e-01
   0.00000000e+00  0.00000000e+00]
 [ 0.00000000e+00  0.00000000e+00  0.00000000e+00  0.00000000e+00
   1.00000000e+00  0.00000000e+00]
 [ 0.00000000e+00  0.00000000e+00  0.00000000e+00  0.00000000e+00
   0.00000000e+00  1.00000000e+00]]
Param #2805: delta too small; RMS=2.2854e-06 mm
quads_tilt_fit #-0.00030644458021227797
delta_local #[0.00043757]
R1 #[[ 9.99999991e-01  0.00000000e+00  1.31121938e-04  0.00000000e+00
   0.00000000e+00  0.00000000e+00]
 [ 0.00000000e+00  9.99999991e-01  0.00000000e+00  1.31121938e-04
   0.00000000e+00  0.00000000e+00]
 [-1.31121938e-04  0.00000000e+00  9.99999991e-01  0.00000000e+00
   0.00000000e+00  0.00000000e+00]
 [ 0.00000000e+00 -1.31121938e-04  0.00000000e+00  9.99999991e-01
   0.00000000e+00  0.00000000e+00]
 [ 0.00000000e+00  0.00000000e+00  0.00000000e+00  0.00000000e+00
   1.00000000e+00  0.00000000e+00]
 [ 0.00000000e+00  0.00000000e+00  0.00000000e+00  0.00000000e+00
   0.00000000e+00  1.00000000e+00]]
R2 #[[ 9.99999991e-01  0.00000000e+00 -1.31121938e-04  0.00000000e+00
   0.00000000e+00  0.00000000e+00]
 [ 0.00000000e+00  9.99999991e-01  0.00000000e+00 -1.31121938e-04
   0.00000000e+00  0.00000000e+00]
 [ 1.31121938e-04  0.00000000e+00  9.99999991e-01  0.00000000e+00
   0.00000000e+00  0.00000000e+00]
 [ 0.00000000e+00  1.31121938e-04  0.00000000e+00  9.99999991e-01
   0.00000000e+00  0.00000000e+00]
 [ 0.00000000e+00  0.00000000e+00  0.00000000e+00  0.00000000e+00
   1.00000000e+00  0.00000000e+00]
 [ 0.00000000e+00  0.00000000e+00  0.00000000e+00  0.00000000e+00
   0.00000000e+00  1.00000000e+00]]
Param #2805: delta OK; RMS=0.00099945 mm
quads_tilt_fit #0.000850156448242458
delta_local #[1.e-06]
R1 #[[ 9.99999638e-01  0.00000000e+00  8.51156345e-04  0.00000000e+00
   0.00000000e+00  0.00000000e+00]
 [ 0.00000000e+00  9.99999638e-01  0.00000000e+00  8.51156345e-04
   0.00000000e+00  0.00000000e+00]
 [-8.51156345e-04  0.00000000e+00  9.99999638e-01  0.00000000e+00
   0.00000000e+00  0.00000000e+00]
 [ 0.00000000e+00 -8.51156345e-04  0.00000000e+00  9.99999638e-01
   0.00000000e+00  0.00000000e+00]
 [ 0.00000000e+00  0.00000000e+00  0.00000000e+00  0.00000000e+00
   1.00000000e+00  0.00000000e+00]
 [ 0.00000000e+00  0.00000000e+00  0.00000000e+00  0.00000000e+00
   0.00000000e+00  1.00000000e+00]]
R2 #[[ 9.99999638e-01  0.00000000e+00 -8.51156345e-04  0.00000000e+00
   0.00000000e+00  0.00000000e+00]
 [ 0.00000000e+00  9.99999638e-01  0.00000000e+00 -8.51156345e-04
   0.00000000e+00  0.00000000e+00]
 [ 8.51156345e-04  0.00000000e+00  9.99999638e-01  0.00000000e+00
   0.00000000e+00  0.00000000e+00]
 [ 0.00000000e+00  8.51156345e-04  0.00000000e+00  9.99999638e-01
   0.00000000e+00  0.00000000e+00]
 [ 0.00000000e+00  0.00000000e+00  0.00000000e+00  0.00000000e+00
   1.00000000e+00  0.00000000e+00]
 [ 0.00000000e+00  0.00000000e+00  0.00000000e+00  0.00000000e+00
   0.00000000e+00  1.00000000e+00]]
Param #2824: delta too small; RMS=1.6875e-06 mm
quads_tilt_fit #0.000850156448242458
delta_local #[0.00059259]
R1 #[[ 0.99999896  0.          0.00144274  0.          0.          0.        ]
 [ 0.          0.99999896  0.          0.00144274  0.          0.        ]
 [-0.00144274  0.          0.99999896  0.          0.          0.        ]
 [ 0.         -0.00144274  0.          0.99999896  0.          0.        ]
 [ 0.          0.          0.          0.          1.          0.        ]
 [ 0.          0.          0.          0.          0.          1.        ]]
R2 #[[ 0.99999896  0.         -0.00144274  0.          0.          0.        ]
 [ 0.          0.99999896  0.         -0.00144274  0.          0.        ]
 [ 0.00144274  0.          0.99999896  0.          0.          0.        ]
 [ 0.          0.00144274  0.          0.99999896  0.          0.        ]
 [ 0.          0.          0.          0.          1.          0.        ]
 [ 0.          0.          0.          0.          0.          1.        ]]
Param #2824: delta OK; RMS=0.00099998 mm
quads_tilt_fit #0.00040717990045138416
delta_local #[1.e-06]
R1 #[[ 9.99999917e-01  0.00000000e+00  4.08179889e-04  0.00000000e+00
   0.00000000e+00  0.00000000e+00]
 [ 0.00000000e+00  9.99999917e-01  0.00000000e+00  4.08179889e-04
   0.00000000e+00  0.00000000e+00]
 [-4.08179889e-04  0.00000000e+00  9.99999917e-01  0.00000000e+00
   0.00000000e+00  0.00000000e+00]
 [ 0.00000000e+00 -4.08179889e-04  0.00000000e+00  9.99999917e-01
   0.00000000e+00  0.00000000e+00]
 [ 0.00000000e+00  0.00000000e+00  0.00000000e+00  0.00000000e+00
   1.00000000e+00  0.00000000e+00]
 [ 0.00000000e+00  0.00000000e+00  0.00000000e+00  0.00000000e+00
   0.00000000e+00  1.00000000e+00]]
R2 #[[ 9.99999917e-01  0.00000000e+00 -4.08179889e-04  0.00000000e+00
   0.00000000e+00  0.00000000e+00]
 [ 0.00000000e+00  9.99999917e-01  0.00000000e+00 -4.08179889e-04
   0.00000000e+00  0.00000000e+00]
 [ 4.08179889e-04  0.00000000e+00  9.99999917e-01  0.00000000e+00
   0.00000000e+00  0.00000000e+00]
 [ 0.00000000e+00  4.08179889e-04  0.00000000e+00  9.99999917e-01
   0.00000000e+00  0.00000000e+00]
 [ 0.00000000e+00  0.00000000e+00  0.00000000e+00  0.00000000e+00
   1.00000000e+00  0.00000000e+00]
 [ 0.00000000e+00  0.00000000e+00  0.00000000e+00  0.00000000e+00
   0.00000000e+00  1.00000000e+00]]
Param #2843: delta too small; RMS=1.8074e-06 mm
quads_tilt_fit #0.00040717990045138416
delta_local #[0.00055329]
R1 #[[ 9.99999539e-01  0.00000000e+00  9.60474524e-04  0.00000000e+00
   0.00000000e+00  0.00000000e+00]
 [ 0.00000000e+00  9.99999539e-01  0.00000000e+00  9.60474524e-04
   0.00000000e+00  0.00000000e+00]
 [-9.60474524e-04  0.00000000e+00  9.99999539e-01  0.00000000e+00
   0.00000000e+00  0.00000000e+00]
 [ 0.00000000e+00 -9.60474524e-04  0.00000000e+00  9.99999539e-01
   0.00000000e+00  0.00000000e+00]
 [ 0.00000000e+00  0.00000000e+00  0.00000000e+00  0.00000000e+00
   1.00000000e+00  0.00000000e+00]
 [ 0.00000000e+00  0.00000000e+00  0.00000000e+00  0.00000000e+00
   0.00000000e+00  1.00000000e+00]]
R2 #[[ 9.99999539e-01  0.00000000e+00 -9.60474524e-04  0.00000000e+00
   0.00000000e+00  0.00000000e+00]
 [ 0.00000000e+00  9.99999539e-01  0.00000000e+00 -9.60474524e-04
   0.00000000e+00  0.00000000e+00]
 [ 9.60474524e-04  0.00000000e+00  9.99999539e-01  0.00000000e+00
   0.00000000e+00  0.00000000e+00]
 [ 0.00000000e+00  9.60474524e-04  0.00000000e+00  9.99999539e-01
   0.00000000e+00  0.00000000e+00]
 [ 0.00000000e+00  0.00000000e+00  0.00000000e+00  0.00000000e+00
   1.00000000e+00  0.00000000e+00]
 [ 0.00000000e+00  0.00000000e+00  0.00000000e+00  0.00000000e+00
   0.00000000e+00  1.00000000e+00]]
Param #2843: delta OK; RMS=0.00099985 mm
quads_tilt_fit #0.000978313222288917
delta_local #[1.e-06]
R1 #[[ 9.99999520e-01  0.00000000e+00  9.79313066e-04  0.00000000e+00
   0.00000000e+00  0.00000000e+00]
 [ 0.00000000e+00  9.99999520e-01  0.00000000e+00  9.79313066e-04
   0.00000000e+00  0.00000000e+00]
 [-9.79313066e-04  0.00000000e+00  9.99999520e-01  0.00000000e+00
   0.00000000e+00  0.00000000e+00]
 [ 0.00000000e+00 -9.79313066e-04  0.00000000e+00  9.99999520e-01
   0.00000000e+00  0.00000000e+00]
 [ 0.00000000e+00  0.00000000e+00  0.00000000e+00  0.00000000e+00
   1.00000000e+00  0.00000000e+00]
 [ 0.00000000e+00  0.00000000e+00  0.00000000e+00  0.00000000e+00
   0.00000000e+00  1.00000000e+00]]
R2 #[[ 9.99999520e-01  0.00000000e+00 -9.79313066e-04  0.00000000e+00
   0.00000000e+00  0.00000000e+00]
 [ 0.00000000e+00  9.99999520e-01  0.00000000e+00 -9.79313066e-04
   0.00000000e+00  0.00000000e+00]
 [ 9.79313066e-04  0.00000000e+00  9.99999520e-01  0.00000000e+00
   0.00000000e+00  0.00000000e+00]
 [ 0.00000000e+00  9.79313066e-04  0.00000000e+00  9.99999520e-01
   0.00000000e+00  0.00000000e+00]
 [ 0.00000000e+00  0.00000000e+00  0.00000000e+00  0.00000000e+00
   1.00000000e+00  0.00000000e+00]
 [ 0.00000000e+00  0.00000000e+00  0.00000000e+00  0.00000000e+00
   0.00000000e+00  1.00000000e+00]]
Param #2860: delta too small; RMS=2.2282e-06 mm
quads_tilt_fit #0.000978313222288917
delta_local #[0.00044879]
R1 #[[ 0.99999898  0.          0.0014271   0.          0.          0.        ]
 [ 0.          0.99999898  0.          0.0014271   0.          0.        ]
 [-0.0014271   0.          0.99999898  0.          0.          0.        ]
 [ 0.         -0.0014271   0.          0.99999898  0.          0.        ]
 [ 0.          0.          0.          0.          1.          0.        ]
 [ 0.          0.          0.          0.          0.          1.        ]]
R2 #[[ 0.99999898  0.         -0.0014271   0.          0.          0.        ]
 [ 0.          0.99999898  0.         -0.0014271   0.          0.        ]
 [ 0.0014271   0.          0.99999898  0.          0.          0.        ]
 [ 0.          0.0014271   0.          0.99999898  0.          0.        ]
 [ 0.          0.          0.          0.          1.          0.        ]
 [ 0.          0.          0.          0.          0.          1.        ]]
Param #2860: delta OK; RMS=0.00099953 mm
quads_tilt_fit #0.000330131483054109
delta_local #[1.e-06]
R1 #[[ 9.99999945e-01  0.00000000e+00  3.31131477e-04  0.00000000e+00
   0.00000000e+00  0.00000000e+00]
 [ 0.00000000e+00  9.99999945e-01  0.00000000e+00  3.31131477e-04
   0.00000000e+00  0.00000000e+00]
 [-3.31131477e-04  0.00000000e+00  9.99999945e-01  0.00000000e+00
   0.00000000e+00  0.00000000e+00]
 [ 0.00000000e+00 -3.31131477e-04  0.00000000e+00  9.99999945e-01
   0.00000000e+00  0.00000000e+00]
 [ 0.00000000e+00  0.00000000e+00  0.00000000e+00  0.00000000e+00
   1.00000000e+00  0.00000000e+00]
 [ 0.00000000e+00  0.00000000e+00  0.00000000e+00  0.00000000e+00
   0.00000000e+00  1.00000000e+00]]
R2 #[[ 9.99999945e-01  0.00000000e+00 -3.31131477e-04  0.00000000e+00
   0.00000000e+00  0.00000000e+00]
 [ 0.00000000e+00  9.99999945e-01  0.00000000e+00 -3.31131477e-04
   0.00000000e+00  0.00000000e+00]
 [ 3.31131477e-04  0.00000000e+00  9.99999945e-01  0.00000000e+00
   0.00000000e+00  0.00000000e+00]
 [ 0.00000000e+00  3.31131477e-04  0.00000000e+00  9.99999945e-01
   0.00000000e+00  0.00000000e+00]
 [ 0.00000000e+00  0.00000000e+00  0.00000000e+00  0.00000000e+00
   1.00000000e+00  0.00000000e+00]
 [ 0.00000000e+00  0.00000000e+00  0.00000000e+00  0.00000000e+00
   0.00000000e+00  1.00000000e+00]]
Param #2879: delta too small; RMS=1.4085e-06 mm
quads_tilt_fit #0.000330131483054109
delta_local #[0.00070999]
R1 #[[ 0.99999946  0.          0.00104012  0.          0.          0.        ]
 [ 0.          0.99999946  0.          0.00104012  0.          0.        ]
 [-0.00104012  0.          0.99999946  0.          0.          0.        ]
 [ 0.         -0.00104012  0.          0.99999946  0.          0.        ]
 [ 0.          0.          0.          0.          1.          0.        ]
 [ 0.          0.          0.          0.          0.          1.        ]]
R2 #[[ 0.99999946  0.         -0.00104012  0.          0.          0.        ]
 [ 0.          0.99999946  0.         -0.00104012  0.          0.        ]
 [ 0.00104012  0.          0.99999946  0.          0.          0.        ]
 [ 0.          0.00104012  0.          0.99999946  0.          0.        ]
 [ 0.          0.          0.          0.          1.          0.        ]
 [ 0.          0.          0.          0.          0.          1.        ]]
Param #2879: delta OK; RMS=0.0010004 mm
quads_tilt_fit #-0.00022391945055532923
delta_local #[1.e-06]
R1 #[[ 9.99999975e-01  0.00000000e+00 -2.22919449e-04  0.00000000e+00
   0.00000000e+00  0.00000000e+00]
 [ 0.00000000e+00  9.99999975e-01  0.00000000e+00 -2.22919449e-04
   0.00000000e+00  0.00000000e+00]
 [ 2.22919449e-04  0.00000000e+00  9.99999975e-01  0.00000000e+00
   0.00000000e+00  0.00000000e+00]
 [ 0.00000000e+00  2.22919449e-04  0.00000000e+00  9.99999975e-01
   0.00000000e+00  0.00000000e+00]
 [ 0.00000000e+00  0.00000000e+00  0.00000000e+00  0.00000000e+00
   1.00000000e+00  0.00000000e+00]
 [ 0.00000000e+00  0.00000000e+00  0.00000000e+00  0.00000000e+00
   0.00000000e+00  1.00000000e+00]]
R2 #[[ 9.99999975e-01  0.00000000e+00  2.22919449e-04  0.00000000e+00
   0.00000000e+00  0.00000000e+00]
 [ 0.00000000e+00  9.99999975e-01  0.00000000e+00  2.22919449e-04
   0.00000000e+00  0.00000000e+00]
 [-2.22919449e-04  0.00000000e+00  9.99999975e-01  0.00000000e+00
   0.00000000e+00  0.00000000e+00]
 [ 0.00000000e+00 -2.22919449e-04  0.00000000e+00  9.99999975e-01
   0.00000000e+00  0.00000000e+00]
 [ 0.00000000e+00  0.00000000e+00  0.00000000e+00  0.00000000e+00
   1.00000000e+00  0.00000000e+00]
 [ 0.00000000e+00  0.00000000e+00  0.00000000e+00  0.00000000e+00
   0.00000000e+00  1.00000000e+00]]
Param #2898: delta too small; RMS=2.3327e-06 mm
quads_tilt_fit #-0.00022391945055532923
delta_local #[0.00042868]
R1 #[[ 9.99999979e-01  0.00000000e+00  2.04764063e-04  0.00000000e+00
   0.00000000e+00  0.00000000e+00]
 [ 0.00000000e+00  9.99999979e-01  0.00000000e+00  2.04764063e-04
   0.00000000e+00  0.00000000e+00]
 [-2.04764063e-04  0.00000000e+00  9.99999979e-01  0.00000000e+00
   0.00000000e+00  0.00000000e+00]
 [ 0.00000000e+00 -2.04764063e-04  0.00000000e+00  9.99999979e-01
   0.00000000e+00  0.00000000e+00]
 [ 0.00000000e+00  0.00000000e+00  0.00000000e+00  0.00000000e+00
   1.00000000e+00  0.00000000e+00]
 [ 0.00000000e+00  0.00000000e+00  0.00000000e+00  0.00000000e+00
   0.00000000e+00  1.00000000e+00]]
R2 #[[ 9.99999979e-01  0.00000000e+00 -2.04764063e-04  0.00000000e+00
   0.00000000e+00  0.00000000e+00]
 [ 0.00000000e+00  9.99999979e-01  0.00000000e+00 -2.04764063e-04
   0.00000000e+00  0.00000000e+00]
 [ 2.04764063e-04  0.00000000e+00  9.99999979e-01  0.00000000e+00
   0.00000000e+00  0.00000000e+00]
 [ 0.00000000e+00  2.04764063e-04  0.00000000e+00  9.99999979e-01
   0.00000000e+00  0.00000000e+00]
 [ 0.00000000e+00  0.00000000e+00  0.00000000e+00  0.00000000e+00
   1.00000000e+00  0.00000000e+00]
 [ 0.00000000e+00  0.00000000e+00  0.00000000e+00  0.00000000e+00
   0.00000000e+00  1.00000000e+00]]
Param #2898: delta OK; RMS=0.00099941 mm
quads_tilt_fit #-0.00025466433073394
delta_local #[1.e-06]
R1 #[[ 9.99999968e-01  0.00000000e+00 -2.53664328e-04  0.00000000e+00
   0.00000000e+00  0.00000000e+00]
 [ 0.00000000e+00  9.99999968e-01  0.00000000e+00 -2.53664328e-04
   0.00000000e+00  0.00000000e+00]
 [ 2.53664328e-04  0.00000000e+00  9.99999968e-01  0.00000000e+00
   0.00000000e+00  0.00000000e+00]
 [ 0.00000000e+00  2.53664328e-04  0.00000000e+00  9.99999968e-01
   0.00000000e+00  0.00000000e+00]
 [ 0.00000000e+00  0.00000000e+00  0.00000000e+00  0.00000000e+00
   1.00000000e+00  0.00000000e+00]
 [ 0.00000000e+00  0.00000000e+00  0.00000000e+00  0.00000000e+00
   0.00000000e+00  1.00000000e+00]]
R2 #[[ 9.99999968e-01  0.00000000e+00  2.53664328e-04  0.00000000e+00
   0.00000000e+00  0.00000000e+00]
 [ 0.00000000e+00  9.99999968e-01  0.00000000e+00  2.53664328e-04
   0.00000000e+00  0.00000000e+00]
 [-2.53664328e-04  0.00000000e+00  9.99999968e-01  0.00000000e+00
   0.00000000e+00  0.00000000e+00]
 [ 0.00000000e+00 -2.53664328e-04  0.00000000e+00  9.99999968e-01
   0.00000000e+00  0.00000000e+00]
 [ 0.00000000e+00  0.00000000e+00  0.00000000e+00  0.00000000e+00
   1.00000000e+00  0.00000000e+00]
 [ 0.00000000e+00  0.00000000e+00  0.00000000e+00  0.00000000e+00
   0.00000000e+00  1.00000000e+00]]
Param #2917: delta too small; RMS=1.621e-06 mm
quads_tilt_fit #-0.00025466433073394
delta_local #[0.0006169]
R1 #[[ 9.99999934e-01  0.00000000e+00  3.62234320e-04  0.00000000e+00
   0.00000000e+00  0.00000000e+00]
 [ 0.00000000e+00  9.99999934e-01  0.00000000e+00  3.62234320e-04
   0.00000000e+00  0.00000000e+00]
 [-3.62234320e-04  0.00000000e+00  9.99999934e-01  0.00000000e+00
   0.00000000e+00  0.00000000e+00]
 [ 0.00000000e+00 -3.62234320e-04  0.00000000e+00  9.99999934e-01
   0.00000000e+00  0.00000000e+00]
 [ 0.00000000e+00  0.00000000e+00  0.00000000e+00  0.00000000e+00
   1.00000000e+00  0.00000000e+00]
 [ 0.00000000e+00  0.00000000e+00  0.00000000e+00  0.00000000e+00
   0.00000000e+00  1.00000000e+00]]
R2 #[[ 9.99999934e-01  0.00000000e+00 -3.62234320e-04  0.00000000e+00
   0.00000000e+00  0.00000000e+00]
 [ 0.00000000e+00  9.99999934e-01  0.00000000e+00 -3.62234320e-04
   0.00000000e+00  0.00000000e+00]
 [ 3.62234320e-04  0.00000000e+00  9.99999934e-01  0.00000000e+00
   0.00000000e+00  0.00000000e+00]
 [ 0.00000000e+00  3.62234320e-04  0.00000000e+00  9.99999934e-01
   0.00000000e+00  0.00000000e+00]
 [ 0.00000000e+00  0.00000000e+00  0.00000000e+00  0.00000000e+00
   1.00000000e+00  0.00000000e+00]
 [ 0.00000000e+00  0.00000000e+00  0.00000000e+00  0.00000000e+00
   0.00000000e+00  1.00000000e+00]]
Param #2917: delta OK; RMS=0.0010001 mm
quads_tilt_fit #0.0004256395386158312
delta_local #[1.e-06]
R1 #[[ 9.99999909e-01  0.00000000e+00  4.26639526e-04  0.00000000e+00
   0.00000000e+00  0.00000000e+00]
 [ 0.00000000e+00  9.99999909e-01  0.00000000e+00  4.26639526e-04
   0.00000000e+00  0.00000000e+00]
 [-4.26639526e-04  0.00000000e+00  9.99999909e-01  0.00000000e+00
   0.00000000e+00  0.00000000e+00]
 [ 0.00000000e+00 -4.26639526e-04  0.00000000e+00  9.99999909e-01
   0.00000000e+00  0.00000000e+00]
 [ 0.00000000e+00  0.00000000e+00  0.00000000e+00  0.00000000e+00
   1.00000000e+00  0.00000000e+00]
 [ 0.00000000e+00  0.00000000e+00  0.00000000e+00  0.00000000e+00
   0.00000000e+00  1.00000000e+00]]
R2 #[[ 9.99999909e-01  0.00000000e+00 -4.26639526e-04  0.00000000e+00
   0.00000000e+00  0.00000000e+00]
 [ 0.00000000e+00  9.99999909e-01  0.00000000e+00 -4.26639526e-04
   0.00000000e+00  0.00000000e+00]
 [ 4.26639526e-04  0.00000000e+00  9.99999909e-01  0.00000000e+00
   0.00000000e+00  0.00000000e+00]
 [ 0.00000000e+00  4.26639526e-04  0.00000000e+00  9.99999909e-01
   0.00000000e+00  0.00000000e+00]
 [ 0.00000000e+00  0.00000000e+00  0.00000000e+00  0.00000000e+00
   1.00000000e+00  0.00000000e+00]
 [ 0.00000000e+00  0.00000000e+00  0.00000000e+00  0.00000000e+00
   0.00000000e+00  1.00000000e+00]]
Param #2936: delta too small; RMS=1.879e-06 mm
quads_tilt_fit #0.0004256395386158312
delta_local #[0.00053219]
R1 #[[ 9.99999541e-01  0.00000000e+00  9.57825226e-04  0.00000000e+00
   0.00000000e+00  0.00000000e+00]
 [ 0.00000000e+00  9.99999541e-01  0.00000000e+00  9.57825226e-04
   0.00000000e+00  0.00000000e+00]
 [-9.57825226e-04  0.00000000e+00  9.99999541e-01  0.00000000e+00
   0.00000000e+00  0.00000000e+00]
 [ 0.00000000e+00 -9.57825226e-04  0.00000000e+00  9.99999541e-01
   0.00000000e+00  0.00000000e+00]
 [ 0.00000000e+00  0.00000000e+00  0.00000000e+00  0.00000000e+00
   1.00000000e+00  0.00000000e+00]
 [ 0.00000000e+00  0.00000000e+00  0.00000000e+00  0.00000000e+00
   0.00000000e+00  1.00000000e+00]]
R2 #[[ 9.99999541e-01  0.00000000e+00 -9.57825226e-04  0.00000000e+00
   0.00000000e+00  0.00000000e+00]
 [ 0.00000000e+00  9.99999541e-01  0.00000000e+00 -9.57825226e-04
   0.00000000e+00  0.00000000e+00]
 [ 9.57825226e-04  0.00000000e+00  9.99999541e-01  0.00000000e+00
   0.00000000e+00  0.00000000e+00]
 [ 0.00000000e+00  9.57825226e-04  0.00000000e+00  9.99999541e-01
   0.00000000e+00  0.00000000e+00]
 [ 0.00000000e+00  0.00000000e+00  0.00000000e+00  0.00000000e+00
   1.00000000e+00  0.00000000e+00]
 [ 0.00000000e+00  0.00000000e+00  0.00000000e+00  0.00000000e+00
   0.00000000e+00  1.00000000e+00]]
Param #2936: delta OK; RMS=0.00099975 mm
quads_tilt_fit #-0.002010243106332796
delta_local #[1.e-06]
R1 #[[ 0.99999798  0.         -0.00200924  0.          0.          0.        ]
 [ 0.          0.99999798  0.         -0.00200924  0.          0.        ]
 [ 0.00200924  0.          0.99999798  0.          0.          0.        ]
 [ 0.          0.00200924  0.          0.99999798  0.          0.        ]
 [ 0.          0.          0.          0.          1.          0.        ]
 [ 0.          0.          0.          0.          0.          1.        ]]
R2 #[[ 0.99999798  0.          0.00200924  0.          0.          0.        ]
 [ 0.          0.99999798  0.          0.00200924  0.          0.        ]
 [-0.00200924  0.          0.99999798  0.          0.          0.        ]
 [ 0.         -0.00200924  0.          0.99999798  0.          0.        ]
 [ 0.          0.          0.          0.          1.          0.        ]
 [ 0.          0.          0.          0.          0.          1.        ]]
Param #5352: delta too small; RMS=1.9179e-06 mm
quads_tilt_fit #-0.002010243106332796
delta_local #[0.00052141]
R1 #[[ 0.99999889  0.         -0.00148884  0.          0.          0.        ]
 [ 0.          0.99999889  0.         -0.00148884  0.          0.        ]
 [ 0.00148884  0.          0.99999889  0.          0.          0.        ]
 [ 0.          0.00148884  0.          0.99999889  0.          0.        ]
 [ 0.          0.          0.          0.          1.          0.        ]
 [ 0.          0.          0.          0.          0.          1.        ]]
R2 #[[ 0.99999889  0.          0.00148884  0.          0.          0.        ]
 [ 0.          0.99999889  0.          0.00148884  0.          0.        ]
 [-0.00148884  0.          0.99999889  0.          0.          0.        ]
 [ 0.         -0.00148884  0.          0.99999889  0.          0.        ]
 [ 0.          0.          0.          0.          1.          0.        ]
 [ 0.          0.          0.          0.          0.          1.        ]]
Param #5352: delta OK; RMS=0.0010002 mm
quads_tilt_fit #0.0016132672035132783
delta_local #[1.e-06]
R1 #[[ 0.9999987   0.          0.00161427  0.          0.          0.        ]
 [ 0.          0.9999987   0.          0.00161427  0.          0.        ]
 [-0.00161427  0.          0.9999987   0.          0.          0.        ]
 [ 0.         -0.00161427  0.          0.9999987   0.          0.        ]
 [ 0.          0.          0.          0.          1.          0.        ]
 [ 0.          0.          0.          0.          0.          1.        ]]
R2 #[[ 0.9999987   0.         -0.00161427  0.          0.          0.        ]
 [ 0.          0.9999987   0.         -0.00161427  0.          0.        ]
 [ 0.00161427  0.          0.9999987   0.          0.          0.        ]
 [ 0.          0.00161427  0.          0.9999987   0.          0.        ]
 [ 0.          0.          0.          0.          1.          0.        ]
 [ 0.          0.          0.          0.          0.          1.        ]]
Param #5369: delta too small; RMS=1.8824e-06 mm
quads_tilt_fit #0.0016132672035132783
delta_local #[0.00053123]
R1 #[[ 0.9999977   0.          0.00214449  0.          0.          0.        ]
 [ 0.          0.9999977   0.          0.00214449  0.          0.        ]
 [-0.00214449  0.          0.9999977   0.          0.          0.        ]
 [ 0.         -0.00214449  0.          0.9999977   0.          0.        ]
 [ 0.          0.          0.          0.          1.          0.        ]
 [ 0.          0.          0.          0.          0.          1.        ]]
R2 #[[ 0.9999977   0.         -0.00214449  0.          0.          0.        ]
 [ 0.          0.9999977   0.         -0.00214449  0.          0.        ]
 [ 0.00214449  0.          0.9999977   0.          0.          0.        ]
 [ 0.          0.00214449  0.          0.9999977   0.          0.        ]
 [ 0.          0.          0.          0.          1.          0.        ]
 [ 0.          0.          0.          0.          0.          1.        ]]
Param #5369: delta OK; RMS=0.0010003 mm
quads_tilt_fit #0.000844038532647642
delta_local #[1.e-06]
R1 #[[ 9.99999643e-01  0.00000000e+00  8.45038432e-04  0.00000000e+00
   0.00000000e+00  0.00000000e+00]
 [ 0.00000000e+00  9.99999643e-01  0.00000000e+00  8.45038432e-04
   0.00000000e+00  0.00000000e+00]
 [-8.45038432e-04  0.00000000e+00  9.99999643e-01  0.00000000e+00
   0.00000000e+00  0.00000000e+00]
 [ 0.00000000e+00 -8.45038432e-04  0.00000000e+00  9.99999643e-01
   0.00000000e+00  0.00000000e+00]
 [ 0.00000000e+00  0.00000000e+00  0.00000000e+00  0.00000000e+00
   1.00000000e+00  0.00000000e+00]
 [ 0.00000000e+00  0.00000000e+00  0.00000000e+00  0.00000000e+00
   0.00000000e+00  1.00000000e+00]]
R2 #[[ 9.99999643e-01  0.00000000e+00 -8.45038432e-04  0.00000000e+00
   0.00000000e+00  0.00000000e+00]
 [ 0.00000000e+00  9.99999643e-01  0.00000000e+00 -8.45038432e-04
   0.00000000e+00  0.00000000e+00]
 [ 8.45038432e-04  0.00000000e+00  9.99999643e-01  0.00000000e+00
   0.00000000e+00  0.00000000e+00]
 [ 0.00000000e+00  8.45038432e-04  0.00000000e+00  9.99999643e-01
   0.00000000e+00  0.00000000e+00]
 [ 0.00000000e+00  0.00000000e+00  0.00000000e+00  0.00000000e+00
   1.00000000e+00  0.00000000e+00]
 [ 0.00000000e+00  0.00000000e+00  0.00000000e+00  0.00000000e+00
   0.00000000e+00  1.00000000e+00]]
Param #5388: delta too small; RMS=1.7543e-06 mm
quads_tilt_fit #0.000844038532647642
delta_local #[0.00057002]
R1 #[[ 0.999999    0.          0.00141406  0.          0.          0.        ]
 [ 0.          0.999999    0.          0.00141406  0.          0.        ]
 [-0.00141406  0.          0.999999    0.          0.          0.        ]
 [ 0.         -0.00141406  0.          0.999999    0.          0.        ]
 [ 0.          0.          0.          0.          1.          0.        ]
 [ 0.          0.          0.          0.          0.          1.        ]]
R2 #[[ 0.999999    0.         -0.00141406  0.          0.          0.        ]
 [ 0.          0.999999    0.         -0.00141406  0.          0.        ]
 [ 0.00141406  0.          0.999999    0.          0.          0.        ]
 [ 0.          0.00141406  0.          0.999999    0.          0.        ]
 [ 0.          0.          0.          0.          1.          0.        ]
 [ 0.          0.          0.          0.          0.          1.        ]]
Param #5388: delta OK; RMS=0.0010002 mm
quads_tilt_fit #0.00037747277433235465
delta_local #[1.e-06]
R1 #[[ 9.99999928e-01  0.00000000e+00  3.78472765e-04  0.00000000e+00
   0.00000000e+00  0.00000000e+00]
 [ 0.00000000e+00  9.99999928e-01  0.00000000e+00  3.78472765e-04
   0.00000000e+00  0.00000000e+00]
 [-3.78472765e-04  0.00000000e+00  9.99999928e-01  0.00000000e+00
   0.00000000e+00  0.00000000e+00]
 [ 0.00000000e+00 -3.78472765e-04  0.00000000e+00  9.99999928e-01
   0.00000000e+00  0.00000000e+00]
 [ 0.00000000e+00  0.00000000e+00  0.00000000e+00  0.00000000e+00
   1.00000000e+00  0.00000000e+00]
 [ 0.00000000e+00  0.00000000e+00  0.00000000e+00  0.00000000e+00
   0.00000000e+00  1.00000000e+00]]
R2 #[[ 9.99999928e-01  0.00000000e+00 -3.78472765e-04  0.00000000e+00
   0.00000000e+00  0.00000000e+00]
 [ 0.00000000e+00  9.99999928e-01  0.00000000e+00 -3.78472765e-04
   0.00000000e+00  0.00000000e+00]
 [ 3.78472765e-04  0.00000000e+00  9.99999928e-01  0.00000000e+00
   0.00000000e+00  0.00000000e+00]
 [ 0.00000000e+00  3.78472765e-04  0.00000000e+00  9.99999928e-01
   0.00000000e+00  0.00000000e+00]
 [ 0.00000000e+00  0.00000000e+00  0.00000000e+00  0.00000000e+00
   1.00000000e+00  0.00000000e+00]
 [ 0.00000000e+00  0.00000000e+00  0.00000000e+00  0.00000000e+00
   0.00000000e+00  1.00000000e+00]]
Param #5407: delta too small; RMS=1.9785e-06 mm
quads_tilt_fit #0.00037747277433235465
delta_local #[0.00050545]
R1 #[[ 9.99999610e-01  0.00000000e+00  8.82918241e-04  0.00000000e+00
   0.00000000e+00  0.00000000e+00]
 [ 0.00000000e+00  9.99999610e-01  0.00000000e+00  8.82918241e-04
   0.00000000e+00  0.00000000e+00]
 [-8.82918241e-04  0.00000000e+00  9.99999610e-01  0.00000000e+00
   0.00000000e+00  0.00000000e+00]
 [ 0.00000000e+00 -8.82918241e-04  0.00000000e+00  9.99999610e-01
   0.00000000e+00  0.00000000e+00]
 [ 0.00000000e+00  0.00000000e+00  0.00000000e+00  0.00000000e+00
   1.00000000e+00  0.00000000e+00]
 [ 0.00000000e+00  0.00000000e+00  0.00000000e+00  0.00000000e+00
   0.00000000e+00  1.00000000e+00]]
R2 #[[ 9.99999610e-01  0.00000000e+00 -8.82918241e-04  0.00000000e+00
   0.00000000e+00  0.00000000e+00]
 [ 0.00000000e+00  9.99999610e-01  0.00000000e+00 -8.82918241e-04
   0.00000000e+00  0.00000000e+00]
 [ 8.82918241e-04  0.00000000e+00  9.99999610e-01  0.00000000e+00
   0.00000000e+00  0.00000000e+00]
 [ 0.00000000e+00  8.82918241e-04  0.00000000e+00  9.99999610e-01
   0.00000000e+00  0.00000000e+00]
 [ 0.00000000e+00  0.00000000e+00  0.00000000e+00  0.00000000e+00
   1.00000000e+00  0.00000000e+00]
 [ 0.00000000e+00  0.00000000e+00  0.00000000e+00  0.00000000e+00
   0.00000000e+00  1.00000000e+00]]
Param #5407: delta OK; RMS=0.0010003 mm
quads_tilt_fit #-0.00147746417866115
delta_local #[1.e-06]
R1 #[[ 0.99999891  0.         -0.00147646  0.          0.          0.        ]
 [ 0.          0.99999891  0.         -0.00147646  0.          0.        ]
 [ 0.00147646  0.          0.99999891  0.          0.          0.        ]
 [ 0.          0.00147646  0.          0.99999891  0.          0.        ]
 [ 0.          0.          0.          0.          1.          0.        ]
 [ 0.          0.          0.          0.          0.          1.        ]]
R2 #[[ 0.99999891  0.          0.00147646  0.          0.          0.        ]
 [ 0.          0.99999891  0.          0.00147646  0.          0.        ]
 [-0.00147646  0.          0.99999891  0.          0.          0.        ]
 [ 0.         -0.00147646  0.          0.99999891  0.          0.        ]
 [ 0.          0.          0.          0.          1.          0.        ]
 [ 0.          0.          0.          0.          0.          1.        ]]
Param #5426: delta too small; RMS=1.6598e-06 mm
quads_tilt_fit #-0.00147746417866115
delta_local #[0.00060249]
R1 #[[ 9.99999617e-01  0.00000000e+00 -8.74975638e-04  0.00000000e+00
   0.00000000e+00  0.00000000e+00]
 [ 0.00000000e+00  9.99999617e-01  0.00000000e+00 -8.74975638e-04
   0.00000000e+00  0.00000000e+00]
 [ 8.74975638e-04  0.00000000e+00  9.99999617e-01  0.00000000e+00
   0.00000000e+00  0.00000000e+00]
 [ 0.00000000e+00  8.74975638e-04  0.00000000e+00  9.99999617e-01
   0.00000000e+00  0.00000000e+00]
 [ 0.00000000e+00  0.00000000e+00  0.00000000e+00  0.00000000e+00
   1.00000000e+00  0.00000000e+00]
 [ 0.00000000e+00  0.00000000e+00  0.00000000e+00  0.00000000e+00
   0.00000000e+00  1.00000000e+00]]
R2 #[[ 9.99999617e-01  0.00000000e+00  8.74975638e-04  0.00000000e+00
   0.00000000e+00  0.00000000e+00]
 [ 0.00000000e+00  9.99999617e-01  0.00000000e+00  8.74975638e-04
   0.00000000e+00  0.00000000e+00]
 [-8.74975638e-04  0.00000000e+00  9.99999617e-01  0.00000000e+00
   0.00000000e+00  0.00000000e+00]
 [ 0.00000000e+00 -8.74975638e-04  0.00000000e+00  9.99999617e-01
   0.00000000e+00  0.00000000e+00]
 [ 0.00000000e+00  0.00000000e+00  0.00000000e+00  0.00000000e+00
   1.00000000e+00  0.00000000e+00]
 [ 0.00000000e+00  0.00000000e+00  0.00000000e+00  0.00000000e+00
   0.00000000e+00  1.00000000e+00]]
Param #5426: delta OK; RMS=0.0010001 mm
quads_tilt_fit #-0.0011293740103477227
delta_local #[1.e-06]
R1 #[[ 0.99999936  0.         -0.00112837  0.          0.          0.        ]
 [ 0.          0.99999936  0.         -0.00112837  0.          0.        ]
 [ 0.00112837  0.          0.99999936  0.          0.          0.        ]
 [ 0.          0.00112837  0.          0.99999936  0.          0.        ]
 [ 0.          0.          0.          0.          1.          0.        ]
 [ 0.          0.          0.          0.          0.          1.        ]]
R2 #[[ 0.99999936  0.          0.00112837  0.          0.          0.        ]
 [ 0.          0.99999936  0.          0.00112837  0.          0.        ]
 [-0.00112837  0.          0.99999936  0.          0.          0.        ]
 [ 0.         -0.00112837  0.          0.99999936  0.          0.        ]
 [ 0.          0.          0.          0.          1.          0.        ]
 [ 0.          0.          0.          0.          0.          1.        ]]
Param #6803: delta too small; RMS=1.7845e-06 mm
quads_tilt_fit #-0.0011293740103477227
delta_local #[0.00056038]
R1 #[[ 9.99999838e-01  0.00000000e+00 -5.68990213e-04  0.00000000e+00
   0.00000000e+00  0.00000000e+00]
 [ 0.00000000e+00  9.99999838e-01  0.00000000e+00 -5.68990213e-04
   0.00000000e+00  0.00000000e+00]
 [ 5.68990213e-04  0.00000000e+00  9.99999838e-01  0.00000000e+00
   0.00000000e+00  0.00000000e+00]
 [ 0.00000000e+00  5.68990213e-04  0.00000000e+00  9.99999838e-01
   0.00000000e+00  0.00000000e+00]
 [ 0.00000000e+00  0.00000000e+00  0.00000000e+00  0.00000000e+00
   1.00000000e+00  0.00000000e+00]
 [ 0.00000000e+00  0.00000000e+00  0.00000000e+00  0.00000000e+00
   0.00000000e+00  1.00000000e+00]]
R2 #[[ 9.99999838e-01  0.00000000e+00  5.68990213e-04  0.00000000e+00
   0.00000000e+00  0.00000000e+00]
 [ 0.00000000e+00  9.99999838e-01  0.00000000e+00  5.68990213e-04
   0.00000000e+00  0.00000000e+00]
 [-5.68990213e-04  0.00000000e+00  9.99999838e-01  0.00000000e+00
   0.00000000e+00  0.00000000e+00]
 [ 0.00000000e+00 -5.68990213e-04  0.00000000e+00  9.99999838e-01
   0.00000000e+00  0.00000000e+00]
 [ 0.00000000e+00  0.00000000e+00  0.00000000e+00  0.00000000e+00
   1.00000000e+00  0.00000000e+00]
 [ 0.00000000e+00  0.00000000e+00  0.00000000e+00  0.00000000e+00
   0.00000000e+00  1.00000000e+00]]
Param #6803: delta OK; RMS=0.0010003 mm
quads_tilt_fit #0.0006951369652833907
delta_local #[1.e-06]
R1 #[[ 9.99999758e-01  0.00000000e+00  6.96136909e-04  0.00000000e+00
   0.00000000e+00  0.00000000e+00]
 [ 0.00000000e+00  9.99999758e-01  0.00000000e+00  6.96136909e-04
   0.00000000e+00  0.00000000e+00]
 [-6.96136909e-04  0.00000000e+00  9.99999758e-01  0.00000000e+00
   0.00000000e+00  0.00000000e+00]
 [ 0.00000000e+00 -6.96136909e-04  0.00000000e+00  9.99999758e-01
   0.00000000e+00  0.00000000e+00]
 [ 0.00000000e+00  0.00000000e+00  0.00000000e+00  0.00000000e+00
   1.00000000e+00  0.00000000e+00]
 [ 0.00000000e+00  0.00000000e+00  0.00000000e+00  0.00000000e+00
   0.00000000e+00  1.00000000e+00]]
R2 #[[ 9.99999758e-01  0.00000000e+00 -6.96136909e-04  0.00000000e+00
   0.00000000e+00  0.00000000e+00]
 [ 0.00000000e+00  9.99999758e-01  0.00000000e+00 -6.96136909e-04
   0.00000000e+00  0.00000000e+00]
 [ 6.96136909e-04  0.00000000e+00  9.99999758e-01  0.00000000e+00
   0.00000000e+00  0.00000000e+00]
 [ 0.00000000e+00  6.96136909e-04  0.00000000e+00  9.99999758e-01
   0.00000000e+00  0.00000000e+00]
 [ 0.00000000e+00  0.00000000e+00  0.00000000e+00  0.00000000e+00
   1.00000000e+00  0.00000000e+00]
 [ 0.00000000e+00  0.00000000e+00  0.00000000e+00  0.00000000e+00
   0.00000000e+00  1.00000000e+00]]
Param #6820: delta too small; RMS=2.0041e-06 mm
quads_tilt_fit #0.0006951369652833907
delta_local #[0.00049898]
R1 #[[ 0.99999929  0.          0.00119411  0.          0.          0.        ]
 [ 0.          0.99999929  0.          0.00119411  0.          0.        ]
 [-0.00119411  0.          0.99999929  0.          0.          0.        ]
 [ 0.         -0.00119411  0.          0.99999929  0.          0.        ]
 [ 0.          0.          0.          0.          1.          0.        ]
 [ 0.          0.          0.          0.          0.          1.        ]]
R2 #[[ 0.99999929  0.         -0.00119411  0.          0.          0.        ]
 [ 0.          0.99999929  0.         -0.00119411  0.          0.        ]
 [ 0.00119411  0.          0.99999929  0.          0.          0.        ]
 [ 0.          0.00119411  0.          0.99999929  0.          0.        ]
 [ 0.          0.          0.          0.          1.          0.        ]
 [ 0.          0.          0.          0.          0.          1.        ]]
Param #6820: delta OK; RMS=0.00099977 mm
quads_tilt_fit #-0.00017550933679275456
delta_local #[1.e-06]
R1 #[[ 9.99999985e-01  0.00000000e+00 -1.74509336e-04  0.00000000e+00
   0.00000000e+00  0.00000000e+00]
 [ 0.00000000e+00  9.99999985e-01  0.00000000e+00 -1.74509336e-04
   0.00000000e+00  0.00000000e+00]
 [ 1.74509336e-04  0.00000000e+00  9.99999985e-01  0.00000000e+00
   0.00000000e+00  0.00000000e+00]
 [ 0.00000000e+00  1.74509336e-04  0.00000000e+00  9.99999985e-01
   0.00000000e+00  0.00000000e+00]
 [ 0.00000000e+00  0.00000000e+00  0.00000000e+00  0.00000000e+00
   1.00000000e+00  0.00000000e+00]
 [ 0.00000000e+00  0.00000000e+00  0.00000000e+00  0.00000000e+00
   0.00000000e+00  1.00000000e+00]]
R2 #[[ 9.99999985e-01  0.00000000e+00  1.74509336e-04  0.00000000e+00
   0.00000000e+00  0.00000000e+00]
 [ 0.00000000e+00  9.99999985e-01  0.00000000e+00  1.74509336e-04
   0.00000000e+00  0.00000000e+00]
 [-1.74509336e-04  0.00000000e+00  9.99999985e-01  0.00000000e+00
   0.00000000e+00  0.00000000e+00]
 [ 0.00000000e+00 -1.74509336e-04  0.00000000e+00  9.99999985e-01
   0.00000000e+00  0.00000000e+00]
 [ 0.00000000e+00  0.00000000e+00  0.00000000e+00  0.00000000e+00
   1.00000000e+00  0.00000000e+00]
 [ 0.00000000e+00  0.00000000e+00  0.00000000e+00  0.00000000e+00
   0.00000000e+00  1.00000000e+00]]
Param #6839: delta too small; RMS=1.7302e-06 mm
quads_tilt_fit #-0.00017550933679275456
delta_local #[0.00057797]
R1 #[[ 9.99999919e-01  0.00000000e+00  4.02459805e-04  0.00000000e+00
   0.00000000e+00  0.00000000e+00]
 [ 0.00000000e+00  9.99999919e-01  0.00000000e+00  4.02459805e-04
   0.00000000e+00  0.00000000e+00]
 [-4.02459805e-04  0.00000000e+00  9.99999919e-01  0.00000000e+00
   0.00000000e+00  0.00000000e+00]
 [ 0.00000000e+00 -4.02459805e-04  0.00000000e+00  9.99999919e-01
   0.00000000e+00  0.00000000e+00]
 [ 0.00000000e+00  0.00000000e+00  0.00000000e+00  0.00000000e+00
   1.00000000e+00  0.00000000e+00]
 [ 0.00000000e+00  0.00000000e+00  0.00000000e+00  0.00000000e+00
   0.00000000e+00  1.00000000e+00]]
R2 #[[ 9.99999919e-01  0.00000000e+00 -4.02459805e-04  0.00000000e+00
   0.00000000e+00  0.00000000e+00]
 [ 0.00000000e+00  9.99999919e-01  0.00000000e+00 -4.02459805e-04
   0.00000000e+00  0.00000000e+00]
 [ 4.02459805e-04  0.00000000e+00  9.99999919e-01  0.00000000e+00
   0.00000000e+00  0.00000000e+00]
 [ 0.00000000e+00  4.02459805e-04  0.00000000e+00  9.99999919e-01
   0.00000000e+00  0.00000000e+00]
 [ 0.00000000e+00  0.00000000e+00  0.00000000e+00  0.00000000e+00
   1.00000000e+00  0.00000000e+00]
 [ 0.00000000e+00  0.00000000e+00  0.00000000e+00  0.00000000e+00
   0.00000000e+00  1.00000000e+00]]
Param #6839: delta OK; RMS=0.0010009 mm
quads_tilt_fit #0.0007817203437581435
delta_local #[1.e-06]
R1 #[[ 9.99999694e-01  0.00000000e+00  7.82720264e-04  0.00000000e+00
   0.00000000e+00  0.00000000e+00]
 [ 0.00000000e+00  9.99999694e-01  0.00000000e+00  7.82720264e-04
   0.00000000e+00  0.00000000e+00]
 [-7.82720264e-04  0.00000000e+00  9.99999694e-01  0.00000000e+00
   0.00000000e+00  0.00000000e+00]
 [ 0.00000000e+00 -7.82720264e-04  0.00000000e+00  9.99999694e-01
   0.00000000e+00  0.00000000e+00]
 [ 0.00000000e+00  0.00000000e+00  0.00000000e+00  0.00000000e+00
   1.00000000e+00  0.00000000e+00]
 [ 0.00000000e+00  0.00000000e+00  0.00000000e+00  0.00000000e+00
   0.00000000e+00  1.00000000e+00]]
R2 #[[ 9.99999694e-01  0.00000000e+00 -7.82720264e-04  0.00000000e+00
   0.00000000e+00  0.00000000e+00]
 [ 0.00000000e+00  9.99999694e-01  0.00000000e+00 -7.82720264e-04
   0.00000000e+00  0.00000000e+00]
 [ 7.82720264e-04  0.00000000e+00  9.99999694e-01  0.00000000e+00
   0.00000000e+00  0.00000000e+00]
 [ 0.00000000e+00  7.82720264e-04  0.00000000e+00  9.99999694e-01
   0.00000000e+00  0.00000000e+00]
 [ 0.00000000e+00  0.00000000e+00  0.00000000e+00  0.00000000e+00
   1.00000000e+00  0.00000000e+00]
 [ 0.00000000e+00  0.00000000e+00  0.00000000e+00  0.00000000e+00
   0.00000000e+00  1.00000000e+00]]
Param #6858: delta too small; RMS=2.0187e-06 mm
quads_tilt_fit #0.0007817203437581435
delta_local #[0.00049536]
R1 #[[ 0.99999918  0.          0.00127708  0.          0.          0.        ]
 [ 0.          0.99999918  0.          0.00127708  0.          0.        ]
 [-0.00127708  0.          0.99999918  0.          0.          0.        ]
 [ 0.         -0.00127708  0.          0.99999918  0.          0.        ]
 [ 0.          0.          0.          0.          1.          0.        ]
 [ 0.          0.          0.          0.          0.          1.        ]]
R2 #[[ 0.99999918  0.         -0.00127708  0.          0.          0.        ]
 [ 0.          0.99999918  0.         -0.00127708  0.          0.        ]
 [ 0.00127708  0.          0.99999918  0.          0.          0.        ]
 [ 0.          0.00127708  0.          0.99999918  0.          0.        ]
 [ 0.          0.          0.          0.          1.          0.        ]
 [ 0.          0.          0.          0.          0.          1.        ]]
Param #6858: delta OK; RMS=0.00099972 mm
quads_tilt_fit #-0.0004899011314269813
delta_local #[1.e-06]
R1 #[[ 9.99999880e-01  0.00000000e+00 -4.88901112e-04  0.00000000e+00
   0.00000000e+00  0.00000000e+00]
 [ 0.00000000e+00  9.99999880e-01  0.00000000e+00 -4.88901112e-04
   0.00000000e+00  0.00000000e+00]
 [ 4.88901112e-04  0.00000000e+00  9.99999880e-01  0.00000000e+00
   0.00000000e+00  0.00000000e+00]
 [ 0.00000000e+00  4.88901112e-04  0.00000000e+00  9.99999880e-01
   0.00000000e+00  0.00000000e+00]
 [ 0.00000000e+00  0.00000000e+00  0.00000000e+00  0.00000000e+00
   1.00000000e+00  0.00000000e+00]
 [ 0.00000000e+00  0.00000000e+00  0.00000000e+00  0.00000000e+00
   0.00000000e+00  1.00000000e+00]]
R2 #[[ 9.99999880e-01  0.00000000e+00  4.88901112e-04  0.00000000e+00
   0.00000000e+00  0.00000000e+00]
 [ 0.00000000e+00  9.99999880e-01  0.00000000e+00  4.88901112e-04
   0.00000000e+00  0.00000000e+00]
 [-4.88901112e-04  0.00000000e+00  9.99999880e-01  0.00000000e+00
   0.00000000e+00  0.00000000e+00]
 [ 0.00000000e+00 -4.88901112e-04  0.00000000e+00  9.99999880e-01
   0.00000000e+00  0.00000000e+00]
 [ 0.00000000e+00  0.00000000e+00  0.00000000e+00  0.00000000e+00
   1.00000000e+00  0.00000000e+00]
 [ 0.00000000e+00  0.00000000e+00  0.00000000e+00  0.00000000e+00
   0.00000000e+00  1.00000000e+00]]
Param #6877: delta too small; RMS=1.8025e-06 mm
quads_tilt_fit #-0.0004899011314269813
delta_local #[0.00055478]
R1 #[[ 9.99999998e-01  0.00000000e+00  6.48758451e-05  0.00000000e+00
   0.00000000e+00  0.00000000e+00]
 [ 0.00000000e+00  9.99999998e-01  0.00000000e+00  6.48758451e-05
   0.00000000e+00  0.00000000e+00]
 [-6.48758451e-05  0.00000000e+00  9.99999998e-01  0.00000000e+00
   0.00000000e+00  0.00000000e+00]
 [ 0.00000000e+00 -6.48758451e-05  0.00000000e+00  9.99999998e-01
   0.00000000e+00  0.00000000e+00]
 [ 0.00000000e+00  0.00000000e+00  0.00000000e+00  0.00000000e+00
   1.00000000e+00  0.00000000e+00]
 [ 0.00000000e+00  0.00000000e+00  0.00000000e+00  0.00000000e+00
   0.00000000e+00  1.00000000e+00]]
R2 #[[ 9.99999998e-01  0.00000000e+00 -6.48758451e-05  0.00000000e+00
   0.00000000e+00  0.00000000e+00]
 [ 0.00000000e+00  9.99999998e-01  0.00000000e+00 -6.48758451e-05
   0.00000000e+00  0.00000000e+00]
 [ 6.48758451e-05  0.00000000e+00  9.99999998e-01  0.00000000e+00
   0.00000000e+00  0.00000000e+00]
 [ 0.00000000e+00  6.48758451e-05  0.00000000e+00  9.99999998e-01
   0.00000000e+00  0.00000000e+00]
 [ 0.00000000e+00  0.00000000e+00  0.00000000e+00  0.00000000e+00
   1.00000000e+00  0.00000000e+00]
 [ 0.00000000e+00  0.00000000e+00  0.00000000e+00  0.00000000e+00
   0.00000000e+00  1.00000000e+00]]
Param #6877: delta OK; RMS=0.0010005 mm
quads_tilt_fit #0.0001716382445189784
delta_local #[1.e-06]
R1 #[[ 9.99999985e-01  0.00000000e+00  1.72638244e-04  0.00000000e+00
   0.00000000e+00  0.00000000e+00]
 [ 0.00000000e+00  9.99999985e-01  0.00000000e+00  1.72638244e-04
   0.00000000e+00  0.00000000e+00]
 [-1.72638244e-04  0.00000000e+00  9.99999985e-01  0.00000000e+00
   0.00000000e+00  0.00000000e+00]
 [ 0.00000000e+00 -1.72638244e-04  0.00000000e+00  9.99999985e-01
   0.00000000e+00  0.00000000e+00]
 [ 0.00000000e+00  0.00000000e+00  0.00000000e+00  0.00000000e+00
   1.00000000e+00  0.00000000e+00]
 [ 0.00000000e+00  0.00000000e+00  0.00000000e+00  0.00000000e+00
   0.00000000e+00  1.00000000e+00]]
R2 #[[ 9.99999985e-01  0.00000000e+00 -1.72638244e-04  0.00000000e+00
   0.00000000e+00  0.00000000e+00]
 [ 0.00000000e+00  9.99999985e-01  0.00000000e+00 -1.72638244e-04
   0.00000000e+00  0.00000000e+00]
 [ 1.72638244e-04  0.00000000e+00  9.99999985e-01  0.00000000e+00
   0.00000000e+00  0.00000000e+00]
 [ 0.00000000e+00  1.72638244e-04  0.00000000e+00  9.99999985e-01
   0.00000000e+00  0.00000000e+00]
 [ 0.00000000e+00  0.00000000e+00  0.00000000e+00  0.00000000e+00
   1.00000000e+00  0.00000000e+00]
 [ 0.00000000e+00  0.00000000e+00  0.00000000e+00  0.00000000e+00
   0.00000000e+00  1.00000000e+00]]
Param #7081: delta too small; RMS=1.8283e-06 mm
quads_tilt_fit #0.0001716382445189784
delta_local #[0.00054696]
R1 #[[ 9.99999742e-01  0.00000000e+00  7.18593964e-04  0.00000000e+00
   0.00000000e+00  0.00000000e+00]
 [ 0.00000000e+00  9.99999742e-01  0.00000000e+00  7.18593964e-04
   0.00000000e+00  0.00000000e+00]
 [-7.18593964e-04  0.00000000e+00  9.99999742e-01  0.00000000e+00
   0.00000000e+00  0.00000000e+00]
 [ 0.00000000e+00 -7.18593964e-04  0.00000000e+00  9.99999742e-01
   0.00000000e+00  0.00000000e+00]
 [ 0.00000000e+00  0.00000000e+00  0.00000000e+00  0.00000000e+00
   1.00000000e+00  0.00000000e+00]
 [ 0.00000000e+00  0.00000000e+00  0.00000000e+00  0.00000000e+00
   0.00000000e+00  1.00000000e+00]]
R2 #[[ 9.99999742e-01  0.00000000e+00 -7.18593964e-04  0.00000000e+00
   0.00000000e+00  0.00000000e+00]
 [ 0.00000000e+00  9.99999742e-01  0.00000000e+00 -7.18593964e-04
   0.00000000e+00  0.00000000e+00]
 [ 7.18593964e-04  0.00000000e+00  9.99999742e-01  0.00000000e+00
   0.00000000e+00  0.00000000e+00]
 [ 0.00000000e+00  7.18593964e-04  0.00000000e+00  9.99999742e-01
   0.00000000e+00  0.00000000e+00]
 [ 0.00000000e+00  0.00000000e+00  0.00000000e+00  0.00000000e+00
   1.00000000e+00  0.00000000e+00]
 [ 0.00000000e+00  0.00000000e+00  0.00000000e+00  0.00000000e+00
   0.00000000e+00  1.00000000e+00]]
Param #7081: delta OK; RMS=0.00099928 mm
quads_tilt_fit #9.030921420930763e-05
delta_local #[1.e-06]
R1 #[[ 9.99999996e-01  0.00000000e+00  9.13092141e-05  0.00000000e+00
   0.00000000e+00  0.00000000e+00]
 [ 0.00000000e+00  9.99999996e-01  0.00000000e+00  9.13092141e-05
   0.00000000e+00  0.00000000e+00]
 [-9.13092141e-05  0.00000000e+00  9.99999996e-01  0.00000000e+00
   0.00000000e+00  0.00000000e+00]
 [ 0.00000000e+00 -9.13092141e-05  0.00000000e+00  9.99999996e-01
   0.00000000e+00  0.00000000e+00]
 [ 0.00000000e+00  0.00000000e+00  0.00000000e+00  0.00000000e+00
   1.00000000e+00  0.00000000e+00]
 [ 0.00000000e+00  0.00000000e+00  0.00000000e+00  0.00000000e+00
   0.00000000e+00  1.00000000e+00]]
R2 #[[ 9.99999996e-01  0.00000000e+00 -9.13092141e-05  0.00000000e+00
   0.00000000e+00  0.00000000e+00]
 [ 0.00000000e+00  9.99999996e-01  0.00000000e+00 -9.13092141e-05
   0.00000000e+00  0.00000000e+00]
 [ 9.13092141e-05  0.00000000e+00  9.99999996e-01  0.00000000e+00
   0.00000000e+00  0.00000000e+00]
 [ 0.00000000e+00  9.13092141e-05  0.00000000e+00  9.99999996e-01
   0.00000000e+00  0.00000000e+00]
 [ 0.00000000e+00  0.00000000e+00  0.00000000e+00  0.00000000e+00
   1.00000000e+00  0.00000000e+00]
 [ 0.00000000e+00  0.00000000e+00  0.00000000e+00  0.00000000e+00
   0.00000000e+00  1.00000000e+00]]
Param #7100: delta too small; RMS=1.7409e-06 mm
quads_tilt_fit #9.030921420930763e-05
delta_local #[0.00057441]
R1 #[[ 9.99999779e-01  0.00000000e+00  6.64723029e-04  0.00000000e+00
   0.00000000e+00  0.00000000e+00]
 [ 0.00000000e+00  9.99999779e-01  0.00000000e+00  6.64723029e-04
   0.00000000e+00  0.00000000e+00]
 [-6.64723029e-04  0.00000000e+00  9.99999779e-01  0.00000000e+00
   0.00000000e+00  0.00000000e+00]
 [ 0.00000000e+00 -6.64723029e-04  0.00000000e+00  9.99999779e-01
   0.00000000e+00  0.00000000e+00]
 [ 0.00000000e+00  0.00000000e+00  0.00000000e+00  0.00000000e+00
   1.00000000e+00  0.00000000e+00]
 [ 0.00000000e+00  0.00000000e+00  0.00000000e+00  0.00000000e+00
   0.00000000e+00  1.00000000e+00]]
R2 #[[ 9.99999779e-01  0.00000000e+00 -6.64723029e-04  0.00000000e+00
   0.00000000e+00  0.00000000e+00]
 [ 0.00000000e+00  9.99999779e-01  0.00000000e+00 -6.64723029e-04
   0.00000000e+00  0.00000000e+00]
 [ 6.64723029e-04  0.00000000e+00  9.99999779e-01  0.00000000e+00
   0.00000000e+00  0.00000000e+00]
 [ 0.00000000e+00  6.64723029e-04  0.00000000e+00  9.99999779e-01
   0.00000000e+00  0.00000000e+00]
 [ 0.00000000e+00  0.00000000e+00  0.00000000e+00  0.00000000e+00
   1.00000000e+00  0.00000000e+00]
 [ 0.00000000e+00  0.00000000e+00  0.00000000e+00  0.00000000e+00
   0.00000000e+00  1.00000000e+00]]
Param #7100: delta OK; RMS=0.001 mm
quads_tilt_fit #0.00017289191108959328
delta_local #[1.e-06]
R1 #[[ 9.99999985e-01  0.00000000e+00  1.73891910e-04  0.00000000e+00
   0.00000000e+00  0.00000000e+00]
 [ 0.00000000e+00  9.99999985e-01  0.00000000e+00  1.73891910e-04
   0.00000000e+00  0.00000000e+00]
 [-1.73891910e-04  0.00000000e+00  9.99999985e-01  0.00000000e+00
   0.00000000e+00  0.00000000e+00]
 [ 0.00000000e+00 -1.73891910e-04  0.00000000e+00  9.99999985e-01
   0.00000000e+00  0.00000000e+00]
 [ 0.00000000e+00  0.00000000e+00  0.00000000e+00  0.00000000e+00
   1.00000000e+00  0.00000000e+00]
 [ 0.00000000e+00  0.00000000e+00  0.00000000e+00  0.00000000e+00
   0.00000000e+00  1.00000000e+00]]
R2 #[[ 9.99999985e-01  0.00000000e+00 -1.73891910e-04  0.00000000e+00
   0.00000000e+00  0.00000000e+00]
 [ 0.00000000e+00  9.99999985e-01  0.00000000e+00 -1.73891910e-04
   0.00000000e+00  0.00000000e+00]
 [ 1.73891910e-04  0.00000000e+00  9.99999985e-01  0.00000000e+00
   0.00000000e+00  0.00000000e+00]
 [ 0.00000000e+00  1.73891910e-04  0.00000000e+00  9.99999985e-01
   0.00000000e+00  0.00000000e+00]
 [ 0.00000000e+00  0.00000000e+00  0.00000000e+00  0.00000000e+00
   1.00000000e+00  0.00000000e+00]
 [ 0.00000000e+00  0.00000000e+00  0.00000000e+00  0.00000000e+00
   0.00000000e+00  1.00000000e+00]]
Param #7119: delta too small; RMS=2.3268e-06 mm
quads_tilt_fit #0.00017289191108959328
delta_local #[0.00042977]
R1 #[[ 9.99999818e-01  0.00000000e+00  6.02663357e-04  0.00000000e+00
   0.00000000e+00  0.00000000e+00]
 [ 0.00000000e+00  9.99999818e-01  0.00000000e+00  6.02663357e-04
   0.00000000e+00  0.00000000e+00]
 [-6.02663357e-04  0.00000000e+00  9.99999818e-01  0.00000000e+00
   0.00000000e+00  0.00000000e+00]
 [ 0.00000000e+00 -6.02663357e-04  0.00000000e+00  9.99999818e-01
   0.00000000e+00  0.00000000e+00]
 [ 0.00000000e+00  0.00000000e+00  0.00000000e+00  0.00000000e+00
   1.00000000e+00  0.00000000e+00]
 [ 0.00000000e+00  0.00000000e+00  0.00000000e+00  0.00000000e+00
   0.00000000e+00  1.00000000e+00]]
R2 #[[ 9.99999818e-01  0.00000000e+00 -6.02663357e-04  0.00000000e+00
   0.00000000e+00  0.00000000e+00]
 [ 0.00000000e+00  9.99999818e-01  0.00000000e+00 -6.02663357e-04
   0.00000000e+00  0.00000000e+00]
 [ 6.02663357e-04  0.00000000e+00  9.99999818e-01  0.00000000e+00
   0.00000000e+00  0.00000000e+00]
 [ 0.00000000e+00  6.02663357e-04  0.00000000e+00  9.99999818e-01
   0.00000000e+00  0.00000000e+00]
 [ 0.00000000e+00  0.00000000e+00  0.00000000e+00  0.00000000e+00
   1.00000000e+00  0.00000000e+00]
 [ 0.00000000e+00  0.00000000e+00  0.00000000e+00  0.00000000e+00
   0.00000000e+00  1.00000000e+00]]
Param #7119: delta OK; RMS=0.0009992 mm
quads_tilt_fit #0.001077335222900975
delta_local #[1.e-06]
R1 #[[ 0.99999942  0.          0.00107834  0.          0.          0.        ]
 [ 0.          0.99999942  0.          0.00107834  0.          0.        ]
 [-0.00107834  0.          0.99999942  0.          0.          0.        ]
 [ 0.         -0.00107834  0.          0.99999942  0.          0.        ]
 [ 0.          0.          0.          0.          1.          0.        ]
 [ 0.          0.          0.          0.          0.          1.        ]]
R2 #[[ 0.99999942  0.         -0.00107834  0.          0.          0.        ]
 [ 0.          0.99999942  0.         -0.00107834  0.          0.        ]
 [ 0.00107834  0.          0.99999942  0.          0.          0.        ]
 [ 0.          0.00107834  0.          0.99999942  0.          0.        ]
 [ 0.          0.          0.          0.          1.          0.        ]
 [ 0.          0.          0.          0.          0.          1.        ]]
Param #7138: delta too small; RMS=1.4268e-06 mm
quads_tilt_fit #0.001077335222900975
delta_local #[0.00070086]
R1 #[[ 0.99999842  0.          0.00177819  0.          0.          0.        ]
 [ 0.          0.99999842  0.          0.00177819  0.          0.        ]
 [-0.00177819  0.          0.99999842  0.          0.          0.        ]
 [ 0.         -0.00177819  0.          0.99999842  0.          0.        ]
 [ 0.          0.          0.          0.          1.          0.        ]
 [ 0.          0.          0.          0.          0.          1.        ]]
R2 #[[ 0.99999842  0.         -0.00177819  0.          0.          0.        ]
 [ 0.          0.99999842  0.         -0.00177819  0.          0.        ]
 [ 0.00177819  0.          0.99999842  0.          0.          0.        ]
 [ 0.          0.00177819  0.          0.99999842  0.          0.        ]
 [ 0.          0.          0.          0.          1.          0.        ]
 [ 0.          0.          0.          0.          0.          1.        ]]
Param #7138: delta OK; RMS=0.00099996 mm
quads_tilt_fit #2.8828442394610714e-05
delta_local #[1.e-06]
R1 #[[ 1.00000000e+00  0.00000000e+00  2.98284424e-05  0.00000000e+00
   0.00000000e+00  0.00000000e+00]
 [ 0.00000000e+00  1.00000000e+00  0.00000000e+00  2.98284424e-05
   0.00000000e+00  0.00000000e+00]
 [-2.98284424e-05  0.00000000e+00  1.00000000e+00  0.00000000e+00
   0.00000000e+00  0.00000000e+00]
 [ 0.00000000e+00 -2.98284424e-05  0.00000000e+00  1.00000000e+00
   0.00000000e+00  0.00000000e+00]
 [ 0.00000000e+00  0.00000000e+00  0.00000000e+00  0.00000000e+00
   1.00000000e+00  0.00000000e+00]
 [ 0.00000000e+00  0.00000000e+00  0.00000000e+00  0.00000000e+00
   0.00000000e+00  1.00000000e+00]]
R2 #[[ 1.00000000e+00  0.00000000e+00 -2.98284424e-05  0.00000000e+00
   0.00000000e+00  0.00000000e+00]
 [ 0.00000000e+00  1.00000000e+00  0.00000000e+00 -2.98284424e-05
   0.00000000e+00  0.00000000e+00]
 [ 2.98284424e-05  0.00000000e+00  1.00000000e+00  0.00000000e+00
   0.00000000e+00  0.00000000e+00]
 [ 0.00000000e+00  2.98284424e-05  0.00000000e+00  1.00000000e+00
   0.00000000e+00  0.00000000e+00]
 [ 0.00000000e+00  0.00000000e+00  0.00000000e+00  0.00000000e+00
   1.00000000e+00  0.00000000e+00]
 [ 0.00000000e+00  0.00000000e+00  0.00000000e+00  0.00000000e+00
   0.00000000e+00  1.00000000e+00]]
Param #7155: delta too small; RMS=2.2252e-06 mm
quads_tilt_fit #2.8828442394610714e-05
delta_local #[0.0004494]
R1 #[[ 9.99999886e-01  0.00000000e+00  4.78230841e-04  0.00000000e+00
   0.00000000e+00  0.00000000e+00]
 [ 0.00000000e+00  9.99999886e-01  0.00000000e+00  4.78230841e-04
   0.00000000e+00  0.00000000e+00]
 [-4.78230841e-04  0.00000000e+00  9.99999886e-01  0.00000000e+00
   0.00000000e+00  0.00000000e+00]
 [ 0.00000000e+00 -4.78230841e-04  0.00000000e+00  9.99999886e-01
   0.00000000e+00  0.00000000e+00]
 [ 0.00000000e+00  0.00000000e+00  0.00000000e+00  0.00000000e+00
   1.00000000e+00  0.00000000e+00]
 [ 0.00000000e+00  0.00000000e+00  0.00000000e+00  0.00000000e+00
   0.00000000e+00  1.00000000e+00]]
R2 #[[ 9.99999886e-01  0.00000000e+00 -4.78230841e-04  0.00000000e+00
   0.00000000e+00  0.00000000e+00]
 [ 0.00000000e+00  9.99999886e-01  0.00000000e+00 -4.78230841e-04
   0.00000000e+00  0.00000000e+00]
 [ 4.78230841e-04  0.00000000e+00  9.99999886e-01  0.00000000e+00
   0.00000000e+00  0.00000000e+00]
 [ 0.00000000e+00  4.78230841e-04  0.00000000e+00  9.99999886e-01
   0.00000000e+00  0.00000000e+00]
 [ 0.00000000e+00  0.00000000e+00  0.00000000e+00  0.00000000e+00
   1.00000000e+00  0.00000000e+00]
 [ 0.00000000e+00  0.00000000e+00  0.00000000e+00  0.00000000e+00
   0.00000000e+00  1.00000000e+00]]
Param #7155: delta OK; RMS=0.00099951 mm
quads_tilt_fit #0.00014438708930688822
delta_local #[1.e-06]
R1 #[[ 9.99999989e-01  0.00000000e+00  1.45387089e-04  0.00000000e+00
   0.00000000e+00  0.00000000e+00]
 [ 0.00000000e+00  9.99999989e-01  0.00000000e+00  1.45387089e-04
   0.00000000e+00  0.00000000e+00]
 [-1.45387089e-04  0.00000000e+00  9.99999989e-01  0.00000000e+00
   0.00000000e+00  0.00000000e+00]
 [ 0.00000000e+00 -1.45387089e-04  0.00000000e+00  9.99999989e-01
   0.00000000e+00  0.00000000e+00]
 [ 0.00000000e+00  0.00000000e+00  0.00000000e+00  0.00000000e+00
   1.00000000e+00  0.00000000e+00]
 [ 0.00000000e+00  0.00000000e+00  0.00000000e+00  0.00000000e+00
   0.00000000e+00  1.00000000e+00]]
R2 #[[ 9.99999989e-01  0.00000000e+00 -1.45387089e-04  0.00000000e+00
   0.00000000e+00  0.00000000e+00]
 [ 0.00000000e+00  9.99999989e-01  0.00000000e+00 -1.45387089e-04
   0.00000000e+00  0.00000000e+00]
 [ 1.45387089e-04  0.00000000e+00  9.99999989e-01  0.00000000e+00
   0.00000000e+00  0.00000000e+00]
 [ 0.00000000e+00  1.45387089e-04  0.00000000e+00  9.99999989e-01
   0.00000000e+00  0.00000000e+00]
 [ 0.00000000e+00  0.00000000e+00  0.00000000e+00  0.00000000e+00
   1.00000000e+00  0.00000000e+00]
 [ 0.00000000e+00  0.00000000e+00  0.00000000e+00  0.00000000e+00
   0.00000000e+00  1.00000000e+00]]
Param #7174: delta too small; RMS=1.757e-06 mm
quads_tilt_fit #0.00014438708930688822
delta_local #[0.00056916]
R1 #[[ 9.99999745e-01  0.00000000e+00  7.13550463e-04  0.00000000e+00
   0.00000000e+00  0.00000000e+00]
 [ 0.00000000e+00  9.99999745e-01  0.00000000e+00  7.13550463e-04
   0.00000000e+00  0.00000000e+00]
 [-7.13550463e-04  0.00000000e+00  9.99999745e-01  0.00000000e+00
   0.00000000e+00  0.00000000e+00]
 [ 0.00000000e+00 -7.13550463e-04  0.00000000e+00  9.99999745e-01
   0.00000000e+00  0.00000000e+00]
 [ 0.00000000e+00  0.00000000e+00  0.00000000e+00  0.00000000e+00
   1.00000000e+00  0.00000000e+00]
 [ 0.00000000e+00  0.00000000e+00  0.00000000e+00  0.00000000e+00
   0.00000000e+00  1.00000000e+00]]
R2 #[[ 9.99999745e-01  0.00000000e+00 -7.13550463e-04  0.00000000e+00
   0.00000000e+00  0.00000000e+00]
 [ 0.00000000e+00  9.99999745e-01  0.00000000e+00 -7.13550463e-04
   0.00000000e+00  0.00000000e+00]
 [ 7.13550463e-04  0.00000000e+00  9.99999745e-01  0.00000000e+00
   0.00000000e+00  0.00000000e+00]
 [ 0.00000000e+00  7.13550463e-04  0.00000000e+00  9.99999745e-01
   0.00000000e+00  0.00000000e+00]
 [ 0.00000000e+00  0.00000000e+00  0.00000000e+00  0.00000000e+00
   1.00000000e+00  0.00000000e+00]
 [ 0.00000000e+00  0.00000000e+00  0.00000000e+00  0.00000000e+00
   0.00000000e+00  1.00000000e+00]]
Param #7174: delta OK; RMS=0.00099931 mm
quads_tilt_fit #-0.00098154630536992
delta_local #[1.e-06]
R1 #[[ 9.99999519e-01  0.00000000e+00 -9.80546148e-04  0.00000000e+00
   0.00000000e+00  0.00000000e+00]
 [ 0.00000000e+00  9.99999519e-01  0.00000000e+00 -9.80546148e-04
   0.00000000e+00  0.00000000e+00]
 [ 9.80546148e-04  0.00000000e+00  9.99999519e-01  0.00000000e+00
   0.00000000e+00  0.00000000e+00]
 [ 0.00000000e+00  9.80546148e-04  0.00000000e+00  9.99999519e-01
   0.00000000e+00  0.00000000e+00]
 [ 0.00000000e+00  0.00000000e+00  0.00000000e+00  0.00000000e+00
   1.00000000e+00  0.00000000e+00]
 [ 0.00000000e+00  0.00000000e+00  0.00000000e+00  0.00000000e+00
   0.00000000e+00  1.00000000e+00]]
R2 #[[ 9.99999519e-01  0.00000000e+00  9.80546148e-04  0.00000000e+00
   0.00000000e+00  0.00000000e+00]
 [ 0.00000000e+00  9.99999519e-01  0.00000000e+00  9.80546148e-04
   0.00000000e+00  0.00000000e+00]
 [-9.80546148e-04  0.00000000e+00  9.99999519e-01  0.00000000e+00
   0.00000000e+00  0.00000000e+00]
 [ 0.00000000e+00 -9.80546148e-04  0.00000000e+00  9.99999519e-01
   0.00000000e+00  0.00000000e+00]
 [ 0.00000000e+00  0.00000000e+00  0.00000000e+00  0.00000000e+00
   1.00000000e+00  0.00000000e+00]
 [ 0.00000000e+00  0.00000000e+00  0.00000000e+00  0.00000000e+00
   0.00000000e+00  1.00000000e+00]]
Param #7193: delta too small; RMS=1.8291e-06 mm
quads_tilt_fit #-0.00098154630536992
delta_local #[0.0005467]
R1 #[[ 9.99999905e-01  0.00000000e+00 -4.34843454e-04  0.00000000e+00
   0.00000000e+00  0.00000000e+00]
 [ 0.00000000e+00  9.99999905e-01  0.00000000e+00 -4.34843454e-04
   0.00000000e+00  0.00000000e+00]
 [ 4.34843454e-04  0.00000000e+00  9.99999905e-01  0.00000000e+00
   0.00000000e+00  0.00000000e+00]
 [ 0.00000000e+00  4.34843454e-04  0.00000000e+00  9.99999905e-01
   0.00000000e+00  0.00000000e+00]
 [ 0.00000000e+00  0.00000000e+00  0.00000000e+00  0.00000000e+00
   1.00000000e+00  0.00000000e+00]
 [ 0.00000000e+00  0.00000000e+00  0.00000000e+00  0.00000000e+00
   0.00000000e+00  1.00000000e+00]]
R2 #[[ 9.99999905e-01  0.00000000e+00  4.34843454e-04  0.00000000e+00
   0.00000000e+00  0.00000000e+00]
 [ 0.00000000e+00  9.99999905e-01  0.00000000e+00  4.34843454e-04
   0.00000000e+00  0.00000000e+00]
 [-4.34843454e-04  0.00000000e+00  9.99999905e-01  0.00000000e+00
   0.00000000e+00  0.00000000e+00]
 [ 0.00000000e+00 -4.34843454e-04  0.00000000e+00  9.99999905e-01
   0.00000000e+00  0.00000000e+00]
 [ 0.00000000e+00  0.00000000e+00  0.00000000e+00  0.00000000e+00
   1.00000000e+00  0.00000000e+00]
 [ 0.00000000e+00  0.00000000e+00  0.00000000e+00  0.00000000e+00
   0.00000000e+00  1.00000000e+00]]
Param #7193: delta OK; RMS=0.001 mm
quads_tilt_fit #0.000394816384749559
delta_local #[1.e-06]
R1 #[[ 9.99999922e-01  0.00000000e+00  3.95816374e-04  0.00000000e+00
   0.00000000e+00  0.00000000e+00]
 [ 0.00000000e+00  9.99999922e-01  0.00000000e+00  3.95816374e-04
   0.00000000e+00  0.00000000e+00]
 [-3.95816374e-04  0.00000000e+00  9.99999922e-01  0.00000000e+00
   0.00000000e+00  0.00000000e+00]
 [ 0.00000000e+00 -3.95816374e-04  0.00000000e+00  9.99999922e-01
   0.00000000e+00  0.00000000e+00]
 [ 0.00000000e+00  0.00000000e+00  0.00000000e+00  0.00000000e+00
   1.00000000e+00  0.00000000e+00]
 [ 0.00000000e+00  0.00000000e+00  0.00000000e+00  0.00000000e+00
   0.00000000e+00  1.00000000e+00]]
R2 #[[ 9.99999922e-01  0.00000000e+00 -3.95816374e-04  0.00000000e+00
   0.00000000e+00  0.00000000e+00]
 [ 0.00000000e+00  9.99999922e-01  0.00000000e+00 -3.95816374e-04
   0.00000000e+00  0.00000000e+00]
 [ 3.95816374e-04  0.00000000e+00  9.99999922e-01  0.00000000e+00
   0.00000000e+00  0.00000000e+00]
 [ 0.00000000e+00  3.95816374e-04  0.00000000e+00  9.99999922e-01
   0.00000000e+00  0.00000000e+00]
 [ 0.00000000e+00  0.00000000e+00  0.00000000e+00  0.00000000e+00
   1.00000000e+00  0.00000000e+00]
 [ 0.00000000e+00  0.00000000e+00  0.00000000e+00  0.00000000e+00
   0.00000000e+00  1.00000000e+00]]
Param #7212: delta too small; RMS=2.28e-06 mm
quads_tilt_fit #0.000394816384749559
delta_local #[0.00043859]
R1 #[[ 9.99999653e-01  0.00000000e+00  8.33411071e-04  0.00000000e+00
   0.00000000e+00  0.00000000e+00]
 [ 0.00000000e+00  9.99999653e-01  0.00000000e+00  8.33411071e-04
   0.00000000e+00  0.00000000e+00]
 [-8.33411071e-04  0.00000000e+00  9.99999653e-01  0.00000000e+00
   0.00000000e+00  0.00000000e+00]
 [ 0.00000000e+00 -8.33411071e-04  0.00000000e+00  9.99999653e-01
   0.00000000e+00  0.00000000e+00]
 [ 0.00000000e+00  0.00000000e+00  0.00000000e+00  0.00000000e+00
   1.00000000e+00  0.00000000e+00]
 [ 0.00000000e+00  0.00000000e+00  0.00000000e+00  0.00000000e+00
   0.00000000e+00  1.00000000e+00]]
R2 #[[ 9.99999653e-01  0.00000000e+00 -8.33411071e-04  0.00000000e+00
   0.00000000e+00  0.00000000e+00]
 [ 0.00000000e+00  9.99999653e-01  0.00000000e+00 -8.33411071e-04
   0.00000000e+00  0.00000000e+00]
 [ 8.33411071e-04  0.00000000e+00  9.99999653e-01  0.00000000e+00
   0.00000000e+00  0.00000000e+00]
 [ 0.00000000e+00  8.33411071e-04  0.00000000e+00  9.99999653e-01
   0.00000000e+00  0.00000000e+00]
 [ 0.00000000e+00  0.00000000e+00  0.00000000e+00  0.00000000e+00
   1.00000000e+00  0.00000000e+00]
 [ 0.00000000e+00  0.00000000e+00  0.00000000e+00  0.00000000e+00
   0.00000000e+00  1.00000000e+00]]
Param #7212: delta OK; RMS=0.00099911 mm
quads_tilt_fit #-2.9119441132347417e-05
delta_local #[1.e-06]
R1 #[[ 1.00000000e+00  0.00000000e+00 -2.81194411e-05  0.00000000e+00
   0.00000000e+00  0.00000000e+00]
 [ 0.00000000e+00  1.00000000e+00  0.00000000e+00 -2.81194411e-05
   0.00000000e+00  0.00000000e+00]
 [ 2.81194411e-05  0.00000000e+00  1.00000000e+00  0.00000000e+00
   0.00000000e+00  0.00000000e+00]
 [ 0.00000000e+00  2.81194411e-05  0.00000000e+00  1.00000000e+00
   0.00000000e+00  0.00000000e+00]
 [ 0.00000000e+00  0.00000000e+00  0.00000000e+00  0.00000000e+00
   1.00000000e+00  0.00000000e+00]
 [ 0.00000000e+00  0.00000000e+00  0.00000000e+00  0.00000000e+00
   0.00000000e+00  1.00000000e+00]]
R2 #[[ 1.00000000e+00  0.00000000e+00  2.81194411e-05  0.00000000e+00
   0.00000000e+00  0.00000000e+00]
 [ 0.00000000e+00  1.00000000e+00  0.00000000e+00  2.81194411e-05
   0.00000000e+00  0.00000000e+00]
 [-2.81194411e-05  0.00000000e+00  1.00000000e+00  0.00000000e+00
   0.00000000e+00  0.00000000e+00]
 [ 0.00000000e+00 -2.81194411e-05  0.00000000e+00  1.00000000e+00
   0.00000000e+00  0.00000000e+00]
 [ 0.00000000e+00  0.00000000e+00  0.00000000e+00  0.00000000e+00
   1.00000000e+00  0.00000000e+00]
 [ 0.00000000e+00  0.00000000e+00  0.00000000e+00  0.00000000e+00
   0.00000000e+00  1.00000000e+00]]
Param #7231: delta too small; RMS=1.4375e-06 mm
quads_tilt_fit #-2.9119441132347417e-05
delta_local #[0.00069565]
R1 #[[ 9.99999778e-01  0.00000000e+00  6.66532803e-04  0.00000000e+00
   0.00000000e+00  0.00000000e+00]
 [ 0.00000000e+00  9.99999778e-01  0.00000000e+00  6.66532803e-04
   0.00000000e+00  0.00000000e+00]
 [-6.66532803e-04  0.00000000e+00  9.99999778e-01  0.00000000e+00
   0.00000000e+00  0.00000000e+00]
 [ 0.00000000e+00 -6.66532803e-04  0.00000000e+00  9.99999778e-01
   0.00000000e+00  0.00000000e+00]
 [ 0.00000000e+00  0.00000000e+00  0.00000000e+00  0.00000000e+00
   1.00000000e+00  0.00000000e+00]
 [ 0.00000000e+00  0.00000000e+00  0.00000000e+00  0.00000000e+00
   0.00000000e+00  1.00000000e+00]]
R2 #[[ 9.99999778e-01  0.00000000e+00 -6.66532803e-04  0.00000000e+00
   0.00000000e+00  0.00000000e+00]
 [ 0.00000000e+00  9.99999778e-01  0.00000000e+00 -6.66532803e-04
   0.00000000e+00  0.00000000e+00]
 [ 6.66532803e-04  0.00000000e+00  9.99999778e-01  0.00000000e+00
   0.00000000e+00  0.00000000e+00]
 [ 0.00000000e+00  6.66532803e-04  0.00000000e+00  9.99999778e-01
   0.00000000e+00  0.00000000e+00]
 [ 0.00000000e+00  0.00000000e+00  0.00000000e+00  0.00000000e+00
   1.00000000e+00  0.00000000e+00]
 [ 0.00000000e+00  0.00000000e+00  0.00000000e+00  0.00000000e+00
   0.00000000e+00  1.00000000e+00]]
Param #7231: delta OK; RMS=0.0010001 mm
quads_tilt_fit #-0.0019395763470235528
delta_local #[1.e-06]
R1 #[[ 0.99999812  0.         -0.00193858  0.          0.          0.        ]
 [ 0.          0.99999812  0.         -0.00193858  0.          0.        ]
 [ 0.00193858  0.          0.99999812  0.          0.          0.        ]
 [ 0.          0.00193858  0.          0.99999812  0.          0.        ]
 [ 0.          0.          0.          0.          1.          0.        ]
 [ 0.          0.          0.          0.          0.          1.        ]]
R2 #[[ 0.99999812  0.          0.00193858  0.          0.          0.        ]
 [ 0.          0.99999812  0.          0.00193858  0.          0.        ]
 [-0.00193858  0.          0.99999812  0.          0.          0.        ]
 [ 0.         -0.00193858  0.          0.99999812  0.          0.        ]
 [ 0.          0.          0.          0.          1.          0.        ]
 [ 0.          0.          0.          0.          0.          1.        ]]
Param #7428: delta too small; RMS=1.4985e-06 mm
quads_tilt_fit #-0.0019395763470235528
delta_local #[0.00066732]
R1 #[[ 0.99999919  0.         -0.00127226  0.          0.          0.        ]
 [ 0.          0.99999919  0.         -0.00127226  0.          0.        ]
 [ 0.00127226  0.          0.99999919  0.          0.          0.        ]
 [ 0.          0.00127226  0.          0.99999919  0.          0.        ]
 [ 0.          0.          0.          0.          1.          0.        ]
 [ 0.          0.          0.          0.          0.          1.        ]]
R2 #[[ 0.99999919  0.          0.00127226  0.          0.          0.        ]
 [ 0.          0.99999919  0.          0.00127226  0.          0.        ]
 [-0.00127226  0.          0.99999919  0.          0.          0.        ]
 [ 0.         -0.00127226  0.          0.99999919  0.          0.        ]
 [ 0.          0.          0.          0.          1.          0.        ]
 [ 0.          0.          0.          0.          0.          1.        ]]
Param #7428: delta OK; RMS=0.0010002 mm
quads_tilt_fit #0.0007454718956162313
delta_local #[1.e-06]
R1 #[[ 9.99999721e-01  0.00000000e+00  7.46471826e-04  0.00000000e+00
   0.00000000e+00  0.00000000e+00]
 [ 0.00000000e+00  9.99999721e-01  0.00000000e+00  7.46471826e-04
   0.00000000e+00  0.00000000e+00]
 [-7.46471826e-04  0.00000000e+00  9.99999721e-01  0.00000000e+00
   0.00000000e+00  0.00000000e+00]
 [ 0.00000000e+00 -7.46471826e-04  0.00000000e+00  9.99999721e-01
   0.00000000e+00  0.00000000e+00]
 [ 0.00000000e+00  0.00000000e+00  0.00000000e+00  0.00000000e+00
   1.00000000e+00  0.00000000e+00]
 [ 0.00000000e+00  0.00000000e+00  0.00000000e+00  0.00000000e+00
   0.00000000e+00  1.00000000e+00]]
R2 #[[ 9.99999721e-01  0.00000000e+00 -7.46471826e-04  0.00000000e+00
   0.00000000e+00  0.00000000e+00]
 [ 0.00000000e+00  9.99999721e-01  0.00000000e+00 -7.46471826e-04
   0.00000000e+00  0.00000000e+00]
 [ 7.46471826e-04  0.00000000e+00  9.99999721e-01  0.00000000e+00
   0.00000000e+00  0.00000000e+00]
 [ 0.00000000e+00  7.46471826e-04  0.00000000e+00  9.99999721e-01
   0.00000000e+00  0.00000000e+00]
 [ 0.00000000e+00  0.00000000e+00  0.00000000e+00  0.00000000e+00
   1.00000000e+00  0.00000000e+00]
 [ 0.00000000e+00  0.00000000e+00  0.00000000e+00  0.00000000e+00
   0.00000000e+00  1.00000000e+00]]
Param #7447: delta too small; RMS=2.2353e-06 mm
quads_tilt_fit #0.0007454718956162313
delta_local #[0.00044736]
R1 #[[ 0.99999929  0.          0.00119283  0.          0.          0.        ]
 [ 0.          0.99999929  0.          0.00119283  0.          0.        ]
 [-0.00119283  0.          0.99999929  0.          0.          0.        ]
 [ 0.         -0.00119283  0.          0.99999929  0.          0.        ]
 [ 0.          0.          0.          0.          1.          0.        ]
 [ 0.          0.          0.          0.          0.          1.        ]]
R2 #[[ 0.99999929  0.         -0.00119283  0.          0.          0.        ]
 [ 0.          0.99999929  0.         -0.00119283  0.          0.        ]
 [ 0.00119283  0.          0.99999929  0.          0.          0.        ]
 [ 0.          0.00119283  0.          0.99999929  0.          0.        ]
 [ 0.          0.          0.          0.          1.          0.        ]
 [ 0.          0.          0.          0.          0.          1.        ]]
Param #7447: delta OK; RMS=0.00099945 mm
quads_tilt_fit #0.0005104240505102326
delta_local #[1.e-06]
R1 #[[ 9.99999869e-01  0.00000000e+00  5.11424028e-04  0.00000000e+00
   0.00000000e+00  0.00000000e+00]
 [ 0.00000000e+00  9.99999869e-01  0.00000000e+00  5.11424028e-04
   0.00000000e+00  0.00000000e+00]
 [-5.11424028e-04  0.00000000e+00  9.99999869e-01  0.00000000e+00
   0.00000000e+00  0.00000000e+00]
 [ 0.00000000e+00 -5.11424028e-04  0.00000000e+00  9.99999869e-01
   0.00000000e+00  0.00000000e+00]
 [ 0.00000000e+00  0.00000000e+00  0.00000000e+00  0.00000000e+00
   1.00000000e+00  0.00000000e+00]
 [ 0.00000000e+00  0.00000000e+00  0.00000000e+00  0.00000000e+00
   0.00000000e+00  1.00000000e+00]]
R2 #[[ 9.99999869e-01  0.00000000e+00 -5.11424028e-04  0.00000000e+00
   0.00000000e+00  0.00000000e+00]
 [ 0.00000000e+00  9.99999869e-01  0.00000000e+00 -5.11424028e-04
   0.00000000e+00  0.00000000e+00]
 [ 5.11424028e-04  0.00000000e+00  9.99999869e-01  0.00000000e+00
   0.00000000e+00  0.00000000e+00]
 [ 0.00000000e+00  5.11424028e-04  0.00000000e+00  9.99999869e-01
   0.00000000e+00  0.00000000e+00]
 [ 0.00000000e+00  0.00000000e+00  0.00000000e+00  0.00000000e+00
   1.00000000e+00  0.00000000e+00]
 [ 0.00000000e+00  0.00000000e+00  0.00000000e+00  0.00000000e+00
   0.00000000e+00  1.00000000e+00]]
Param #7466: delta too small; RMS=1.6591e-06 mm
quads_tilt_fit #0.0005104240505102326
delta_local #[0.00060274]
R1 #[[ 0.99999938  0.          0.00111317  0.          0.          0.        ]
 [ 0.          0.99999938  0.          0.00111317  0.          0.        ]
 [-0.00111317  0.          0.99999938  0.          0.          0.        ]
 [ 0.         -0.00111317  0.          0.99999938  0.          0.        ]
 [ 0.          0.          0.          0.          1.          0.        ]
 [ 0.          0.          0.          0.          0.          1.        ]]
R2 #[[ 0.99999938  0.         -0.00111317  0.          0.          0.        ]
 [ 0.          0.99999938  0.         -0.00111317  0.          0.        ]
 [ 0.00111317  0.          0.99999938  0.          0.          0.        ]
 [ 0.          0.00111317  0.          0.99999938  0.          0.        ]
 [ 0.          0.          0.          0.          1.          0.        ]
 [ 0.          0.          0.          0.          0.          1.        ]]
Param #7466: delta OK; RMS=0.00099963 mm
quads_tilt_fit #-0.0006712836289337019
delta_local #[1.e-06]
R1 #[[ 9.99999775e-01  0.00000000e+00 -6.70283579e-04  0.00000000e+00
   0.00000000e+00  0.00000000e+00]
 [ 0.00000000e+00  9.99999775e-01  0.00000000e+00 -6.70283579e-04
   0.00000000e+00  0.00000000e+00]
 [ 6.70283579e-04  0.00000000e+00  9.99999775e-01  0.00000000e+00
   0.00000000e+00  0.00000000e+00]
 [ 0.00000000e+00  6.70283579e-04  0.00000000e+00  9.99999775e-01
   0.00000000e+00  0.00000000e+00]
 [ 0.00000000e+00  0.00000000e+00  0.00000000e+00  0.00000000e+00
   1.00000000e+00  0.00000000e+00]
 [ 0.00000000e+00  0.00000000e+00  0.00000000e+00  0.00000000e+00
   0.00000000e+00  1.00000000e+00]]
R2 #[[ 9.99999775e-01  0.00000000e+00  6.70283579e-04  0.00000000e+00
   0.00000000e+00  0.00000000e+00]
 [ 0.00000000e+00  9.99999775e-01  0.00000000e+00  6.70283579e-04
   0.00000000e+00  0.00000000e+00]
 [-6.70283579e-04  0.00000000e+00  9.99999775e-01  0.00000000e+00
   0.00000000e+00  0.00000000e+00]
 [ 0.00000000e+00 -6.70283579e-04  0.00000000e+00  9.99999775e-01
   0.00000000e+00  0.00000000e+00]
 [ 0.00000000e+00  0.00000000e+00  0.00000000e+00  0.00000000e+00
   1.00000000e+00  0.00000000e+00]
 [ 0.00000000e+00  0.00000000e+00  0.00000000e+00  0.00000000e+00
   0.00000000e+00  1.00000000e+00]]
Param #7485: delta too small; RMS=1.8772e-06 mm
quads_tilt_fit #-0.0006712836289337019
delta_local #[0.00053272]
R1 #[[ 9.99999990e-01  0.00000000e+00 -1.38562357e-04  0.00000000e+00
   0.00000000e+00  0.00000000e+00]
 [ 0.00000000e+00  9.99999990e-01  0.00000000e+00 -1.38562357e-04
   0.00000000e+00  0.00000000e+00]
 [ 1.38562357e-04  0.00000000e+00  9.99999990e-01  0.00000000e+00
   0.00000000e+00  0.00000000e+00]
 [ 0.00000000e+00  1.38562357e-04  0.00000000e+00  9.99999990e-01
   0.00000000e+00  0.00000000e+00]
 [ 0.00000000e+00  0.00000000e+00  0.00000000e+00  0.00000000e+00
   1.00000000e+00  0.00000000e+00]
 [ 0.00000000e+00  0.00000000e+00  0.00000000e+00  0.00000000e+00
   0.00000000e+00  1.00000000e+00]]
R2 #[[ 9.99999990e-01  0.00000000e+00  1.38562357e-04  0.00000000e+00
   0.00000000e+00  0.00000000e+00]
 [ 0.00000000e+00  9.99999990e-01  0.00000000e+00  1.38562357e-04
   0.00000000e+00  0.00000000e+00]
 [-1.38562357e-04  0.00000000e+00  9.99999990e-01  0.00000000e+00
   0.00000000e+00  0.00000000e+00]
 [ 0.00000000e+00 -1.38562357e-04  0.00000000e+00  9.99999990e-01
   0.00000000e+00  0.00000000e+00]
 [ 0.00000000e+00  0.00000000e+00  0.00000000e+00  0.00000000e+00
   1.00000000e+00  0.00000000e+00]
 [ 0.00000000e+00  0.00000000e+00  0.00000000e+00  0.00000000e+00
   0.00000000e+00  1.00000000e+00]]
Param #7485: delta OK; RMS=0.00099994 mm
quads_tilt_fit #0.0006099431132568921
delta_local #[1.e-06]
R1 #[[ 9.99999813e-01  0.00000000e+00  6.10943075e-04  0.00000000e+00
   0.00000000e+00  0.00000000e+00]
 [ 0.00000000e+00  9.99999813e-01  0.00000000e+00  6.10943075e-04
   0.00000000e+00  0.00000000e+00]
 [-6.10943075e-04  0.00000000e+00  9.99999813e-01  0.00000000e+00
   0.00000000e+00  0.00000000e+00]
 [ 0.00000000e+00 -6.10943075e-04  0.00000000e+00  9.99999813e-01
   0.00000000e+00  0.00000000e+00]
 [ 0.00000000e+00  0.00000000e+00  0.00000000e+00  0.00000000e+00
   1.00000000e+00  0.00000000e+00]
 [ 0.00000000e+00  0.00000000e+00  0.00000000e+00  0.00000000e+00
   0.00000000e+00  1.00000000e+00]]
R2 #[[ 9.99999813e-01  0.00000000e+00 -6.10943075e-04  0.00000000e+00
   0.00000000e+00  0.00000000e+00]
 [ 0.00000000e+00  9.99999813e-01  0.00000000e+00 -6.10943075e-04
   0.00000000e+00  0.00000000e+00]
 [ 6.10943075e-04  0.00000000e+00  9.99999813e-01  0.00000000e+00
   0.00000000e+00  0.00000000e+00]
 [ 0.00000000e+00  6.10943075e-04  0.00000000e+00  9.99999813e-01
   0.00000000e+00  0.00000000e+00]
 [ 0.00000000e+00  0.00000000e+00  0.00000000e+00  0.00000000e+00
   1.00000000e+00  0.00000000e+00]
 [ 0.00000000e+00  0.00000000e+00  0.00000000e+00  0.00000000e+00
   0.00000000e+00  1.00000000e+00]]
Param #7504: delta too small; RMS=2.1167e-06 mm
quads_tilt_fit #0.0006099431132568921
delta_local #[0.00047243]
R1 #[[ 0.99999941  0.          0.00108237  0.          0.          0.        ]
 [ 0.          0.99999941  0.          0.00108237  0.          0.        ]
 [-0.00108237  0.          0.99999941  0.          0.          0.        ]
 [ 0.         -0.00108237  0.          0.99999941  0.          0.        ]
 [ 0.          0.          0.          0.          1.          0.        ]
 [ 0.          0.          0.          0.          0.          1.        ]]
R2 #[[ 0.99999941  0.         -0.00108237  0.          0.          0.        ]
 [ 0.          0.99999941  0.         -0.00108237  0.          0.        ]
 [ 0.00108237  0.          0.99999941  0.          0.          0.        ]
 [ 0.          0.00108237  0.          0.99999941  0.          0.        ]
 [ 0.          0.          0.          0.          1.          0.        ]
 [ 0.          0.          0.          0.          0.          1.        ]]
Param #7504: delta OK; RMS=0.00099927 mm
quads_tilt_fit #0.00017768237375075495
delta_local #[1.e-06]
R1 #[[ 9.99999984e-01  0.00000000e+00  1.78682373e-04  0.00000000e+00
   0.00000000e+00  0.00000000e+00]
 [ 0.00000000e+00  9.99999984e-01  0.00000000e+00  1.78682373e-04
   0.00000000e+00  0.00000000e+00]
 [-1.78682373e-04  0.00000000e+00  9.99999984e-01  0.00000000e+00
   0.00000000e+00  0.00000000e+00]
 [ 0.00000000e+00 -1.78682373e-04  0.00000000e+00  9.99999984e-01
   0.00000000e+00  0.00000000e+00]
 [ 0.00000000e+00  0.00000000e+00  0.00000000e+00  0.00000000e+00
   1.00000000e+00  0.00000000e+00]
 [ 0.00000000e+00  0.00000000e+00  0.00000000e+00  0.00000000e+00
   0.00000000e+00  1.00000000e+00]]
R2 #[[ 9.99999984e-01  0.00000000e+00 -1.78682373e-04  0.00000000e+00
   0.00000000e+00  0.00000000e+00]
 [ 0.00000000e+00  9.99999984e-01  0.00000000e+00 -1.78682373e-04
   0.00000000e+00  0.00000000e+00]
 [ 1.78682373e-04  0.00000000e+00  9.99999984e-01  0.00000000e+00
   0.00000000e+00  0.00000000e+00]
 [ 0.00000000e+00  1.78682373e-04  0.00000000e+00  9.99999984e-01
   0.00000000e+00  0.00000000e+00]
 [ 0.00000000e+00  0.00000000e+00  0.00000000e+00  0.00000000e+00
   1.00000000e+00  0.00000000e+00]
 [ 0.00000000e+00  0.00000000e+00  0.00000000e+00  0.00000000e+00
   0.00000000e+00  1.00000000e+00]]
Param #7521: delta too small; RMS=1.535e-06 mm
quads_tilt_fit #0.00017768237375075495
delta_local #[0.00065145]
R1 #[[ 9.99999656e-01  0.00000000e+00  8.29131475e-04  0.00000000e+00
   0.00000000e+00  0.00000000e+00]
 [ 0.00000000e+00  9.99999656e-01  0.00000000e+00  8.29131475e-04
   0.00000000e+00  0.00000000e+00]
 [-8.29131475e-04  0.00000000e+00  9.99999656e-01  0.00000000e+00
   0.00000000e+00  0.00000000e+00]
 [ 0.00000000e+00 -8.29131475e-04  0.00000000e+00  9.99999656e-01
   0.00000000e+00  0.00000000e+00]
 [ 0.00000000e+00  0.00000000e+00  0.00000000e+00  0.00000000e+00
   1.00000000e+00  0.00000000e+00]
 [ 0.00000000e+00  0.00000000e+00  0.00000000e+00  0.00000000e+00
   0.00000000e+00  1.00000000e+00]]
R2 #[[ 9.99999656e-01  0.00000000e+00 -8.29131475e-04  0.00000000e+00
   0.00000000e+00  0.00000000e+00]
 [ 0.00000000e+00  9.99999656e-01  0.00000000e+00 -8.29131475e-04
   0.00000000e+00  0.00000000e+00]
 [ 8.29131475e-04  0.00000000e+00  9.99999656e-01  0.00000000e+00
   0.00000000e+00  0.00000000e+00]
 [ 0.00000000e+00  8.29131475e-04  0.00000000e+00  9.99999656e-01
   0.00000000e+00  0.00000000e+00]
 [ 0.00000000e+00  0.00000000e+00  0.00000000e+00  0.00000000e+00
   1.00000000e+00  0.00000000e+00]
 [ 0.00000000e+00  0.00000000e+00  0.00000000e+00  0.00000000e+00
   0.00000000e+00  1.00000000e+00]]
Param #7521: delta OK; RMS=0.0010002 mm
quads_tilt_fit #-0.0001836959215138238
delta_local #[1.e-06]
R1 #[[ 9.99999983e-01  0.00000000e+00 -1.82695920e-04  0.00000000e+00
   0.00000000e+00  0.00000000e+00]
 [ 0.00000000e+00  9.99999983e-01  0.00000000e+00 -1.82695920e-04
   0.00000000e+00  0.00000000e+00]
 [ 1.82695920e-04  0.00000000e+00  9.99999983e-01  0.00000000e+00
   0.00000000e+00  0.00000000e+00]
 [ 0.00000000e+00  1.82695920e-04  0.00000000e+00  9.99999983e-01
   0.00000000e+00  0.00000000e+00]
 [ 0.00000000e+00  0.00000000e+00  0.00000000e+00  0.00000000e+00
   1.00000000e+00  0.00000000e+00]
 [ 0.00000000e+00  0.00000000e+00  0.00000000e+00  0.00000000e+00
   0.00000000e+00  1.00000000e+00]]
R2 #[[ 9.99999983e-01  0.00000000e+00  1.82695920e-04  0.00000000e+00
   0.00000000e+00  0.00000000e+00]
 [ 0.00000000e+00  9.99999983e-01  0.00000000e+00  1.82695920e-04
   0.00000000e+00  0.00000000e+00]
 [-1.82695920e-04  0.00000000e+00  9.99999983e-01  0.00000000e+00
   0.00000000e+00  0.00000000e+00]
 [ 0.00000000e+00 -1.82695920e-04  0.00000000e+00  9.99999983e-01
   0.00000000e+00  0.00000000e+00]
 [ 0.00000000e+00  0.00000000e+00  0.00000000e+00  0.00000000e+00
   1.00000000e+00  0.00000000e+00]
 [ 0.00000000e+00  0.00000000e+00  0.00000000e+00  0.00000000e+00
   0.00000000e+00  1.00000000e+00]]
Param #7540: delta too small; RMS=2.27e-06 mm
quads_tilt_fit #-0.0001836959215138238
delta_local #[0.00044053]
R1 #[[ 9.99999967e-01  0.00000000e+00  2.56838620e-04  0.00000000e+00
   0.00000000e+00  0.00000000e+00]
 [ 0.00000000e+00  9.99999967e-01  0.00000000e+00  2.56838620e-04
   0.00000000e+00  0.00000000e+00]
 [-2.56838620e-04  0.00000000e+00  9.99999967e-01  0.00000000e+00
   0.00000000e+00  0.00000000e+00]
 [ 0.00000000e+00 -2.56838620e-04  0.00000000e+00  9.99999967e-01
   0.00000000e+00  0.00000000e+00]
 [ 0.00000000e+00  0.00000000e+00  0.00000000e+00  0.00000000e+00
   1.00000000e+00  0.00000000e+00]
 [ 0.00000000e+00  0.00000000e+00  0.00000000e+00  0.00000000e+00
   0.00000000e+00  1.00000000e+00]]
R2 #[[ 9.99999967e-01  0.00000000e+00 -2.56838620e-04  0.00000000e+00
   0.00000000e+00  0.00000000e+00]
 [ 0.00000000e+00  9.99999967e-01  0.00000000e+00 -2.56838620e-04
   0.00000000e+00  0.00000000e+00]
 [ 2.56838620e-04  0.00000000e+00  9.99999967e-01  0.00000000e+00
   0.00000000e+00  0.00000000e+00]
 [ 0.00000000e+00  2.56838620e-04  0.00000000e+00  9.99999967e-01
   0.00000000e+00  0.00000000e+00]
 [ 0.00000000e+00  0.00000000e+00  0.00000000e+00  0.00000000e+00
   1.00000000e+00  0.00000000e+00]
 [ 0.00000000e+00  0.00000000e+00  0.00000000e+00  0.00000000e+00
   0.00000000e+00  1.00000000e+00]]
Param #7540: delta OK; RMS=0.00099939 mm
quads_tilt_fit #0.00014496389795791892
delta_local #[1.e-06]
R1 #[[ 9.99999989e-01  0.00000000e+00  1.45963897e-04  0.00000000e+00
   0.00000000e+00  0.00000000e+00]
 [ 0.00000000e+00  9.99999989e-01  0.00000000e+00  1.45963897e-04
   0.00000000e+00  0.00000000e+00]
 [-1.45963897e-04  0.00000000e+00  9.99999989e-01  0.00000000e+00
   0.00000000e+00  0.00000000e+00]
 [ 0.00000000e+00 -1.45963897e-04  0.00000000e+00  9.99999989e-01
   0.00000000e+00  0.00000000e+00]
 [ 0.00000000e+00  0.00000000e+00  0.00000000e+00  0.00000000e+00
   1.00000000e+00  0.00000000e+00]
 [ 0.00000000e+00  0.00000000e+00  0.00000000e+00  0.00000000e+00
   0.00000000e+00  1.00000000e+00]]
R2 #[[ 9.99999989e-01  0.00000000e+00 -1.45963897e-04  0.00000000e+00
   0.00000000e+00  0.00000000e+00]
 [ 0.00000000e+00  9.99999989e-01  0.00000000e+00 -1.45963897e-04
   0.00000000e+00  0.00000000e+00]
 [ 1.45963897e-04  0.00000000e+00  9.99999989e-01  0.00000000e+00
   0.00000000e+00  0.00000000e+00]
 [ 0.00000000e+00  1.45963897e-04  0.00000000e+00  9.99999989e-01
   0.00000000e+00  0.00000000e+00]
 [ 0.00000000e+00  0.00000000e+00  0.00000000e+00  0.00000000e+00
   1.00000000e+00  0.00000000e+00]
 [ 0.00000000e+00  0.00000000e+00  0.00000000e+00  0.00000000e+00
   0.00000000e+00  1.00000000e+00]]
Param #7559: delta too small; RMS=1.5899e-06 mm
quads_tilt_fit #0.00014496389795791892
delta_local #[0.00062898]
R1 #[[ 9.99999701e-01  0.00000000e+00  7.73946324e-04  0.00000000e+00
   0.00000000e+00  0.00000000e+00]
 [ 0.00000000e+00  9.99999701e-01  0.00000000e+00  7.73946324e-04
   0.00000000e+00  0.00000000e+00]
 [-7.73946324e-04  0.00000000e+00  9.99999701e-01  0.00000000e+00
   0.00000000e+00  0.00000000e+00]
 [ 0.00000000e+00 -7.73946324e-04  0.00000000e+00  9.99999701e-01
   0.00000000e+00  0.00000000e+00]
 [ 0.00000000e+00  0.00000000e+00  0.00000000e+00  0.00000000e+00
   1.00000000e+00  0.00000000e+00]
 [ 0.00000000e+00  0.00000000e+00  0.00000000e+00  0.00000000e+00
   0.00000000e+00  1.00000000e+00]]
R2 #[[ 9.99999701e-01  0.00000000e+00 -7.73946324e-04  0.00000000e+00
   0.00000000e+00  0.00000000e+00]
 [ 0.00000000e+00  9.99999701e-01  0.00000000e+00 -7.73946324e-04
   0.00000000e+00  0.00000000e+00]
 [ 7.73946324e-04  0.00000000e+00  9.99999701e-01  0.00000000e+00
   0.00000000e+00  0.00000000e+00]
 [ 0.00000000e+00  7.73946324e-04  0.00000000e+00  9.99999701e-01
   0.00000000e+00  0.00000000e+00]
 [ 0.00000000e+00  0.00000000e+00  0.00000000e+00  0.00000000e+00
   1.00000000e+00  0.00000000e+00]
 [ 0.00000000e+00  0.00000000e+00  0.00000000e+00  0.00000000e+00
   0.00000000e+00  1.00000000e+00]]
Param #7559: delta OK; RMS=0.00099969 mm
quads_tilt_fit #0.00026945943456938584
delta_local #[1.e-06]
R1 #[[ 9.99999963e-01  0.00000000e+00  2.70459431e-04  0.00000000e+00
   0.00000000e+00  0.00000000e+00]
 [ 0.00000000e+00  9.99999963e-01  0.00000000e+00  2.70459431e-04
   0.00000000e+00  0.00000000e+00]
 [-2.70459431e-04  0.00000000e+00  9.99999963e-01  0.00000000e+00
   0.00000000e+00  0.00000000e+00]
 [ 0.00000000e+00 -2.70459431e-04  0.00000000e+00  9.99999963e-01
   0.00000000e+00  0.00000000e+00]
 [ 0.00000000e+00  0.00000000e+00  0.00000000e+00  0.00000000e+00
   1.00000000e+00  0.00000000e+00]
 [ 0.00000000e+00  0.00000000e+00  0.00000000e+00  0.00000000e+00
   0.00000000e+00  1.00000000e+00]]
R2 #[[ 9.99999963e-01  0.00000000e+00 -2.70459431e-04  0.00000000e+00
   0.00000000e+00  0.00000000e+00]
 [ 0.00000000e+00  9.99999963e-01  0.00000000e+00 -2.70459431e-04
   0.00000000e+00  0.00000000e+00]
 [ 2.70459431e-04  0.00000000e+00  9.99999963e-01  0.00000000e+00
   0.00000000e+00  0.00000000e+00]
 [ 0.00000000e+00  2.70459431e-04  0.00000000e+00  9.99999963e-01
   0.00000000e+00  0.00000000e+00]
 [ 0.00000000e+00  0.00000000e+00  0.00000000e+00  0.00000000e+00
   1.00000000e+00  0.00000000e+00]
 [ 0.00000000e+00  0.00000000e+00  0.00000000e+00  0.00000000e+00
   0.00000000e+00  1.00000000e+00]]
Param #7578: delta too small; RMS=1.9405e-06 mm
quads_tilt_fit #0.00026945943456938584
delta_local #[0.00051532]
R1 #[[ 9.99999692e-01  0.00000000e+00  7.84781327e-04  0.00000000e+00
   0.00000000e+00  0.00000000e+00]
 [ 0.00000000e+00  9.99999692e-01  0.00000000e+00  7.84781327e-04
   0.00000000e+00  0.00000000e+00]
 [-7.84781327e-04  0.00000000e+00  9.99999692e-01  0.00000000e+00
   0.00000000e+00  0.00000000e+00]
 [ 0.00000000e+00 -7.84781327e-04  0.00000000e+00  9.99999692e-01
   0.00000000e+00  0.00000000e+00]
 [ 0.00000000e+00  0.00000000e+00  0.00000000e+00  0.00000000e+00
   1.00000000e+00  0.00000000e+00]
 [ 0.00000000e+00  0.00000000e+00  0.00000000e+00  0.00000000e+00
   0.00000000e+00  1.00000000e+00]]
R2 #[[ 9.99999692e-01  0.00000000e+00 -7.84781327e-04  0.00000000e+00
   0.00000000e+00  0.00000000e+00]
 [ 0.00000000e+00  9.99999692e-01  0.00000000e+00 -7.84781327e-04
   0.00000000e+00  0.00000000e+00]
 [ 7.84781327e-04  0.00000000e+00  9.99999692e-01  0.00000000e+00
   0.00000000e+00  0.00000000e+00]
 [ 0.00000000e+00  7.84781327e-04  0.00000000e+00  9.99999692e-01
   0.00000000e+00  0.00000000e+00]
 [ 0.00000000e+00  0.00000000e+00  0.00000000e+00  0.00000000e+00
   1.00000000e+00  0.00000000e+00]
 [ 0.00000000e+00  0.00000000e+00  0.00000000e+00  0.00000000e+00
   0.00000000e+00  1.00000000e+00]]
Param #7578: delta OK; RMS=0.00099992 mm
quads_tilt_fit #-0.0005835461574411475
delta_local #[1.e-06]
R1 #[[ 9.99999830e-01  0.00000000e+00 -5.82546124e-04  0.00000000e+00
   0.00000000e+00  0.00000000e+00]
 [ 0.00000000e+00  9.99999830e-01  0.00000000e+00 -5.82546124e-04
   0.00000000e+00  0.00000000e+00]
 [ 5.82546124e-04  0.00000000e+00  9.99999830e-01  0.00000000e+00
   0.00000000e+00  0.00000000e+00]
 [ 0.00000000e+00  5.82546124e-04  0.00000000e+00  9.99999830e-01
   0.00000000e+00  0.00000000e+00]
 [ 0.00000000e+00  0.00000000e+00  0.00000000e+00  0.00000000e+00
   1.00000000e+00  0.00000000e+00]
 [ 0.00000000e+00  0.00000000e+00  0.00000000e+00  0.00000000e+00
   0.00000000e+00  1.00000000e+00]]
R2 #[[ 9.99999830e-01  0.00000000e+00  5.82546124e-04  0.00000000e+00
   0.00000000e+00  0.00000000e+00]
 [ 0.00000000e+00  9.99999830e-01  0.00000000e+00  5.82546124e-04
   0.00000000e+00  0.00000000e+00]
 [-5.82546124e-04  0.00000000e+00  9.99999830e-01  0.00000000e+00
   0.00000000e+00  0.00000000e+00]
 [ 0.00000000e+00 -5.82546124e-04  0.00000000e+00  9.99999830e-01
   0.00000000e+00  0.00000000e+00]
 [ 0.00000000e+00  0.00000000e+00  0.00000000e+00  0.00000000e+00
   1.00000000e+00  0.00000000e+00]
 [ 0.00000000e+00  0.00000000e+00  0.00000000e+00  0.00000000e+00
   0.00000000e+00  1.00000000e+00]]
Param #289: delta too small; RMS=1.7627e-06 mm
quads_tilt_fit #-0.0005835461574411475
delta_local #[0.0005673]
R1 #[[ 1.00000000e+00  0.00000000e+00 -1.62432691e-05  0.00000000e+00
   0.00000000e+00  0.00000000e+00]
 [ 0.00000000e+00  1.00000000e+00  0.00000000e+00 -1.62432691e-05
   0.00000000e+00  0.00000000e+00]
 [ 1.62432691e-05  0.00000000e+00  1.00000000e+00  0.00000000e+00
   0.00000000e+00  0.00000000e+00]
 [ 0.00000000e+00  1.62432691e-05  0.00000000e+00  1.00000000e+00
   0.00000000e+00  0.00000000e+00]
 [ 0.00000000e+00  0.00000000e+00  0.00000000e+00  0.00000000e+00
   1.00000000e+00  0.00000000e+00]
 [ 0.00000000e+00  0.00000000e+00  0.00000000e+00  0.00000000e+00
   0.00000000e+00  1.00000000e+00]]
R2 #[[ 1.00000000e+00  0.00000000e+00  1.62432691e-05  0.00000000e+00
   0.00000000e+00  0.00000000e+00]
 [ 0.00000000e+00  1.00000000e+00  0.00000000e+00  1.62432691e-05
   0.00000000e+00  0.00000000e+00]
 [-1.62432691e-05  0.00000000e+00  1.00000000e+00  0.00000000e+00
   0.00000000e+00  0.00000000e+00]
 [ 0.00000000e+00 -1.62432691e-05  0.00000000e+00  1.00000000e+00
   0.00000000e+00  0.00000000e+00]
 [ 0.00000000e+00  0.00000000e+00  0.00000000e+00  0.00000000e+00
   1.00000000e+00  0.00000000e+00]
 [ 0.00000000e+00  0.00000000e+00  0.00000000e+00  0.00000000e+00
   0.00000000e+00  1.00000000e+00]]
Param #289: delta OK; RMS=0.00099984 mm
quads_tilt_fit #0.0016046416480836796
delta_local #[1.e-06]
R1 #[[ 0.99999871  0.          0.00160564  0.          0.          0.        ]
 [ 0.          0.99999871  0.          0.00160564  0.          0.        ]
 [-0.00160564  0.          0.99999871  0.          0.          0.        ]
 [ 0.         -0.00160564  0.          0.99999871  0.          0.        ]
 [ 0.          0.          0.          0.          1.          0.        ]
 [ 0.          0.          0.          0.          0.          1.        ]]
R2 #[[ 0.99999871  0.         -0.00160564  0.          0.          0.        ]
 [ 0.          0.99999871  0.         -0.00160564  0.          0.        ]
 [ 0.00160564  0.          0.99999871  0.          0.          0.        ]
 [ 0.          0.00160564  0.          0.99999871  0.          0.        ]
 [ 0.          0.          0.          0.          1.          0.        ]
 [ 0.          0.          0.          0.          0.          1.        ]]
Param #2415: delta too small; RMS=2.1781e-06 mm
quads_tilt_fit #0.0016046416480836796
delta_local #[0.00045911]
R1 #[[ 0.99999787  0.          0.00206375  0.          0.          0.        ]
 [ 0.          0.99999787  0.          0.00206375  0.          0.        ]
 [-0.00206375  0.          0.99999787  0.          0.          0.        ]
 [ 0.         -0.00206375  0.          0.99999787  0.          0.        ]
 [ 0.          0.          0.          0.          1.          0.        ]
 [ 0.          0.          0.          0.          0.          1.        ]]
R2 #[[ 0.99999787  0.         -0.00206375  0.          0.          0.        ]
 [ 0.          0.99999787  0.         -0.00206375  0.          0.        ]
 [ 0.00206375  0.          0.99999787  0.          0.          0.        ]
 [ 0.          0.00206375  0.          0.99999787  0.          0.        ]
 [ 0.          0.          0.          0.          1.          0.        ]
 [ 0.          0.          0.          0.          0.          1.        ]]
Param #2415: delta OK; RMS=0.0010003 mm
quads_tilt_fit #-0.0004371302370533382
delta_local #[1.e-06]
R1 #[[ 9.99999905e-01  0.00000000e+00 -4.36130223e-04  0.00000000e+00
   0.00000000e+00  0.00000000e+00]
 [ 0.00000000e+00  9.99999905e-01  0.00000000e+00 -4.36130223e-04
   0.00000000e+00  0.00000000e+00]
 [ 4.36130223e-04  0.00000000e+00  9.99999905e-01  0.00000000e+00
   0.00000000e+00  0.00000000e+00]
 [ 0.00000000e+00  4.36130223e-04  0.00000000e+00  9.99999905e-01
   0.00000000e+00  0.00000000e+00]
 [ 0.00000000e+00  0.00000000e+00  0.00000000e+00  0.00000000e+00
   1.00000000e+00  0.00000000e+00]
 [ 0.00000000e+00  0.00000000e+00  0.00000000e+00  0.00000000e+00
   0.00000000e+00  1.00000000e+00]]
R2 #[[ 9.99999905e-01  0.00000000e+00  4.36130223e-04  0.00000000e+00
   0.00000000e+00  0.00000000e+00]
 [ 0.00000000e+00  9.99999905e-01  0.00000000e+00  4.36130223e-04
   0.00000000e+00  0.00000000e+00]
 [-4.36130223e-04  0.00000000e+00  9.99999905e-01  0.00000000e+00
   0.00000000e+00  0.00000000e+00]
 [ 0.00000000e+00 -4.36130223e-04  0.00000000e+00  9.99999905e-01
   0.00000000e+00  0.00000000e+00]
 [ 0.00000000e+00  0.00000000e+00  0.00000000e+00  0.00000000e+00
   1.00000000e+00  0.00000000e+00]
 [ 0.00000000e+00  0.00000000e+00  0.00000000e+00  0.00000000e+00
   0.00000000e+00  1.00000000e+00]]
Param #2988: delta too small; RMS=2.2599e-06 mm
quads_tilt_fit #-0.0004371302370533382
delta_local #[0.00044249]
R1 #[[ 1.00000000e+00  0.00000000e+00  5.35893153e-06  0.00000000e+00
   0.00000000e+00  0.00000000e+00]
 [ 0.00000000e+00  1.00000000e+00  0.00000000e+00  5.35893153e-06
   0.00000000e+00  0.00000000e+00]
 [-5.35893153e-06  0.00000000e+00  1.00000000e+00  0.00000000e+00
   0.00000000e+00  0.00000000e+00]
 [ 0.00000000e+00 -5.35893153e-06  0.00000000e+00  1.00000000e+00
   0.00000000e+00  0.00000000e+00]
 [ 0.00000000e+00  0.00000000e+00  0.00000000e+00  0.00000000e+00
   1.00000000e+00  0.00000000e+00]
 [ 0.00000000e+00  0.00000000e+00  0.00000000e+00  0.00000000e+00
   0.00000000e+00  1.00000000e+00]]
R2 #[[ 1.00000000e+00  0.00000000e+00 -5.35893153e-06  0.00000000e+00
   0.00000000e+00  0.00000000e+00]
 [ 0.00000000e+00  1.00000000e+00  0.00000000e+00 -5.35893153e-06
   0.00000000e+00  0.00000000e+00]
 [ 5.35893153e-06  0.00000000e+00  1.00000000e+00  0.00000000e+00
   0.00000000e+00  0.00000000e+00]
 [ 0.00000000e+00  5.35893153e-06  0.00000000e+00  1.00000000e+00
   0.00000000e+00  0.00000000e+00]
 [ 0.00000000e+00  0.00000000e+00  0.00000000e+00  0.00000000e+00
   1.00000000e+00  0.00000000e+00]
 [ 0.00000000e+00  0.00000000e+00  0.00000000e+00  0.00000000e+00
   0.00000000e+00  1.00000000e+00]]
Param #2988: delta OK; RMS=0.00099959 mm
quads_tilt_fit #0.0007948116543152998
delta_local #[1.e-06]
R1 #[[ 9.99999683e-01  0.00000000e+00  7.95811570e-04  0.00000000e+00
   0.00000000e+00  0.00000000e+00]
 [ 0.00000000e+00  9.99999683e-01  0.00000000e+00  7.95811570e-04
   0.00000000e+00  0.00000000e+00]
 [-7.95811570e-04  0.00000000e+00  9.99999683e-01  0.00000000e+00
   0.00000000e+00  0.00000000e+00]
 [ 0.00000000e+00 -7.95811570e-04  0.00000000e+00  9.99999683e-01
   0.00000000e+00  0.00000000e+00]
 [ 0.00000000e+00  0.00000000e+00  0.00000000e+00  0.00000000e+00
   1.00000000e+00  0.00000000e+00]
 [ 0.00000000e+00  0.00000000e+00  0.00000000e+00  0.00000000e+00
   0.00000000e+00  1.00000000e+00]]
R2 #[[ 9.99999683e-01  0.00000000e+00 -7.95811570e-04  0.00000000e+00
   0.00000000e+00  0.00000000e+00]
 [ 0.00000000e+00  9.99999683e-01  0.00000000e+00 -7.95811570e-04
   0.00000000e+00  0.00000000e+00]
 [ 7.95811570e-04  0.00000000e+00  9.99999683e-01  0.00000000e+00
   0.00000000e+00  0.00000000e+00]
 [ 0.00000000e+00  7.95811570e-04  0.00000000e+00  9.99999683e-01
   0.00000000e+00  0.00000000e+00]
 [ 0.00000000e+00  0.00000000e+00  0.00000000e+00  0.00000000e+00
   1.00000000e+00  0.00000000e+00]
 [ 0.00000000e+00  0.00000000e+00  0.00000000e+00  0.00000000e+00
   0.00000000e+00  1.00000000e+00]]
Param #7279: delta too small; RMS=2.2946e-06 mm
quads_tilt_fit #0.0007948116543152998
delta_local #[0.0004358]
R1 #[[ 0.99999924  0.          0.00123061  0.          0.          0.        ]
 [ 0.          0.99999924  0.          0.00123061  0.          0.        ]
 [-0.00123061  0.          0.99999924  0.          0.          0.        ]
 [ 0.         -0.00123061  0.          0.99999924  0.          0.        ]
 [ 0.          0.          0.          0.          1.          0.        ]
 [ 0.          0.          0.          0.          0.          1.        ]]
R2 #[[ 0.99999924  0.         -0.00123061  0.          0.          0.        ]
 [ 0.          0.99999924  0.         -0.00123061  0.          0.        ]
 [ 0.00123061  0.          0.99999924  0.          0.          0.        ]
 [ 0.          0.00123061  0.          0.99999924  0.          0.        ]
 [ 0.          0.          0.          0.          1.          0.        ]
 [ 0.          0.          0.          0.          0.          1.        ]]
Param #7279: delta OK; RMS=0.0010001 mm
quads_tilt_fit #0.0002899204195153601
delta_local #[1.e-06]
R1 #[[ 9.99999958e-01  0.00000000e+00  2.90920415e-04  0.00000000e+00
   0.00000000e+00  0.00000000e+00]
 [ 0.00000000e+00  9.99999958e-01  0.00000000e+00  2.90920415e-04
   0.00000000e+00  0.00000000e+00]
 [-2.90920415e-04  0.00000000e+00  9.99999958e-01  0.00000000e+00
   0.00000000e+00  0.00000000e+00]
 [ 0.00000000e+00 -2.90920415e-04  0.00000000e+00  9.99999958e-01
   0.00000000e+00  0.00000000e+00]
 [ 0.00000000e+00  0.00000000e+00  0.00000000e+00  0.00000000e+00
   1.00000000e+00  0.00000000e+00]
 [ 0.00000000e+00  0.00000000e+00  0.00000000e+00  0.00000000e+00
   0.00000000e+00  1.00000000e+00]]
R2 #[[ 9.99999958e-01  0.00000000e+00 -2.90920415e-04  0.00000000e+00
   0.00000000e+00  0.00000000e+00]
 [ 0.00000000e+00  9.99999958e-01  0.00000000e+00 -2.90920415e-04
   0.00000000e+00  0.00000000e+00]
 [ 2.90920415e-04  0.00000000e+00  9.99999958e-01  0.00000000e+00
   0.00000000e+00  0.00000000e+00]
 [ 0.00000000e+00  2.90920415e-04  0.00000000e+00  9.99999958e-01
   0.00000000e+00  0.00000000e+00]
 [ 0.00000000e+00  0.00000000e+00  0.00000000e+00  0.00000000e+00
   1.00000000e+00  0.00000000e+00]
 [ 0.00000000e+00  0.00000000e+00  0.00000000e+00  0.00000000e+00
   0.00000000e+00  1.00000000e+00]]
Param #7379: delta too small; RMS=2.1097e-06 mm
quads_tilt_fit #0.0002899204195153601
delta_local #[0.00047401]
R1 #[[ 9.99999708e-01  0.00000000e+00  7.63925892e-04  0.00000000e+00
   0.00000000e+00  0.00000000e+00]
 [ 0.00000000e+00  9.99999708e-01  0.00000000e+00  7.63925892e-04
   0.00000000e+00  0.00000000e+00]
 [-7.63925892e-04  0.00000000e+00  9.99999708e-01  0.00000000e+00
   0.00000000e+00  0.00000000e+00]
 [ 0.00000000e+00 -7.63925892e-04  0.00000000e+00  9.99999708e-01
   0.00000000e+00  0.00000000e+00]
 [ 0.00000000e+00  0.00000000e+00  0.00000000e+00  0.00000000e+00
   1.00000000e+00  0.00000000e+00]
 [ 0.00000000e+00  0.00000000e+00  0.00000000e+00  0.00000000e+00
   0.00000000e+00  1.00000000e+00]]
R2 #[[ 9.99999708e-01  0.00000000e+00 -7.63925892e-04  0.00000000e+00
   0.00000000e+00  0.00000000e+00]
 [ 0.00000000e+00  9.99999708e-01  0.00000000e+00 -7.63925892e-04
   0.00000000e+00  0.00000000e+00]
 [ 7.63925892e-04  0.00000000e+00  9.99999708e-01  0.00000000e+00
   0.00000000e+00  0.00000000e+00]
 [ 0.00000000e+00  7.63925892e-04  0.00000000e+00  9.99999708e-01
   0.00000000e+00  0.00000000e+00]
 [ 0.00000000e+00  0.00000000e+00  0.00000000e+00  0.00000000e+00
   1.00000000e+00  0.00000000e+00]
 [ 0.00000000e+00  0.00000000e+00  0.00000000e+00  0.00000000e+00
   0.00000000e+00  1.00000000e+00]]
Param #7379: delta OK; RMS=0.00099963 mm
quads_tilt_fit #-0.0030211704028259
delta_local #[1.e-06]
R1 #[[ 0.99999544  0.         -0.00302017  0.          0.          0.        ]
 [ 0.          0.99999544  0.         -0.00302017  0.          0.        ]
 [ 0.00302017  0.          0.99999544  0.          0.          0.        ]
 [ 0.          0.00302017  0.          0.99999544  0.          0.        ]
 [ 0.          0.          0.          0.          1.          0.        ]
 [ 0.          0.          0.          0.          0.          1.        ]]
R2 #[[ 0.99999544  0.          0.00302017  0.          0.          0.        ]
 [ 0.          0.99999544  0.          0.00302017  0.          0.        ]
 [-0.00302017  0.          0.99999544  0.          0.          0.        ]
 [ 0.         -0.00302017  0.          0.99999544  0.          0.        ]
 [ 0.          0.          0.          0.          1.          0.        ]
 [ 0.          0.          0.          0.          0.          1.        ]]
Param #279: delta too small; RMS=1.4835e-06 mm
quads_tilt_fit #-0.0030211704028259
delta_local #[0.00067408]
R1 #[[ 0.99999725  0.         -0.00234708  0.          0.          0.        ]
 [ 0.          0.99999725  0.         -0.00234708  0.          0.        ]
 [ 0.00234708  0.          0.99999725  0.          0.          0.        ]
 [ 0.          0.00234708  0.          0.99999725  0.          0.        ]
 [ 0.          0.          0.          0.          1.          0.        ]
 [ 0.          0.          0.          0.          0.          1.        ]]
R2 #[[ 0.99999725  0.          0.00234708  0.          0.          0.        ]
 [ 0.          0.99999725  0.          0.00234708  0.          0.        ]
 [-0.00234708  0.          0.99999725  0.          0.          0.        ]
 [ 0.         -0.00234708  0.          0.99999725  0.          0.        ]
 [ 0.          0.          0.          0.          1.          0.        ]
 [ 0.          0.          0.          0.          0.          1.        ]]
Param #279: delta OK; RMS=0.00099944 mm
quads_tilt_fit #-0.0015378472063424544
delta_local #[1.e-06]
R1 #[[ 0.99999882  0.         -0.00153685  0.          0.          0.        ]
 [ 0.          0.99999882  0.         -0.00153685  0.          0.        ]
 [ 0.00153685  0.          0.99999882  0.          0.          0.        ]
 [ 0.          0.00153685  0.          0.99999882  0.          0.        ]
 [ 0.          0.          0.          0.          1.          0.        ]
 [ 0.          0.          0.          0.          0.          1.        ]]
R2 #[[ 0.99999882  0.          0.00153685  0.          0.          0.        ]
 [ 0.          0.99999882  0.          0.00153685  0.          0.        ]
 [-0.00153685  0.          0.99999882  0.          0.          0.        ]
 [ 0.         -0.00153685  0.          0.99999882  0.          0.        ]
 [ 0.          0.          0.          0.          1.          0.        ]
 [ 0.          0.          0.          0.          0.          1.        ]]
Param #2978: delta too small; RMS=1.9359e-06 mm
quads_tilt_fit #-0.0015378472063424544
delta_local #[0.00051657]
R1 #[[ 0.99999948  0.         -0.00102128  0.          0.          0.        ]
 [ 0.          0.99999948  0.         -0.00102128  0.          0.        ]
 [ 0.00102128  0.          0.99999948  0.          0.          0.        ]
 [ 0.          0.00102128  0.          0.99999948  0.          0.        ]
 [ 0.          0.          0.          0.          1.          0.        ]
 [ 0.          0.          0.          0.          0.          1.        ]]
R2 #[[ 0.99999948  0.          0.00102128  0.          0.          0.        ]
 [ 0.          0.99999948  0.          0.00102128  0.          0.        ]
 [-0.00102128  0.          0.99999948  0.          0.          0.        ]
 [ 0.         -0.00102128  0.          0.99999948  0.          0.        ]
 [ 0.          0.          0.          0.          1.          0.        ]
 [ 0.          0.          0.          0.          0.          1.        ]]
Param #2978: delta OK; RMS=0.001 mm
quads_tilt_fit #0.0011623903527298255
delta_local #[1.e-06]
R1 #[[ 0.99999932  0.          0.00116339  0.          0.          0.        ]
 [ 0.          0.99999932  0.          0.00116339  0.          0.        ]
 [-0.00116339  0.          0.99999932  0.          0.          0.        ]
 [ 0.         -0.00116339  0.          0.99999932  0.          0.        ]
 [ 0.          0.          0.          0.          1.          0.        ]
 [ 0.          0.          0.          0.          0.          1.        ]]
R2 #[[ 0.99999932  0.         -0.00116339  0.          0.          0.        ]
 [ 0.          0.99999932  0.         -0.00116339  0.          0.        ]
 [ 0.00116339  0.          0.99999932  0.          0.          0.        ]
 [ 0.          0.00116339  0.          0.99999932  0.          0.        ]
 [ 0.          0.          0.          0.          1.          0.        ]
 [ 0.          0.          0.          0.          0.          1.        ]]
Param #7269: delta too small; RMS=1.7274e-06 mm
quads_tilt_fit #0.0011623903527298255
delta_local #[0.00057892]
R1 #[[ 0.99999848  0.          0.00174131  0.          0.          0.        ]
 [ 0.          0.99999848  0.          0.00174131  0.          0.        ]
 [-0.00174131  0.          0.99999848  0.          0.          0.        ]
 [ 0.         -0.00174131  0.          0.99999848  0.          0.        ]
 [ 0.          0.          0.          0.          1.          0.        ]
 [ 0.          0.          0.          0.          0.          1.        ]]
R2 #[[ 0.99999848  0.         -0.00174131  0.          0.          0.        ]
 [ 0.          0.99999848  0.         -0.00174131  0.          0.        ]
 [ 0.00174131  0.          0.99999848  0.          0.          0.        ]
 [ 0.          0.00174131  0.          0.99999848  0.          0.        ]
 [ 0.          0.          0.          0.          1.          0.        ]
 [ 0.          0.          0.          0.          0.          1.        ]]
Param #7269: delta OK; RMS=0.0009998 mm
quads_tilt_fit #4.803843453680953e-05
delta_local #[1.e-06]
R1 #[[ 9.99999999e-01  0.00000000e+00  4.90384345e-05  0.00000000e+00
   0.00000000e+00  0.00000000e+00]
 [ 0.00000000e+00  9.99999999e-01  0.00000000e+00  4.90384345e-05
   0.00000000e+00  0.00000000e+00]
 [-4.90384345e-05  0.00000000e+00  9.99999999e-01  0.00000000e+00
   0.00000000e+00  0.00000000e+00]
 [ 0.00000000e+00 -4.90384345e-05  0.00000000e+00  9.99999999e-01
   0.00000000e+00  0.00000000e+00]
 [ 0.00000000e+00  0.00000000e+00  0.00000000e+00  0.00000000e+00
   1.00000000e+00  0.00000000e+00]
 [ 0.00000000e+00  0.00000000e+00  0.00000000e+00  0.00000000e+00
   0.00000000e+00  1.00000000e+00]]
R2 #[[ 9.99999999e-01  0.00000000e+00 -4.90384345e-05  0.00000000e+00
   0.00000000e+00  0.00000000e+00]
 [ 0.00000000e+00  9.99999999e-01  0.00000000e+00 -4.90384345e-05
   0.00000000e+00  0.00000000e+00]
 [ 4.90384345e-05  0.00000000e+00  9.99999999e-01  0.00000000e+00
   0.00000000e+00  0.00000000e+00]
 [ 0.00000000e+00  4.90384345e-05  0.00000000e+00  9.99999999e-01
   0.00000000e+00  0.00000000e+00]
 [ 0.00000000e+00  0.00000000e+00  0.00000000e+00  0.00000000e+00
   1.00000000e+00  0.00000000e+00]
 [ 0.00000000e+00  0.00000000e+00  0.00000000e+00  0.00000000e+00
   0.00000000e+00  1.00000000e+00]]
Param #7389: delta too small; RMS=1.3598e-06 mm
quads_tilt_fit #4.803843453680953e-05
delta_local #[0.00073539]
R1 #[[ 9.99999693e-01  0.00000000e+00  7.83430754e-04  0.00000000e+00
   0.00000000e+00  0.00000000e+00]
 [ 0.00000000e+00  9.99999693e-01  0.00000000e+00  7.83430754e-04
   0.00000000e+00  0.00000000e+00]
 [-7.83430754e-04  0.00000000e+00  9.99999693e-01  0.00000000e+00
   0.00000000e+00  0.00000000e+00]
 [ 0.00000000e+00 -7.83430754e-04  0.00000000e+00  9.99999693e-01
   0.00000000e+00  0.00000000e+00]
 [ 0.00000000e+00  0.00000000e+00  0.00000000e+00  0.00000000e+00
   1.00000000e+00  0.00000000e+00]
 [ 0.00000000e+00  0.00000000e+00  0.00000000e+00  0.00000000e+00
   0.00000000e+00  1.00000000e+00]]
R2 #[[ 9.99999693e-01  0.00000000e+00 -7.83430754e-04  0.00000000e+00
   0.00000000e+00  0.00000000e+00]
 [ 0.00000000e+00  9.99999693e-01  0.00000000e+00 -7.83430754e-04
   0.00000000e+00  0.00000000e+00]
 [ 7.83430754e-04  0.00000000e+00  9.99999693e-01  0.00000000e+00
   0.00000000e+00  0.00000000e+00]
 [ 0.00000000e+00  7.83430754e-04  0.00000000e+00  9.99999693e-01
   0.00000000e+00  0.00000000e+00]
 [ 0.00000000e+00  0.00000000e+00  0.00000000e+00  0.00000000e+00
   1.00000000e+00  0.00000000e+00]
 [ 0.00000000e+00  0.00000000e+00  0.00000000e+00  0.00000000e+00
   0.00000000e+00  1.00000000e+00]]
Param #7389: delta OK; RMS=0.00099985 mm
quads_tilt_fit #0.0049687304574682544
delta_local #[1.e-06]
R1 #[[ 0.99998765  0.          0.00496971  0.          0.          0.        ]
 [ 0.          0.99998765  0.          0.00496971  0.          0.        ]
 [-0.00496971  0.          0.99998765  0.          0.          0.        ]
 [ 0.         -0.00496971  0.          0.99998765  0.          0.        ]
 [ 0.          0.          0.          0.          1.          0.        ]
 [ 0.          0.          0.          0.          0.          1.        ]]
R2 #[[ 0.99998765  0.         -0.00496971  0.          0.          0.        ]
 [ 0.          0.99998765  0.         -0.00496971  0.          0.        ]
 [ 0.00496971  0.          0.99998765  0.          0.          0.        ]
 [ 0.          0.00496971  0.          0.99998765  0.          0.        ]
 [ 0.          0.          0.          0.          1.          0.        ]
 [ 0.          0.          0.          0.          0.          1.        ]]
Param #275: delta too small; RMS=2.2853e-06 mm
quads_tilt_fit #0.0049687304574682544
delta_local #[0.00043759]
R1 #[[ 0.99998539  0.          0.00540629  0.          0.          0.        ]
 [ 0.          0.99998539  0.          0.00540629  0.          0.        ]
 [-0.00540629  0.          0.99998539  0.          0.          0.        ]
 [ 0.         -0.00540629  0.          0.99998539  0.          0.        ]
 [ 0.          0.          0.          0.          1.          0.        ]
 [ 0.          0.          0.          0.          0.          1.        ]]
R2 #[[ 0.99998539  0.         -0.00540629  0.          0.          0.        ]
 [ 0.          0.99998539  0.         -0.00540629  0.          0.        ]
 [ 0.00540629  0.          0.99998539  0.          0.          0.        ]
 [ 0.          0.00540629  0.          0.99998539  0.          0.        ]
 [ 0.          0.          0.          0.          1.          0.        ]
 [ 0.          0.          0.          0.          0.          1.        ]]
Param #275: delta OK; RMS=0.0010006 mm
quads_tilt_fit #0.0028966346249185617
delta_local #[1.e-06]
R1 #[[ 0.9999958   0.          0.00289763  0.          0.          0.        ]
 [ 0.          0.9999958   0.          0.00289763  0.          0.        ]
 [-0.00289763  0.          0.9999958   0.          0.          0.        ]
 [ 0.         -0.00289763  0.          0.9999958   0.          0.        ]
 [ 0.          0.          0.          0.          1.          0.        ]
 [ 0.          0.          0.          0.          0.          1.        ]]
R2 #[[ 0.9999958   0.         -0.00289763  0.          0.          0.        ]
 [ 0.          0.9999958   0.         -0.00289763  0.          0.        ]
 [ 0.00289763  0.          0.9999958   0.          0.          0.        ]
 [ 0.          0.00289763  0.          0.9999958   0.          0.        ]
 [ 0.          0.          0.          0.          1.          0.        ]
 [ 0.          0.          0.          0.          0.          1.        ]]
Param #2429: delta too small; RMS=2.081e-06 mm
quads_tilt_fit #0.0028966346249185617
delta_local #[0.00048054]
R1 #[[ 0.9999943   0.          0.00337717  0.          0.          0.        ]
 [ 0.          0.9999943   0.          0.00337717  0.          0.        ]
 [-0.00337717  0.          0.9999943   0.          0.          0.        ]
 [ 0.         -0.00337717  0.          0.9999943   0.          0.        ]
 [ 0.          0.          0.          0.          1.          0.        ]
 [ 0.          0.          0.          0.          0.          1.        ]]
R2 #[[ 0.9999943   0.         -0.00337717  0.          0.          0.        ]
 [ 0.          0.9999943   0.         -0.00337717  0.          0.        ]
 [ 0.00337717  0.          0.9999943   0.          0.          0.        ]
 [ 0.          0.00337717  0.          0.9999943   0.          0.        ]
 [ 0.          0.          0.          0.          1.          0.        ]
 [ 0.          0.          0.          0.          0.          1.        ]]
Param #2429: delta OK; RMS=0.0010004 mm
quads_tilt_fit #0.0012816000097542913
delta_local #[1.e-06]
R1 #[[ 0.99999918  0.          0.0012826   0.          0.          0.        ]
 [ 0.          0.99999918  0.          0.0012826   0.          0.        ]
 [-0.0012826   0.          0.99999918  0.          0.          0.        ]
 [ 0.         -0.0012826   0.          0.99999918  0.          0.        ]
 [ 0.          0.          0.          0.          1.          0.        ]
 [ 0.          0.          0.          0.          0.          1.        ]]
R2 #[[ 0.99999918  0.         -0.0012826   0.          0.          0.        ]
 [ 0.          0.99999918  0.         -0.0012826   0.          0.        ]
 [ 0.0012826   0.          0.99999918  0.          0.          0.        ]
 [ 0.          0.0012826   0.          0.99999918  0.          0.        ]
 [ 0.          0.          0.          0.          1.          0.        ]
 [ 0.          0.          0.          0.          0.          1.        ]]
Param #2974: delta too small; RMS=1.9552e-06 mm
quads_tilt_fit #0.0012816000097542913
delta_local #[0.00051147]
R1 #[[ 0.99999839  0.          0.00179307  0.          0.          0.        ]
 [ 0.          0.99999839  0.          0.00179307  0.          0.        ]
 [-0.00179307  0.          0.99999839  0.          0.          0.        ]
 [ 0.         -0.00179307  0.          0.99999839  0.          0.        ]
 [ 0.          0.          0.          0.          1.          0.        ]
 [ 0.          0.          0.          0.          0.          1.        ]]
R2 #[[ 0.99999839  0.         -0.00179307  0.          0.          0.        ]
 [ 0.          0.99999839  0.         -0.00179307  0.          0.        ]
 [ 0.00179307  0.          0.99999839  0.          0.          0.        ]
 [ 0.          0.00179307  0.          0.99999839  0.          0.        ]
 [ 0.          0.          0.          0.          1.          0.        ]
 [ 0.          0.          0.          0.          0.          1.        ]]
Param #2974: delta OK; RMS=0.0010003 mm
quads_tilt_fit #0.0005791927358547724
delta_local #[1.e-06]
R1 #[[ 9.99999832e-01  0.00000000e+00  5.80192703e-04  0.00000000e+00
   0.00000000e+00  0.00000000e+00]
 [ 0.00000000e+00  9.99999832e-01  0.00000000e+00  5.80192703e-04
   0.00000000e+00  0.00000000e+00]
 [-5.80192703e-04  0.00000000e+00  9.99999832e-01  0.00000000e+00
   0.00000000e+00  0.00000000e+00]
 [ 0.00000000e+00 -5.80192703e-04  0.00000000e+00  9.99999832e-01
   0.00000000e+00  0.00000000e+00]
 [ 0.00000000e+00  0.00000000e+00  0.00000000e+00  0.00000000e+00
   1.00000000e+00  0.00000000e+00]
 [ 0.00000000e+00  0.00000000e+00  0.00000000e+00  0.00000000e+00
   0.00000000e+00  1.00000000e+00]]
R2 #[[ 9.99999832e-01  0.00000000e+00 -5.80192703e-04  0.00000000e+00
   0.00000000e+00  0.00000000e+00]
 [ 0.00000000e+00  9.99999832e-01  0.00000000e+00 -5.80192703e-04
   0.00000000e+00  0.00000000e+00]
 [ 5.80192703e-04  0.00000000e+00  9.99999832e-01  0.00000000e+00
   0.00000000e+00  0.00000000e+00]
 [ 0.00000000e+00  5.80192703e-04  0.00000000e+00  9.99999832e-01
   0.00000000e+00  0.00000000e+00]
 [ 0.00000000e+00  0.00000000e+00  0.00000000e+00  0.00000000e+00
   1.00000000e+00  0.00000000e+00]
 [ 0.00000000e+00  0.00000000e+00  0.00000000e+00  0.00000000e+00
   0.00000000e+00  1.00000000e+00]]
Param #7267: delta too small; RMS=1.7637e-06 mm
quads_tilt_fit #0.0005791927358547724
delta_local #[0.00056698]
R1 #[[ 0.99999934  0.          0.00114617  0.          0.          0.        ]
 [ 0.          0.99999934  0.          0.00114617  0.          0.        ]
 [-0.00114617  0.          0.99999934  0.          0.          0.        ]
 [ 0.         -0.00114617  0.          0.99999934  0.          0.        ]
 [ 0.          0.          0.          0.          1.          0.        ]
 [ 0.          0.          0.          0.          0.          1.        ]]
R2 #[[ 0.99999934  0.         -0.00114617  0.          0.          0.        ]
 [ 0.          0.99999934  0.         -0.00114617  0.          0.        ]
 [ 0.00114617  0.          0.99999934  0.          0.          0.        ]
 [ 0.          0.00114617  0.          0.99999934  0.          0.        ]
 [ 0.          0.          0.          0.          1.          0.        ]
 [ 0.          0.          0.          0.          0.          1.        ]]
Param #7267: delta OK; RMS=0.00099948 mm
quads_tilt_fit #0.0009381234303882419
delta_local #[1.e-06]
R1 #[[ 9.99999559e-01  0.00000000e+00  9.39123292e-04  0.00000000e+00
   0.00000000e+00  0.00000000e+00]
 [ 0.00000000e+00  9.99999559e-01  0.00000000e+00  9.39123292e-04
   0.00000000e+00  0.00000000e+00]
 [-9.39123292e-04  0.00000000e+00  9.99999559e-01  0.00000000e+00
   0.00000000e+00  0.00000000e+00]
 [ 0.00000000e+00 -9.39123292e-04  0.00000000e+00  9.99999559e-01
   0.00000000e+00  0.00000000e+00]
 [ 0.00000000e+00  0.00000000e+00  0.00000000e+00  0.00000000e+00
   1.00000000e+00  0.00000000e+00]
 [ 0.00000000e+00  0.00000000e+00  0.00000000e+00  0.00000000e+00
   0.00000000e+00  1.00000000e+00]]
R2 #[[ 9.99999559e-01  0.00000000e+00 -9.39123292e-04  0.00000000e+00
   0.00000000e+00  0.00000000e+00]
 [ 0.00000000e+00  9.99999559e-01  0.00000000e+00 -9.39123292e-04
   0.00000000e+00  0.00000000e+00]
 [ 9.39123292e-04  0.00000000e+00  9.99999559e-01  0.00000000e+00
   0.00000000e+00  0.00000000e+00]
 [ 0.00000000e+00  9.39123292e-04  0.00000000e+00  9.99999559e-01
   0.00000000e+00  0.00000000e+00]
 [ 0.00000000e+00  0.00000000e+00  0.00000000e+00  0.00000000e+00
   1.00000000e+00  0.00000000e+00]
 [ 0.00000000e+00  0.00000000e+00  0.00000000e+00  0.00000000e+00
   0.00000000e+00  1.00000000e+00]]
Param #7391: delta too small; RMS=1.8926e-06 mm
quads_tilt_fit #0.0009381234303882419
delta_local #[0.00052836]
R1 #[[ 0.99999892  0.          0.00146649  0.          0.          0.        ]
 [ 0.          0.99999892  0.          0.00146649  0.          0.        ]
 [-0.00146649  0.          0.99999892  0.          0.          0.        ]
 [ 0.         -0.00146649  0.          0.99999892  0.          0.        ]
 [ 0.          0.          0.          0.          1.          0.        ]
 [ 0.          0.          0.          0.          0.          1.        ]]
R2 #[[ 0.99999892  0.         -0.00146649  0.          0.          0.        ]
 [ 0.          0.99999892  0.         -0.00146649  0.          0.        ]
 [ 0.00146649  0.          0.99999892  0.          0.          0.        ]
 [ 0.          0.00146649  0.          0.99999892  0.          0.        ]
 [ 0.          0.          0.          0.          1.          0.        ]
 [ 0.          0.          0.          0.          0.          1.        ]]
Param #7391: delta OK; RMS=0.001 mm
quads_tilt_fit #-0.0022719800107471864
delta_local #[1.e-06]
R1 #[[ 0.99999742  0.         -0.00227098  0.          0.          0.        ]
 [ 0.          0.99999742  0.         -0.00227098  0.          0.        ]
 [ 0.00227098  0.          0.99999742  0.          0.          0.        ]
 [ 0.          0.00227098  0.          0.99999742  0.          0.        ]
 [ 0.          0.          0.          0.          1.          0.        ]
 [ 0.          0.          0.          0.          0.          1.        ]]
R2 #[[ 0.99999742  0.          0.00227098  0.          0.          0.        ]
 [ 0.          0.99999742  0.          0.00227098  0.          0.        ]
 [-0.00227098  0.          0.99999742  0.          0.          0.        ]
 [ 0.         -0.00227098  0.          0.99999742  0.          0.        ]
 [ 0.          0.          0.          0.          1.          0.        ]
 [ 0.          0.          0.          0.          0.          1.        ]]
Param #263: delta too small; RMS=1.9606e-06 mm
quads_tilt_fit #-0.0022719800107471864
delta_local #[0.00051006]
R1 #[[ 0.99999845  0.         -0.00176192  0.          0.          0.        ]
 [ 0.          0.99999845  0.         -0.00176192  0.          0.        ]
 [ 0.00176192  0.          0.99999845  0.          0.          0.        ]
 [ 0.          0.00176192  0.          0.99999845  0.          0.        ]
 [ 0.          0.          0.          0.          1.          0.        ]
 [ 0.          0.          0.          0.          0.          1.        ]]
R2 #[[ 0.99999845  0.          0.00176192  0.          0.          0.        ]
 [ 0.          0.99999845  0.          0.00176192  0.          0.        ]
 [-0.00176192  0.          0.99999845  0.          0.          0.        ]
 [ 0.         -0.00176192  0.          0.99999845  0.          0.        ]
 [ 0.          0.          0.          0.          1.          0.        ]
 [ 0.          0.          0.          0.          0.          1.        ]]
Param #263: delta OK; RMS=0.00099982 mm
quads_tilt_fit #-0.00026341600715464085
delta_local #[1.e-06]
R1 #[[ 9.99999966e-01  0.00000000e+00 -2.62416004e-04  0.00000000e+00
   0.00000000e+00  0.00000000e+00]
 [ 0.00000000e+00  9.99999966e-01  0.00000000e+00 -2.62416004e-04
   0.00000000e+00  0.00000000e+00]
 [ 2.62416004e-04  0.00000000e+00  9.99999966e-01  0.00000000e+00
   0.00000000e+00  0.00000000e+00]
 [ 0.00000000e+00  2.62416004e-04  0.00000000e+00  9.99999966e-01
   0.00000000e+00  0.00000000e+00]
 [ 0.00000000e+00  0.00000000e+00  0.00000000e+00  0.00000000e+00
   1.00000000e+00  0.00000000e+00]
 [ 0.00000000e+00  0.00000000e+00  0.00000000e+00  0.00000000e+00
   0.00000000e+00  1.00000000e+00]]
R2 #[[ 9.99999966e-01  0.00000000e+00  2.62416004e-04  0.00000000e+00
   0.00000000e+00  0.00000000e+00]
 [ 0.00000000e+00  9.99999966e-01  0.00000000e+00  2.62416004e-04
   0.00000000e+00  0.00000000e+00]
 [-2.62416004e-04  0.00000000e+00  9.99999966e-01  0.00000000e+00
   0.00000000e+00  0.00000000e+00]
 [ 0.00000000e+00 -2.62416004e-04  0.00000000e+00  9.99999966e-01
   0.00000000e+00  0.00000000e+00]
 [ 0.00000000e+00  0.00000000e+00  0.00000000e+00  0.00000000e+00
   1.00000000e+00  0.00000000e+00]
 [ 0.00000000e+00  0.00000000e+00  0.00000000e+00  0.00000000e+00
   0.00000000e+00  1.00000000e+00]]
Param #2441: delta too small; RMS=1.4222e-06 mm
quads_tilt_fit #-0.00026341600715464085
delta_local #[0.00070314]
R1 #[[ 9.99999903e-01  0.00000000e+00  4.39723655e-04  0.00000000e+00
   0.00000000e+00  0.00000000e+00]
 [ 0.00000000e+00  9.99999903e-01  0.00000000e+00  4.39723655e-04
   0.00000000e+00  0.00000000e+00]
 [-4.39723655e-04  0.00000000e+00  9.99999903e-01  0.00000000e+00
   0.00000000e+00  0.00000000e+00]
 [ 0.00000000e+00 -4.39723655e-04  0.00000000e+00  9.99999903e-01
   0.00000000e+00  0.00000000e+00]
 [ 0.00000000e+00  0.00000000e+00  0.00000000e+00  0.00000000e+00
   1.00000000e+00  0.00000000e+00]
 [ 0.00000000e+00  0.00000000e+00  0.00000000e+00  0.00000000e+00
   0.00000000e+00  1.00000000e+00]]
R2 #[[ 9.99999903e-01  0.00000000e+00 -4.39723655e-04  0.00000000e+00
   0.00000000e+00  0.00000000e+00]
 [ 0.00000000e+00  9.99999903e-01  0.00000000e+00 -4.39723655e-04
   0.00000000e+00  0.00000000e+00]
 [ 4.39723655e-04  0.00000000e+00  9.99999903e-01  0.00000000e+00
   0.00000000e+00  0.00000000e+00]
 [ 0.00000000e+00  4.39723655e-04  0.00000000e+00  9.99999903e-01
   0.00000000e+00  0.00000000e+00]
 [ 0.00000000e+00  0.00000000e+00  0.00000000e+00  0.00000000e+00
   1.00000000e+00  0.00000000e+00]
 [ 0.00000000e+00  0.00000000e+00  0.00000000e+00  0.00000000e+00
   0.00000000e+00  1.00000000e+00]]
Param #2441: delta OK; RMS=0.0010003 mm
quads_tilt_fit #0.001243808360310507
delta_local #[1.e-06]
R1 #[[ 0.99999923  0.          0.00124481  0.          0.          0.        ]
 [ 0.          0.99999923  0.          0.00124481  0.          0.        ]
 [-0.00124481  0.          0.99999923  0.          0.          0.        ]
 [ 0.         -0.00124481  0.          0.99999923  0.          0.        ]
 [ 0.          0.          0.          0.          1.          0.        ]
 [ 0.          0.          0.          0.          0.          1.        ]]
R2 #[[ 0.99999923  0.         -0.00124481  0.          0.          0.        ]
 [ 0.          0.99999923  0.         -0.00124481  0.          0.        ]
 [ 0.00124481  0.          0.99999923  0.          0.          0.        ]
 [ 0.          0.00124481  0.          0.99999923  0.          0.        ]
 [ 0.          0.          0.          0.          1.          0.        ]
 [ 0.          0.          0.          0.          0.          1.        ]]
Param #2962: delta too small; RMS=1.4363e-06 mm
quads_tilt_fit #0.001243808360310507
delta_local #[0.00069625]
R1 #[[ 0.99999812  0.          0.00194005  0.          0.          0.        ]
 [ 0.          0.99999812  0.          0.00194005  0.          0.        ]
 [-0.00194005  0.          0.99999812  0.          0.          0.        ]
 [ 0.         -0.00194005  0.          0.99999812  0.          0.        ]
 [ 0.          0.          0.          0.          1.          0.        ]
 [ 0.          0.          0.          0.          0.          1.        ]]
R2 #[[ 0.99999812  0.         -0.00194005  0.          0.          0.        ]
 [ 0.          0.99999812  0.         -0.00194005  0.          0.        ]
 [ 0.00194005  0.          0.99999812  0.          0.          0.        ]
 [ 0.          0.00194005  0.          0.99999812  0.          0.        ]
 [ 0.          0.          0.          0.          1.          0.        ]
 [ 0.          0.          0.          0.          0.          1.        ]]
Param #2962: delta OK; RMS=0.0010001 mm
quads_tilt_fit #8.213369441424687e-05
delta_local #[1.e-06]
R1 #[[ 9.99999997e-01  0.00000000e+00  8.31336943e-05  0.00000000e+00
   0.00000000e+00  0.00000000e+00]
 [ 0.00000000e+00  9.99999997e-01  0.00000000e+00  8.31336943e-05
   0.00000000e+00  0.00000000e+00]
 [-8.31336943e-05  0.00000000e+00  9.99999997e-01  0.00000000e+00
   0.00000000e+00  0.00000000e+00]
 [ 0.00000000e+00 -8.31336943e-05  0.00000000e+00  9.99999997e-01
   0.00000000e+00  0.00000000e+00]
 [ 0.00000000e+00  0.00000000e+00  0.00000000e+00  0.00000000e+00
   1.00000000e+00  0.00000000e+00]
 [ 0.00000000e+00  0.00000000e+00  0.00000000e+00  0.00000000e+00
   0.00000000e+00  1.00000000e+00]]
R2 #[[ 9.99999997e-01  0.00000000e+00 -8.31336943e-05  0.00000000e+00
   0.00000000e+00  0.00000000e+00]
 [ 0.00000000e+00  9.99999997e-01  0.00000000e+00 -8.31336943e-05
   0.00000000e+00  0.00000000e+00]
 [ 8.31336943e-05  0.00000000e+00  9.99999997e-01  0.00000000e+00
   0.00000000e+00  0.00000000e+00]
 [ 0.00000000e+00  8.31336943e-05  0.00000000e+00  9.99999997e-01
   0.00000000e+00  0.00000000e+00]
 [ 0.00000000e+00  0.00000000e+00  0.00000000e+00  0.00000000e+00
   1.00000000e+00  0.00000000e+00]
 [ 0.00000000e+00  0.00000000e+00  0.00000000e+00  0.00000000e+00
   0.00000000e+00  1.00000000e+00]]
Param #7255: delta too small; RMS=1.9221e-06 mm
quads_tilt_fit #8.213369441424687e-05
delta_local #[0.00052025]
R1 #[[ 9.99999819e-01  0.00000000e+00  6.02388510e-04  0.00000000e+00
   0.00000000e+00  0.00000000e+00]
 [ 0.00000000e+00  9.99999819e-01  0.00000000e+00  6.02388510e-04
   0.00000000e+00  0.00000000e+00]
 [-6.02388510e-04  0.00000000e+00  9.99999819e-01  0.00000000e+00
   0.00000000e+00  0.00000000e+00]
 [ 0.00000000e+00 -6.02388510e-04  0.00000000e+00  9.99999819e-01
   0.00000000e+00  0.00000000e+00]
 [ 0.00000000e+00  0.00000000e+00  0.00000000e+00  0.00000000e+00
   1.00000000e+00  0.00000000e+00]
 [ 0.00000000e+00  0.00000000e+00  0.00000000e+00  0.00000000e+00
   0.00000000e+00  1.00000000e+00]]
R2 #[[ 9.99999819e-01  0.00000000e+00 -6.02388510e-04  0.00000000e+00
   0.00000000e+00  0.00000000e+00]
 [ 0.00000000e+00  9.99999819e-01  0.00000000e+00 -6.02388510e-04
   0.00000000e+00  0.00000000e+00]
 [ 6.02388510e-04  0.00000000e+00  9.99999819e-01  0.00000000e+00
   0.00000000e+00  0.00000000e+00]
 [ 0.00000000e+00  6.02388510e-04  0.00000000e+00  9.99999819e-01
   0.00000000e+00  0.00000000e+00]
 [ 0.00000000e+00  0.00000000e+00  0.00000000e+00  0.00000000e+00
   1.00000000e+00  0.00000000e+00]
 [ 0.00000000e+00  0.00000000e+00  0.00000000e+00  0.00000000e+00
   0.00000000e+00  1.00000000e+00]]
Param #7255: delta OK; RMS=0.0010008 mm
quads_tilt_fit #-0.0014915525503792616
delta_local #[1.e-06]
R1 #[[ 0.99999889  0.         -0.00149055  0.          0.          0.        ]
 [ 0.          0.99999889  0.         -0.00149055  0.          0.        ]
 [ 0.00149055  0.          0.99999889  0.          0.          0.        ]
 [ 0.          0.00149055  0.          0.99999889  0.          0.        ]
 [ 0.          0.          0.          0.          1.          0.        ]
 [ 0.          0.          0.          0.          0.          1.        ]]
R2 #[[ 0.99999889  0.          0.00149055  0.          0.          0.        ]
 [ 0.          0.99999889  0.          0.00149055  0.          0.        ]
 [-0.00149055  0.          0.99999889  0.          0.          0.        ]
 [ 0.         -0.00149055  0.          0.99999889  0.          0.        ]
 [ 0.          0.          0.          0.          1.          0.        ]
 [ 0.          0.          0.          0.          0.          1.        ]]
Param #7403: delta too small; RMS=2.0584e-06 mm
quads_tilt_fit #-0.0014915525503792616
delta_local #[0.00048581]
R1 #[[ 0.99999949  0.         -0.00100574  0.          0.          0.        ]
 [ 0.          0.99999949  0.         -0.00100574  0.          0.        ]
 [ 0.00100574  0.          0.99999949  0.          0.          0.        ]
 [ 0.          0.00100574  0.          0.99999949  0.          0.        ]
 [ 0.          0.          0.          0.          1.          0.        ]
 [ 0.          0.          0.          0.          0.          1.        ]]
R2 #[[ 0.99999949  0.          0.00100574  0.          0.          0.        ]
 [ 0.          0.99999949  0.          0.00100574  0.          0.        ]
 [-0.00100574  0.          0.99999949  0.          0.          0.        ]
 [ 0.         -0.00100574  0.          0.99999949  0.          0.        ]
 [ 0.          0.          0.          0.          1.          0.        ]
 [ 0.          0.          0.          0.          0.          1.        ]]
Param #7403: delta OK; RMS=0.0010004 mm
quads_tilt_fit #-0.0014404707486856455
delta_local #[1.e-06]
R1 #[[ 0.99999896  0.         -0.00143947  0.          0.          0.        ]
 [ 0.          0.99999896  0.         -0.00143947  0.          0.        ]
 [ 0.00143947  0.          0.99999896  0.          0.          0.        ]
 [ 0.          0.00143947  0.          0.99999896  0.          0.        ]
 [ 0.          0.          0.          0.          1.          0.        ]
 [ 0.          0.          0.          0.          0.          1.        ]]
R2 #[[ 0.99999896  0.          0.00143947  0.          0.          0.        ]
 [ 0.          0.99999896  0.          0.00143947  0.          0.        ]
 [-0.00143947  0.          0.99999896  0.          0.          0.        ]
 [ 0.         -0.00143947  0.          0.99999896  0.          0.        ]
 [ 0.          0.          0.          0.          1.          0.        ]
 [ 0.          0.          0.          0.          0.          1.        ]]
Param #256: delta too small; RMS=2.0453e-06 mm
quads_tilt_fit #-0.0014404707486856455
delta_local #[0.00048892]
R1 #[[ 9.99999547e-01  0.00000000e+00 -9.51546390e-04  0.00000000e+00
   0.00000000e+00  0.00000000e+00]
 [ 0.00000000e+00  9.99999547e-01  0.00000000e+00 -9.51546390e-04
   0.00000000e+00  0.00000000e+00]
 [ 9.51546390e-04  0.00000000e+00  9.99999547e-01  0.00000000e+00
   0.00000000e+00  0.00000000e+00]
 [ 0.00000000e+00  9.51546390e-04  0.00000000e+00  9.99999547e-01
   0.00000000e+00  0.00000000e+00]
 [ 0.00000000e+00  0.00000000e+00  0.00000000e+00  0.00000000e+00
   1.00000000e+00  0.00000000e+00]
 [ 0.00000000e+00  0.00000000e+00  0.00000000e+00  0.00000000e+00
   0.00000000e+00  1.00000000e+00]]
R2 #[[ 9.99999547e-01  0.00000000e+00  9.51546390e-04  0.00000000e+00
   0.00000000e+00  0.00000000e+00]
 [ 0.00000000e+00  9.99999547e-01  0.00000000e+00  9.51546390e-04
   0.00000000e+00  0.00000000e+00]
 [-9.51546390e-04  0.00000000e+00  9.99999547e-01  0.00000000e+00
   0.00000000e+00  0.00000000e+00]
 [ 0.00000000e+00 -9.51546390e-04  0.00000000e+00  9.99999547e-01
   0.00000000e+00  0.00000000e+00]
 [ 0.00000000e+00  0.00000000e+00  0.00000000e+00  0.00000000e+00
   1.00000000e+00  0.00000000e+00]
 [ 0.00000000e+00  0.00000000e+00  0.00000000e+00  0.00000000e+00
   0.00000000e+00  1.00000000e+00]]
Param #256: delta OK; RMS=0.00099974 mm
quads_tilt_fit #-0.0008835547962556663
delta_local #[1.e-06]
R1 #[[ 9.99999611e-01  0.00000000e+00 -8.82554682e-04  0.00000000e+00
   0.00000000e+00  0.00000000e+00]
 [ 0.00000000e+00  9.99999611e-01  0.00000000e+00 -8.82554682e-04
   0.00000000e+00  0.00000000e+00]
 [ 8.82554682e-04  0.00000000e+00  9.99999611e-01  0.00000000e+00
   0.00000000e+00  0.00000000e+00]
 [ 0.00000000e+00  8.82554682e-04  0.00000000e+00  9.99999611e-01
   0.00000000e+00  0.00000000e+00]
 [ 0.00000000e+00  0.00000000e+00  0.00000000e+00  0.00000000e+00
   1.00000000e+00  0.00000000e+00]
 [ 0.00000000e+00  0.00000000e+00  0.00000000e+00  0.00000000e+00
   0.00000000e+00  1.00000000e+00]]
R2 #[[ 9.99999611e-01  0.00000000e+00  8.82554682e-04  0.00000000e+00
   0.00000000e+00  0.00000000e+00]
 [ 0.00000000e+00  9.99999611e-01  0.00000000e+00  8.82554682e-04
   0.00000000e+00  0.00000000e+00]
 [-8.82554682e-04  0.00000000e+00  9.99999611e-01  0.00000000e+00
   0.00000000e+00  0.00000000e+00]
 [ 0.00000000e+00 -8.82554682e-04  0.00000000e+00  9.99999611e-01
   0.00000000e+00  0.00000000e+00]
 [ 0.00000000e+00  0.00000000e+00  0.00000000e+00  0.00000000e+00
   1.00000000e+00  0.00000000e+00]
 [ 0.00000000e+00  0.00000000e+00  0.00000000e+00  0.00000000e+00
   0.00000000e+00  1.00000000e+00]]
Param #2449: delta too small; RMS=2.3684e-06 mm
quads_tilt_fit #-0.0008835547962556663
delta_local #[0.00042222]
R1 #[[ 9.99999894e-01  0.00000000e+00 -4.61337074e-04  0.00000000e+00
   0.00000000e+00  0.00000000e+00]
 [ 0.00000000e+00  9.99999894e-01  0.00000000e+00 -4.61337074e-04
   0.00000000e+00  0.00000000e+00]
 [ 4.61337074e-04  0.00000000e+00  9.99999894e-01  0.00000000e+00
   0.00000000e+00  0.00000000e+00]
 [ 0.00000000e+00  4.61337074e-04  0.00000000e+00  9.99999894e-01
   0.00000000e+00  0.00000000e+00]
 [ 0.00000000e+00  0.00000000e+00  0.00000000e+00  0.00000000e+00
   1.00000000e+00  0.00000000e+00]
 [ 0.00000000e+00  0.00000000e+00  0.00000000e+00  0.00000000e+00
   0.00000000e+00  1.00000000e+00]]
R2 #[[ 9.99999894e-01  0.00000000e+00  4.61337074e-04  0.00000000e+00
   0.00000000e+00  0.00000000e+00]
 [ 0.00000000e+00  9.99999894e-01  0.00000000e+00  4.61337074e-04
   0.00000000e+00  0.00000000e+00]
 [-4.61337074e-04  0.00000000e+00  9.99999894e-01  0.00000000e+00
   0.00000000e+00  0.00000000e+00]
 [ 0.00000000e+00 -4.61337074e-04  0.00000000e+00  9.99999894e-01
   0.00000000e+00  0.00000000e+00]
 [ 0.00000000e+00  0.00000000e+00  0.00000000e+00  0.00000000e+00
   1.00000000e+00  0.00000000e+00]
 [ 0.00000000e+00  0.00000000e+00  0.00000000e+00  0.00000000e+00
   0.00000000e+00  1.00000000e+00]]
Param #2449: delta OK; RMS=0.00099975 mm
quads_tilt_fit #-0.0012144748720423568
delta_local #[1.e-06]
R1 #[[ 0.99999926  0.         -0.00121347  0.          0.          0.        ]
 [ 0.          0.99999926  0.         -0.00121347  0.          0.        ]
 [ 0.00121347  0.          0.99999926  0.          0.          0.        ]
 [ 0.          0.00121347  0.          0.99999926  0.          0.        ]
 [ 0.          0.          0.          0.          1.          0.        ]
 [ 0.          0.          0.          0.          0.          1.        ]]
R2 #[[ 0.99999926  0.          0.00121347  0.          0.          0.        ]
 [ 0.          0.99999926  0.          0.00121347  0.          0.        ]
 [-0.00121347  0.          0.99999926  0.          0.          0.        ]
 [ 0.         -0.00121347  0.          0.99999926  0.          0.        ]
 [ 0.          0.          0.          0.          1.          0.        ]
 [ 0.          0.          0.          0.          0.          1.        ]]
Param #2955: delta too small; RMS=2.5398e-06 mm
quads_tilt_fit #-0.0012144748720423568
delta_local #[0.00039373]
R1 #[[ 9.99999663e-01  0.00000000e+00 -8.20744860e-04  0.00000000e+00
   0.00000000e+00  0.00000000e+00]
 [ 0.00000000e+00  9.99999663e-01  0.00000000e+00 -8.20744860e-04
   0.00000000e+00  0.00000000e+00]
 [ 8.20744860e-04  0.00000000e+00  9.99999663e-01  0.00000000e+00
   0.00000000e+00  0.00000000e+00]
 [ 0.00000000e+00  8.20744860e-04  0.00000000e+00  9.99999663e-01
   0.00000000e+00  0.00000000e+00]
 [ 0.00000000e+00  0.00000000e+00  0.00000000e+00  0.00000000e+00
   1.00000000e+00  0.00000000e+00]
 [ 0.00000000e+00  0.00000000e+00  0.00000000e+00  0.00000000e+00
   0.00000000e+00  1.00000000e+00]]
R2 #[[ 9.99999663e-01  0.00000000e+00  8.20744860e-04  0.00000000e+00
   0.00000000e+00  0.00000000e+00]
 [ 0.00000000e+00  9.99999663e-01  0.00000000e+00  8.20744860e-04
   0.00000000e+00  0.00000000e+00]
 [-8.20744860e-04  0.00000000e+00  9.99999663e-01  0.00000000e+00
   0.00000000e+00  0.00000000e+00]
 [ 0.00000000e+00 -8.20744860e-04  0.00000000e+00  9.99999663e-01
   0.00000000e+00  0.00000000e+00]
 [ 0.00000000e+00  0.00000000e+00  0.00000000e+00  0.00000000e+00
   1.00000000e+00  0.00000000e+00]
 [ 0.00000000e+00  0.00000000e+00  0.00000000e+00  0.00000000e+00
   0.00000000e+00  1.00000000e+00]]
Param #2955: delta OK; RMS=0.00099952 mm
quads_tilt_fit #0.0007008352440046823
delta_local #[1.e-06]
R1 #[[ 9.99999754e-01  0.00000000e+00  7.01835186e-04  0.00000000e+00
   0.00000000e+00  0.00000000e+00]
 [ 0.00000000e+00  9.99999754e-01  0.00000000e+00  7.01835186e-04
   0.00000000e+00  0.00000000e+00]
 [-7.01835186e-04  0.00000000e+00  9.99999754e-01  0.00000000e+00
   0.00000000e+00  0.00000000e+00]
 [ 0.00000000e+00 -7.01835186e-04  0.00000000e+00  9.99999754e-01
   0.00000000e+00  0.00000000e+00]
 [ 0.00000000e+00  0.00000000e+00  0.00000000e+00  0.00000000e+00
   1.00000000e+00  0.00000000e+00]
 [ 0.00000000e+00  0.00000000e+00  0.00000000e+00  0.00000000e+00
   0.00000000e+00  1.00000000e+00]]
R2 #[[ 9.99999754e-01  0.00000000e+00 -7.01835186e-04  0.00000000e+00
   0.00000000e+00  0.00000000e+00]
 [ 0.00000000e+00  9.99999754e-01  0.00000000e+00 -7.01835186e-04
   0.00000000e+00  0.00000000e+00]
 [ 7.01835186e-04  0.00000000e+00  9.99999754e-01  0.00000000e+00
   0.00000000e+00  0.00000000e+00]
 [ 0.00000000e+00  7.01835186e-04  0.00000000e+00  9.99999754e-01
   0.00000000e+00  0.00000000e+00]
 [ 0.00000000e+00  0.00000000e+00  0.00000000e+00  0.00000000e+00
   1.00000000e+00  0.00000000e+00]
 [ 0.00000000e+00  0.00000000e+00  0.00000000e+00  0.00000000e+00
   0.00000000e+00  1.00000000e+00]]
Param #7250: delta too small; RMS=2.648e-06 mm
quads_tilt_fit #0.0007008352440046823
delta_local #[0.00037765]
R1 #[[ 0.99999942  0.          0.00107848  0.          0.          0.        ]
 [ 0.          0.99999942  0.          0.00107848  0.          0.        ]
 [-0.00107848  0.          0.99999942  0.          0.          0.        ]
 [ 0.         -0.00107848  0.          0.99999942  0.          0.        ]
 [ 0.          0.          0.          0.          1.          0.        ]
 [ 0.          0.          0.          0.          0.          1.        ]]
R2 #[[ 0.99999942  0.         -0.00107848  0.          0.          0.        ]
 [ 0.          0.99999942  0.         -0.00107848  0.          0.        ]
 [ 0.00107848  0.          0.99999942  0.          0.          0.        ]
 [ 0.          0.00107848  0.          0.99999942  0.          0.        ]
 [ 0.          0.          0.          0.          1.          0.        ]
 [ 0.          0.          0.          0.          0.          1.        ]]
Param #7250: delta OK; RMS=0.00099952 mm
quads_tilt_fit #-0.0018427681749898263
delta_local #[1.e-06]
R1 #[[ 0.9999983   0.         -0.00184177  0.          0.          0.        ]
 [ 0.          0.9999983   0.         -0.00184177  0.          0.        ]
 [ 0.00184177  0.          0.9999983   0.          0.          0.        ]
 [ 0.          0.00184177  0.          0.9999983   0.          0.        ]
 [ 0.          0.          0.          0.          1.          0.        ]
 [ 0.          0.          0.          0.          0.          1.        ]]
R2 #[[ 0.9999983   0.          0.00184177  0.          0.          0.        ]
 [ 0.          0.9999983   0.          0.00184177  0.          0.        ]
 [-0.00184177  0.          0.9999983   0.          0.          0.        ]
 [ 0.         -0.00184177  0.          0.9999983   0.          0.        ]
 [ 0.          0.          0.          0.          1.          0.        ]
 [ 0.          0.          0.          0.          0.          1.        ]]
Param #7409: delta too small; RMS=2.5344e-06 mm
quads_tilt_fit #-0.0018427681749898263
delta_local #[0.00039458]
R1 #[[ 0.99999895  0.         -0.00144819  0.          0.          0.        ]
 [ 0.          0.99999895  0.         -0.00144819  0.          0.        ]
 [ 0.00144819  0.          0.99999895  0.          0.          0.        ]
 [ 0.          0.00144819  0.          0.99999895  0.          0.        ]
 [ 0.          0.          0.          0.          1.          0.        ]
 [ 0.          0.          0.          0.          0.          1.        ]]
R2 #[[ 0.99999895  0.          0.00144819  0.          0.          0.        ]
 [ 0.          0.99999895  0.          0.00144819  0.          0.        ]
 [-0.00144819  0.          0.99999895  0.          0.          0.        ]
 [ 0.         -0.00144819  0.          0.99999895  0.          0.        ]
 [ 0.          0.          0.          0.          1.          0.        ]
 [ 0.          0.          0.          0.          0.          1.        ]]
Param #7409: delta OK; RMS=0.00099938 mm
quads_tilt_fit #0.0006587459748301071
delta_local #[1.e-06]
R1 #[[ 9.99999782e-01  0.00000000e+00  6.59745927e-04  0.00000000e+00
   0.00000000e+00  0.00000000e+00]
 [ 0.00000000e+00  9.99999782e-01  0.00000000e+00  6.59745927e-04
   0.00000000e+00  0.00000000e+00]
 [-6.59745927e-04  0.00000000e+00  9.99999782e-01  0.00000000e+00
   0.00000000e+00  0.00000000e+00]
 [ 0.00000000e+00 -6.59745927e-04  0.00000000e+00  9.99999782e-01
   0.00000000e+00  0.00000000e+00]
 [ 0.00000000e+00  0.00000000e+00  0.00000000e+00  0.00000000e+00
   1.00000000e+00  0.00000000e+00]
 [ 0.00000000e+00  0.00000000e+00  0.00000000e+00  0.00000000e+00
   0.00000000e+00  1.00000000e+00]]
R2 #[[ 9.99999782e-01  0.00000000e+00 -6.59745927e-04  0.00000000e+00
   0.00000000e+00  0.00000000e+00]
 [ 0.00000000e+00  9.99999782e-01  0.00000000e+00 -6.59745927e-04
   0.00000000e+00  0.00000000e+00]
 [ 6.59745927e-04  0.00000000e+00  9.99999782e-01  0.00000000e+00
   0.00000000e+00  0.00000000e+00]
 [ 0.00000000e+00  6.59745927e-04  0.00000000e+00  9.99999782e-01
   0.00000000e+00  0.00000000e+00]
 [ 0.00000000e+00  0.00000000e+00  0.00000000e+00  0.00000000e+00
   1.00000000e+00  0.00000000e+00]
 [ 0.00000000e+00  0.00000000e+00  0.00000000e+00  0.00000000e+00
   0.00000000e+00  1.00000000e+00]]
Param #244: delta too small; RMS=1.4478e-06 mm
quads_tilt_fit #0.0006587459748301071
delta_local #[0.00069072]
R1 #[[ 0.99999909  0.          0.00134946  0.          0.          0.        ]
 [ 0.          0.99999909  0.          0.00134946  0.          0.        ]
 [-0.00134946  0.          0.99999909  0.          0.          0.        ]
 [ 0.         -0.00134946  0.          0.99999909  0.          0.        ]
 [ 0.          0.          0.          0.          1.          0.        ]
 [ 0.          0.          0.          0.          0.          1.        ]]
R2 #[[ 0.99999909  0.         -0.00134946  0.          0.          0.        ]
 [ 0.          0.99999909  0.         -0.00134946  0.          0.        ]
 [ 0.00134946  0.          0.99999909  0.          0.          0.        ]
 [ 0.          0.00134946  0.          0.99999909  0.          0.        ]
 [ 0.          0.          0.          0.          1.          0.        ]
 [ 0.          0.          0.          0.          0.          1.        ]]
Param #244: delta OK; RMS=0.0010003 mm
quads_tilt_fit #0.00046017373222274264
delta_local #[1.e-06]
R1 #[[ 9.99999894e-01  0.00000000e+00  4.61173716e-04  0.00000000e+00
   0.00000000e+00  0.00000000e+00]
 [ 0.00000000e+00  9.99999894e-01  0.00000000e+00  4.61173716e-04
   0.00000000e+00  0.00000000e+00]
 [-4.61173716e-04  0.00000000e+00  9.99999894e-01  0.00000000e+00
   0.00000000e+00  0.00000000e+00]
 [ 0.00000000e+00 -4.61173716e-04  0.00000000e+00  9.99999894e-01
   0.00000000e+00  0.00000000e+00]
 [ 0.00000000e+00  0.00000000e+00  0.00000000e+00  0.00000000e+00
   1.00000000e+00  0.00000000e+00]
 [ 0.00000000e+00  0.00000000e+00  0.00000000e+00  0.00000000e+00
   0.00000000e+00  1.00000000e+00]]
R2 #[[ 9.99999894e-01  0.00000000e+00 -4.61173716e-04  0.00000000e+00
   0.00000000e+00  0.00000000e+00]
 [ 0.00000000e+00  9.99999894e-01  0.00000000e+00 -4.61173716e-04
   0.00000000e+00  0.00000000e+00]
 [ 4.61173716e-04  0.00000000e+00  9.99999894e-01  0.00000000e+00
   0.00000000e+00  0.00000000e+00]
 [ 0.00000000e+00  4.61173716e-04  0.00000000e+00  9.99999894e-01
   0.00000000e+00  0.00000000e+00]
 [ 0.00000000e+00  0.00000000e+00  0.00000000e+00  0.00000000e+00
   1.00000000e+00  0.00000000e+00]
 [ 0.00000000e+00  0.00000000e+00  0.00000000e+00  0.00000000e+00
   0.00000000e+00  1.00000000e+00]]
Param #2460: delta too small; RMS=2.0404e-06 mm
quads_tilt_fit #0.00046017373222274264
delta_local #[0.00049011]
R1 #[[ 9.99999548e-01  0.00000000e+00  9.50283372e-04  0.00000000e+00
   0.00000000e+00  0.00000000e+00]
 [ 0.00000000e+00  9.99999548e-01  0.00000000e+00  9.50283372e-04
   0.00000000e+00  0.00000000e+00]
 [-9.50283372e-04  0.00000000e+00  9.99999548e-01  0.00000000e+00
   0.00000000e+00  0.00000000e+00]
 [ 0.00000000e+00 -9.50283372e-04  0.00000000e+00  9.99999548e-01
   0.00000000e+00  0.00000000e+00]
 [ 0.00000000e+00  0.00000000e+00  0.00000000e+00  0.00000000e+00
   1.00000000e+00  0.00000000e+00]
 [ 0.00000000e+00  0.00000000e+00  0.00000000e+00  0.00000000e+00
   0.00000000e+00  1.00000000e+00]]
R2 #[[ 9.99999548e-01  0.00000000e+00 -9.50283372e-04  0.00000000e+00
   0.00000000e+00  0.00000000e+00]
 [ 0.00000000e+00  9.99999548e-01  0.00000000e+00 -9.50283372e-04
   0.00000000e+00  0.00000000e+00]
 [ 9.50283372e-04  0.00000000e+00  9.99999548e-01  0.00000000e+00
   0.00000000e+00  0.00000000e+00]
 [ 0.00000000e+00  9.50283372e-04  0.00000000e+00  9.99999548e-01
   0.00000000e+00  0.00000000e+00]
 [ 0.00000000e+00  0.00000000e+00  0.00000000e+00  0.00000000e+00
   1.00000000e+00  0.00000000e+00]
 [ 0.00000000e+00  0.00000000e+00  0.00000000e+00  0.00000000e+00
   0.00000000e+00  1.00000000e+00]]
Param #2460: delta OK; RMS=0.00099989 mm
quads_tilt_fit #0.00030132285345476647
delta_local #[1.e-06]
R1 #[[ 9.99999954e-01  0.00000000e+00  3.02322849e-04  0.00000000e+00
   0.00000000e+00  0.00000000e+00]
 [ 0.00000000e+00  9.99999954e-01  0.00000000e+00  3.02322849e-04
   0.00000000e+00  0.00000000e+00]
 [-3.02322849e-04  0.00000000e+00  9.99999954e-01  0.00000000e+00
   0.00000000e+00  0.00000000e+00]
 [ 0.00000000e+00 -3.02322849e-04  0.00000000e+00  9.99999954e-01
   0.00000000e+00  0.00000000e+00]
 [ 0.00000000e+00  0.00000000e+00  0.00000000e+00  0.00000000e+00
   1.00000000e+00  0.00000000e+00]
 [ 0.00000000e+00  0.00000000e+00  0.00000000e+00  0.00000000e+00
   0.00000000e+00  1.00000000e+00]]
R2 #[[ 9.99999954e-01  0.00000000e+00 -3.02322849e-04  0.00000000e+00
   0.00000000e+00  0.00000000e+00]
 [ 0.00000000e+00  9.99999954e-01  0.00000000e+00 -3.02322849e-04
   0.00000000e+00  0.00000000e+00]
 [ 3.02322849e-04  0.00000000e+00  9.99999954e-01  0.00000000e+00
   0.00000000e+00  0.00000000e+00]
 [ 0.00000000e+00  3.02322849e-04  0.00000000e+00  9.99999954e-01
   0.00000000e+00  0.00000000e+00]
 [ 0.00000000e+00  0.00000000e+00  0.00000000e+00  0.00000000e+00
   1.00000000e+00  0.00000000e+00]
 [ 0.00000000e+00  0.00000000e+00  0.00000000e+00  0.00000000e+00
   0.00000000e+00  1.00000000e+00]]
Param #2943: delta too small; RMS=2.1529e-06 mm
quads_tilt_fit #0.00030132285345476647
delta_local #[0.00046449]
R1 #[[ 9.99999707e-01  0.00000000e+00  7.65814007e-04  0.00000000e+00
   0.00000000e+00  0.00000000e+00]
 [ 0.00000000e+00  9.99999707e-01  0.00000000e+00  7.65814007e-04
   0.00000000e+00  0.00000000e+00]
 [-7.65814007e-04  0.00000000e+00  9.99999707e-01  0.00000000e+00
   0.00000000e+00  0.00000000e+00]
 [ 0.00000000e+00 -7.65814007e-04  0.00000000e+00  9.99999707e-01
   0.00000000e+00  0.00000000e+00]
 [ 0.00000000e+00  0.00000000e+00  0.00000000e+00  0.00000000e+00
   1.00000000e+00  0.00000000e+00]
 [ 0.00000000e+00  0.00000000e+00  0.00000000e+00  0.00000000e+00
   0.00000000e+00  1.00000000e+00]]
R2 #[[ 9.99999707e-01  0.00000000e+00 -7.65814007e-04  0.00000000e+00
   0.00000000e+00  0.00000000e+00]
 [ 0.00000000e+00  9.99999707e-01  0.00000000e+00 -7.65814007e-04
   0.00000000e+00  0.00000000e+00]
 [ 7.65814007e-04  0.00000000e+00  9.99999707e-01  0.00000000e+00
   0.00000000e+00  0.00000000e+00]
 [ 0.00000000e+00  7.65814007e-04  0.00000000e+00  9.99999707e-01
   0.00000000e+00  0.00000000e+00]
 [ 0.00000000e+00  0.00000000e+00  0.00000000e+00  0.00000000e+00
   1.00000000e+00  0.00000000e+00]
 [ 0.00000000e+00  0.00000000e+00  0.00000000e+00  0.00000000e+00
   0.00000000e+00  1.00000000e+00]]
Param #2943: delta OK; RMS=0.0010004 mm
quads_tilt_fit #-0.0008456147521520137
delta_local #[1.e-06]
R1 #[[ 9.99999643e-01  0.00000000e+00 -8.44614652e-04  0.00000000e+00
   0.00000000e+00  0.00000000e+00]
 [ 0.00000000e+00  9.99999643e-01  0.00000000e+00 -8.44614652e-04
   0.00000000e+00  0.00000000e+00]
 [ 8.44614652e-04  0.00000000e+00  9.99999643e-01  0.00000000e+00
   0.00000000e+00  0.00000000e+00]
 [ 0.00000000e+00  8.44614652e-04  0.00000000e+00  9.99999643e-01
   0.00000000e+00  0.00000000e+00]
 [ 0.00000000e+00  0.00000000e+00  0.00000000e+00  0.00000000e+00
   1.00000000e+00  0.00000000e+00]
 [ 0.00000000e+00  0.00000000e+00  0.00000000e+00  0.00000000e+00
   0.00000000e+00  1.00000000e+00]]
R2 #[[ 9.99999643e-01  0.00000000e+00  8.44614652e-04  0.00000000e+00
   0.00000000e+00  0.00000000e+00]
 [ 0.00000000e+00  9.99999643e-01  0.00000000e+00  8.44614652e-04
   0.00000000e+00  0.00000000e+00]
 [-8.44614652e-04  0.00000000e+00  9.99999643e-01  0.00000000e+00
   0.00000000e+00  0.00000000e+00]
 [ 0.00000000e+00 -8.44614652e-04  0.00000000e+00  9.99999643e-01
   0.00000000e+00  0.00000000e+00]
 [ 0.00000000e+00  0.00000000e+00  0.00000000e+00  0.00000000e+00
   1.00000000e+00  0.00000000e+00]
 [ 0.00000000e+00  0.00000000e+00  0.00000000e+00  0.00000000e+00
   0.00000000e+00  1.00000000e+00]]
Param #7238: delta too small; RMS=1.7117e-06 mm
quads_tilt_fit #-0.0008456147521520137
delta_local #[0.00058423]
R1 #[[ 9.99999966e-01  0.00000000e+00 -2.61387278e-04  0.00000000e+00
   0.00000000e+00  0.00000000e+00]
 [ 0.00000000e+00  9.99999966e-01  0.00000000e+00 -2.61387278e-04
   0.00000000e+00  0.00000000e+00]
 [ 2.61387278e-04  0.00000000e+00  9.99999966e-01  0.00000000e+00
   0.00000000e+00  0.00000000e+00]
 [ 0.00000000e+00  2.61387278e-04  0.00000000e+00  9.99999966e-01
   0.00000000e+00  0.00000000e+00]
 [ 0.00000000e+00  0.00000000e+00  0.00000000e+00  0.00000000e+00
   1.00000000e+00  0.00000000e+00]
 [ 0.00000000e+00  0.00000000e+00  0.00000000e+00  0.00000000e+00
   0.00000000e+00  1.00000000e+00]]
R2 #[[ 9.99999966e-01  0.00000000e+00  2.61387278e-04  0.00000000e+00
   0.00000000e+00  0.00000000e+00]
 [ 0.00000000e+00  9.99999966e-01  0.00000000e+00  2.61387278e-04
   0.00000000e+00  0.00000000e+00]
 [-2.61387278e-04  0.00000000e+00  9.99999966e-01  0.00000000e+00
   0.00000000e+00  0.00000000e+00]
 [ 0.00000000e+00 -2.61387278e-04  0.00000000e+00  9.99999966e-01
   0.00000000e+00  0.00000000e+00]
 [ 0.00000000e+00  0.00000000e+00  0.00000000e+00  0.00000000e+00
   1.00000000e+00  0.00000000e+00]
 [ 0.00000000e+00  0.00000000e+00  0.00000000e+00  0.00000000e+00
   0.00000000e+00  1.00000000e+00]]
Param #7238: delta OK; RMS=0.001 mm
quads_tilt_fit #-0.005353356741183259
delta_local #[1.e-06]
R1 #[[ 0.99998568  0.         -0.00535233  0.          0.          0.        ]
 [ 0.          0.99998568  0.         -0.00535233  0.          0.        ]
 [ 0.00535233  0.          0.99998568  0.          0.          0.        ]
 [ 0.          0.00535233  0.          0.99998568  0.          0.        ]
 [ 0.          0.          0.          0.          1.          0.        ]
 [ 0.          0.          0.          0.          0.          1.        ]]
R2 #[[ 0.99998568  0.          0.00535233  0.          0.          0.        ]
 [ 0.          0.99998568  0.          0.00535233  0.          0.        ]
 [-0.00535233  0.          0.99998568  0.          0.          0.        ]
 [ 0.         -0.00535233  0.          0.99998568  0.          0.        ]
 [ 0.          0.          0.          0.          1.          0.        ]
 [ 0.          0.          0.          0.          0.          1.        ]]
Param #7420: delta too small; RMS=1.5482e-06 mm
quads_tilt_fit #-0.005353356741183259
delta_local #[0.0006459]
R1 #[[ 0.99998892  0.         -0.00470744  0.          0.          0.        ]
 [ 0.          0.99998892  0.         -0.00470744  0.          0.        ]
 [ 0.00470744  0.          0.99998892  0.          0.          0.        ]
 [ 0.          0.00470744  0.          0.99998892  0.          0.        ]
 [ 0.          0.          0.          0.          1.          0.        ]
 [ 0.          0.          0.          0.          0.          1.        ]]
R2 #[[ 0.99998892  0.          0.00470744  0.          0.          0.        ]
 [ 0.          0.99998892  0.          0.00470744  0.          0.        ]
 [-0.00470744  0.          0.99998892  0.          0.          0.        ]
 [ 0.         -0.00470744  0.          0.99998892  0.          0.        ]
 [ 0.          0.          0.          0.          1.          0.        ]
 [ 0.          0.          0.          0.          0.          1.        ]]
Param #7420: delta OK; RMS=0.0010004 mm
quads_tilt_fit #-0.0011505655525109626
delta_local #[1.e-06]
R1 #[[ 0.99999934  0.         -0.00114957  0.          0.          0.        ]
 [ 0.          0.99999934  0.         -0.00114957  0.          0.        ]
 [ 0.00114957  0.          0.99999934  0.          0.          0.        ]
 [ 0.          0.00114957  0.          0.99999934  0.          0.        ]
 [ 0.          0.          0.          0.          1.          0.        ]
 [ 0.          0.          0.          0.          0.          1.        ]]
R2 #[[ 0.99999934  0.          0.00114957  0.          0.          0.        ]
 [ 0.          0.99999934  0.          0.00114957  0.          0.        ]
 [-0.00114957  0.          0.99999934  0.          0.          0.        ]
 [ 0.         -0.00114957  0.          0.99999934  0.          0.        ]
 [ 0.          0.          0.          0.          1.          0.        ]
 [ 0.          0.          0.          0.          0.          1.        ]]
Param #29: delta too small; RMS=1.8959e-06 mm
quads_tilt_fit #-0.0011505655525109626
delta_local #[0.00052746]
R1 #[[ 9.99999806e-01  0.00000000e+00 -6.23103133e-04  0.00000000e+00
   0.00000000e+00  0.00000000e+00]
 [ 0.00000000e+00  9.99999806e-01  0.00000000e+00 -6.23103133e-04
   0.00000000e+00  0.00000000e+00]
 [ 6.23103133e-04  0.00000000e+00  9.99999806e-01  0.00000000e+00
   0.00000000e+00  0.00000000e+00]
 [ 0.00000000e+00  6.23103133e-04  0.00000000e+00  9.99999806e-01
   0.00000000e+00  0.00000000e+00]
 [ 0.00000000e+00  0.00000000e+00  0.00000000e+00  0.00000000e+00
   1.00000000e+00  0.00000000e+00]
 [ 0.00000000e+00  0.00000000e+00  0.00000000e+00  0.00000000e+00
   0.00000000e+00  1.00000000e+00]]
R2 #[[ 9.99999806e-01  0.00000000e+00  6.23103133e-04  0.00000000e+00
   0.00000000e+00  0.00000000e+00]
 [ 0.00000000e+00  9.99999806e-01  0.00000000e+00  6.23103133e-04
   0.00000000e+00  0.00000000e+00]
 [-6.23103133e-04  0.00000000e+00  9.99999806e-01  0.00000000e+00
   0.00000000e+00  0.00000000e+00]
 [ 0.00000000e+00 -6.23103133e-04  0.00000000e+00  9.99999806e-01
   0.00000000e+00  0.00000000e+00]
 [ 0.00000000e+00  0.00000000e+00  0.00000000e+00  0.00000000e+00
   1.00000000e+00  0.00000000e+00]
 [ 0.00000000e+00  0.00000000e+00  0.00000000e+00  0.00000000e+00
   0.00000000e+00  1.00000000e+00]]
Param #29: delta OK; RMS=0.0010001 mm
quads_tilt_fit #-0.00012809433991516582
delta_local #[1.e-06]
R1 #[[ 9.99999992e-01  0.00000000e+00 -1.27094340e-04  0.00000000e+00
   0.00000000e+00  0.00000000e+00]
 [ 0.00000000e+00  9.99999992e-01  0.00000000e+00 -1.27094340e-04
   0.00000000e+00  0.00000000e+00]
 [ 1.27094340e-04  0.00000000e+00  9.99999992e-01  0.00000000e+00
   0.00000000e+00  0.00000000e+00]
 [ 0.00000000e+00  1.27094340e-04  0.00000000e+00  9.99999992e-01
   0.00000000e+00  0.00000000e+00]
 [ 0.00000000e+00  0.00000000e+00  0.00000000e+00  0.00000000e+00
   1.00000000e+00  0.00000000e+00]
 [ 0.00000000e+00  0.00000000e+00  0.00000000e+00  0.00000000e+00
   0.00000000e+00  1.00000000e+00]]
R2 #[[ 9.99999992e-01  0.00000000e+00  1.27094340e-04  0.00000000e+00
   0.00000000e+00  0.00000000e+00]
 [ 0.00000000e+00  9.99999992e-01  0.00000000e+00  1.27094340e-04
   0.00000000e+00  0.00000000e+00]
 [-1.27094340e-04  0.00000000e+00  9.99999992e-01  0.00000000e+00
   0.00000000e+00  0.00000000e+00]
 [ 0.00000000e+00 -1.27094340e-04  0.00000000e+00  9.99999992e-01
   0.00000000e+00  0.00000000e+00]
 [ 0.00000000e+00  0.00000000e+00  0.00000000e+00  0.00000000e+00
   1.00000000e+00  0.00000000e+00]
 [ 0.00000000e+00  0.00000000e+00  0.00000000e+00  0.00000000e+00
   0.00000000e+00  1.00000000e+00]]
Param #2673: delta too small; RMS=2.2606e-06 mm
quads_tilt_fit #-0.00012809433991516582
delta_local #[0.00044236]
R1 #[[ 9.99999951e-01  0.00000000e+00  3.14266935e-04  0.00000000e+00
   0.00000000e+00  0.00000000e+00]
 [ 0.00000000e+00  9.99999951e-01  0.00000000e+00  3.14266935e-04
   0.00000000e+00  0.00000000e+00]
 [-3.14266935e-04  0.00000000e+00  9.99999951e-01  0.00000000e+00
   0.00000000e+00  0.00000000e+00]
 [ 0.00000000e+00 -3.14266935e-04  0.00000000e+00  9.99999951e-01
   0.00000000e+00  0.00000000e+00]
 [ 0.00000000e+00  0.00000000e+00  0.00000000e+00  0.00000000e+00
   1.00000000e+00  0.00000000e+00]
 [ 0.00000000e+00  0.00000000e+00  0.00000000e+00  0.00000000e+00
   0.00000000e+00  1.00000000e+00]]
R2 #[[ 9.99999951e-01  0.00000000e+00 -3.14266935e-04  0.00000000e+00
   0.00000000e+00  0.00000000e+00]
 [ 0.00000000e+00  9.99999951e-01  0.00000000e+00 -3.14266935e-04
   0.00000000e+00  0.00000000e+00]
 [ 3.14266935e-04  0.00000000e+00  9.99999951e-01  0.00000000e+00
   0.00000000e+00  0.00000000e+00]
 [ 0.00000000e+00  3.14266935e-04  0.00000000e+00  9.99999951e-01
   0.00000000e+00  0.00000000e+00]
 [ 0.00000000e+00  0.00000000e+00  0.00000000e+00  0.00000000e+00
   1.00000000e+00  0.00000000e+00]
 [ 0.00000000e+00  0.00000000e+00  0.00000000e+00  0.00000000e+00
   0.00000000e+00  1.00000000e+00]]
Param #2673: delta OK; RMS=0.00099958 mm
quads_tilt_fit #-0.0007772603597532898
delta_local #[1.e-06]
R1 #[[ 9.99999699e-01  0.00000000e+00 -7.76260282e-04  0.00000000e+00
   0.00000000e+00  0.00000000e+00]
 [ 0.00000000e+00  9.99999699e-01  0.00000000e+00 -7.76260282e-04
   0.00000000e+00  0.00000000e+00]
 [ 7.76260282e-04  0.00000000e+00  9.99999699e-01  0.00000000e+00
   0.00000000e+00  0.00000000e+00]
 [ 0.00000000e+00  7.76260282e-04  0.00000000e+00  9.99999699e-01
   0.00000000e+00  0.00000000e+00]
 [ 0.00000000e+00  0.00000000e+00  0.00000000e+00  0.00000000e+00
   1.00000000e+00  0.00000000e+00]
 [ 0.00000000e+00  0.00000000e+00  0.00000000e+00  0.00000000e+00
   0.00000000e+00  1.00000000e+00]]
R2 #[[ 9.99999699e-01  0.00000000e+00  7.76260282e-04  0.00000000e+00
   0.00000000e+00  0.00000000e+00]
 [ 0.00000000e+00  9.99999699e-01  0.00000000e+00  7.76260282e-04
   0.00000000e+00  0.00000000e+00]
 [-7.76260282e-04  0.00000000e+00  9.99999699e-01  0.00000000e+00
   0.00000000e+00  0.00000000e+00]
 [ 0.00000000e+00 -7.76260282e-04  0.00000000e+00  9.99999699e-01
   0.00000000e+00  0.00000000e+00]
 [ 0.00000000e+00  0.00000000e+00  0.00000000e+00  0.00000000e+00
   1.00000000e+00  0.00000000e+00]
 [ 0.00000000e+00  0.00000000e+00  0.00000000e+00  0.00000000e+00
   0.00000000e+00  1.00000000e+00]]
Param #2730: delta too small; RMS=2.1606e-06 mm
quads_tilt_fit #-0.0007772603597532898
delta_local #[0.00046284]
R1 #[[ 9.99999951e-01  0.00000000e+00 -3.14422560e-04  0.00000000e+00
   0.00000000e+00  0.00000000e+00]
 [ 0.00000000e+00  9.99999951e-01  0.00000000e+00 -3.14422560e-04
   0.00000000e+00  0.00000000e+00]
 [ 3.14422560e-04  0.00000000e+00  9.99999951e-01  0.00000000e+00
   0.00000000e+00  0.00000000e+00]
 [ 0.00000000e+00  3.14422560e-04  0.00000000e+00  9.99999951e-01
   0.00000000e+00  0.00000000e+00]
 [ 0.00000000e+00  0.00000000e+00  0.00000000e+00  0.00000000e+00
   1.00000000e+00  0.00000000e+00]
 [ 0.00000000e+00  0.00000000e+00  0.00000000e+00  0.00000000e+00
   0.00000000e+00  1.00000000e+00]]
R2 #[[ 9.99999951e-01  0.00000000e+00  3.14422560e-04  0.00000000e+00
   0.00000000e+00  0.00000000e+00]
 [ 0.00000000e+00  9.99999951e-01  0.00000000e+00  3.14422560e-04
   0.00000000e+00  0.00000000e+00]
 [-3.14422560e-04  0.00000000e+00  9.99999951e-01  0.00000000e+00
   0.00000000e+00  0.00000000e+00]
 [ 0.00000000e+00 -3.14422560e-04  0.00000000e+00  9.99999951e-01
   0.00000000e+00  0.00000000e+00]
 [ 0.00000000e+00  0.00000000e+00  0.00000000e+00  0.00000000e+00
   1.00000000e+00  0.00000000e+00]
 [ 0.00000000e+00  0.00000000e+00  0.00000000e+00  0.00000000e+00
   0.00000000e+00  1.00000000e+00]]
Param #2730: delta OK; RMS=0.0010001 mm
quads_tilt_fit #0.00034771871594850665
delta_local #[1.e-06]
R1 #[[ 9.99999939e-01  0.00000000e+00  3.48718709e-04  0.00000000e+00
   0.00000000e+00  0.00000000e+00]
 [ 0.00000000e+00  9.99999939e-01  0.00000000e+00  3.48718709e-04
   0.00000000e+00  0.00000000e+00]
 [-3.48718709e-04  0.00000000e+00  9.99999939e-01  0.00000000e+00
   0.00000000e+00  0.00000000e+00]
 [ 0.00000000e+00 -3.48718709e-04  0.00000000e+00  9.99999939e-01
   0.00000000e+00  0.00000000e+00]
 [ 0.00000000e+00  0.00000000e+00  0.00000000e+00  0.00000000e+00
   1.00000000e+00  0.00000000e+00]
 [ 0.00000000e+00  0.00000000e+00  0.00000000e+00  0.00000000e+00
   0.00000000e+00  1.00000000e+00]]
R2 #[[ 9.99999939e-01  0.00000000e+00 -3.48718709e-04  0.00000000e+00
   0.00000000e+00  0.00000000e+00]
 [ 0.00000000e+00  9.99999939e-01  0.00000000e+00 -3.48718709e-04
   0.00000000e+00  0.00000000e+00]
 [ 3.48718709e-04  0.00000000e+00  9.99999939e-01  0.00000000e+00
   0.00000000e+00  0.00000000e+00]
 [ 0.00000000e+00  3.48718709e-04  0.00000000e+00  9.99999939e-01
   0.00000000e+00  0.00000000e+00]
 [ 0.00000000e+00  0.00000000e+00  0.00000000e+00  0.00000000e+00
   1.00000000e+00  0.00000000e+00]
 [ 0.00000000e+00  0.00000000e+00  0.00000000e+00  0.00000000e+00
   0.00000000e+00  1.00000000e+00]]
Param #6936: delta too small; RMS=1.5824e-06 mm
quads_tilt_fit #0.00034771871594850665
delta_local #[0.00063193]
R1 #[[ 9.99999520e-01  0.00000000e+00  9.79650924e-04  0.00000000e+00
   0.00000000e+00  0.00000000e+00]
 [ 0.00000000e+00  9.99999520e-01  0.00000000e+00  9.79650924e-04
   0.00000000e+00  0.00000000e+00]
 [-9.79650924e-04  0.00000000e+00  9.99999520e-01  0.00000000e+00
   0.00000000e+00  0.00000000e+00]
 [ 0.00000000e+00 -9.79650924e-04  0.00000000e+00  9.99999520e-01
   0.00000000e+00  0.00000000e+00]
 [ 0.00000000e+00  0.00000000e+00  0.00000000e+00  0.00000000e+00
   1.00000000e+00  0.00000000e+00]
 [ 0.00000000e+00  0.00000000e+00  0.00000000e+00  0.00000000e+00
   0.00000000e+00  1.00000000e+00]]
R2 #[[ 9.99999520e-01  0.00000000e+00 -9.79650924e-04  0.00000000e+00
   0.00000000e+00  0.00000000e+00]
 [ 0.00000000e+00  9.99999520e-01  0.00000000e+00 -9.79650924e-04
   0.00000000e+00  0.00000000e+00]
 [ 9.79650924e-04  0.00000000e+00  9.99999520e-01  0.00000000e+00
   0.00000000e+00  0.00000000e+00]
 [ 0.00000000e+00  9.79650924e-04  0.00000000e+00  9.99999520e-01
   0.00000000e+00  0.00000000e+00]
 [ 0.00000000e+00  0.00000000e+00  0.00000000e+00  0.00000000e+00
   1.00000000e+00  0.00000000e+00]
 [ 0.00000000e+00  0.00000000e+00  0.00000000e+00  0.00000000e+00
   0.00000000e+00  1.00000000e+00]]
Param #6936: delta OK; RMS=0.0010004 mm
quads_tilt_fit #0.00022474826865890294
delta_local #[1.e-06]
R1 #[[ 9.99999975e-01  0.00000000e+00  2.25748267e-04  0.00000000e+00
   0.00000000e+00  0.00000000e+00]
 [ 0.00000000e+00  9.99999975e-01  0.00000000e+00  2.25748267e-04
   0.00000000e+00  0.00000000e+00]
 [-2.25748267e-04  0.00000000e+00  9.99999975e-01  0.00000000e+00
   0.00000000e+00  0.00000000e+00]
 [ 0.00000000e+00 -2.25748267e-04  0.00000000e+00  9.99999975e-01
   0.00000000e+00  0.00000000e+00]
 [ 0.00000000e+00  0.00000000e+00  0.00000000e+00  0.00000000e+00
   1.00000000e+00  0.00000000e+00]
 [ 0.00000000e+00  0.00000000e+00  0.00000000e+00  0.00000000e+00
   0.00000000e+00  1.00000000e+00]]
R2 #[[ 9.99999975e-01  0.00000000e+00 -2.25748267e-04  0.00000000e+00
   0.00000000e+00  0.00000000e+00]
 [ 0.00000000e+00  9.99999975e-01  0.00000000e+00 -2.25748267e-04
   0.00000000e+00  0.00000000e+00]
 [ 2.25748267e-04  0.00000000e+00  9.99999975e-01  0.00000000e+00
   0.00000000e+00  0.00000000e+00]
 [ 0.00000000e+00  2.25748267e-04  0.00000000e+00  9.99999975e-01
   0.00000000e+00  0.00000000e+00]
 [ 0.00000000e+00  0.00000000e+00  0.00000000e+00  0.00000000e+00
   1.00000000e+00  0.00000000e+00]
 [ 0.00000000e+00  0.00000000e+00  0.00000000e+00  0.00000000e+00
   0.00000000e+00  1.00000000e+00]]
Param #7017: delta too small; RMS=2.7349e-06 mm
quads_tilt_fit #0.00022474826865890294
delta_local #[0.00036565]
R1 #[[ 9.99999826e-01  0.00000000e+00  5.90394293e-04  0.00000000e+00
   0.00000000e+00  0.00000000e+00]
 [ 0.00000000e+00  9.99999826e-01  0.00000000e+00  5.90394293e-04
   0.00000000e+00  0.00000000e+00]
 [-5.90394293e-04  0.00000000e+00  9.99999826e-01  0.00000000e+00
   0.00000000e+00  0.00000000e+00]
 [ 0.00000000e+00 -5.90394293e-04  0.00000000e+00  9.99999826e-01
   0.00000000e+00  0.00000000e+00]
 [ 0.00000000e+00  0.00000000e+00  0.00000000e+00  0.00000000e+00
   1.00000000e+00  0.00000000e+00]
 [ 0.00000000e+00  0.00000000e+00  0.00000000e+00  0.00000000e+00
   0.00000000e+00  1.00000000e+00]]
R2 #[[ 9.99999826e-01  0.00000000e+00 -5.90394293e-04  0.00000000e+00
   0.00000000e+00  0.00000000e+00]
 [ 0.00000000e+00  9.99999826e-01  0.00000000e+00 -5.90394293e-04
   0.00000000e+00  0.00000000e+00]
 [ 5.90394293e-04  0.00000000e+00  9.99999826e-01  0.00000000e+00
   0.00000000e+00  0.00000000e+00]
 [ 0.00000000e+00  5.90394293e-04  0.00000000e+00  9.99999826e-01
   0.00000000e+00  0.00000000e+00]
 [ 0.00000000e+00  0.00000000e+00  0.00000000e+00  0.00000000e+00
   1.00000000e+00  0.00000000e+00]
 [ 0.00000000e+00  0.00000000e+00  0.00000000e+00  0.00000000e+00
   0.00000000e+00  1.00000000e+00]]
Param #7017: delta OK; RMS=0.0009994 mm
quads_tilt_fit #0.0030703318478707727
delta_local #[1.e-06]
R1 #[[ 0.99999528  0.          0.00307133  0.          0.          0.        ]
 [ 0.          0.99999528  0.          0.00307133  0.          0.        ]
 [-0.00307133  0.          0.99999528  0.          0.          0.        ]
 [ 0.         -0.00307133  0.          0.99999528  0.          0.        ]
 [ 0.          0.          0.          0.          1.          0.        ]
 [ 0.          0.          0.          0.          0.          1.        ]]
R2 #[[ 0.99999528  0.         -0.00307133  0.          0.          0.        ]
 [ 0.          0.99999528  0.         -0.00307133  0.          0.        ]
 [ 0.00307133  0.          0.99999528  0.          0.          0.        ]
 [ 0.          0.00307133  0.          0.99999528  0.          0.        ]
 [ 0.          0.          0.          0.          1.          0.        ]
 [ 0.          0.          0.          0.          0.          1.        ]]
Param #7633: delta too small; RMS=2.212e-06 mm
quads_tilt_fit #0.0030703318478707727
delta_local #[0.00045209]
R1 #[[ 0.9999938   0.          0.00352241  0.          0.          0.        ]
 [ 0.          0.9999938   0.          0.00352241  0.          0.        ]
 [-0.00352241  0.          0.9999938   0.          0.          0.        ]
 [ 0.         -0.00352241  0.          0.9999938   0.          0.        ]
 [ 0.          0.          0.          0.          1.          0.        ]
 [ 0.          0.          0.          0.          0.          1.        ]]
R2 #[[ 0.9999938   0.         -0.00352241  0.          0.          0.        ]
 [ 0.          0.9999938   0.         -0.00352241  0.          0.        ]
 [ 0.00352241  0.          0.9999938   0.          0.          0.        ]
 [ 0.          0.00352241  0.          0.9999938   0.          0.        ]
 [ 0.          0.          0.          0.          1.          0.        ]
 [ 0.          0.          0.          0.          0.          1.        ]]
Param #7633: delta OK; RMS=0.00099958 mm
quads_tilt_fit #-0.002008300426467395
delta_local #[1.e-06]
R1 #[[ 0.99999799  0.         -0.0020073   0.          0.          0.        ]
 [ 0.          0.99999799  0.         -0.0020073   0.          0.        ]
 [ 0.0020073   0.          0.99999799  0.          0.          0.        ]
 [ 0.          0.0020073   0.          0.99999799  0.          0.        ]
 [ 0.          0.          0.          0.          1.          0.        ]
 [ 0.          0.          0.          0.          0.          1.        ]]
R2 #[[ 0.99999799  0.          0.0020073   0.          0.          0.        ]
 [ 0.          0.99999799  0.          0.0020073   0.          0.        ]
 [-0.0020073   0.          0.99999799  0.          0.          0.        ]
 [ 0.         -0.0020073   0.          0.99999799  0.          0.        ]
 [ 0.          0.          0.          0.          1.          0.        ]
 [ 0.          0.          0.          0.          0.          1.        ]]
Param #41: delta too small; RMS=1.825e-06 mm
quads_tilt_fit #-0.002008300426467395
delta_local #[0.00054795]
R1 #[[ 0.99999893  0.         -0.00146035  0.          0.          0.        ]
 [ 0.          0.99999893  0.         -0.00146035  0.          0.        ]
 [ 0.00146035  0.          0.99999893  0.          0.          0.        ]
 [ 0.          0.00146035  0.          0.99999893  0.          0.        ]
 [ 0.          0.          0.          0.          1.          0.        ]
 [ 0.          0.          0.          0.          0.          1.        ]]
R2 #[[ 0.99999893  0.          0.00146035  0.          0.          0.        ]
 [ 0.          0.99999893  0.          0.00146035  0.          0.        ]
 [-0.00146035  0.          0.99999893  0.          0.          0.        ]
 [ 0.         -0.00146035  0.          0.99999893  0.          0.        ]
 [ 0.          0.          0.          0.          1.          0.        ]
 [ 0.          0.          0.          0.          0.          1.        ]]
Param #41: delta OK; RMS=0.00099957 mm
quads_tilt_fit #-0.0007038106463959681
delta_local #[1.e-06]
R1 #[[ 9.99999753e-01  0.00000000e+00 -7.02810589e-04  0.00000000e+00
   0.00000000e+00  0.00000000e+00]
 [ 0.00000000e+00  9.99999753e-01  0.00000000e+00 -7.02810589e-04
   0.00000000e+00  0.00000000e+00]
 [ 7.02810589e-04  0.00000000e+00  9.99999753e-01  0.00000000e+00
   0.00000000e+00  0.00000000e+00]
 [ 0.00000000e+00  7.02810589e-04  0.00000000e+00  9.99999753e-01
   0.00000000e+00  0.00000000e+00]
 [ 0.00000000e+00  0.00000000e+00  0.00000000e+00  0.00000000e+00
   1.00000000e+00  0.00000000e+00]
 [ 0.00000000e+00  0.00000000e+00  0.00000000e+00  0.00000000e+00
   0.00000000e+00  1.00000000e+00]]
R2 #[[ 9.99999753e-01  0.00000000e+00  7.02810589e-04  0.00000000e+00
   0.00000000e+00  0.00000000e+00]
 [ 0.00000000e+00  9.99999753e-01  0.00000000e+00  7.02810589e-04
   0.00000000e+00  0.00000000e+00]
 [-7.02810589e-04  0.00000000e+00  9.99999753e-01  0.00000000e+00
   0.00000000e+00  0.00000000e+00]
 [ 0.00000000e+00 -7.02810589e-04  0.00000000e+00  9.99999753e-01
   0.00000000e+00  0.00000000e+00]
 [ 0.00000000e+00  0.00000000e+00  0.00000000e+00  0.00000000e+00
   1.00000000e+00  0.00000000e+00]
 [ 0.00000000e+00  0.00000000e+00  0.00000000e+00  0.00000000e+00
   0.00000000e+00  1.00000000e+00]]
Param #2661: delta too small; RMS=1.274e-06 mm
quads_tilt_fit #-0.0007038106463959681
delta_local #[0.00078496]
R1 #[[ 9.99999997e-01  0.00000000e+00  8.11448212e-05  0.00000000e+00
   0.00000000e+00  0.00000000e+00]
 [ 0.00000000e+00  9.99999997e-01  0.00000000e+00  8.11448212e-05
   0.00000000e+00  0.00000000e+00]
 [-8.11448212e-05  0.00000000e+00  9.99999997e-01  0.00000000e+00
   0.00000000e+00  0.00000000e+00]
 [ 0.00000000e+00 -8.11448212e-05  0.00000000e+00  9.99999997e-01
   0.00000000e+00  0.00000000e+00]
 [ 0.00000000e+00  0.00000000e+00  0.00000000e+00  0.00000000e+00
   1.00000000e+00  0.00000000e+00]
 [ 0.00000000e+00  0.00000000e+00  0.00000000e+00  0.00000000e+00
   0.00000000e+00  1.00000000e+00]]
R2 #[[ 9.99999997e-01  0.00000000e+00 -8.11448212e-05  0.00000000e+00
   0.00000000e+00  0.00000000e+00]
 [ 0.00000000e+00  9.99999997e-01  0.00000000e+00 -8.11448212e-05
   0.00000000e+00  0.00000000e+00]
 [ 8.11448212e-05  0.00000000e+00  9.99999997e-01  0.00000000e+00
   0.00000000e+00  0.00000000e+00]
 [ 0.00000000e+00  8.11448212e-05  0.00000000e+00  9.99999997e-01
   0.00000000e+00  0.00000000e+00]
 [ 0.00000000e+00  0.00000000e+00  0.00000000e+00  0.00000000e+00
   1.00000000e+00  0.00000000e+00]
 [ 0.00000000e+00  0.00000000e+00  0.00000000e+00  0.00000000e+00
   0.00000000e+00  1.00000000e+00]]
Param #2661: delta OK; RMS=0.0009996 mm
quads_tilt_fit #-0.00024751818225226293
delta_local #[1.e-06]
R1 #[[ 9.9999997e-01  0.0000000e+00 -2.4651818e-04  0.0000000e+00
   0.0000000e+00  0.0000000e+00]
 [ 0.0000000e+00  9.9999997e-01  0.0000000e+00 -2.4651818e-04
   0.0000000e+00  0.0000000e+00]
 [ 2.4651818e-04  0.0000000e+00  9.9999997e-01  0.0000000e+00
   0.0000000e+00  0.0000000e+00]
 [ 0.0000000e+00  2.4651818e-04  0.0000000e+00  9.9999997e-01
   0.0000000e+00  0.0000000e+00]
 [ 0.0000000e+00  0.0000000e+00  0.0000000e+00  0.0000000e+00
   1.0000000e+00  0.0000000e+00]
 [ 0.0000000e+00  0.0000000e+00  0.0000000e+00  0.0000000e+00
   0.0000000e+00  1.0000000e+00]]
R2 #[[ 9.9999997e-01  0.0000000e+00  2.4651818e-04  0.0000000e+00
   0.0000000e+00  0.0000000e+00]
 [ 0.0000000e+00  9.9999997e-01  0.0000000e+00  2.4651818e-04
   0.0000000e+00  0.0000000e+00]
 [-2.4651818e-04  0.0000000e+00  9.9999997e-01  0.0000000e+00
   0.0000000e+00  0.0000000e+00]
 [ 0.0000000e+00 -2.4651818e-04  0.0000000e+00  9.9999997e-01
   0.0000000e+00  0.0000000e+00]
 [ 0.0000000e+00  0.0000000e+00  0.0000000e+00  0.0000000e+00
   1.0000000e+00  0.0000000e+00]
 [ 0.0000000e+00  0.0000000e+00  0.0000000e+00  0.0000000e+00
   0.0000000e+00  1.0000000e+00]]
Param #2742: delta too small; RMS=1.1926e-06 mm
quads_tilt_fit #-0.00024751818225226293
delta_local #[0.0008385]
R1 #[[ 9.99999825e-01  0.00000000e+00  5.90985251e-04  0.00000000e+00
   0.00000000e+00  0.00000000e+00]
 [ 0.00000000e+00  9.99999825e-01  0.00000000e+00  5.90985251e-04
   0.00000000e+00  0.00000000e+00]
 [-5.90985251e-04  0.00000000e+00  9.99999825e-01  0.00000000e+00
   0.00000000e+00  0.00000000e+00]
 [ 0.00000000e+00 -5.90985251e-04  0.00000000e+00  9.99999825e-01
   0.00000000e+00  0.00000000e+00]
 [ 0.00000000e+00  0.00000000e+00  0.00000000e+00  0.00000000e+00
   1.00000000e+00  0.00000000e+00]
 [ 0.00000000e+00  0.00000000e+00  0.00000000e+00  0.00000000e+00
   0.00000000e+00  1.00000000e+00]]
R2 #[[ 9.99999825e-01  0.00000000e+00 -5.90985251e-04  0.00000000e+00
   0.00000000e+00  0.00000000e+00]
 [ 0.00000000e+00  9.99999825e-01  0.00000000e+00 -5.90985251e-04
   0.00000000e+00  0.00000000e+00]
 [ 5.90985251e-04  0.00000000e+00  9.99999825e-01  0.00000000e+00
   0.00000000e+00  0.00000000e+00]
 [ 0.00000000e+00  5.90985251e-04  0.00000000e+00  9.99999825e-01
   0.00000000e+00  0.00000000e+00]
 [ 0.00000000e+00  0.00000000e+00  0.00000000e+00  0.00000000e+00
   1.00000000e+00  0.00000000e+00]
 [ 0.00000000e+00  0.00000000e+00  0.00000000e+00  0.00000000e+00
   0.00000000e+00  1.00000000e+00]]
Param #2742: delta OK; RMS=0.0009996 mm
quads_tilt_fit #0.001589269243337826
delta_local #[1.e-06]
R1 #[[ 0.99999874  0.          0.00159027  0.          0.          0.        ]
 [ 0.          0.99999874  0.          0.00159027  0.          0.        ]
 [-0.00159027  0.          0.99999874  0.          0.          0.        ]
 [ 0.         -0.00159027  0.          0.99999874  0.          0.        ]
 [ 0.          0.          0.          0.          1.          0.        ]
 [ 0.          0.          0.          0.          0.          1.        ]]
R2 #[[ 0.99999874  0.         -0.00159027  0.          0.          0.        ]
 [ 0.          0.99999874  0.         -0.00159027  0.          0.        ]
 [ 0.00159027  0.          0.99999874  0.          0.          0.        ]
 [ 0.          0.00159027  0.          0.99999874  0.          0.        ]
 [ 0.          0.          0.          0.          1.          0.        ]
 [ 0.          0.          0.          0.          0.          1.        ]]
Param #5471: delta too small; RMS=1.424e-06 mm
quads_tilt_fit #0.001589269243337826
delta_local #[0.00070223]
R1 #[[ 0.99999737  0.          0.00229149  0.          0.          0.        ]
 [ 0.          0.99999737  0.          0.00229149  0.          0.        ]
 [-0.00229149  0.          0.99999737  0.          0.          0.        ]
 [ 0.         -0.00229149  0.          0.99999737  0.          0.        ]
 [ 0.          0.          0.          0.          1.          0.        ]
 [ 0.          0.          0.          0.          0.          1.        ]]
R2 #[[ 0.99999737  0.         -0.00229149  0.          0.          0.        ]
 [ 0.          0.99999737  0.         -0.00229149  0.          0.        ]
 [ 0.00229149  0.          0.99999737  0.          0.          0.        ]
 [ 0.          0.00229149  0.          0.99999737  0.          0.        ]
 [ 0.          0.          0.          0.          1.          0.        ]
 [ 0.          0.          0.          0.          0.          1.        ]]
Param #5471: delta OK; RMS=0.00099996 mm
quads_tilt_fit #-0.0006147480251119391
delta_local #[1.e-06]
R1 #[[ 9.99999812e-01  0.00000000e+00 -6.13747987e-04  0.00000000e+00
   0.00000000e+00  0.00000000e+00]
 [ 0.00000000e+00  9.99999812e-01  0.00000000e+00 -6.13747987e-04
   0.00000000e+00  0.00000000e+00]
 [ 6.13747987e-04  0.00000000e+00  9.99999812e-01  0.00000000e+00
   0.00000000e+00  0.00000000e+00]
 [ 0.00000000e+00  6.13747987e-04  0.00000000e+00  9.99999812e-01
   0.00000000e+00  0.00000000e+00]
 [ 0.00000000e+00  0.00000000e+00  0.00000000e+00  0.00000000e+00
   1.00000000e+00  0.00000000e+00]
 [ 0.00000000e+00  0.00000000e+00  0.00000000e+00  0.00000000e+00
   0.00000000e+00  1.00000000e+00]]
R2 #[[ 9.99999812e-01  0.00000000e+00  6.13747987e-04  0.00000000e+00
   0.00000000e+00  0.00000000e+00]
 [ 0.00000000e+00  9.99999812e-01  0.00000000e+00  6.13747987e-04
   0.00000000e+00  0.00000000e+00]
 [-6.13747987e-04  0.00000000e+00  9.99999812e-01  0.00000000e+00
   0.00000000e+00  0.00000000e+00]
 [ 0.00000000e+00 -6.13747987e-04  0.00000000e+00  9.99999812e-01
   0.00000000e+00  0.00000000e+00]
 [ 0.00000000e+00  0.00000000e+00  0.00000000e+00  0.00000000e+00
   1.00000000e+00  0.00000000e+00]
 [ 0.00000000e+00  0.00000000e+00  0.00000000e+00  0.00000000e+00
   0.00000000e+00  1.00000000e+00]]
Param #6924: delta too small; RMS=1.5268e-06 mm
quads_tilt_fit #-0.0006147480251119391
delta_local #[0.00065497]
R1 #[[ 9.99999999e-01  0.00000000e+00  4.02269165e-05  0.00000000e+00
   0.00000000e+00  0.00000000e+00]
 [ 0.00000000e+00  9.99999999e-01  0.00000000e+00  4.02269165e-05
   0.00000000e+00  0.00000000e+00]
 [-4.02269165e-05  0.00000000e+00  9.99999999e-01  0.00000000e+00
   0.00000000e+00  0.00000000e+00]
 [ 0.00000000e+00 -4.02269165e-05  0.00000000e+00  9.99999999e-01
   0.00000000e+00  0.00000000e+00]
 [ 0.00000000e+00  0.00000000e+00  0.00000000e+00  0.00000000e+00
   1.00000000e+00  0.00000000e+00]
 [ 0.00000000e+00  0.00000000e+00  0.00000000e+00  0.00000000e+00
   0.00000000e+00  1.00000000e+00]]
R2 #[[ 9.99999999e-01  0.00000000e+00 -4.02269165e-05  0.00000000e+00
   0.00000000e+00  0.00000000e+00]
 [ 0.00000000e+00  9.99999999e-01  0.00000000e+00 -4.02269165e-05
   0.00000000e+00  0.00000000e+00]
 [ 4.02269165e-05  0.00000000e+00  9.99999999e-01  0.00000000e+00
   0.00000000e+00  0.00000000e+00]
 [ 0.00000000e+00  4.02269165e-05  0.00000000e+00  9.99999999e-01
   0.00000000e+00  0.00000000e+00]
 [ 0.00000000e+00  0.00000000e+00  0.00000000e+00  0.00000000e+00
   1.00000000e+00  0.00000000e+00]
 [ 0.00000000e+00  0.00000000e+00  0.00000000e+00  0.00000000e+00
   0.00000000e+00  1.00000000e+00]]
Param #6924: delta OK; RMS=0.00099977 mm
quads_tilt_fit #9.335669432565776e-05
delta_local #[1.e-06]
R1 #[[ 9.99999996e-01  0.00000000e+00  9.43566942e-05  0.00000000e+00
   0.00000000e+00  0.00000000e+00]
 [ 0.00000000e+00  9.99999996e-01  0.00000000e+00  9.43566942e-05
   0.00000000e+00  0.00000000e+00]
 [-9.43566942e-05  0.00000000e+00  9.99999996e-01  0.00000000e+00
   0.00000000e+00  0.00000000e+00]
 [ 0.00000000e+00 -9.43566942e-05  0.00000000e+00  9.99999996e-01
   0.00000000e+00  0.00000000e+00]
 [ 0.00000000e+00  0.00000000e+00  0.00000000e+00  0.00000000e+00
   1.00000000e+00  0.00000000e+00]
 [ 0.00000000e+00  0.00000000e+00  0.00000000e+00  0.00000000e+00
   0.00000000e+00  1.00000000e+00]]
R2 #[[ 9.99999996e-01  0.00000000e+00 -9.43566942e-05  0.00000000e+00
   0.00000000e+00  0.00000000e+00]
 [ 0.00000000e+00  9.99999996e-01  0.00000000e+00 -9.43566942e-05
   0.00000000e+00  0.00000000e+00]
 [ 9.43566942e-05  0.00000000e+00  9.99999996e-01  0.00000000e+00
   0.00000000e+00  0.00000000e+00]
 [ 0.00000000e+00  9.43566942e-05  0.00000000e+00  9.99999996e-01
   0.00000000e+00  0.00000000e+00]
 [ 0.00000000e+00  0.00000000e+00  0.00000000e+00  0.00000000e+00
   1.00000000e+00  0.00000000e+00]
 [ 0.00000000e+00  0.00000000e+00  0.00000000e+00  0.00000000e+00
   0.00000000e+00  1.00000000e+00]]
Param #7029: delta too small; RMS=1.6165e-06 mm
quads_tilt_fit #9.335669432565776e-05
delta_local #[0.00061862]
R1 #[[ 9.99999747e-01  0.00000000e+00  7.11975214e-04  0.00000000e+00
   0.00000000e+00  0.00000000e+00]
 [ 0.00000000e+00  9.99999747e-01  0.00000000e+00  7.11975214e-04
   0.00000000e+00  0.00000000e+00]
 [-7.11975214e-04  0.00000000e+00  9.99999747e-01  0.00000000e+00
   0.00000000e+00  0.00000000e+00]
 [ 0.00000000e+00 -7.11975214e-04  0.00000000e+00  9.99999747e-01
   0.00000000e+00  0.00000000e+00]
 [ 0.00000000e+00  0.00000000e+00  0.00000000e+00  0.00000000e+00
   1.00000000e+00  0.00000000e+00]
 [ 0.00000000e+00  0.00000000e+00  0.00000000e+00  0.00000000e+00
   0.00000000e+00  1.00000000e+00]]
R2 #[[ 9.99999747e-01  0.00000000e+00 -7.11975214e-04  0.00000000e+00
   0.00000000e+00  0.00000000e+00]
 [ 0.00000000e+00  9.99999747e-01  0.00000000e+00 -7.11975214e-04
   0.00000000e+00  0.00000000e+00]
 [ 7.11975214e-04  0.00000000e+00  9.99999747e-01  0.00000000e+00
   0.00000000e+00  0.00000000e+00]
 [ 0.00000000e+00  7.11975214e-04  0.00000000e+00  9.99999747e-01
   0.00000000e+00  0.00000000e+00]
 [ 0.00000000e+00  0.00000000e+00  0.00000000e+00  0.00000000e+00
   1.00000000e+00  0.00000000e+00]
 [ 0.00000000e+00  0.00000000e+00  0.00000000e+00  0.00000000e+00
   0.00000000e+00  1.00000000e+00]]
Param #7029: delta OK; RMS=0.0010006 mm
quads_tilt_fit #0.002604560025596151
delta_local #[1.e-06]
R1 #[[ 0.99999661  0.          0.00260556  0.          0.          0.        ]
 [ 0.          0.99999661  0.          0.00260556  0.          0.        ]
 [-0.00260556  0.          0.99999661  0.          0.          0.        ]
 [ 0.         -0.00260556  0.          0.99999661  0.          0.        ]
 [ 0.          0.          0.          0.          1.          0.        ]
 [ 0.          0.          0.          0.          0.          1.        ]]
R2 #[[ 0.99999661  0.         -0.00260556  0.          0.          0.        ]
 [ 0.          0.99999661  0.         -0.00260556  0.          0.        ]
 [ 0.00260556  0.          0.99999661  0.          0.          0.        ]
 [ 0.          0.00260556  0.          0.99999661  0.          0.        ]
 [ 0.          0.          0.          0.          1.          0.        ]
 [ 0.          0.          0.          0.          0.          1.        ]]
Param #7621: delta too small; RMS=1.7028e-06 mm
quads_tilt_fit #0.002604560025596151
delta_local #[0.00058728]
R1 #[[ 0.99999491  0.          0.00319184  0.          0.          0.        ]
 [ 0.          0.99999491  0.          0.00319184  0.          0.        ]
 [-0.00319184  0.          0.99999491  0.          0.          0.        ]
 [ 0.         -0.00319184  0.          0.99999491  0.          0.        ]
 [ 0.          0.          0.          0.          1.          0.        ]
 [ 0.          0.          0.          0.          0.          1.        ]]
R2 #[[ 0.99999491  0.         -0.00319184  0.          0.          0.        ]
 [ 0.          0.99999491  0.         -0.00319184  0.          0.        ]
 [ 0.00319184  0.          0.99999491  0.          0.          0.        ]
 [ 0.          0.00319184  0.          0.99999491  0.          0.        ]
 [ 0.          0.          0.          0.          1.          0.        ]
 [ 0.          0.          0.          0.          0.          1.        ]]
Param #7621: delta OK; RMS=0.00099985 mm
quads_tilt_fit #0.0003595473071144586
delta_local #[1.e-06]
R1 #[[ 9.99999935e-01  0.00000000e+00  3.60547299e-04  0.00000000e+00
   0.00000000e+00  0.00000000e+00]
 [ 0.00000000e+00  9.99999935e-01  0.00000000e+00  3.60547299e-04
   0.00000000e+00  0.00000000e+00]
 [-3.60547299e-04  0.00000000e+00  9.99999935e-01  0.00000000e+00
   0.00000000e+00  0.00000000e+00]
 [ 0.00000000e+00 -3.60547299e-04  0.00000000e+00  9.99999935e-01
   0.00000000e+00  0.00000000e+00]
 [ 0.00000000e+00  0.00000000e+00  0.00000000e+00  0.00000000e+00
   1.00000000e+00  0.00000000e+00]
 [ 0.00000000e+00  0.00000000e+00  0.00000000e+00  0.00000000e+00
   0.00000000e+00  1.00000000e+00]]
R2 #[[ 9.99999935e-01  0.00000000e+00 -3.60547299e-04  0.00000000e+00
   0.00000000e+00  0.00000000e+00]
 [ 0.00000000e+00  9.99999935e-01  0.00000000e+00 -3.60547299e-04
   0.00000000e+00  0.00000000e+00]
 [ 3.60547299e-04  0.00000000e+00  9.99999935e-01  0.00000000e+00
   0.00000000e+00  0.00000000e+00]
 [ 0.00000000e+00  3.60547299e-04  0.00000000e+00  9.99999935e-01
   0.00000000e+00  0.00000000e+00]
 [ 0.00000000e+00  0.00000000e+00  0.00000000e+00  0.00000000e+00
   1.00000000e+00  0.00000000e+00]
 [ 0.00000000e+00  0.00000000e+00  0.00000000e+00  0.00000000e+00
   0.00000000e+00  1.00000000e+00]]
Param #49: delta too small; RMS=2.4513e-06 mm
quads_tilt_fit #0.0003595473071144586
delta_local #[0.00040794]
R1 #[[ 9.99999705e-01  0.00000000e+00  7.67490407e-04  0.00000000e+00
   0.00000000e+00  0.00000000e+00]
 [ 0.00000000e+00  9.99999705e-01  0.00000000e+00  7.67490407e-04
   0.00000000e+00  0.00000000e+00]
 [-7.67490407e-04  0.00000000e+00  9.99999705e-01  0.00000000e+00
   0.00000000e+00  0.00000000e+00]
 [ 0.00000000e+00 -7.67490407e-04  0.00000000e+00  9.99999705e-01
   0.00000000e+00  0.00000000e+00]
 [ 0.00000000e+00  0.00000000e+00  0.00000000e+00  0.00000000e+00
   1.00000000e+00  0.00000000e+00]
 [ 0.00000000e+00  0.00000000e+00  0.00000000e+00  0.00000000e+00
   0.00000000e+00  1.00000000e+00]]
R2 #[[ 9.99999705e-01  0.00000000e+00 -7.67490407e-04  0.00000000e+00
   0.00000000e+00  0.00000000e+00]
 [ 0.00000000e+00  9.99999705e-01  0.00000000e+00 -7.67490407e-04
   0.00000000e+00  0.00000000e+00]
 [ 7.67490407e-04  0.00000000e+00  9.99999705e-01  0.00000000e+00
   0.00000000e+00  0.00000000e+00]
 [ 0.00000000e+00  7.67490407e-04  0.00000000e+00  9.99999705e-01
   0.00000000e+00  0.00000000e+00]
 [ 0.00000000e+00  0.00000000e+00  0.00000000e+00  0.00000000e+00
   1.00000000e+00  0.00000000e+00]
 [ 0.00000000e+00  0.00000000e+00  0.00000000e+00  0.00000000e+00
   0.00000000e+00  1.00000000e+00]]
Param #49: delta OK; RMS=0.0010003 mm
quads_tilt_fit #0.0003520233231411713
delta_local #[1.e-06]
R1 #[[ 9.99999938e-01  0.00000000e+00  3.53023316e-04  0.00000000e+00
   0.00000000e+00  0.00000000e+00]
 [ 0.00000000e+00  9.99999938e-01  0.00000000e+00  3.53023316e-04
   0.00000000e+00  0.00000000e+00]
 [-3.53023316e-04  0.00000000e+00  9.99999938e-01  0.00000000e+00
   0.00000000e+00  0.00000000e+00]
 [ 0.00000000e+00 -3.53023316e-04  0.00000000e+00  9.99999938e-01
   0.00000000e+00  0.00000000e+00]
 [ 0.00000000e+00  0.00000000e+00  0.00000000e+00  0.00000000e+00
   1.00000000e+00  0.00000000e+00]
 [ 0.00000000e+00  0.00000000e+00  0.00000000e+00  0.00000000e+00
   0.00000000e+00  1.00000000e+00]]
R2 #[[ 9.99999938e-01  0.00000000e+00 -3.53023316e-04  0.00000000e+00
   0.00000000e+00  0.00000000e+00]
 [ 0.00000000e+00  9.99999938e-01  0.00000000e+00 -3.53023316e-04
   0.00000000e+00  0.00000000e+00]
 [ 3.53023316e-04  0.00000000e+00  9.99999938e-01  0.00000000e+00
   0.00000000e+00  0.00000000e+00]
 [ 0.00000000e+00  3.53023316e-04  0.00000000e+00  9.99999938e-01
   0.00000000e+00  0.00000000e+00]
 [ 0.00000000e+00  0.00000000e+00  0.00000000e+00  0.00000000e+00
   1.00000000e+00  0.00000000e+00]
 [ 0.00000000e+00  0.00000000e+00  0.00000000e+00  0.00000000e+00
   0.00000000e+00  1.00000000e+00]]
Param #2656: delta too small; RMS=2.7349e-06 mm
quads_tilt_fit #0.0003520233231411713
delta_local #[0.00036565]
R1 #[[ 9.99999742e-01  0.00000000e+00  7.17670931e-04  0.00000000e+00
   0.00000000e+00  0.00000000e+00]
 [ 0.00000000e+00  9.99999742e-01  0.00000000e+00  7.17670931e-04
   0.00000000e+00  0.00000000e+00]
 [-7.17670931e-04  0.00000000e+00  9.99999742e-01  0.00000000e+00
   0.00000000e+00  0.00000000e+00]
 [ 0.00000000e+00 -7.17670931e-04  0.00000000e+00  9.99999742e-01
   0.00000000e+00  0.00000000e+00]
 [ 0.00000000e+00  0.00000000e+00  0.00000000e+00  0.00000000e+00
   1.00000000e+00  0.00000000e+00]
 [ 0.00000000e+00  0.00000000e+00  0.00000000e+00  0.00000000e+00
   0.00000000e+00  1.00000000e+00]]
R2 #[[ 9.99999742e-01  0.00000000e+00 -7.17670931e-04  0.00000000e+00
   0.00000000e+00  0.00000000e+00]
 [ 0.00000000e+00  9.99999742e-01  0.00000000e+00 -7.17670931e-04
   0.00000000e+00  0.00000000e+00]
 [ 7.17670931e-04  0.00000000e+00  9.99999742e-01  0.00000000e+00
   0.00000000e+00  0.00000000e+00]
 [ 0.00000000e+00  7.17670931e-04  0.00000000e+00  9.99999742e-01
   0.00000000e+00  0.00000000e+00]
 [ 0.00000000e+00  0.00000000e+00  0.00000000e+00  0.00000000e+00
   1.00000000e+00  0.00000000e+00]
 [ 0.00000000e+00  0.00000000e+00  0.00000000e+00  0.00000000e+00
   0.00000000e+00  1.00000000e+00]]
Param #2656: delta OK; RMS=0.0010005 mm
quads_tilt_fit #-0.00027599326228892456
delta_local #[1.e-06]
R1 #[[ 9.99999962e-01  0.00000000e+00 -2.74993259e-04  0.00000000e+00
   0.00000000e+00  0.00000000e+00]
 [ 0.00000000e+00  9.99999962e-01  0.00000000e+00 -2.74993259e-04
   0.00000000e+00  0.00000000e+00]
 [ 2.74993259e-04  0.00000000e+00  9.99999962e-01  0.00000000e+00
   0.00000000e+00  0.00000000e+00]
 [ 0.00000000e+00  2.74993259e-04  0.00000000e+00  9.99999962e-01
   0.00000000e+00  0.00000000e+00]
 [ 0.00000000e+00  0.00000000e+00  0.00000000e+00  0.00000000e+00
   1.00000000e+00  0.00000000e+00]
 [ 0.00000000e+00  0.00000000e+00  0.00000000e+00  0.00000000e+00
   0.00000000e+00  1.00000000e+00]]
R2 #[[ 9.99999962e-01  0.00000000e+00  2.74993259e-04  0.00000000e+00
   0.00000000e+00  0.00000000e+00]
 [ 0.00000000e+00  9.99999962e-01  0.00000000e+00  2.74993259e-04
   0.00000000e+00  0.00000000e+00]
 [-2.74993259e-04  0.00000000e+00  9.99999962e-01  0.00000000e+00
   0.00000000e+00  0.00000000e+00]
 [ 0.00000000e+00 -2.74993259e-04  0.00000000e+00  9.99999962e-01
   0.00000000e+00  0.00000000e+00]
 [ 0.00000000e+00  0.00000000e+00  0.00000000e+00  0.00000000e+00
   1.00000000e+00  0.00000000e+00]
 [ 0.00000000e+00  0.00000000e+00  0.00000000e+00  0.00000000e+00
   0.00000000e+00  1.00000000e+00]]
Param #2748: delta too small; RMS=2.6222e-06 mm
quads_tilt_fit #-0.00027599326228892456
delta_local #[0.00038135]
R1 #[[ 9.99999994e-01  0.00000000e+00  1.05360477e-04  0.00000000e+00
   0.00000000e+00  0.00000000e+00]
 [ 0.00000000e+00  9.99999994e-01  0.00000000e+00  1.05360477e-04
   0.00000000e+00  0.00000000e+00]
 [-1.05360477e-04  0.00000000e+00  9.99999994e-01  0.00000000e+00
   0.00000000e+00  0.00000000e+00]
 [ 0.00000000e+00 -1.05360477e-04  0.00000000e+00  9.99999994e-01
   0.00000000e+00  0.00000000e+00]
 [ 0.00000000e+00  0.00000000e+00  0.00000000e+00  0.00000000e+00
   1.00000000e+00  0.00000000e+00]
 [ 0.00000000e+00  0.00000000e+00  0.00000000e+00  0.00000000e+00
   0.00000000e+00  1.00000000e+00]]
R2 #[[ 9.99999994e-01  0.00000000e+00 -1.05360477e-04  0.00000000e+00
   0.00000000e+00  0.00000000e+00]
 [ 0.00000000e+00  9.99999994e-01  0.00000000e+00 -1.05360477e-04
   0.00000000e+00  0.00000000e+00]
 [ 1.05360477e-04  0.00000000e+00  9.99999994e-01  0.00000000e+00
   0.00000000e+00  0.00000000e+00]
 [ 0.00000000e+00  1.05360477e-04  0.00000000e+00  9.99999994e-01
   0.00000000e+00  0.00000000e+00]
 [ 0.00000000e+00  0.00000000e+00  0.00000000e+00  0.00000000e+00
   1.00000000e+00  0.00000000e+00]
 [ 0.00000000e+00  0.00000000e+00  0.00000000e+00  0.00000000e+00
   0.00000000e+00  1.00000000e+00]]
Param #2748: delta OK; RMS=0.00099981 mm
quads_tilt_fit #-0.0007684508049594807
delta_local #[1.e-06]
R1 #[[ 9.99999706e-01  0.00000000e+00 -7.67450730e-04  0.00000000e+00
   0.00000000e+00  0.00000000e+00]
 [ 0.00000000e+00  9.99999706e-01  0.00000000e+00 -7.67450730e-04
   0.00000000e+00  0.00000000e+00]
 [ 7.67450730e-04  0.00000000e+00  9.99999706e-01  0.00000000e+00
   0.00000000e+00  0.00000000e+00]
 [ 0.00000000e+00  7.67450730e-04  0.00000000e+00  9.99999706e-01
   0.00000000e+00  0.00000000e+00]
 [ 0.00000000e+00  0.00000000e+00  0.00000000e+00  0.00000000e+00
   1.00000000e+00  0.00000000e+00]
 [ 0.00000000e+00  0.00000000e+00  0.00000000e+00  0.00000000e+00
   0.00000000e+00  1.00000000e+00]]
R2 #[[ 9.99999706e-01  0.00000000e+00  7.67450730e-04  0.00000000e+00
   0.00000000e+00  0.00000000e+00]
 [ 0.00000000e+00  9.99999706e-01  0.00000000e+00  7.67450730e-04
   0.00000000e+00  0.00000000e+00]
 [-7.67450730e-04  0.00000000e+00  9.99999706e-01  0.00000000e+00
   0.00000000e+00  0.00000000e+00]
 [ 0.00000000e+00 -7.67450730e-04  0.00000000e+00  9.99999706e-01
   0.00000000e+00  0.00000000e+00]
 [ 0.00000000e+00  0.00000000e+00  0.00000000e+00  0.00000000e+00
   1.00000000e+00  0.00000000e+00]
 [ 0.00000000e+00  0.00000000e+00  0.00000000e+00  0.00000000e+00
   0.00000000e+00  1.00000000e+00]]
Param #5464: delta too small; RMS=2.6591e-06 mm
quads_tilt_fit #-0.0007684508049594807
delta_local #[0.00037606]
R1 #[[ 9.99999923e-01  0.00000000e+00 -3.92390307e-04  0.00000000e+00
   0.00000000e+00  0.00000000e+00]
 [ 0.00000000e+00  9.99999923e-01  0.00000000e+00 -3.92390307e-04
   0.00000000e+00  0.00000000e+00]
 [ 3.92390307e-04  0.00000000e+00  9.99999923e-01  0.00000000e+00
   0.00000000e+00  0.00000000e+00]
 [ 0.00000000e+00  3.92390307e-04  0.00000000e+00  9.99999923e-01
   0.00000000e+00  0.00000000e+00]
 [ 0.00000000e+00  0.00000000e+00  0.00000000e+00  0.00000000e+00
   1.00000000e+00  0.00000000e+00]
 [ 0.00000000e+00  0.00000000e+00  0.00000000e+00  0.00000000e+00
   0.00000000e+00  1.00000000e+00]]
R2 #[[ 9.99999923e-01  0.00000000e+00  3.92390307e-04  0.00000000e+00
   0.00000000e+00  0.00000000e+00]
 [ 0.00000000e+00  9.99999923e-01  0.00000000e+00  3.92390307e-04
   0.00000000e+00  0.00000000e+00]
 [-3.92390307e-04  0.00000000e+00  9.99999923e-01  0.00000000e+00
   0.00000000e+00  0.00000000e+00]
 [ 0.00000000e+00 -3.92390307e-04  0.00000000e+00  9.99999923e-01
   0.00000000e+00  0.00000000e+00]
 [ 0.00000000e+00  0.00000000e+00  0.00000000e+00  0.00000000e+00
   1.00000000e+00  0.00000000e+00]
 [ 0.00000000e+00  0.00000000e+00  0.00000000e+00  0.00000000e+00
   0.00000000e+00  1.00000000e+00]]
Param #5464: delta OK; RMS=0.0010003 mm
quads_tilt_fit #0.00047989393068250167
delta_local #[1.e-06]
R1 #[[ 9.99999884e-01  0.00000000e+00  4.80893912e-04  0.00000000e+00
   0.00000000e+00  0.00000000e+00]
 [ 0.00000000e+00  9.99999884e-01  0.00000000e+00  4.80893912e-04
   0.00000000e+00  0.00000000e+00]
 [-4.80893912e-04  0.00000000e+00  9.99999884e-01  0.00000000e+00
   0.00000000e+00  0.00000000e+00]
 [ 0.00000000e+00 -4.80893912e-04  0.00000000e+00  9.99999884e-01
   0.00000000e+00  0.00000000e+00]
 [ 0.00000000e+00  0.00000000e+00  0.00000000e+00  0.00000000e+00
   1.00000000e+00  0.00000000e+00]
 [ 0.00000000e+00  0.00000000e+00  0.00000000e+00  0.00000000e+00
   0.00000000e+00  1.00000000e+00]]
R2 #[[ 9.99999884e-01  0.00000000e+00 -4.80893912e-04  0.00000000e+00
   0.00000000e+00  0.00000000e+00]
 [ 0.00000000e+00  9.99999884e-01  0.00000000e+00 -4.80893912e-04
   0.00000000e+00  0.00000000e+00]
 [ 4.80893912e-04  0.00000000e+00  9.99999884e-01  0.00000000e+00
   0.00000000e+00  0.00000000e+00]
 [ 0.00000000e+00  4.80893912e-04  0.00000000e+00  9.99999884e-01
   0.00000000e+00  0.00000000e+00]
 [ 0.00000000e+00  0.00000000e+00  0.00000000e+00  0.00000000e+00
   1.00000000e+00  0.00000000e+00]
 [ 0.00000000e+00  0.00000000e+00  0.00000000e+00  0.00000000e+00
   0.00000000e+00  1.00000000e+00]]
Param #6915: delta too small; RMS=2.7237e-06 mm
quads_tilt_fit #0.00047989393068250167
delta_local #[0.00036715]
R1 #[[ 9.99999641e-01  0.00000000e+00  8.47038830e-04  0.00000000e+00
   0.00000000e+00  0.00000000e+00]
 [ 0.00000000e+00  9.99999641e-01  0.00000000e+00  8.47038830e-04
   0.00000000e+00  0.00000000e+00]
 [-8.47038830e-04  0.00000000e+00  9.99999641e-01  0.00000000e+00
   0.00000000e+00  0.00000000e+00]
 [ 0.00000000e+00 -8.47038830e-04  0.00000000e+00  9.99999641e-01
   0.00000000e+00  0.00000000e+00]
 [ 0.00000000e+00  0.00000000e+00  0.00000000e+00  0.00000000e+00
   1.00000000e+00  0.00000000e+00]
 [ 0.00000000e+00  0.00000000e+00  0.00000000e+00  0.00000000e+00
   0.00000000e+00  1.00000000e+00]]
R2 #[[ 9.99999641e-01  0.00000000e+00 -8.47038830e-04  0.00000000e+00
   0.00000000e+00  0.00000000e+00]
 [ 0.00000000e+00  9.99999641e-01  0.00000000e+00 -8.47038830e-04
   0.00000000e+00  0.00000000e+00]
 [ 8.47038830e-04  0.00000000e+00  9.99999641e-01  0.00000000e+00
   0.00000000e+00  0.00000000e+00]
 [ 0.00000000e+00  8.47038830e-04  0.00000000e+00  9.99999641e-01
   0.00000000e+00  0.00000000e+00]
 [ 0.00000000e+00  0.00000000e+00  0.00000000e+00  0.00000000e+00
   1.00000000e+00  0.00000000e+00]
 [ 0.00000000e+00  0.00000000e+00  0.00000000e+00  0.00000000e+00
   0.00000000e+00  1.00000000e+00]]
Param #6915: delta OK; RMS=0.00099986 mm
quads_tilt_fit #0.00010969779170066574
delta_local #[1.e-06]
R1 #[[ 9.99999994e-01  0.00000000e+00  1.10697791e-04  0.00000000e+00
   0.00000000e+00  0.00000000e+00]
 [ 0.00000000e+00  9.99999994e-01  0.00000000e+00  1.10697791e-04
   0.00000000e+00  0.00000000e+00]
 [-1.10697791e-04  0.00000000e+00  9.99999994e-01  0.00000000e+00
   0.00000000e+00  0.00000000e+00]
 [ 0.00000000e+00 -1.10697791e-04  0.00000000e+00  9.99999994e-01
   0.00000000e+00  0.00000000e+00]
 [ 0.00000000e+00  0.00000000e+00  0.00000000e+00  0.00000000e+00
   1.00000000e+00  0.00000000e+00]
 [ 0.00000000e+00  0.00000000e+00  0.00000000e+00  0.00000000e+00
   0.00000000e+00  1.00000000e+00]]
R2 #[[ 9.99999994e-01  0.00000000e+00 -1.10697791e-04  0.00000000e+00
   0.00000000e+00  0.00000000e+00]
 [ 0.00000000e+00  9.99999994e-01  0.00000000e+00 -1.10697791e-04
   0.00000000e+00  0.00000000e+00]
 [ 1.10697791e-04  0.00000000e+00  9.99999994e-01  0.00000000e+00
   0.00000000e+00  0.00000000e+00]
 [ 0.00000000e+00  1.10697791e-04  0.00000000e+00  9.99999994e-01
   0.00000000e+00  0.00000000e+00]
 [ 0.00000000e+00  0.00000000e+00  0.00000000e+00  0.00000000e+00
   1.00000000e+00  0.00000000e+00]
 [ 0.00000000e+00  0.00000000e+00  0.00000000e+00  0.00000000e+00
   0.00000000e+00  1.00000000e+00]]
Param #7037: delta too small; RMS=2.0292e-06 mm
quads_tilt_fit #0.00010969779170066574
delta_local #[0.00049281]
R1 #[[ 9.99999818e-01  0.00000000e+00  6.02512474e-04  0.00000000e+00
   0.00000000e+00  0.00000000e+00]
 [ 0.00000000e+00  9.99999818e-01  0.00000000e+00  6.02512474e-04
   0.00000000e+00  0.00000000e+00]
 [-6.02512474e-04  0.00000000e+00  9.99999818e-01  0.00000000e+00
   0.00000000e+00  0.00000000e+00]
 [ 0.00000000e+00 -6.02512474e-04  0.00000000e+00  9.99999818e-01
   0.00000000e+00  0.00000000e+00]
 [ 0.00000000e+00  0.00000000e+00  0.00000000e+00  0.00000000e+00
   1.00000000e+00  0.00000000e+00]
 [ 0.00000000e+00  0.00000000e+00  0.00000000e+00  0.00000000e+00
   0.00000000e+00  1.00000000e+00]]
R2 #[[ 9.99999818e-01  0.00000000e+00 -6.02512474e-04  0.00000000e+00
   0.00000000e+00  0.00000000e+00]
 [ 0.00000000e+00  9.99999818e-01  0.00000000e+00 -6.02512474e-04
   0.00000000e+00  0.00000000e+00]
 [ 6.02512474e-04  0.00000000e+00  9.99999818e-01  0.00000000e+00
   0.00000000e+00  0.00000000e+00]
 [ 0.00000000e+00  6.02512474e-04  0.00000000e+00  9.99999818e-01
   0.00000000e+00  0.00000000e+00]
 [ 0.00000000e+00  0.00000000e+00  0.00000000e+00  0.00000000e+00
   1.00000000e+00  0.00000000e+00]
 [ 0.00000000e+00  0.00000000e+00  0.00000000e+00  0.00000000e+00
   0.00000000e+00  1.00000000e+00]]
Param #7037: delta OK; RMS=0.001 mm
quads_tilt_fit #-0.0005936930728355907
delta_local #[1.e-06]
R1 #[[ 9.99999824e-01  0.00000000e+00 -5.92693038e-04  0.00000000e+00
   0.00000000e+00  0.00000000e+00]
 [ 0.00000000e+00  9.99999824e-01  0.00000000e+00 -5.92693038e-04
   0.00000000e+00  0.00000000e+00]
 [ 5.92693038e-04  0.00000000e+00  9.99999824e-01  0.00000000e+00
   0.00000000e+00  0.00000000e+00]
 [ 0.00000000e+00  5.92693038e-04  0.00000000e+00  9.99999824e-01
   0.00000000e+00  0.00000000e+00]
 [ 0.00000000e+00  0.00000000e+00  0.00000000e+00  0.00000000e+00
   1.00000000e+00  0.00000000e+00]
 [ 0.00000000e+00  0.00000000e+00  0.00000000e+00  0.00000000e+00
   0.00000000e+00  1.00000000e+00]]
R2 #[[ 9.99999824e-01  0.00000000e+00  5.92693038e-04  0.00000000e+00
   0.00000000e+00  0.00000000e+00]
 [ 0.00000000e+00  9.99999824e-01  0.00000000e+00  5.92693038e-04
   0.00000000e+00  0.00000000e+00]
 [-5.92693038e-04  0.00000000e+00  9.99999824e-01  0.00000000e+00
   0.00000000e+00  0.00000000e+00]
 [ 0.00000000e+00 -5.92693038e-04  0.00000000e+00  9.99999824e-01
   0.00000000e+00  0.00000000e+00]
 [ 0.00000000e+00  0.00000000e+00  0.00000000e+00  0.00000000e+00
   1.00000000e+00  0.00000000e+00]
 [ 0.00000000e+00  0.00000000e+00  0.00000000e+00  0.00000000e+00
   0.00000000e+00  1.00000000e+00]]
Param #7616: delta too small; RMS=2.0105e-06 mm
quads_tilt_fit #-0.0005936930728355907
delta_local #[0.00049739]
R1 #[[ 9.99999995e-01  0.00000000e+00 -9.63024749e-05  0.00000000e+00
   0.00000000e+00  0.00000000e+00]
 [ 0.00000000e+00  9.99999995e-01  0.00000000e+00 -9.63024749e-05
   0.00000000e+00  0.00000000e+00]
 [ 9.63024749e-05  0.00000000e+00  9.99999995e-01  0.00000000e+00
   0.00000000e+00  0.00000000e+00]
 [ 0.00000000e+00  9.63024749e-05  0.00000000e+00  9.99999995e-01
   0.00000000e+00  0.00000000e+00]
 [ 0.00000000e+00  0.00000000e+00  0.00000000e+00  0.00000000e+00
   1.00000000e+00  0.00000000e+00]
 [ 0.00000000e+00  0.00000000e+00  0.00000000e+00  0.00000000e+00
   0.00000000e+00  1.00000000e+00]]
R2 #[[ 9.99999995e-01  0.00000000e+00  9.63024749e-05  0.00000000e+00
   0.00000000e+00  0.00000000e+00]
 [ 0.00000000e+00  9.99999995e-01  0.00000000e+00  9.63024749e-05
   0.00000000e+00  0.00000000e+00]
 [-9.63024749e-05  0.00000000e+00  9.99999995e-01  0.00000000e+00
   0.00000000e+00  0.00000000e+00]
 [ 0.00000000e+00 -9.63024749e-05  0.00000000e+00  9.99999995e-01
   0.00000000e+00  0.00000000e+00]
 [ 0.00000000e+00  0.00000000e+00  0.00000000e+00  0.00000000e+00
   1.00000000e+00  0.00000000e+00]
 [ 0.00000000e+00  0.00000000e+00  0.00000000e+00  0.00000000e+00
   0.00000000e+00  1.00000000e+00]]
Param #7616: delta OK; RMS=0.0010003 mm
quads_tilt_fit #0.0008819693815145908
delta_local #[1.e-06]
R1 #[[ 9.99999610e-01  0.00000000e+00  8.82969267e-04  0.00000000e+00
   0.00000000e+00  0.00000000e+00]
 [ 0.00000000e+00  9.99999610e-01  0.00000000e+00  8.82969267e-04
   0.00000000e+00  0.00000000e+00]
 [-8.82969267e-04  0.00000000e+00  9.99999610e-01  0.00000000e+00
   0.00000000e+00  0.00000000e+00]
 [ 0.00000000e+00 -8.82969267e-04  0.00000000e+00  9.99999610e-01
   0.00000000e+00  0.00000000e+00]
 [ 0.00000000e+00  0.00000000e+00  0.00000000e+00  0.00000000e+00
   1.00000000e+00  0.00000000e+00]
 [ 0.00000000e+00  0.00000000e+00  0.00000000e+00  0.00000000e+00
   0.00000000e+00  1.00000000e+00]]
R2 #[[ 9.99999610e-01  0.00000000e+00 -8.82969267e-04  0.00000000e+00
   0.00000000e+00  0.00000000e+00]
 [ 0.00000000e+00  9.99999610e-01  0.00000000e+00 -8.82969267e-04
   0.00000000e+00  0.00000000e+00]
 [ 8.82969267e-04  0.00000000e+00  9.99999610e-01  0.00000000e+00
   0.00000000e+00  0.00000000e+00]
 [ 0.00000000e+00  8.82969267e-04  0.00000000e+00  9.99999610e-01
   0.00000000e+00  0.00000000e+00]
 [ 0.00000000e+00  0.00000000e+00  0.00000000e+00  0.00000000e+00
   1.00000000e+00  0.00000000e+00]
 [ 0.00000000e+00  0.00000000e+00  0.00000000e+00  0.00000000e+00
   0.00000000e+00  1.00000000e+00]]
Param #60: delta too small; RMS=1.5267e-06 mm
quads_tilt_fit #0.0008819693815145908
delta_local #[0.000655]
R1 #[[ 0.99999882  0.          0.00153697  0.          0.          0.        ]
 [ 0.          0.99999882  0.          0.00153697  0.          0.        ]
 [-0.00153697  0.          0.99999882  0.          0.          0.        ]
 [ 0.         -0.00153697  0.          0.99999882  0.          0.        ]
 [ 0.          0.          0.          0.          1.          0.        ]
 [ 0.          0.          0.          0.          0.          1.        ]]
R2 #[[ 0.99999882  0.         -0.00153697  0.          0.          0.        ]
 [ 0.          0.99999882  0.         -0.00153697  0.          0.        ]
 [ 0.00153697  0.          0.99999882  0.          0.          0.        ]
 [ 0.          0.00153697  0.          0.99999882  0.          0.        ]
 [ 0.          0.          0.          0.          1.          0.        ]
 [ 0.          0.          0.          0.          0.          1.        ]]
Param #60: delta OK; RMS=0.0010002 mm
quads_tilt_fit #0.0003862897699700462
delta_local #[1.e-06]
R1 #[[ 9.99999925e-01  0.00000000e+00  3.87289760e-04  0.00000000e+00
   0.00000000e+00  0.00000000e+00]
 [ 0.00000000e+00  9.99999925e-01  0.00000000e+00  3.87289760e-04
   0.00000000e+00  0.00000000e+00]
 [-3.87289760e-04  0.00000000e+00  9.99999925e-01  0.00000000e+00
   0.00000000e+00  0.00000000e+00]
 [ 0.00000000e+00 -3.87289760e-04  0.00000000e+00  9.99999925e-01
   0.00000000e+00  0.00000000e+00]
 [ 0.00000000e+00  0.00000000e+00  0.00000000e+00  0.00000000e+00
   1.00000000e+00  0.00000000e+00]
 [ 0.00000000e+00  0.00000000e+00  0.00000000e+00  0.00000000e+00
   0.00000000e+00  1.00000000e+00]]
R2 #[[ 9.99999925e-01  0.00000000e+00 -3.87289760e-04  0.00000000e+00
   0.00000000e+00  0.00000000e+00]
 [ 0.00000000e+00  9.99999925e-01  0.00000000e+00 -3.87289760e-04
   0.00000000e+00  0.00000000e+00]
 [ 3.87289760e-04  0.00000000e+00  9.99999925e-01  0.00000000e+00
   0.00000000e+00  0.00000000e+00]
 [ 0.00000000e+00  3.87289760e-04  0.00000000e+00  9.99999925e-01
   0.00000000e+00  0.00000000e+00]
 [ 0.00000000e+00  0.00000000e+00  0.00000000e+00  0.00000000e+00
   1.00000000e+00  0.00000000e+00]
 [ 0.00000000e+00  0.00000000e+00  0.00000000e+00  0.00000000e+00
   0.00000000e+00  1.00000000e+00]]
Param #2644: delta too small; RMS=2.1595e-06 mm
quads_tilt_fit #0.0003862897699700462
delta_local #[0.00046307]
R1 #[[ 9.99999639e-01  0.00000000e+00  8.49355370e-04  0.00000000e+00
   0.00000000e+00  0.00000000e+00]
 [ 0.00000000e+00  9.99999639e-01  0.00000000e+00  8.49355370e-04
   0.00000000e+00  0.00000000e+00]
 [-8.49355370e-04  0.00000000e+00  9.99999639e-01  0.00000000e+00
   0.00000000e+00  0.00000000e+00]
 [ 0.00000000e+00 -8.49355370e-04  0.00000000e+00  9.99999639e-01
   0.00000000e+00  0.00000000e+00]
 [ 0.00000000e+00  0.00000000e+00  0.00000000e+00  0.00000000e+00
   1.00000000e+00  0.00000000e+00]
 [ 0.00000000e+00  0.00000000e+00  0.00000000e+00  0.00000000e+00
   0.00000000e+00  1.00000000e+00]]
R2 #[[ 9.99999639e-01  0.00000000e+00 -8.49355370e-04  0.00000000e+00
   0.00000000e+00  0.00000000e+00]
 [ 0.00000000e+00  9.99999639e-01  0.00000000e+00 -8.49355370e-04
   0.00000000e+00  0.00000000e+00]
 [ 8.49355370e-04  0.00000000e+00  9.99999639e-01  0.00000000e+00
   0.00000000e+00  0.00000000e+00]
 [ 0.00000000e+00  8.49355370e-04  0.00000000e+00  9.99999639e-01
   0.00000000e+00  0.00000000e+00]
 [ 0.00000000e+00  0.00000000e+00  0.00000000e+00  0.00000000e+00
   1.00000000e+00  0.00000000e+00]
 [ 0.00000000e+00  0.00000000e+00  0.00000000e+00  0.00000000e+00
   0.00000000e+00  1.00000000e+00]]
Param #2644: delta OK; RMS=0.0009998 mm
quads_tilt_fit #-0.00022220904513861202
delta_local #[1.e-06]
R1 #[[ 9.99999976e-01  0.00000000e+00 -2.21209043e-04  0.00000000e+00
   0.00000000e+00  0.00000000e+00]
 [ 0.00000000e+00  9.99999976e-01  0.00000000e+00 -2.21209043e-04
   0.00000000e+00  0.00000000e+00]
 [ 2.21209043e-04  0.00000000e+00  9.99999976e-01  0.00000000e+00
   0.00000000e+00  0.00000000e+00]
 [ 0.00000000e+00  2.21209043e-04  0.00000000e+00  9.99999976e-01
   0.00000000e+00  0.00000000e+00]
 [ 0.00000000e+00  0.00000000e+00  0.00000000e+00  0.00000000e+00
   1.00000000e+00  0.00000000e+00]
 [ 0.00000000e+00  0.00000000e+00  0.00000000e+00  0.00000000e+00
   0.00000000e+00  1.00000000e+00]]
R2 #[[ 9.99999976e-01  0.00000000e+00  2.21209043e-04  0.00000000e+00
   0.00000000e+00  0.00000000e+00]
 [ 0.00000000e+00  9.99999976e-01  0.00000000e+00  2.21209043e-04
   0.00000000e+00  0.00000000e+00]
 [-2.21209043e-04  0.00000000e+00  9.99999976e-01  0.00000000e+00
   0.00000000e+00  0.00000000e+00]
 [ 0.00000000e+00 -2.21209043e-04  0.00000000e+00  9.99999976e-01
   0.00000000e+00  0.00000000e+00]
 [ 0.00000000e+00  0.00000000e+00  0.00000000e+00  0.00000000e+00
   1.00000000e+00  0.00000000e+00]
 [ 0.00000000e+00  0.00000000e+00  0.00000000e+00  0.00000000e+00
   0.00000000e+00  1.00000000e+00]]
Param #2759: delta too small; RMS=2.2596e-06 mm
quads_tilt_fit #-0.00022220904513861202
delta_local #[0.00044256]
R1 #[[ 9.99999976e-01  0.00000000e+00  2.20351644e-04  0.00000000e+00
   0.00000000e+00  0.00000000e+00]
 [ 0.00000000e+00  9.99999976e-01  0.00000000e+00  2.20351644e-04
   0.00000000e+00  0.00000000e+00]
 [-2.20351644e-04  0.00000000e+00  9.99999976e-01  0.00000000e+00
   0.00000000e+00  0.00000000e+00]
 [ 0.00000000e+00 -2.20351644e-04  0.00000000e+00  9.99999976e-01
   0.00000000e+00  0.00000000e+00]
 [ 0.00000000e+00  0.00000000e+00  0.00000000e+00  0.00000000e+00
   1.00000000e+00  0.00000000e+00]
 [ 0.00000000e+00  0.00000000e+00  0.00000000e+00  0.00000000e+00
   0.00000000e+00  1.00000000e+00]]
R2 #[[ 9.99999976e-01  0.00000000e+00 -2.20351644e-04  0.00000000e+00
   0.00000000e+00  0.00000000e+00]
 [ 0.00000000e+00  9.99999976e-01  0.00000000e+00 -2.20351644e-04
   0.00000000e+00  0.00000000e+00]
 [ 2.20351644e-04  0.00000000e+00  9.99999976e-01  0.00000000e+00
   0.00000000e+00  0.00000000e+00]
 [ 0.00000000e+00  2.20351644e-04  0.00000000e+00  9.99999976e-01
   0.00000000e+00  0.00000000e+00]
 [ 0.00000000e+00  0.00000000e+00  0.00000000e+00  0.00000000e+00
   1.00000000e+00  0.00000000e+00]
 [ 0.00000000e+00  0.00000000e+00  0.00000000e+00  0.00000000e+00
   0.00000000e+00  1.00000000e+00]]
Param #2759: delta OK; RMS=0.0010004 mm
quads_tilt_fit #9.378992731827804e-05
delta_local #[1.e-06]
R1 #[[ 9.99999996e-01  0.00000000e+00  9.47899272e-05  0.00000000e+00
   0.00000000e+00  0.00000000e+00]
 [ 0.00000000e+00  9.99999996e-01  0.00000000e+00  9.47899272e-05
   0.00000000e+00  0.00000000e+00]
 [-9.47899272e-05  0.00000000e+00  9.99999996e-01  0.00000000e+00
   0.00000000e+00  0.00000000e+00]
 [ 0.00000000e+00 -9.47899272e-05  0.00000000e+00  9.99999996e-01
   0.00000000e+00  0.00000000e+00]
 [ 0.00000000e+00  0.00000000e+00  0.00000000e+00  0.00000000e+00
   1.00000000e+00  0.00000000e+00]
 [ 0.00000000e+00  0.00000000e+00  0.00000000e+00  0.00000000e+00
   0.00000000e+00  1.00000000e+00]]
R2 #[[ 9.99999996e-01  0.00000000e+00 -9.47899272e-05  0.00000000e+00
   0.00000000e+00  0.00000000e+00]
 [ 0.00000000e+00  9.99999996e-01  0.00000000e+00 -9.47899272e-05
   0.00000000e+00  0.00000000e+00]
 [ 9.47899272e-05  0.00000000e+00  9.99999996e-01  0.00000000e+00
   0.00000000e+00  0.00000000e+00]
 [ 0.00000000e+00  9.47899272e-05  0.00000000e+00  9.99999996e-01
   0.00000000e+00  0.00000000e+00]
 [ 0.00000000e+00  0.00000000e+00  0.00000000e+00  0.00000000e+00
   1.00000000e+00  0.00000000e+00]
 [ 0.00000000e+00  0.00000000e+00  0.00000000e+00  0.00000000e+00
   0.00000000e+00  1.00000000e+00]]
Param #5452: delta too small; RMS=1.9633e-06 mm
quads_tilt_fit #9.378992731827804e-05
delta_local #[0.00050936]
R1 #[[ 9.99999818e-01  0.00000000e+00  6.03145212e-04  0.00000000e+00
   0.00000000e+00  0.00000000e+00]
 [ 0.00000000e+00  9.99999818e-01  0.00000000e+00  6.03145212e-04
   0.00000000e+00  0.00000000e+00]
 [-6.03145212e-04  0.00000000e+00  9.99999818e-01  0.00000000e+00
   0.00000000e+00  0.00000000e+00]
 [ 0.00000000e+00 -6.03145212e-04  0.00000000e+00  9.99999818e-01
   0.00000000e+00  0.00000000e+00]
 [ 0.00000000e+00  0.00000000e+00  0.00000000e+00  0.00000000e+00
   1.00000000e+00  0.00000000e+00]
 [ 0.00000000e+00  0.00000000e+00  0.00000000e+00  0.00000000e+00
   0.00000000e+00  1.00000000e+00]]
R2 #[[ 9.99999818e-01  0.00000000e+00 -6.03145212e-04  0.00000000e+00
   0.00000000e+00  0.00000000e+00]
 [ 0.00000000e+00  9.99999818e-01  0.00000000e+00 -6.03145212e-04
   0.00000000e+00  0.00000000e+00]
 [ 6.03145212e-04  0.00000000e+00  9.99999818e-01  0.00000000e+00
   0.00000000e+00  0.00000000e+00]
 [ 0.00000000e+00  6.03145212e-04  0.00000000e+00  9.99999818e-01
   0.00000000e+00  0.00000000e+00]
 [ 0.00000000e+00  0.00000000e+00  0.00000000e+00  0.00000000e+00
   1.00000000e+00  0.00000000e+00]
 [ 0.00000000e+00  0.00000000e+00  0.00000000e+00  0.00000000e+00
   0.00000000e+00  1.00000000e+00]]
Param #5452: delta OK; RMS=0.00099982 mm
quads_tilt_fit #-0.0007144503391378508
delta_local #[1.e-06]
R1 #[[ 9.99999745e-01  0.00000000e+00 -7.13450279e-04  0.00000000e+00
   0.00000000e+00  0.00000000e+00]
 [ 0.00000000e+00  9.99999745e-01  0.00000000e+00 -7.13450279e-04
   0.00000000e+00  0.00000000e+00]
 [ 7.13450279e-04  0.00000000e+00  9.99999745e-01  0.00000000e+00
   0.00000000e+00  0.00000000e+00]
 [ 0.00000000e+00  7.13450279e-04  0.00000000e+00  9.99999745e-01
   0.00000000e+00  0.00000000e+00]
 [ 0.00000000e+00  0.00000000e+00  0.00000000e+00  0.00000000e+00
   1.00000000e+00  0.00000000e+00]
 [ 0.00000000e+00  0.00000000e+00  0.00000000e+00  0.00000000e+00
   0.00000000e+00  1.00000000e+00]]
R2 #[[ 9.99999745e-01  0.00000000e+00  7.13450279e-04  0.00000000e+00
   0.00000000e+00  0.00000000e+00]
 [ 0.00000000e+00  9.99999745e-01  0.00000000e+00  7.13450279e-04
   0.00000000e+00  0.00000000e+00]
 [-7.13450279e-04  0.00000000e+00  9.99999745e-01  0.00000000e+00
   0.00000000e+00  0.00000000e+00]
 [ 0.00000000e+00 -7.13450279e-04  0.00000000e+00  9.99999745e-01
   0.00000000e+00  0.00000000e+00]
 [ 0.00000000e+00  0.00000000e+00  0.00000000e+00  0.00000000e+00
   1.00000000e+00  0.00000000e+00]
 [ 0.00000000e+00  0.00000000e+00  0.00000000e+00  0.00000000e+00
   0.00000000e+00  1.00000000e+00]]
Param #6903: delta too small; RMS=1.9475e-06 mm
quads_tilt_fit #-0.0007144503391378508
delta_local #[0.00051349]
R1 #[[ 9.99999980e-01  0.00000000e+00 -2.00960366e-04  0.00000000e+00
   0.00000000e+00  0.00000000e+00]
 [ 0.00000000e+00  9.99999980e-01  0.00000000e+00 -2.00960366e-04
   0.00000000e+00  0.00000000e+00]
 [ 2.00960366e-04  0.00000000e+00  9.99999980e-01  0.00000000e+00
   0.00000000e+00  0.00000000e+00]
 [ 0.00000000e+00  2.00960366e-04  0.00000000e+00  9.99999980e-01
   0.00000000e+00  0.00000000e+00]
 [ 0.00000000e+00  0.00000000e+00  0.00000000e+00  0.00000000e+00
   1.00000000e+00  0.00000000e+00]
 [ 0.00000000e+00  0.00000000e+00  0.00000000e+00  0.00000000e+00
   0.00000000e+00  1.00000000e+00]]
R2 #[[ 9.99999980e-01  0.00000000e+00  2.00960366e-04  0.00000000e+00
   0.00000000e+00  0.00000000e+00]
 [ 0.00000000e+00  9.99999980e-01  0.00000000e+00  2.00960366e-04
   0.00000000e+00  0.00000000e+00]
 [-2.00960366e-04  0.00000000e+00  9.99999980e-01  0.00000000e+00
   0.00000000e+00  0.00000000e+00]
 [ 0.00000000e+00 -2.00960366e-04  0.00000000e+00  9.99999980e-01
   0.00000000e+00  0.00000000e+00]
 [ 0.00000000e+00  0.00000000e+00  0.00000000e+00  0.00000000e+00
   1.00000000e+00  0.00000000e+00]
 [ 0.00000000e+00  0.00000000e+00  0.00000000e+00  0.00000000e+00
   0.00000000e+00  1.00000000e+00]]
Param #6903: delta OK; RMS=0.0010002 mm
quads_tilt_fit #-0.000648687149166445
delta_local #[1.e-06]
R1 #[[ 9.99999790e-01  0.00000000e+00 -6.47687104e-04  0.00000000e+00
   0.00000000e+00  0.00000000e+00]
 [ 0.00000000e+00  9.99999790e-01  0.00000000e+00 -6.47687104e-04
   0.00000000e+00  0.00000000e+00]
 [ 6.47687104e-04  0.00000000e+00  9.99999790e-01  0.00000000e+00
   0.00000000e+00  0.00000000e+00]
 [ 0.00000000e+00  6.47687104e-04  0.00000000e+00  9.99999790e-01
   0.00000000e+00  0.00000000e+00]
 [ 0.00000000e+00  0.00000000e+00  0.00000000e+00  0.00000000e+00
   1.00000000e+00  0.00000000e+00]
 [ 0.00000000e+00  0.00000000e+00  0.00000000e+00  0.00000000e+00
   0.00000000e+00  1.00000000e+00]]
R2 #[[ 9.99999790e-01  0.00000000e+00  6.47687104e-04  0.00000000e+00
   0.00000000e+00  0.00000000e+00]
 [ 0.00000000e+00  9.99999790e-01  0.00000000e+00  6.47687104e-04
   0.00000000e+00  0.00000000e+00]
 [-6.47687104e-04  0.00000000e+00  9.99999790e-01  0.00000000e+00
   0.00000000e+00  0.00000000e+00]
 [ 0.00000000e+00 -6.47687104e-04  0.00000000e+00  9.99999790e-01
   0.00000000e+00  0.00000000e+00]
 [ 0.00000000e+00  0.00000000e+00  0.00000000e+00  0.00000000e+00
   1.00000000e+00  0.00000000e+00]
 [ 0.00000000e+00  0.00000000e+00  0.00000000e+00  0.00000000e+00
   0.00000000e+00  1.00000000e+00]]
Param #7050: delta too small; RMS=1.7293e-06 mm
quads_tilt_fit #-0.000648687149166445
delta_local #[0.00057827]
R1 #[[ 9.99999998e-01  0.00000000e+00 -7.04197635e-05  0.00000000e+00
   0.00000000e+00  0.00000000e+00]
 [ 0.00000000e+00  9.99999998e-01  0.00000000e+00 -7.04197635e-05
   0.00000000e+00  0.00000000e+00]
 [ 7.04197635e-05  0.00000000e+00  9.99999998e-01  0.00000000e+00
   0.00000000e+00  0.00000000e+00]
 [ 0.00000000e+00  7.04197635e-05  0.00000000e+00  9.99999998e-01
   0.00000000e+00  0.00000000e+00]
 [ 0.00000000e+00  0.00000000e+00  0.00000000e+00  0.00000000e+00
   1.00000000e+00  0.00000000e+00]
 [ 0.00000000e+00  0.00000000e+00  0.00000000e+00  0.00000000e+00
   0.00000000e+00  1.00000000e+00]]
R2 #[[ 9.99999998e-01  0.00000000e+00  7.04197635e-05  0.00000000e+00
   0.00000000e+00  0.00000000e+00]
 [ 0.00000000e+00  9.99999998e-01  0.00000000e+00  7.04197635e-05
   0.00000000e+00  0.00000000e+00]
 [-7.04197635e-05  0.00000000e+00  9.99999998e-01  0.00000000e+00
   0.00000000e+00  0.00000000e+00]
 [ 0.00000000e+00 -7.04197635e-05  0.00000000e+00  9.99999998e-01
   0.00000000e+00  0.00000000e+00]
 [ 0.00000000e+00  0.00000000e+00  0.00000000e+00  0.00000000e+00
   1.00000000e+00  0.00000000e+00]
 [ 0.00000000e+00  0.00000000e+00  0.00000000e+00  0.00000000e+00
   0.00000000e+00  1.00000000e+00]]
Param #7050: delta OK; RMS=0.00099995 mm
quads_tilt_fit #-0.005851931335215731
delta_local #[1.e-06]
R1 #[[ 0.99998288  0.         -0.0058509   0.          0.          0.        ]
 [ 0.          0.99998288  0.         -0.0058509   0.          0.        ]
 [ 0.0058509   0.          0.99998288  0.          0.          0.        ]
 [ 0.          0.0058509   0.          0.99998288  0.          0.        ]
 [ 0.          0.          0.          0.          1.          0.        ]
 [ 0.          0.          0.          0.          0.          1.        ]]
R2 #[[ 0.99998288  0.          0.0058509   0.          0.          0.        ]
 [ 0.          0.99998288  0.          0.0058509   0.          0.        ]
 [-0.0058509   0.          0.99998288  0.          0.          0.        ]
 [ 0.         -0.0058509   0.          0.99998288  0.          0.        ]
 [ 0.          0.          0.          0.          1.          0.        ]
 [ 0.          0.          0.          0.          0.          1.        ]]
Param #7604: delta too small; RMS=1.5755e-06 mm
quads_tilt_fit #-0.005851931335215731
delta_local #[0.0006347]
R1 #[[ 0.99998639  0.         -0.00521721  0.          0.          0.        ]
 [ 0.          0.99998639  0.         -0.00521721  0.          0.        ]
 [ 0.00521721  0.          0.99998639  0.          0.          0.        ]
 [ 0.          0.00521721  0.          0.99998639  0.          0.        ]
 [ 0.          0.          0.          0.          1.          0.        ]
 [ 0.          0.          0.          0.          0.          1.        ]]
R2 #[[ 0.99998639  0.          0.00521721  0.          0.          0.        ]
 [ 0.          0.99998639  0.          0.00521721  0.          0.        ]
 [-0.00521721  0.          0.99998639  0.          0.          0.        ]
 [ 0.         -0.00521721  0.          0.99998639  0.          0.        ]
 [ 0.          0.          0.          0.          1.          0.        ]
 [ 0.          0.          0.          0.          0.          1.        ]]
Param #7604: delta OK; RMS=0.0010003 mm
quads_tilt_fit #0.0013804551513549132
delta_local #[1.e-06]
R1 #[[ 0.99999905  0.          0.00138145  0.          0.          0.        ]
 [ 0.          0.99999905  0.          0.00138145  0.          0.        ]
 [-0.00138145  0.          0.99999905  0.          0.          0.        ]
 [ 0.         -0.00138145  0.          0.99999905  0.          0.        ]
 [ 0.          0.          0.          0.          1.          0.        ]
 [ 0.          0.          0.          0.          0.          1.        ]]
R2 #[[ 0.99999905  0.         -0.00138145  0.          0.          0.        ]
 [ 0.          0.99999905  0.         -0.00138145  0.          0.        ]
 [ 0.00138145  0.          0.99999905  0.          0.          0.        ]
 [ 0.          0.00138145  0.          0.99999905  0.          0.        ]
 [ 0.          0.          0.          0.          1.          0.        ]
 [ 0.          0.          0.          0.          0.          1.        ]]
Param #68: delta too small; RMS=1.5097e-06 mm
quads_tilt_fit #0.0013804551513549132
delta_local #[0.0006624]
R1 #[[ 0.99999791  0.          0.00204285  0.          0.          0.        ]
 [ 0.          0.99999791  0.          0.00204285  0.          0.        ]
 [-0.00204285  0.          0.99999791  0.          0.          0.        ]
 [ 0.         -0.00204285  0.          0.99999791  0.          0.        ]
 [ 0.          0.          0.          0.          1.          0.        ]
 [ 0.          0.          0.          0.          0.          1.        ]]
R2 #[[ 0.99999791  0.         -0.00204285  0.          0.          0.        ]
 [ 0.          0.99999791  0.         -0.00204285  0.          0.        ]
 [ 0.00204285  0.          0.99999791  0.          0.          0.        ]
 [ 0.          0.00204285  0.          0.99999791  0.          0.        ]
 [ 0.          0.          0.          0.          1.          0.        ]
 [ 0.          0.          0.          0.          0.          1.        ]]
Param #68: delta OK; RMS=0.00099957 mm
quads_tilt_fit #-0.00018138096611076767
delta_local #[1.e-06]
R1 #[[ 9.99999984e-01  0.00000000e+00 -1.80380965e-04  0.00000000e+00
   0.00000000e+00  0.00000000e+00]
 [ 0.00000000e+00  9.99999984e-01  0.00000000e+00 -1.80380965e-04
   0.00000000e+00  0.00000000e+00]
 [ 1.80380965e-04  0.00000000e+00  9.99999984e-01  0.00000000e+00
   0.00000000e+00  0.00000000e+00]
 [ 0.00000000e+00  1.80380965e-04  0.00000000e+00  9.99999984e-01
   0.00000000e+00  0.00000000e+00]
 [ 0.00000000e+00  0.00000000e+00  0.00000000e+00  0.00000000e+00
   1.00000000e+00  0.00000000e+00]
 [ 0.00000000e+00  0.00000000e+00  0.00000000e+00  0.00000000e+00
   0.00000000e+00  1.00000000e+00]]
R2 #[[ 9.99999984e-01  0.00000000e+00  1.80380965e-04  0.00000000e+00
   0.00000000e+00  0.00000000e+00]
 [ 0.00000000e+00  9.99999984e-01  0.00000000e+00  1.80380965e-04
   0.00000000e+00  0.00000000e+00]
 [-1.80380965e-04  0.00000000e+00  9.99999984e-01  0.00000000e+00
   0.00000000e+00  0.00000000e+00]
 [ 0.00000000e+00 -1.80380965e-04  0.00000000e+00  9.99999984e-01
   0.00000000e+00  0.00000000e+00]
 [ 0.00000000e+00  0.00000000e+00  0.00000000e+00  0.00000000e+00
   1.00000000e+00  0.00000000e+00]
 [ 0.00000000e+00  0.00000000e+00  0.00000000e+00  0.00000000e+00
   0.00000000e+00  1.00000000e+00]]
Param #2637: delta too small; RMS=1.9587e-06 mm
quads_tilt_fit #-0.00018138096611076767
delta_local #[0.00051054]
R1 #[[ 9.99999946e-01  0.00000000e+00  3.29157226e-04  0.00000000e+00
   0.00000000e+00  0.00000000e+00]
 [ 0.00000000e+00  9.99999946e-01  0.00000000e+00  3.29157226e-04
   0.00000000e+00  0.00000000e+00]
 [-3.29157226e-04  0.00000000e+00  9.99999946e-01  0.00000000e+00
   0.00000000e+00  0.00000000e+00]
 [ 0.00000000e+00 -3.29157226e-04  0.00000000e+00  9.99999946e-01
   0.00000000e+00  0.00000000e+00]
 [ 0.00000000e+00  0.00000000e+00  0.00000000e+00  0.00000000e+00
   1.00000000e+00  0.00000000e+00]
 [ 0.00000000e+00  0.00000000e+00  0.00000000e+00  0.00000000e+00
   0.00000000e+00  1.00000000e+00]]
R2 #[[ 9.99999946e-01  0.00000000e+00 -3.29157226e-04  0.00000000e+00
   0.00000000e+00  0.00000000e+00]
 [ 0.00000000e+00  9.99999946e-01  0.00000000e+00 -3.29157226e-04
   0.00000000e+00  0.00000000e+00]
 [ 3.29157226e-04  0.00000000e+00  9.99999946e-01  0.00000000e+00
   0.00000000e+00  0.00000000e+00]
 [ 0.00000000e+00  3.29157226e-04  0.00000000e+00  9.99999946e-01
   0.00000000e+00  0.00000000e+00]
 [ 0.00000000e+00  0.00000000e+00  0.00000000e+00  0.00000000e+00
   1.00000000e+00  0.00000000e+00]
 [ 0.00000000e+00  0.00000000e+00  0.00000000e+00  0.00000000e+00
   0.00000000e+00  1.00000000e+00]]
Param #2637: delta OK; RMS=0.00099977 mm
quads_tilt_fit #0.0024263835126075326
delta_local #[1.e-06]
R1 #[[ 0.99999705  0.          0.00242738  0.          0.          0.        ]
 [ 0.          0.99999705  0.          0.00242738  0.          0.        ]
 [-0.00242738  0.          0.99999705  0.          0.          0.        ]
 [ 0.         -0.00242738  0.          0.99999705  0.          0.        ]
 [ 0.          0.          0.          0.          1.          0.        ]
 [ 0.          0.          0.          0.          0.          1.        ]]
R2 #[[ 0.99999705  0.         -0.00242738  0.          0.          0.        ]
 [ 0.          0.99999705  0.         -0.00242738  0.          0.        ]
 [ 0.00242738  0.          0.99999705  0.          0.          0.        ]
 [ 0.          0.00242738  0.          0.99999705  0.          0.        ]
 [ 0.          0.          0.          0.          1.          0.        ]
 [ 0.          0.          0.          0.          0.          1.        ]]
Param #2767: delta too small; RMS=2.1018e-06 mm
quads_tilt_fit #0.0024263835126075326
delta_local #[0.00047579]
R1 #[[ 0.99999579  0.          0.00290217  0.          0.          0.        ]
 [ 0.          0.99999579  0.          0.00290217  0.          0.        ]
 [-0.00290217  0.          0.99999579  0.          0.          0.        ]
 [ 0.         -0.00290217  0.          0.99999579  0.          0.        ]
 [ 0.          0.          0.          0.          1.          0.        ]
 [ 0.          0.          0.          0.          0.          1.        ]]
R2 #[[ 0.99999579  0.         -0.00290217  0.          0.          0.        ]
 [ 0.          0.99999579  0.         -0.00290217  0.          0.        ]
 [ 0.00290217  0.          0.99999579  0.          0.          0.        ]
 [ 0.          0.00290217  0.          0.99999579  0.          0.        ]
 [ 0.          0.          0.          0.          1.          0.        ]
 [ 0.          0.          0.          0.          0.          1.        ]]
Param #2767: delta OK; RMS=0.0009995 mm
quads_tilt_fit #0.00039439155087603615
delta_local #[1.e-06]
R1 #[[ 9.99999922e-01  0.00000000e+00  3.95391541e-04  0.00000000e+00
   0.00000000e+00  0.00000000e+00]
 [ 0.00000000e+00  9.99999922e-01  0.00000000e+00  3.95391541e-04
   0.00000000e+00  0.00000000e+00]
 [-3.95391541e-04  0.00000000e+00  9.99999922e-01  0.00000000e+00
   0.00000000e+00  0.00000000e+00]
 [ 0.00000000e+00 -3.95391541e-04  0.00000000e+00  9.99999922e-01
   0.00000000e+00  0.00000000e+00]
 [ 0.00000000e+00  0.00000000e+00  0.00000000e+00  0.00000000e+00
   1.00000000e+00  0.00000000e+00]
 [ 0.00000000e+00  0.00000000e+00  0.00000000e+00  0.00000000e+00
   0.00000000e+00  1.00000000e+00]]
R2 #[[ 9.99999922e-01  0.00000000e+00 -3.95391541e-04  0.00000000e+00
   0.00000000e+00  0.00000000e+00]
 [ 0.00000000e+00  9.99999922e-01  0.00000000e+00 -3.95391541e-04
   0.00000000e+00  0.00000000e+00]
 [ 3.95391541e-04  0.00000000e+00  9.99999922e-01  0.00000000e+00
   0.00000000e+00  0.00000000e+00]
 [ 0.00000000e+00  3.95391541e-04  0.00000000e+00  9.99999922e-01
   0.00000000e+00  0.00000000e+00]
 [ 0.00000000e+00  0.00000000e+00  0.00000000e+00  0.00000000e+00
   1.00000000e+00  0.00000000e+00]
 [ 0.00000000e+00  0.00000000e+00  0.00000000e+00  0.00000000e+00
   0.00000000e+00  1.00000000e+00]]
Param #5445: delta too small; RMS=1.7795e-06 mm
quads_tilt_fit #0.00039439155087603615
delta_local #[0.00056195]
R1 #[[ 9.99999543e-01  0.00000000e+00  9.56339503e-04  0.00000000e+00
   0.00000000e+00  0.00000000e+00]
 [ 0.00000000e+00  9.99999543e-01  0.00000000e+00  9.56339503e-04
   0.00000000e+00  0.00000000e+00]
 [-9.56339503e-04  0.00000000e+00  9.99999543e-01  0.00000000e+00
   0.00000000e+00  0.00000000e+00]
 [ 0.00000000e+00 -9.56339503e-04  0.00000000e+00  9.99999543e-01
   0.00000000e+00  0.00000000e+00]
 [ 0.00000000e+00  0.00000000e+00  0.00000000e+00  0.00000000e+00
   1.00000000e+00  0.00000000e+00]
 [ 0.00000000e+00  0.00000000e+00  0.00000000e+00  0.00000000e+00
   0.00000000e+00  1.00000000e+00]]
R2 #[[ 9.99999543e-01  0.00000000e+00 -9.56339503e-04  0.00000000e+00
   0.00000000e+00  0.00000000e+00]
 [ 0.00000000e+00  9.99999543e-01  0.00000000e+00 -9.56339503e-04
   0.00000000e+00  0.00000000e+00]
 [ 9.56339503e-04  0.00000000e+00  9.99999543e-01  0.00000000e+00
   0.00000000e+00  0.00000000e+00]
 [ 0.00000000e+00  9.56339503e-04  0.00000000e+00  9.99999543e-01
   0.00000000e+00  0.00000000e+00]
 [ 0.00000000e+00  0.00000000e+00  0.00000000e+00  0.00000000e+00
   1.00000000e+00  0.00000000e+00]
 [ 0.00000000e+00  0.00000000e+00  0.00000000e+00  0.00000000e+00
   0.00000000e+00  1.00000000e+00]]
Param #5445: delta OK; RMS=0.0010002 mm
quads_tilt_fit #0.00012804815486791037
delta_local #[1.e-06]
R1 #[[ 9.99999992e-01  0.00000000e+00  1.29048155e-04  0.00000000e+00
   0.00000000e+00  0.00000000e+00]
 [ 0.00000000e+00  9.99999992e-01  0.00000000e+00  1.29048155e-04
   0.00000000e+00  0.00000000e+00]
 [-1.29048155e-04  0.00000000e+00  9.99999992e-01  0.00000000e+00
   0.00000000e+00  0.00000000e+00]
 [ 0.00000000e+00 -1.29048155e-04  0.00000000e+00  9.99999992e-01
   0.00000000e+00  0.00000000e+00]
 [ 0.00000000e+00  0.00000000e+00  0.00000000e+00  0.00000000e+00
   1.00000000e+00  0.00000000e+00]
 [ 0.00000000e+00  0.00000000e+00  0.00000000e+00  0.00000000e+00
   0.00000000e+00  1.00000000e+00]]
R2 #[[ 9.99999992e-01  0.00000000e+00 -1.29048155e-04  0.00000000e+00
   0.00000000e+00  0.00000000e+00]
 [ 0.00000000e+00  9.99999992e-01  0.00000000e+00 -1.29048155e-04
   0.00000000e+00  0.00000000e+00]
 [ 1.29048155e-04  0.00000000e+00  9.99999992e-01  0.00000000e+00
   0.00000000e+00  0.00000000e+00]
 [ 0.00000000e+00  1.29048155e-04  0.00000000e+00  9.99999992e-01
   0.00000000e+00  0.00000000e+00]
 [ 0.00000000e+00  0.00000000e+00  0.00000000e+00  0.00000000e+00
   1.00000000e+00  0.00000000e+00]
 [ 0.00000000e+00  0.00000000e+00  0.00000000e+00  0.00000000e+00
   0.00000000e+00  1.00000000e+00]]
Param #6896: delta too small; RMS=1.6367e-06 mm
quads_tilt_fit #0.00012804815486791037
delta_local #[0.00061098]
R1 #[[ 9.99999727e-01  0.00000000e+00  7.39028250e-04  0.00000000e+00
   0.00000000e+00  0.00000000e+00]
 [ 0.00000000e+00  9.99999727e-01  0.00000000e+00  7.39028250e-04
   0.00000000e+00  0.00000000e+00]
 [-7.39028250e-04  0.00000000e+00  9.99999727e-01  0.00000000e+00
   0.00000000e+00  0.00000000e+00]
 [ 0.00000000e+00 -7.39028250e-04  0.00000000e+00  9.99999727e-01
   0.00000000e+00  0.00000000e+00]
 [ 0.00000000e+00  0.00000000e+00  0.00000000e+00  0.00000000e+00
   1.00000000e+00  0.00000000e+00]
 [ 0.00000000e+00  0.00000000e+00  0.00000000e+00  0.00000000e+00
   0.00000000e+00  1.00000000e+00]]
R2 #[[ 9.99999727e-01  0.00000000e+00 -7.39028250e-04  0.00000000e+00
   0.00000000e+00  0.00000000e+00]
 [ 0.00000000e+00  9.99999727e-01  0.00000000e+00 -7.39028250e-04
   0.00000000e+00  0.00000000e+00]
 [ 7.39028250e-04  0.00000000e+00  9.99999727e-01  0.00000000e+00
   0.00000000e+00  0.00000000e+00]
 [ 0.00000000e+00  7.39028250e-04  0.00000000e+00  9.99999727e-01
   0.00000000e+00  0.00000000e+00]
 [ 0.00000000e+00  0.00000000e+00  0.00000000e+00  0.00000000e+00
   1.00000000e+00  0.00000000e+00]
 [ 0.00000000e+00  0.00000000e+00  0.00000000e+00  0.00000000e+00
   0.00000000e+00  1.00000000e+00]]
Param #6896: delta OK; RMS=0.0010002 mm
quads_tilt_fit #0.0011131696275602828
delta_local #[1.e-06]
R1 #[[ 0.99999938  0.          0.00111417  0.          0.          0.        ]
 [ 0.          0.99999938  0.          0.00111417  0.          0.        ]
 [-0.00111417  0.          0.99999938  0.          0.          0.        ]
 [ 0.         -0.00111417  0.          0.99999938  0.          0.        ]
 [ 0.          0.          0.          0.          1.          0.        ]
 [ 0.          0.          0.          0.          0.          1.        ]]
R2 #[[ 0.99999938  0.         -0.00111417  0.          0.          0.        ]
 [ 0.          0.99999938  0.         -0.00111417  0.          0.        ]
 [ 0.00111417  0.          0.99999938  0.          0.          0.        ]
 [ 0.          0.00111417  0.          0.99999938  0.          0.        ]
 [ 0.          0.          0.          0.          1.          0.        ]
 [ 0.          0.          0.          0.          0.          1.        ]]
Param #7062: delta too small; RMS=2.0107e-06 mm
quads_tilt_fit #0.0011131696275602828
delta_local #[0.00049735]
R1 #[[ 0.9999987   0.          0.00161052  0.          0.          0.        ]
 [ 0.          0.9999987   0.          0.00161052  0.          0.        ]
 [-0.00161052  0.          0.9999987   0.          0.          0.        ]
 [ 0.         -0.00161052  0.          0.9999987   0.          0.        ]
 [ 0.          0.          0.          0.          1.          0.        ]
 [ 0.          0.          0.          0.          0.          1.        ]]
R2 #[[ 0.9999987   0.         -0.00161052  0.          0.          0.        ]
 [ 0.          0.9999987   0.         -0.00161052  0.          0.        ]
 [ 0.00161052  0.          0.9999987   0.          0.          0.        ]
 [ 0.          0.00161052  0.          0.9999987   0.          0.        ]
 [ 0.          0.          0.          0.          1.          0.        ]
 [ 0.          0.          0.          0.          0.          1.        ]]
Param #7062: delta OK; RMS=0.0009996 mm
quads_tilt_fit #-0.001921332294074752
delta_local #[1.e-06]
R1 #[[ 0.99999816  0.         -0.00192033  0.          0.          0.        ]
 [ 0.          0.99999816  0.         -0.00192033  0.          0.        ]
 [ 0.00192033  0.          0.99999816  0.          0.          0.        ]
 [ 0.          0.00192033  0.          0.99999816  0.          0.        ]
 [ 0.          0.          0.          0.          1.          0.        ]
 [ 0.          0.          0.          0.          0.          1.        ]]
R2 #[[ 0.99999816  0.          0.00192033  0.          0.          0.        ]
 [ 0.          0.99999816  0.          0.00192033  0.          0.        ]
 [-0.00192033  0.          0.99999816  0.          0.          0.        ]
 [ 0.         -0.00192033  0.          0.99999816  0.          0.        ]
 [ 0.          0.          0.          0.          1.          0.        ]
 [ 0.          0.          0.          0.          0.          1.        ]]
Param #7597: delta too small; RMS=1.9075e-06 mm
quads_tilt_fit #-0.001921332294074752
delta_local #[0.00052424]
R1 #[[ 0.99999902  0.         -0.00139709  0.          0.          0.        ]
 [ 0.          0.99999902  0.         -0.00139709  0.          0.        ]
 [ 0.00139709  0.          0.99999902  0.          0.          0.        ]
 [ 0.          0.00139709  0.          0.99999902  0.          0.        ]
 [ 0.          0.          0.          0.          1.          0.        ]
 [ 0.          0.          0.          0.          0.          1.        ]]
R2 #[[ 0.99999902  0.          0.00139709  0.          0.          0.        ]
 [ 0.          0.99999902  0.          0.00139709  0.          0.        ]
 [-0.00139709  0.          0.99999902  0.          0.          0.        ]
 [ 0.         -0.00139709  0.          0.99999902  0.          0.        ]
 [ 0.          0.          0.          0.          1.          0.        ]
 [ 0.          0.          0.          0.          0.          1.        ]]
Param #7597: delta OK; RMS=0.00099917 mm
quads_tilt_fit #-2.12825639555096e-05
delta_local #[1.e-06]
R1 #[[ 1.0000000e+00  0.0000000e+00 -2.0282564e-05  0.0000000e+00
   0.0000000e+00  0.0000000e+00]
 [ 0.0000000e+00  1.0000000e+00  0.0000000e+00 -2.0282564e-05
   0.0000000e+00  0.0000000e+00]
 [ 2.0282564e-05  0.0000000e+00  1.0000000e+00  0.0000000e+00
   0.0000000e+00  0.0000000e+00]
 [ 0.0000000e+00  2.0282564e-05  0.0000000e+00  1.0000000e+00
   0.0000000e+00  0.0000000e+00]
 [ 0.0000000e+00  0.0000000e+00  0.0000000e+00  0.0000000e+00
   1.0000000e+00  0.0000000e+00]
 [ 0.0000000e+00  0.0000000e+00  0.0000000e+00  0.0000000e+00
   0.0000000e+00  1.0000000e+00]]
R2 #[[ 1.0000000e+00  0.0000000e+00  2.0282564e-05  0.0000000e+00
   0.0000000e+00  0.0000000e+00]
 [ 0.0000000e+00  1.0000000e+00  0.0000000e+00  2.0282564e-05
   0.0000000e+00  0.0000000e+00]
 [-2.0282564e-05  0.0000000e+00  1.0000000e+00  0.0000000e+00
   0.0000000e+00  0.0000000e+00]
 [ 0.0000000e+00 -2.0282564e-05  0.0000000e+00  1.0000000e+00
   0.0000000e+00  0.0000000e+00]
 [ 0.0000000e+00  0.0000000e+00  0.0000000e+00  0.0000000e+00
   1.0000000e+00  0.0000000e+00]
 [ 0.0000000e+00  0.0000000e+00  0.0000000e+00  0.0000000e+00
   0.0000000e+00  1.0000000e+00]]
Param #11: delta too small; RMS=2.4176e-06 mm
quads_tilt_fit #-2.12825639555096e-05
delta_local #[0.00041363]
R1 #[[ 9.99999923e-01  0.00000000e+00  3.92350763e-04  0.00000000e+00
   0.00000000e+00  0.00000000e+00]
 [ 0.00000000e+00  9.99999923e-01  0.00000000e+00  3.92350763e-04
   0.00000000e+00  0.00000000e+00]
 [-3.92350763e-04  0.00000000e+00  9.99999923e-01  0.00000000e+00
   0.00000000e+00  0.00000000e+00]
 [ 0.00000000e+00 -3.92350763e-04  0.00000000e+00  9.99999923e-01
   0.00000000e+00  0.00000000e+00]
 [ 0.00000000e+00  0.00000000e+00  0.00000000e+00  0.00000000e+00
   1.00000000e+00  0.00000000e+00]
 [ 0.00000000e+00  0.00000000e+00  0.00000000e+00  0.00000000e+00
   0.00000000e+00  1.00000000e+00]]
R2 #[[ 9.99999923e-01  0.00000000e+00 -3.92350763e-04  0.00000000e+00
   0.00000000e+00  0.00000000e+00]
 [ 0.00000000e+00  9.99999923e-01  0.00000000e+00 -3.92350763e-04
   0.00000000e+00  0.00000000e+00]
 [ 3.92350763e-04  0.00000000e+00  9.99999923e-01  0.00000000e+00
   0.00000000e+00  0.00000000e+00]
 [ 0.00000000e+00  3.92350763e-04  0.00000000e+00  9.99999923e-01
   0.00000000e+00  0.00000000e+00]
 [ 0.00000000e+00  0.00000000e+00  0.00000000e+00  0.00000000e+00
   1.00000000e+00  0.00000000e+00]
 [ 0.00000000e+00  0.00000000e+00  0.00000000e+00  0.00000000e+00
   0.00000000e+00  1.00000000e+00]]
Param #11: delta OK; RMS=0.0010001 mm
quads_tilt_fit #-0.000134465198544138
delta_local #[1.e-06]
R1 #[[ 9.99999991e-01  0.00000000e+00 -1.33465198e-04  0.00000000e+00
   0.00000000e+00  0.00000000e+00]
 [ 0.00000000e+00  9.99999991e-01  0.00000000e+00 -1.33465198e-04
   0.00000000e+00  0.00000000e+00]
 [ 1.33465198e-04  0.00000000e+00  9.99999991e-01  0.00000000e+00
   0.00000000e+00  0.00000000e+00]
 [ 0.00000000e+00  1.33465198e-04  0.00000000e+00  9.99999991e-01
   0.00000000e+00  0.00000000e+00]
 [ 0.00000000e+00  0.00000000e+00  0.00000000e+00  0.00000000e+00
   1.00000000e+00  0.00000000e+00]
 [ 0.00000000e+00  0.00000000e+00  0.00000000e+00  0.00000000e+00
   0.00000000e+00  1.00000000e+00]]
R2 #[[ 9.99999991e-01  0.00000000e+00  1.33465198e-04  0.00000000e+00
   0.00000000e+00  0.00000000e+00]
 [ 0.00000000e+00  9.99999991e-01  0.00000000e+00  1.33465198e-04
   0.00000000e+00  0.00000000e+00]
 [-1.33465198e-04  0.00000000e+00  9.99999991e-01  0.00000000e+00
   0.00000000e+00  0.00000000e+00]
 [ 0.00000000e+00 -1.33465198e-04  0.00000000e+00  9.99999991e-01
   0.00000000e+00  0.00000000e+00]
 [ 0.00000000e+00  0.00000000e+00  0.00000000e+00  0.00000000e+00
   1.00000000e+00  0.00000000e+00]
 [ 0.00000000e+00  0.00000000e+00  0.00000000e+00  0.00000000e+00
   0.00000000e+00  1.00000000e+00]]
Param #2687: delta too small; RMS=2.4668e-06 mm
quads_tilt_fit #-0.000134465198544138
delta_local #[0.00040538]
R1 #[[ 9.99999963e-01  0.00000000e+00  2.70917803e-04  0.00000000e+00
   0.00000000e+00  0.00000000e+00]
 [ 0.00000000e+00  9.99999963e-01  0.00000000e+00  2.70917803e-04
   0.00000000e+00  0.00000000e+00]
 [-2.70917803e-04  0.00000000e+00  9.99999963e-01  0.00000000e+00
   0.00000000e+00  0.00000000e+00]
 [ 0.00000000e+00 -2.70917803e-04  0.00000000e+00  9.99999963e-01
   0.00000000e+00  0.00000000e+00]
 [ 0.00000000e+00  0.00000000e+00  0.00000000e+00  0.00000000e+00
   1.00000000e+00  0.00000000e+00]
 [ 0.00000000e+00  0.00000000e+00  0.00000000e+00  0.00000000e+00
   0.00000000e+00  1.00000000e+00]]
R2 #[[ 9.99999963e-01  0.00000000e+00 -2.70917803e-04  0.00000000e+00
   0.00000000e+00  0.00000000e+00]
 [ 0.00000000e+00  9.99999963e-01  0.00000000e+00 -2.70917803e-04
   0.00000000e+00  0.00000000e+00]
 [ 2.70917803e-04  0.00000000e+00  9.99999963e-01  0.00000000e+00
   0.00000000e+00  0.00000000e+00]
 [ 0.00000000e+00  2.70917803e-04  0.00000000e+00  9.99999963e-01
   0.00000000e+00  0.00000000e+00]
 [ 0.00000000e+00  0.00000000e+00  0.00000000e+00  0.00000000e+00
   1.00000000e+00  0.00000000e+00]
 [ 0.00000000e+00  0.00000000e+00  0.00000000e+00  0.00000000e+00
   0.00000000e+00  1.00000000e+00]]
Param #2687: delta OK; RMS=0.00099978 mm
quads_tilt_fit #-0.00012343807743348914
delta_local #[1.e-06]
R1 #[[ 9.99999993e-01  0.00000000e+00 -1.22438077e-04  0.00000000e+00
   0.00000000e+00  0.00000000e+00]
 [ 0.00000000e+00  9.99999993e-01  0.00000000e+00 -1.22438077e-04
   0.00000000e+00  0.00000000e+00]
 [ 1.22438077e-04  0.00000000e+00  9.99999993e-01  0.00000000e+00
   0.00000000e+00  0.00000000e+00]
 [ 0.00000000e+00  1.22438077e-04  0.00000000e+00  9.99999993e-01
   0.00000000e+00  0.00000000e+00]
 [ 0.00000000e+00  0.00000000e+00  0.00000000e+00  0.00000000e+00
   1.00000000e+00  0.00000000e+00]
 [ 0.00000000e+00  0.00000000e+00  0.00000000e+00  0.00000000e+00
   0.00000000e+00  1.00000000e+00]]
R2 #[[ 9.99999993e-01  0.00000000e+00  1.22438077e-04  0.00000000e+00
   0.00000000e+00  0.00000000e+00]
 [ 0.00000000e+00  9.99999993e-01  0.00000000e+00  1.22438077e-04
   0.00000000e+00  0.00000000e+00]
 [-1.22438077e-04  0.00000000e+00  9.99999993e-01  0.00000000e+00
   0.00000000e+00  0.00000000e+00]
 [ 0.00000000e+00 -1.22438077e-04  0.00000000e+00  9.99999993e-01
   0.00000000e+00  0.00000000e+00]
 [ 0.00000000e+00  0.00000000e+00  0.00000000e+00  0.00000000e+00
   1.00000000e+00  0.00000000e+00]
 [ 0.00000000e+00  0.00000000e+00  0.00000000e+00  0.00000000e+00
   0.00000000e+00  1.00000000e+00]]
Param #2716: delta too small; RMS=2.5677e-06 mm
quads_tilt_fit #-0.00012343807743348914
delta_local #[0.00038946]
R1 #[[ 9.99999965e-01  0.00000000e+00  2.66017311e-04  0.00000000e+00
   0.00000000e+00  0.00000000e+00]
 [ 0.00000000e+00  9.99999965e-01  0.00000000e+00  2.66017311e-04
   0.00000000e+00  0.00000000e+00]
 [-2.66017311e-04  0.00000000e+00  9.99999965e-01  0.00000000e+00
   0.00000000e+00  0.00000000e+00]
 [ 0.00000000e+00 -2.66017311e-04  0.00000000e+00  9.99999965e-01
   0.00000000e+00  0.00000000e+00]
 [ 0.00000000e+00  0.00000000e+00  0.00000000e+00  0.00000000e+00
   1.00000000e+00  0.00000000e+00]
 [ 0.00000000e+00  0.00000000e+00  0.00000000e+00  0.00000000e+00
   0.00000000e+00  1.00000000e+00]]
R2 #[[ 9.99999965e-01  0.00000000e+00 -2.66017311e-04  0.00000000e+00
   0.00000000e+00  0.00000000e+00]
 [ 0.00000000e+00  9.99999965e-01  0.00000000e+00 -2.66017311e-04
   0.00000000e+00  0.00000000e+00]
 [ 2.66017311e-04  0.00000000e+00  9.99999965e-01  0.00000000e+00
   0.00000000e+00  0.00000000e+00]
 [ 0.00000000e+00  2.66017311e-04  0.00000000e+00  9.99999965e-01
   0.00000000e+00  0.00000000e+00]
 [ 0.00000000e+00  0.00000000e+00  0.00000000e+00  0.00000000e+00
   1.00000000e+00  0.00000000e+00]
 [ 0.00000000e+00  0.00000000e+00  0.00000000e+00  0.00000000e+00
   0.00000000e+00  1.00000000e+00]]
Param #2716: delta OK; RMS=0.0010003 mm
quads_tilt_fit #0.0005835732970433454
delta_local #[1.e-06]
R1 #[[ 9.99999829e-01  0.00000000e+00  5.84573264e-04  0.00000000e+00
   0.00000000e+00  0.00000000e+00]
 [ 0.00000000e+00  9.99999829e-01  0.00000000e+00  5.84573264e-04
   0.00000000e+00  0.00000000e+00]
 [-5.84573264e-04  0.00000000e+00  9.99999829e-01  0.00000000e+00
   0.00000000e+00  0.00000000e+00]
 [ 0.00000000e+00 -5.84573264e-04  0.00000000e+00  9.99999829e-01
   0.00000000e+00  0.00000000e+00]
 [ 0.00000000e+00  0.00000000e+00  0.00000000e+00  0.00000000e+00
   1.00000000e+00  0.00000000e+00]
 [ 0.00000000e+00  0.00000000e+00  0.00000000e+00  0.00000000e+00
   0.00000000e+00  1.00000000e+00]]
R2 #[[ 9.99999829e-01  0.00000000e+00 -5.84573264e-04  0.00000000e+00
   0.00000000e+00  0.00000000e+00]
 [ 0.00000000e+00  9.99999829e-01  0.00000000e+00 -5.84573264e-04
   0.00000000e+00  0.00000000e+00]
 [ 5.84573264e-04  0.00000000e+00  9.99999829e-01  0.00000000e+00
   0.00000000e+00  0.00000000e+00]
 [ 0.00000000e+00  5.84573264e-04  0.00000000e+00  9.99999829e-01
   0.00000000e+00  0.00000000e+00]
 [ 0.00000000e+00  0.00000000e+00  0.00000000e+00  0.00000000e+00
   1.00000000e+00  0.00000000e+00]
 [ 0.00000000e+00  0.00000000e+00  0.00000000e+00  0.00000000e+00
   0.00000000e+00  1.00000000e+00]]
Param #6952: delta too small; RMS=3.018e-06 mm
quads_tilt_fit #0.0005835732970433454
delta_local #[0.00033134]
R1 #[[ 9.99999581e-01  0.00000000e+00  9.14914520e-04  0.00000000e+00
   0.00000000e+00  0.00000000e+00]
 [ 0.00000000e+00  9.99999581e-01  0.00000000e+00  9.14914520e-04
   0.00000000e+00  0.00000000e+00]
 [-9.14914520e-04  0.00000000e+00  9.99999581e-01  0.00000000e+00
   0.00000000e+00  0.00000000e+00]
 [ 0.00000000e+00 -9.14914520e-04  0.00000000e+00  9.99999581e-01
   0.00000000e+00  0.00000000e+00]
 [ 0.00000000e+00  0.00000000e+00  0.00000000e+00  0.00000000e+00
   1.00000000e+00  0.00000000e+00]
 [ 0.00000000e+00  0.00000000e+00  0.00000000e+00  0.00000000e+00
   0.00000000e+00  1.00000000e+00]]
R2 #[[ 9.99999581e-01  0.00000000e+00 -9.14914520e-04  0.00000000e+00
   0.00000000e+00  0.00000000e+00]
 [ 0.00000000e+00  9.99999581e-01  0.00000000e+00 -9.14914520e-04
   0.00000000e+00  0.00000000e+00]
 [ 9.14914520e-04  0.00000000e+00  9.99999581e-01  0.00000000e+00
   0.00000000e+00  0.00000000e+00]
 [ 0.00000000e+00  9.14914520e-04  0.00000000e+00  9.99999581e-01
   0.00000000e+00  0.00000000e+00]
 [ 0.00000000e+00  0.00000000e+00  0.00000000e+00  0.00000000e+00
   1.00000000e+00  0.00000000e+00]
 [ 0.00000000e+00  0.00000000e+00  0.00000000e+00  0.00000000e+00
   0.00000000e+00  1.00000000e+00]]
Param #6952: delta OK; RMS=0.0010004 mm
quads_tilt_fit #0.0004234532898727444
delta_local #[1.e-06]
R1 #[[ 9.99999910e-01  0.00000000e+00  4.24453277e-04  0.00000000e+00
   0.00000000e+00  0.00000000e+00]
 [ 0.00000000e+00  9.99999910e-01  0.00000000e+00  4.24453277e-04
   0.00000000e+00  0.00000000e+00]
 [-4.24453277e-04  0.00000000e+00  9.99999910e-01  0.00000000e+00
   0.00000000e+00  0.00000000e+00]
 [ 0.00000000e+00 -4.24453277e-04  0.00000000e+00  9.99999910e-01
   0.00000000e+00  0.00000000e+00]
 [ 0.00000000e+00  0.00000000e+00  0.00000000e+00  0.00000000e+00
   1.00000000e+00  0.00000000e+00]
 [ 0.00000000e+00  0.00000000e+00  0.00000000e+00  0.00000000e+00
   0.00000000e+00  1.00000000e+00]]
R2 #[[ 9.99999910e-01  0.00000000e+00 -4.24453277e-04  0.00000000e+00
   0.00000000e+00  0.00000000e+00]
 [ 0.00000000e+00  9.99999910e-01  0.00000000e+00 -4.24453277e-04
   0.00000000e+00  0.00000000e+00]
 [ 4.24453277e-04  0.00000000e+00  9.99999910e-01  0.00000000e+00
   0.00000000e+00  0.00000000e+00]
 [ 0.00000000e+00  4.24453277e-04  0.00000000e+00  9.99999910e-01
   0.00000000e+00  0.00000000e+00]
 [ 0.00000000e+00  0.00000000e+00  0.00000000e+00  0.00000000e+00
   1.00000000e+00  0.00000000e+00]
 [ 0.00000000e+00  0.00000000e+00  0.00000000e+00  0.00000000e+00
   0.00000000e+00  1.00000000e+00]]
Param #6991: delta too small; RMS=1.7464e-06 mm
quads_tilt_fit #0.0004234532898727444
delta_local #[0.00057262]
R1 #[[ 9.99999504e-01  0.00000000e+00  9.96075116e-04  0.00000000e+00
   0.00000000e+00  0.00000000e+00]
 [ 0.00000000e+00  9.99999504e-01  0.00000000e+00  9.96075116e-04
   0.00000000e+00  0.00000000e+00]
 [-9.96075116e-04  0.00000000e+00  9.99999504e-01  0.00000000e+00
   0.00000000e+00  0.00000000e+00]
 [ 0.00000000e+00 -9.96075116e-04  0.00000000e+00  9.99999504e-01
   0.00000000e+00  0.00000000e+00]
 [ 0.00000000e+00  0.00000000e+00  0.00000000e+00  0.00000000e+00
   1.00000000e+00  0.00000000e+00]
 [ 0.00000000e+00  0.00000000e+00  0.00000000e+00  0.00000000e+00
   0.00000000e+00  1.00000000e+00]]
R2 #[[ 9.99999504e-01  0.00000000e+00 -9.96075116e-04  0.00000000e+00
   0.00000000e+00  0.00000000e+00]
 [ 0.00000000e+00  9.99999504e-01  0.00000000e+00 -9.96075116e-04
   0.00000000e+00  0.00000000e+00]
 [ 9.96075116e-04  0.00000000e+00  9.99999504e-01  0.00000000e+00
   0.00000000e+00  0.00000000e+00]
 [ 0.00000000e+00  9.96075116e-04  0.00000000e+00  9.99999504e-01
   0.00000000e+00  0.00000000e+00]
 [ 0.00000000e+00  0.00000000e+00  0.00000000e+00  0.00000000e+00
   1.00000000e+00  0.00000000e+00]
 [ 0.00000000e+00  0.00000000e+00  0.00000000e+00  0.00000000e+00
   0.00000000e+00  1.00000000e+00]]
Param #6991: delta OK; RMS=0.00099982 mm
quads_tilt_fit #0.0009430009207112202
delta_local #[1.e-06]
R1 #[[ 9.99999554e-01  0.00000000e+00  9.44000781e-04  0.00000000e+00
   0.00000000e+00  0.00000000e+00]
 [ 0.00000000e+00  9.99999554e-01  0.00000000e+00  9.44000781e-04
   0.00000000e+00  0.00000000e+00]
 [-9.44000781e-04  0.00000000e+00  9.99999554e-01  0.00000000e+00
   0.00000000e+00  0.00000000e+00]
 [ 0.00000000e+00 -9.44000781e-04  0.00000000e+00  9.99999554e-01
   0.00000000e+00  0.00000000e+00]
 [ 0.00000000e+00  0.00000000e+00  0.00000000e+00  0.00000000e+00
   1.00000000e+00  0.00000000e+00]
 [ 0.00000000e+00  0.00000000e+00  0.00000000e+00  0.00000000e+00
   0.00000000e+00  1.00000000e+00]]
R2 #[[ 9.99999554e-01  0.00000000e+00 -9.44000781e-04  0.00000000e+00
   0.00000000e+00  0.00000000e+00]
 [ 0.00000000e+00  9.99999554e-01  0.00000000e+00 -9.44000781e-04
   0.00000000e+00  0.00000000e+00]
 [ 9.44000781e-04  0.00000000e+00  9.99999554e-01  0.00000000e+00
   0.00000000e+00  0.00000000e+00]
 [ 0.00000000e+00  9.44000781e-04  0.00000000e+00  9.99999554e-01
   0.00000000e+00  0.00000000e+00]
 [ 0.00000000e+00  0.00000000e+00  0.00000000e+00  0.00000000e+00
   1.00000000e+00  0.00000000e+00]
 [ 0.00000000e+00  0.00000000e+00  0.00000000e+00  0.00000000e+00
   0.00000000e+00  1.00000000e+00]]
Param #7655: delta too small; RMS=2.0793e-06 mm
quads_tilt_fit #0.0009430009207112202
delta_local #[0.00048093]
R1 #[[ 0.99999899  0.          0.00142393  0.          0.          0.        ]
 [ 0.          0.99999899  0.          0.00142393  0.          0.        ]
 [-0.00142393  0.          0.99999899  0.          0.          0.        ]
 [ 0.         -0.00142393  0.          0.99999899  0.          0.        ]
 [ 0.          0.          0.          0.          1.          0.        ]
 [ 0.          0.          0.          0.          0.          1.        ]]
R2 #[[ 0.99999899  0.         -0.00142393  0.          0.          0.        ]
 [ 0.          0.99999899  0.         -0.00142393  0.          0.        ]
 [ 0.00142393  0.          0.99999899  0.          0.          0.        ]
 [ 0.          0.00142393  0.          0.99999899  0.          0.        ]
 [ 0.          0.          0.          0.          1.          0.        ]
 [ 0.          0.          0.          0.          0.          1.        ]]
Param #7655: delta OK; RMS=0.00099983 mm
quads_tilt_fit #0.0004516336917854875
delta_local #[1.e-06]
R1 #[[ 9.99999898e-01  0.00000000e+00  4.52633676e-04  0.00000000e+00
   0.00000000e+00  0.00000000e+00]
 [ 0.00000000e+00  9.99999898e-01  0.00000000e+00  4.52633676e-04
   0.00000000e+00  0.00000000e+00]
 [-4.52633676e-04  0.00000000e+00  9.99999898e-01  0.00000000e+00
   0.00000000e+00  0.00000000e+00]
 [ 0.00000000e+00 -4.52633676e-04  0.00000000e+00  9.99999898e-01
   0.00000000e+00  0.00000000e+00]
 [ 0.00000000e+00  0.00000000e+00  0.00000000e+00  0.00000000e+00
   1.00000000e+00  0.00000000e+00]
 [ 0.00000000e+00  0.00000000e+00  0.00000000e+00  0.00000000e+00
   0.00000000e+00  1.00000000e+00]]
R2 #[[ 9.99999898e-01  0.00000000e+00 -4.52633676e-04  0.00000000e+00
   0.00000000e+00  0.00000000e+00]
 [ 0.00000000e+00  9.99999898e-01  0.00000000e+00 -4.52633676e-04
   0.00000000e+00  0.00000000e+00]
 [ 4.52633676e-04  0.00000000e+00  9.99999898e-01  0.00000000e+00
   0.00000000e+00  0.00000000e+00]
 [ 0.00000000e+00  4.52633676e-04  0.00000000e+00  9.99999898e-01
   0.00000000e+00  0.00000000e+00]
 [ 0.00000000e+00  0.00000000e+00  0.00000000e+00  0.00000000e+00
   1.00000000e+00  0.00000000e+00]
 [ 0.00000000e+00  0.00000000e+00  0.00000000e+00  0.00000000e+00
   0.00000000e+00  1.00000000e+00]]
Param #17: delta too small; RMS=1.8709e-06 mm
quads_tilt_fit #0.0004516336917854875
delta_local #[0.00053451]
R1 #[[ 9.99999514e-01  0.00000000e+00  9.86147396e-04  0.00000000e+00
   0.00000000e+00  0.00000000e+00]
 [ 0.00000000e+00  9.99999514e-01  0.00000000e+00  9.86147396e-04
   0.00000000e+00  0.00000000e+00]
 [-9.86147396e-04  0.00000000e+00  9.99999514e-01  0.00000000e+00
   0.00000000e+00  0.00000000e+00]
 [ 0.00000000e+00 -9.86147396e-04  0.00000000e+00  9.99999514e-01
   0.00000000e+00  0.00000000e+00]
 [ 0.00000000e+00  0.00000000e+00  0.00000000e+00  0.00000000e+00
   1.00000000e+00  0.00000000e+00]
 [ 0.00000000e+00  0.00000000e+00  0.00000000e+00  0.00000000e+00
   0.00000000e+00  1.00000000e+00]]
R2 #[[ 9.99999514e-01  0.00000000e+00 -9.86147396e-04  0.00000000e+00
   0.00000000e+00  0.00000000e+00]
 [ 0.00000000e+00  9.99999514e-01  0.00000000e+00 -9.86147396e-04
   0.00000000e+00  0.00000000e+00]
 [ 9.86147396e-04  0.00000000e+00  9.99999514e-01  0.00000000e+00
   0.00000000e+00  0.00000000e+00]
 [ 0.00000000e+00  9.86147396e-04  0.00000000e+00  9.99999514e-01
   0.00000000e+00  0.00000000e+00]
 [ 0.00000000e+00  0.00000000e+00  0.00000000e+00  0.00000000e+00
   1.00000000e+00  0.00000000e+00]
 [ 0.00000000e+00  0.00000000e+00  0.00000000e+00  0.00000000e+00
   0.00000000e+00  1.00000000e+00]]
Param #17: delta OK; RMS=0.00099936 mm
quads_tilt_fit #0.0001902874086259804
delta_local #[1.e-06]
R1 #[[ 9.99999982e-01  0.00000000e+00  1.91287407e-04  0.00000000e+00
   0.00000000e+00  0.00000000e+00]
 [ 0.00000000e+00  9.99999982e-01  0.00000000e+00  1.91287407e-04
   0.00000000e+00  0.00000000e+00]
 [-1.91287407e-04  0.00000000e+00  9.99999982e-01  0.00000000e+00
   0.00000000e+00  0.00000000e+00]
 [ 0.00000000e+00 -1.91287407e-04  0.00000000e+00  9.99999982e-01
   0.00000000e+00  0.00000000e+00]
 [ 0.00000000e+00  0.00000000e+00  0.00000000e+00  0.00000000e+00
   1.00000000e+00  0.00000000e+00]
 [ 0.00000000e+00  0.00000000e+00  0.00000000e+00  0.00000000e+00
   0.00000000e+00  1.00000000e+00]]
R2 #[[ 9.99999982e-01  0.00000000e+00 -1.91287407e-04  0.00000000e+00
   0.00000000e+00  0.00000000e+00]
 [ 0.00000000e+00  9.99999982e-01  0.00000000e+00 -1.91287407e-04
   0.00000000e+00  0.00000000e+00]
 [ 1.91287407e-04  0.00000000e+00  9.99999982e-01  0.00000000e+00
   0.00000000e+00  0.00000000e+00]
 [ 0.00000000e+00  1.91287407e-04  0.00000000e+00  9.99999982e-01
   0.00000000e+00  0.00000000e+00]
 [ 0.00000000e+00  0.00000000e+00  0.00000000e+00  0.00000000e+00
   1.00000000e+00  0.00000000e+00]
 [ 0.00000000e+00  0.00000000e+00  0.00000000e+00  0.00000000e+00
   0.00000000e+00  1.00000000e+00]]
Param #2685: delta too small; RMS=2.5038e-06 mm
quads_tilt_fit #0.0001902874086259804
delta_local #[0.00039939]
R1 #[[ 9.99999826e-01  0.00000000e+00  5.89673156e-04  0.00000000e+00
   0.00000000e+00  0.00000000e+00]
 [ 0.00000000e+00  9.99999826e-01  0.00000000e+00  5.89673156e-04
   0.00000000e+00  0.00000000e+00]
 [-5.89673156e-04  0.00000000e+00  9.99999826e-01  0.00000000e+00
   0.00000000e+00  0.00000000e+00]
 [ 0.00000000e+00 -5.89673156e-04  0.00000000e+00  9.99999826e-01
   0.00000000e+00  0.00000000e+00]
 [ 0.00000000e+00  0.00000000e+00  0.00000000e+00  0.00000000e+00
   1.00000000e+00  0.00000000e+00]
 [ 0.00000000e+00  0.00000000e+00  0.00000000e+00  0.00000000e+00
   0.00000000e+00  1.00000000e+00]]
R2 #[[ 9.99999826e-01  0.00000000e+00 -5.89673156e-04  0.00000000e+00
   0.00000000e+00  0.00000000e+00]
 [ 0.00000000e+00  9.99999826e-01  0.00000000e+00 -5.89673156e-04
   0.00000000e+00  0.00000000e+00]
 [ 5.89673156e-04  0.00000000e+00  9.99999826e-01  0.00000000e+00
   0.00000000e+00  0.00000000e+00]
 [ 0.00000000e+00  5.89673156e-04  0.00000000e+00  9.99999826e-01
   0.00000000e+00  0.00000000e+00]
 [ 0.00000000e+00  0.00000000e+00  0.00000000e+00  0.00000000e+00
   1.00000000e+00  0.00000000e+00]
 [ 0.00000000e+00  0.00000000e+00  0.00000000e+00  0.00000000e+00
   0.00000000e+00  1.00000000e+00]]
Param #2685: delta OK; RMS=0.00099985 mm
quads_tilt_fit #0.0002603607181379048
delta_local #[1.e-06]
R1 #[[ 9.99999966e-01  0.00000000e+00  2.61360715e-04  0.00000000e+00
   0.00000000e+00  0.00000000e+00]
 [ 0.00000000e+00  9.99999966e-01  0.00000000e+00  2.61360715e-04
   0.00000000e+00  0.00000000e+00]
 [-2.61360715e-04  0.00000000e+00  9.99999966e-01  0.00000000e+00
   0.00000000e+00  0.00000000e+00]
 [ 0.00000000e+00 -2.61360715e-04  0.00000000e+00  9.99999966e-01
   0.00000000e+00  0.00000000e+00]
 [ 0.00000000e+00  0.00000000e+00  0.00000000e+00  0.00000000e+00
   1.00000000e+00  0.00000000e+00]
 [ 0.00000000e+00  0.00000000e+00  0.00000000e+00  0.00000000e+00
   0.00000000e+00  1.00000000e+00]]
R2 #[[ 9.99999966e-01  0.00000000e+00 -2.61360715e-04  0.00000000e+00
   0.00000000e+00  0.00000000e+00]
 [ 0.00000000e+00  9.99999966e-01  0.00000000e+00 -2.61360715e-04
   0.00000000e+00  0.00000000e+00]
 [ 2.61360715e-04  0.00000000e+00  9.99999966e-01  0.00000000e+00
   0.00000000e+00  0.00000000e+00]
 [ 0.00000000e+00  2.61360715e-04  0.00000000e+00  9.99999966e-01
   0.00000000e+00  0.00000000e+00]
 [ 0.00000000e+00  0.00000000e+00  0.00000000e+00  0.00000000e+00
   1.00000000e+00  0.00000000e+00]
 [ 0.00000000e+00  0.00000000e+00  0.00000000e+00  0.00000000e+00
   0.00000000e+00  1.00000000e+00]]
Param #2718: delta too small; RMS=2.6293e-06 mm
quads_tilt_fit #0.0002603607181379048
delta_local #[0.00038033]
R1 #[[ 9.99999795e-01  0.00000000e+00  6.40692408e-04  0.00000000e+00
   0.00000000e+00  0.00000000e+00]
 [ 0.00000000e+00  9.99999795e-01  0.00000000e+00  6.40692408e-04
   0.00000000e+00  0.00000000e+00]
 [-6.40692408e-04  0.00000000e+00  9.99999795e-01  0.00000000e+00
   0.00000000e+00  0.00000000e+00]
 [ 0.00000000e+00 -6.40692408e-04  0.00000000e+00  9.99999795e-01
   0.00000000e+00  0.00000000e+00]
 [ 0.00000000e+00  0.00000000e+00  0.00000000e+00  0.00000000e+00
   1.00000000e+00  0.00000000e+00]
 [ 0.00000000e+00  0.00000000e+00  0.00000000e+00  0.00000000e+00
   0.00000000e+00  1.00000000e+00]]
R2 #[[ 9.99999795e-01  0.00000000e+00 -6.40692408e-04  0.00000000e+00
   0.00000000e+00  0.00000000e+00]
 [ 0.00000000e+00  9.99999795e-01  0.00000000e+00 -6.40692408e-04
   0.00000000e+00  0.00000000e+00]
 [ 6.40692408e-04  0.00000000e+00  9.99999795e-01  0.00000000e+00
   0.00000000e+00  0.00000000e+00]
 [ 0.00000000e+00  6.40692408e-04  0.00000000e+00  9.99999795e-01
   0.00000000e+00  0.00000000e+00]
 [ 0.00000000e+00  0.00000000e+00  0.00000000e+00  0.00000000e+00
   1.00000000e+00  0.00000000e+00]
 [ 0.00000000e+00  0.00000000e+00  0.00000000e+00  0.00000000e+00
   0.00000000e+00  1.00000000e+00]]
Param #2718: delta OK; RMS=0.00099948 mm
quads_tilt_fit #-0.0001933401152443735
delta_local #[1.e-06]
R1 #[[ 9.99999982e-01  0.00000000e+00 -1.92340114e-04  0.00000000e+00
   0.00000000e+00  0.00000000e+00]
 [ 0.00000000e+00  9.99999982e-01  0.00000000e+00 -1.92340114e-04
   0.00000000e+00  0.00000000e+00]
 [ 1.92340114e-04  0.00000000e+00  9.99999982e-01  0.00000000e+00
   0.00000000e+00  0.00000000e+00]
 [ 0.00000000e+00  1.92340114e-04  0.00000000e+00  9.99999982e-01
   0.00000000e+00  0.00000000e+00]
 [ 0.00000000e+00  0.00000000e+00  0.00000000e+00  0.00000000e+00
   1.00000000e+00  0.00000000e+00]
 [ 0.00000000e+00  0.00000000e+00  0.00000000e+00  0.00000000e+00
   0.00000000e+00  1.00000000e+00]]
R2 #[[ 9.99999982e-01  0.00000000e+00  1.92340114e-04  0.00000000e+00
   0.00000000e+00  0.00000000e+00]
 [ 0.00000000e+00  9.99999982e-01  0.00000000e+00  1.92340114e-04
   0.00000000e+00  0.00000000e+00]
 [-1.92340114e-04  0.00000000e+00  9.99999982e-01  0.00000000e+00
   0.00000000e+00  0.00000000e+00]
 [ 0.00000000e+00 -1.92340114e-04  0.00000000e+00  9.99999982e-01
   0.00000000e+00  0.00000000e+00]
 [ 0.00000000e+00  0.00000000e+00  0.00000000e+00  0.00000000e+00
   1.00000000e+00  0.00000000e+00]
 [ 0.00000000e+00  0.00000000e+00  0.00000000e+00  0.00000000e+00
   0.00000000e+00  1.00000000e+00]]
Param #6948: delta too small; RMS=2.4671e-06 mm
quads_tilt_fit #-0.0001933401152443735
delta_local #[0.00040533]
R1 #[[ 9.99999978e-01  0.00000000e+00  2.11994652e-04  0.00000000e+00
   0.00000000e+00  0.00000000e+00]
 [ 0.00000000e+00  9.99999978e-01  0.00000000e+00  2.11994652e-04
   0.00000000e+00  0.00000000e+00]
 [-2.11994652e-04  0.00000000e+00  9.99999978e-01  0.00000000e+00
   0.00000000e+00  0.00000000e+00]
 [ 0.00000000e+00 -2.11994652e-04  0.00000000e+00  9.99999978e-01
   0.00000000e+00  0.00000000e+00]
 [ 0.00000000e+00  0.00000000e+00  0.00000000e+00  0.00000000e+00
   1.00000000e+00  0.00000000e+00]
 [ 0.00000000e+00  0.00000000e+00  0.00000000e+00  0.00000000e+00
   0.00000000e+00  1.00000000e+00]]
R2 #[[ 9.99999978e-01  0.00000000e+00 -2.11994652e-04  0.00000000e+00
   0.00000000e+00  0.00000000e+00]
 [ 0.00000000e+00  9.99999978e-01  0.00000000e+00 -2.11994652e-04
   0.00000000e+00  0.00000000e+00]
 [ 2.11994652e-04  0.00000000e+00  9.99999978e-01  0.00000000e+00
   0.00000000e+00  0.00000000e+00]
 [ 0.00000000e+00  2.11994652e-04  0.00000000e+00  9.99999978e-01
   0.00000000e+00  0.00000000e+00]
 [ 0.00000000e+00  0.00000000e+00  0.00000000e+00  0.00000000e+00
   1.00000000e+00  0.00000000e+00]
 [ 0.00000000e+00  0.00000000e+00  0.00000000e+00  0.00000000e+00
   0.00000000e+00  1.00000000e+00]]
Param #6948: delta OK; RMS=0.00099959 mm
quads_tilt_fit #-0.00019651104542828441
delta_local #[1.e-06]
R1 #[[ 9.99999981e-01  0.00000000e+00 -1.95511044e-04  0.00000000e+00
   0.00000000e+00  0.00000000e+00]
 [ 0.00000000e+00  9.99999981e-01  0.00000000e+00 -1.95511044e-04
   0.00000000e+00  0.00000000e+00]
 [ 1.95511044e-04  0.00000000e+00  9.99999981e-01  0.00000000e+00
   0.00000000e+00  0.00000000e+00]
 [ 0.00000000e+00  1.95511044e-04  0.00000000e+00  9.99999981e-01
   0.00000000e+00  0.00000000e+00]
 [ 0.00000000e+00  0.00000000e+00  0.00000000e+00  0.00000000e+00
   1.00000000e+00  0.00000000e+00]
 [ 0.00000000e+00  0.00000000e+00  0.00000000e+00  0.00000000e+00
   0.00000000e+00  1.00000000e+00]]
R2 #[[ 9.99999981e-01  0.00000000e+00  1.95511044e-04  0.00000000e+00
   0.00000000e+00  0.00000000e+00]
 [ 0.00000000e+00  9.99999981e-01  0.00000000e+00  1.95511044e-04
   0.00000000e+00  0.00000000e+00]
 [-1.95511044e-04  0.00000000e+00  9.99999981e-01  0.00000000e+00
   0.00000000e+00  0.00000000e+00]
 [ 0.00000000e+00 -1.95511044e-04  0.00000000e+00  9.99999981e-01
   0.00000000e+00  0.00000000e+00]
 [ 0.00000000e+00  0.00000000e+00  0.00000000e+00  0.00000000e+00
   1.00000000e+00  0.00000000e+00]
 [ 0.00000000e+00  0.00000000e+00  0.00000000e+00  0.00000000e+00
   0.00000000e+00  1.00000000e+00]]
Param #7001: delta too small; RMS=1.9383e-06 mm
quads_tilt_fit #-0.00019651104542828441
delta_local #[0.00051591]
R1 #[[ 9.99999949e-01  0.00000000e+00  3.19400088e-04  0.00000000e+00
   0.00000000e+00  0.00000000e+00]
 [ 0.00000000e+00  9.99999949e-01  0.00000000e+00  3.19400088e-04
   0.00000000e+00  0.00000000e+00]
 [-3.19400088e-04  0.00000000e+00  9.99999949e-01  0.00000000e+00
   0.00000000e+00  0.00000000e+00]
 [ 0.00000000e+00 -3.19400088e-04  0.00000000e+00  9.99999949e-01
   0.00000000e+00  0.00000000e+00]
 [ 0.00000000e+00  0.00000000e+00  0.00000000e+00  0.00000000e+00
   1.00000000e+00  0.00000000e+00]
 [ 0.00000000e+00  0.00000000e+00  0.00000000e+00  0.00000000e+00
   0.00000000e+00  1.00000000e+00]]
R2 #[[ 9.99999949e-01  0.00000000e+00 -3.19400088e-04  0.00000000e+00
   0.00000000e+00  0.00000000e+00]
 [ 0.00000000e+00  9.99999949e-01  0.00000000e+00 -3.19400088e-04
   0.00000000e+00  0.00000000e+00]
 [ 3.19400088e-04  0.00000000e+00  9.99999949e-01  0.00000000e+00
   0.00000000e+00  0.00000000e+00]
 [ 0.00000000e+00  3.19400088e-04  0.00000000e+00  9.99999949e-01
   0.00000000e+00  0.00000000e+00]
 [ 0.00000000e+00  0.00000000e+00  0.00000000e+00  0.00000000e+00
   1.00000000e+00  0.00000000e+00]
 [ 0.00000000e+00  0.00000000e+00  0.00000000e+00  0.00000000e+00
   0.00000000e+00  1.00000000e+00]]
Param #7001: delta OK; RMS=0.00099989 mm
quads_tilt_fit #-0.0017061417448801768
delta_local #[1.e-06]
R1 #[[ 0.99999855  0.         -0.00170514  0.          0.          0.        ]
 [ 0.          0.99999855  0.         -0.00170514  0.          0.        ]
 [ 0.00170514  0.          0.99999855  0.          0.          0.        ]
 [ 0.          0.00170514  0.          0.99999855  0.          0.        ]
 [ 0.          0.          0.          0.          1.          0.        ]
 [ 0.          0.          0.          0.          0.          1.        ]]
R2 #[[ 0.99999855  0.          0.00170514  0.          0.          0.        ]
 [ 0.          0.99999855  0.          0.00170514  0.          0.        ]
 [-0.00170514  0.          0.99999855  0.          0.          0.        ]
 [ 0.         -0.00170514  0.          0.99999855  0.          0.        ]
 [ 0.          0.          0.          0.          1.          0.        ]
 [ 0.          0.          0.          0.          0.          1.        ]]
Param #7649: delta too small; RMS=1.7875e-06 mm
quads_tilt_fit #-0.0017061417448801768
delta_local #[0.00055943]
R1 #[[ 0.99999934  0.         -0.00114672  0.          0.          0.        ]
 [ 0.          0.99999934  0.         -0.00114672  0.          0.        ]
 [ 0.00114672  0.          0.99999934  0.          0.          0.        ]
 [ 0.          0.00114672  0.          0.99999934  0.          0.        ]
 [ 0.          0.          0.          0.          1.          0.        ]
 [ 0.          0.          0.          0.          0.          1.        ]]
R2 #[[ 0.99999934  0.          0.00114672  0.          0.          0.        ]
 [ 0.          0.99999934  0.          0.00114672  0.          0.        ]
 [-0.00114672  0.          0.99999934  0.          0.          0.        ]
 [ 0.         -0.00114672  0.          0.99999934  0.          0.        ]
 [ 0.          0.          0.          0.          1.          0.        ]
 [ 0.          0.          0.          0.          0.          1.        ]]
Param #7649: delta OK; RMS=0.00099949 mm
quads_tilt_fit #-5.142399653757597e-05
delta_local #[1.e-06]
R1 #[[ 9.99999999e-01  0.00000000e+00 -5.04239965e-05  0.00000000e+00
   0.00000000e+00  0.00000000e+00]
 [ 0.00000000e+00  9.99999999e-01  0.00000000e+00 -5.04239965e-05
   0.00000000e+00  0.00000000e+00]
 [ 5.04239965e-05  0.00000000e+00  9.99999999e-01  0.00000000e+00
   0.00000000e+00  0.00000000e+00]
 [ 0.00000000e+00  5.04239965e-05  0.00000000e+00  9.99999999e-01
   0.00000000e+00  0.00000000e+00]
 [ 0.00000000e+00  0.00000000e+00  0.00000000e+00  0.00000000e+00
   1.00000000e+00  0.00000000e+00]
 [ 0.00000000e+00  0.00000000e+00  0.00000000e+00  0.00000000e+00
   0.00000000e+00  1.00000000e+00]]
R2 #[[ 9.99999999e-01  0.00000000e+00  5.04239965e-05  0.00000000e+00
   0.00000000e+00  0.00000000e+00]
 [ 0.00000000e+00  9.99999999e-01  0.00000000e+00  5.04239965e-05
   0.00000000e+00  0.00000000e+00]
 [-5.04239965e-05  0.00000000e+00  9.99999999e-01  0.00000000e+00
   0.00000000e+00  0.00000000e+00]
 [ 0.00000000e+00 -5.04239965e-05  0.00000000e+00  9.99999999e-01
   0.00000000e+00  0.00000000e+00]
 [ 0.00000000e+00  0.00000000e+00  0.00000000e+00  0.00000000e+00
   1.00000000e+00  0.00000000e+00]
 [ 0.00000000e+00  0.00000000e+00  0.00000000e+00  0.00000000e+00
   0.00000000e+00  1.00000000e+00]]
Param #27: delta too small; RMS=1.5501e-06 mm
quads_tilt_fit #-5.142399653757597e-05
delta_local #[0.0006451]
R1 #[[ 9.99999824e-01  0.00000000e+00  5.93680322e-04  0.00000000e+00
   0.00000000e+00  0.00000000e+00]
 [ 0.00000000e+00  9.99999824e-01  0.00000000e+00  5.93680322e-04
   0.00000000e+00  0.00000000e+00]
 [-5.93680322e-04  0.00000000e+00  9.99999824e-01  0.00000000e+00
   0.00000000e+00  0.00000000e+00]
 [ 0.00000000e+00 -5.93680322e-04  0.00000000e+00  9.99999824e-01
   0.00000000e+00  0.00000000e+00]
 [ 0.00000000e+00  0.00000000e+00  0.00000000e+00  0.00000000e+00
   1.00000000e+00  0.00000000e+00]
 [ 0.00000000e+00  0.00000000e+00  0.00000000e+00  0.00000000e+00
   0.00000000e+00  1.00000000e+00]]
R2 #[[ 9.99999824e-01  0.00000000e+00 -5.93680322e-04  0.00000000e+00
   0.00000000e+00  0.00000000e+00]
 [ 0.00000000e+00  9.99999824e-01  0.00000000e+00 -5.93680322e-04
   0.00000000e+00  0.00000000e+00]
 [ 5.93680322e-04  0.00000000e+00  9.99999824e-01  0.00000000e+00
   0.00000000e+00  0.00000000e+00]
 [ 0.00000000e+00  5.93680322e-04  0.00000000e+00  9.99999824e-01
   0.00000000e+00  0.00000000e+00]
 [ 0.00000000e+00  0.00000000e+00  0.00000000e+00  0.00000000e+00
   1.00000000e+00  0.00000000e+00]
 [ 0.00000000e+00  0.00000000e+00  0.00000000e+00  0.00000000e+00
   0.00000000e+00  1.00000000e+00]]
Param #27: delta OK; RMS=0.0010005 mm
quads_tilt_fit #0.000599716901186954
delta_local #[1.e-06]
R1 #[[ 9.99999820e-01  0.00000000e+00  6.00716865e-04  0.00000000e+00
   0.00000000e+00  0.00000000e+00]
 [ 0.00000000e+00  9.99999820e-01  0.00000000e+00  6.00716865e-04
   0.00000000e+00  0.00000000e+00]
 [-6.00716865e-04  0.00000000e+00  9.99999820e-01  0.00000000e+00
   0.00000000e+00  0.00000000e+00]
 [ 0.00000000e+00 -6.00716865e-04  0.00000000e+00  9.99999820e-01
   0.00000000e+00  0.00000000e+00]
 [ 0.00000000e+00  0.00000000e+00  0.00000000e+00  0.00000000e+00
   1.00000000e+00  0.00000000e+00]
 [ 0.00000000e+00  0.00000000e+00  0.00000000e+00  0.00000000e+00
   0.00000000e+00  1.00000000e+00]]
R2 #[[ 9.99999820e-01  0.00000000e+00 -6.00716865e-04  0.00000000e+00
   0.00000000e+00  0.00000000e+00]
 [ 0.00000000e+00  9.99999820e-01  0.00000000e+00 -6.00716865e-04
   0.00000000e+00  0.00000000e+00]
 [ 6.00716865e-04  0.00000000e+00  9.99999820e-01  0.00000000e+00
   0.00000000e+00  0.00000000e+00]
 [ 0.00000000e+00  6.00716865e-04  0.00000000e+00  9.99999820e-01
   0.00000000e+00  0.00000000e+00]
 [ 0.00000000e+00  0.00000000e+00  0.00000000e+00  0.00000000e+00
   1.00000000e+00  0.00000000e+00]
 [ 0.00000000e+00  0.00000000e+00  0.00000000e+00  0.00000000e+00
   0.00000000e+00  1.00000000e+00]]
Param #2675: delta too small; RMS=2.2522e-06 mm
quads_tilt_fit #0.000599716901186954
delta_local #[0.00044402]
R1 #[[ 0.99999946  0.          0.00104373  0.          0.          0.        ]
 [ 0.          0.99999946  0.          0.00104373  0.          0.        ]
 [-0.00104373  0.          0.99999946  0.          0.          0.        ]
 [ 0.         -0.00104373  0.          0.99999946  0.          0.        ]
 [ 0.          0.          0.          0.          1.          0.        ]
 [ 0.          0.          0.          0.          0.          1.        ]]
R2 #[[ 0.99999946  0.         -0.00104373  0.          0.          0.        ]
 [ 0.          0.99999946  0.         -0.00104373  0.          0.        ]
 [ 0.00104373  0.          0.99999946  0.          0.          0.        ]
 [ 0.          0.00104373  0.          0.99999946  0.          0.        ]
 [ 0.          0.          0.          0.          1.          0.        ]
 [ 0.          0.          0.          0.          0.          1.        ]]
Param #2675: delta OK; RMS=0.0010003 mm
quads_tilt_fit #-6.94015016037127e-06
delta_local #[1.e-06]
R1 #[[ 1.00000000e+00  0.00000000e+00 -5.94015016e-06  0.00000000e+00
   0.00000000e+00  0.00000000e+00]
 [ 0.00000000e+00  1.00000000e+00  0.00000000e+00 -5.94015016e-06
   0.00000000e+00  0.00000000e+00]
 [ 5.94015016e-06  0.00000000e+00  1.00000000e+00  0.00000000e+00
   0.00000000e+00  0.00000000e+00]
 [ 0.00000000e+00  5.94015016e-06  0.00000000e+00  1.00000000e+00
   0.00000000e+00  0.00000000e+00]
 [ 0.00000000e+00  0.00000000e+00  0.00000000e+00  0.00000000e+00
   1.00000000e+00  0.00000000e+00]
 [ 0.00000000e+00  0.00000000e+00  0.00000000e+00  0.00000000e+00
   0.00000000e+00  1.00000000e+00]]
R2 #[[ 1.00000000e+00  0.00000000e+00  5.94015016e-06  0.00000000e+00
   0.00000000e+00  0.00000000e+00]
 [ 0.00000000e+00  1.00000000e+00  0.00000000e+00  5.94015016e-06
   0.00000000e+00  0.00000000e+00]
 [-5.94015016e-06  0.00000000e+00  1.00000000e+00  0.00000000e+00
   0.00000000e+00  0.00000000e+00]
 [ 0.00000000e+00 -5.94015016e-06  0.00000000e+00  1.00000000e+00
   0.00000000e+00  0.00000000e+00]
 [ 0.00000000e+00  0.00000000e+00  0.00000000e+00  0.00000000e+00
   1.00000000e+00  0.00000000e+00]
 [ 0.00000000e+00  0.00000000e+00  0.00000000e+00  0.00000000e+00
   0.00000000e+00  1.00000000e+00]]
Param #2728: delta too small; RMS=2.2528e-06 mm
quads_tilt_fit #-6.94015016037127e-06
delta_local #[0.00044389]
R1 #[[ 9.99999905e-01  0.00000000e+00  4.36946550e-04  0.00000000e+00
   0.00000000e+00  0.00000000e+00]
 [ 0.00000000e+00  9.99999905e-01  0.00000000e+00  4.36946550e-04
   0.00000000e+00  0.00000000e+00]
 [-4.36946550e-04  0.00000000e+00  9.99999905e-01  0.00000000e+00
   0.00000000e+00  0.00000000e+00]
 [ 0.00000000e+00 -4.36946550e-04  0.00000000e+00  9.99999905e-01
   0.00000000e+00  0.00000000e+00]
 [ 0.00000000e+00  0.00000000e+00  0.00000000e+00  0.00000000e+00
   1.00000000e+00  0.00000000e+00]
 [ 0.00000000e+00  0.00000000e+00  0.00000000e+00  0.00000000e+00
   0.00000000e+00  1.00000000e+00]]
R2 #[[ 9.99999905e-01  0.00000000e+00 -4.36946550e-04  0.00000000e+00
   0.00000000e+00  0.00000000e+00]
 [ 0.00000000e+00  9.99999905e-01  0.00000000e+00 -4.36946550e-04
   0.00000000e+00  0.00000000e+00]
 [ 4.36946550e-04  0.00000000e+00  9.99999905e-01  0.00000000e+00
   0.00000000e+00  0.00000000e+00]
 [ 0.00000000e+00  4.36946550e-04  0.00000000e+00  9.99999905e-01
   0.00000000e+00  0.00000000e+00]
 [ 0.00000000e+00  0.00000000e+00  0.00000000e+00  0.00000000e+00
   1.00000000e+00  0.00000000e+00]
 [ 0.00000000e+00  0.00000000e+00  0.00000000e+00  0.00000000e+00
   0.00000000e+00  1.00000000e+00]]
Param #2728: delta OK; RMS=0.0010003 mm
quads_tilt_fit #7.453996532173132e-05
delta_local #[1.e-06]
R1 #[[ 9.99999997e-01  0.00000000e+00  7.55399652e-05  0.00000000e+00
   0.00000000e+00  0.00000000e+00]
 [ 0.00000000e+00  9.99999997e-01  0.00000000e+00  7.55399652e-05
   0.00000000e+00  0.00000000e+00]
 [-7.55399652e-05  0.00000000e+00  9.99999997e-01  0.00000000e+00
   0.00000000e+00  0.00000000e+00]
 [ 0.00000000e+00 -7.55399652e-05  0.00000000e+00  9.99999997e-01
   0.00000000e+00  0.00000000e+00]
 [ 0.00000000e+00  0.00000000e+00  0.00000000e+00  0.00000000e+00
   1.00000000e+00  0.00000000e+00]
 [ 0.00000000e+00  0.00000000e+00  0.00000000e+00  0.00000000e+00
   0.00000000e+00  1.00000000e+00]]
R2 #[[ 9.99999997e-01  0.00000000e+00 -7.55399652e-05  0.00000000e+00
   0.00000000e+00  0.00000000e+00]
 [ 0.00000000e+00  9.99999997e-01  0.00000000e+00 -7.55399652e-05
   0.00000000e+00  0.00000000e+00]
 [ 7.55399652e-05  0.00000000e+00  9.99999997e-01  0.00000000e+00
   0.00000000e+00  0.00000000e+00]
 [ 0.00000000e+00  7.55399652e-05  0.00000000e+00  9.99999997e-01
   0.00000000e+00  0.00000000e+00]
 [ 0.00000000e+00  0.00000000e+00  0.00000000e+00  0.00000000e+00
   1.00000000e+00  0.00000000e+00]
 [ 0.00000000e+00  0.00000000e+00  0.00000000e+00  0.00000000e+00
   0.00000000e+00  1.00000000e+00]]
Param #5485: delta too small; RMS=2.0857e-06 mm
quads_tilt_fit #7.453996532173132e-05
delta_local #[0.00047947]
R1 #[[ 9.99999847e-01  0.00000000e+00  5.54005492e-04  0.00000000e+00
   0.00000000e+00  0.00000000e+00]
 [ 0.00000000e+00  9.99999847e-01  0.00000000e+00  5.54005492e-04
   0.00000000e+00  0.00000000e+00]
 [-5.54005492e-04  0.00000000e+00  9.99999847e-01  0.00000000e+00
   0.00000000e+00  0.00000000e+00]
 [ 0.00000000e+00 -5.54005492e-04  0.00000000e+00  9.99999847e-01
   0.00000000e+00  0.00000000e+00]
 [ 0.00000000e+00  0.00000000e+00  0.00000000e+00  0.00000000e+00
   1.00000000e+00  0.00000000e+00]
 [ 0.00000000e+00  0.00000000e+00  0.00000000e+00  0.00000000e+00
   0.00000000e+00  1.00000000e+00]]
R2 #[[ 9.99999847e-01  0.00000000e+00 -5.54005492e-04  0.00000000e+00
   0.00000000e+00  0.00000000e+00]
 [ 0.00000000e+00  9.99999847e-01  0.00000000e+00 -5.54005492e-04
   0.00000000e+00  0.00000000e+00]
 [ 5.54005492e-04  0.00000000e+00  9.99999847e-01  0.00000000e+00
   0.00000000e+00  0.00000000e+00]
 [ 0.00000000e+00  5.54005492e-04  0.00000000e+00  9.99999847e-01
   0.00000000e+00  0.00000000e+00]
 [ 0.00000000e+00  0.00000000e+00  0.00000000e+00  0.00000000e+00
   1.00000000e+00  0.00000000e+00]
 [ 0.00000000e+00  0.00000000e+00  0.00000000e+00  0.00000000e+00
   0.00000000e+00  1.00000000e+00]]
Param #5485: delta OK; RMS=0.00099999 mm
quads_tilt_fit #-0.0010076666838642458
delta_local #[1.e-06]
R1 #[[ 0.99999949  0.         -0.00100667  0.          0.          0.        ]
 [ 0.          0.99999949  0.         -0.00100667  0.          0.        ]
 [ 0.00100667  0.          0.99999949  0.          0.          0.        ]
 [ 0.          0.00100667  0.          0.99999949  0.          0.        ]
 [ 0.          0.          0.          0.          1.          0.        ]
 [ 0.          0.          0.          0.          0.          1.        ]]
R2 #[[ 0.99999949  0.          0.00100667  0.          0.          0.        ]
 [ 0.          0.99999949  0.          0.00100667  0.          0.        ]
 [-0.00100667  0.          0.99999949  0.          0.          0.        ]
 [ 0.         -0.00100667  0.          0.99999949  0.          0.        ]
 [ 0.          0.          0.          0.          1.          0.        ]
 [ 0.          0.          0.          0.          0.          1.        ]]
Param #6938: delta too small; RMS=1.7835e-06 mm
quads_tilt_fit #-0.0010076666838642458
delta_local #[0.0005607]
R1 #[[ 9.99999900e-01  0.00000000e+00 -4.46963074e-04  0.00000000e+00
   0.00000000e+00  0.00000000e+00]
 [ 0.00000000e+00  9.99999900e-01  0.00000000e+00 -4.46963074e-04
   0.00000000e+00  0.00000000e+00]
 [ 4.46963074e-04  0.00000000e+00  9.99999900e-01  0.00000000e+00
   0.00000000e+00  0.00000000e+00]
 [ 0.00000000e+00  4.46963074e-04  0.00000000e+00  9.99999900e-01
   0.00000000e+00  0.00000000e+00]
 [ 0.00000000e+00  0.00000000e+00  0.00000000e+00  0.00000000e+00
   1.00000000e+00  0.00000000e+00]
 [ 0.00000000e+00  0.00000000e+00  0.00000000e+00  0.00000000e+00
   0.00000000e+00  1.00000000e+00]]
R2 #[[ 9.99999900e-01  0.00000000e+00  4.46963074e-04  0.00000000e+00
   0.00000000e+00  0.00000000e+00]
 [ 0.00000000e+00  9.99999900e-01  0.00000000e+00  4.46963074e-04
   0.00000000e+00  0.00000000e+00]
 [-4.46963074e-04  0.00000000e+00  9.99999900e-01  0.00000000e+00
   0.00000000e+00  0.00000000e+00]
 [ 0.00000000e+00 -4.46963074e-04  0.00000000e+00  9.99999900e-01
   0.00000000e+00  0.00000000e+00]
 [ 0.00000000e+00  0.00000000e+00  0.00000000e+00  0.00000000e+00
   1.00000000e+00  0.00000000e+00]
 [ 0.00000000e+00  0.00000000e+00  0.00000000e+00  0.00000000e+00
   0.00000000e+00  1.00000000e+00]]
Param #6938: delta OK; RMS=0.0010001 mm
quads_tilt_fit #0.00023526005926751987
delta_local #[1.e-06]
R1 #[[ 9.99999972e-01  0.00000000e+00  2.36260057e-04  0.00000000e+00
   0.00000000e+00  0.00000000e+00]
 [ 0.00000000e+00  9.99999972e-01  0.00000000e+00  2.36260057e-04
   0.00000000e+00  0.00000000e+00]
 [-2.36260057e-04  0.00000000e+00  9.99999972e-01  0.00000000e+00
   0.00000000e+00  0.00000000e+00]
 [ 0.00000000e+00 -2.36260057e-04  0.00000000e+00  9.99999972e-01
   0.00000000e+00  0.00000000e+00]
 [ 0.00000000e+00  0.00000000e+00  0.00000000e+00  0.00000000e+00
   1.00000000e+00  0.00000000e+00]
 [ 0.00000000e+00  0.00000000e+00  0.00000000e+00  0.00000000e+00
   0.00000000e+00  1.00000000e+00]]
R2 #[[ 9.99999972e-01  0.00000000e+00 -2.36260057e-04  0.00000000e+00
   0.00000000e+00  0.00000000e+00]
 [ 0.00000000e+00  9.99999972e-01  0.00000000e+00 -2.36260057e-04
   0.00000000e+00  0.00000000e+00]
 [ 2.36260057e-04  0.00000000e+00  9.99999972e-01  0.00000000e+00
   0.00000000e+00  0.00000000e+00]
 [ 0.00000000e+00  2.36260057e-04  0.00000000e+00  9.99999972e-01
   0.00000000e+00  0.00000000e+00]
 [ 0.00000000e+00  0.00000000e+00  0.00000000e+00  0.00000000e+00
   1.00000000e+00  0.00000000e+00]
 [ 0.00000000e+00  0.00000000e+00  0.00000000e+00  0.00000000e+00
   0.00000000e+00  1.00000000e+00]]
Param #7011: delta too small; RMS=2.1039e-06 mm
quads_tilt_fit #0.00023526005926751987
delta_local #[0.00047531]
R1 #[[ 9.99999748e-01  0.00000000e+00  7.10571764e-04  0.00000000e+00
   0.00000000e+00  0.00000000e+00]
 [ 0.00000000e+00  9.99999748e-01  0.00000000e+00  7.10571764e-04
   0.00000000e+00  0.00000000e+00]
 [-7.10571764e-04  0.00000000e+00  9.99999748e-01  0.00000000e+00
   0.00000000e+00  0.00000000e+00]
 [ 0.00000000e+00 -7.10571764e-04  0.00000000e+00  9.99999748e-01
   0.00000000e+00  0.00000000e+00]
 [ 0.00000000e+00  0.00000000e+00  0.00000000e+00  0.00000000e+00
   1.00000000e+00  0.00000000e+00]
 [ 0.00000000e+00  0.00000000e+00  0.00000000e+00  0.00000000e+00
   0.00000000e+00  1.00000000e+00]]
R2 #[[ 9.99999748e-01  0.00000000e+00 -7.10571764e-04  0.00000000e+00
   0.00000000e+00  0.00000000e+00]
 [ 0.00000000e+00  9.99999748e-01  0.00000000e+00 -7.10571764e-04
   0.00000000e+00  0.00000000e+00]
 [ 7.10571764e-04  0.00000000e+00  9.99999748e-01  0.00000000e+00
   0.00000000e+00  0.00000000e+00]
 [ 0.00000000e+00  7.10571764e-04  0.00000000e+00  9.99999748e-01
   0.00000000e+00  0.00000000e+00]
 [ 0.00000000e+00  0.00000000e+00  0.00000000e+00  0.00000000e+00
   1.00000000e+00  0.00000000e+00]
 [ 0.00000000e+00  0.00000000e+00  0.00000000e+00  0.00000000e+00
   0.00000000e+00  1.00000000e+00]]
Param #7011: delta OK; RMS=0.0010003 mm
quads_tilt_fit #-0.0033612548366054027
delta_local #[1.e-06]
R1 #[[ 0.99999435  0.         -0.00336025  0.          0.          0.        ]
 [ 0.          0.99999435  0.         -0.00336025  0.          0.        ]
 [ 0.00336025  0.          0.99999435  0.          0.          0.        ]
 [ 0.          0.00336025  0.          0.99999435  0.          0.        ]
 [ 0.          0.          0.          0.          1.          0.        ]
 [ 0.          0.          0.          0.          0.          1.        ]]
R2 #[[ 0.99999435  0.          0.00336025  0.          0.          0.        ]
 [ 0.          0.99999435  0.          0.00336025  0.          0.        ]
 [-0.00336025  0.          0.99999435  0.          0.          0.        ]
 [ 0.         -0.00336025  0.          0.99999435  0.          0.        ]
 [ 0.          0.          0.          0.          1.          0.        ]
 [ 0.          0.          0.          0.          0.          1.        ]]
Param #7639: delta too small; RMS=1.7155e-06 mm
quads_tilt_fit #-0.0033612548366054027
delta_local #[0.00058291]
R1 #[[ 0.99999614  0.         -0.00277834  0.          0.          0.        ]
 [ 0.          0.99999614  0.         -0.00277834  0.          0.        ]
 [ 0.00277834  0.          0.99999614  0.          0.          0.        ]
 [ 0.          0.00277834  0.          0.99999614  0.          0.        ]
 [ 0.          0.          0.          0.          1.          0.        ]
 [ 0.          0.          0.          0.          0.          1.        ]]
R2 #[[ 0.99999614  0.          0.00277834  0.          0.          0.        ]
 [ 0.          0.99999614  0.          0.00277834  0.          0.        ]
 [-0.00277834  0.          0.99999614  0.          0.          0.        ]
 [ 0.         -0.00277834  0.          0.99999614  0.          0.        ]
 [ 0.          0.          0.          0.          1.          0.        ]
 [ 0.          0.          0.          0.          0.          1.        ]]
Param #7639: delta OK; RMS=0.0010007 mm
quads_tilt_fit #0.0024374827398772553
delta_local #[1.e-06]
R1 #[[ 0.99999703  0.          0.00243848  0.          0.          0.        ]
 [ 0.          0.99999703  0.          0.00243848  0.          0.        ]
 [-0.00243848  0.          0.99999703  0.          0.          0.        ]
 [ 0.         -0.00243848  0.          0.99999703  0.          0.        ]
 [ 0.          0.          0.          0.          1.          0.        ]
 [ 0.          0.          0.          0.          0.          1.        ]]
R2 #[[ 0.99999703  0.         -0.00243848  0.          0.          0.        ]
 [ 0.          0.99999703  0.         -0.00243848  0.          0.        ]
 [ 0.00243848  0.          0.99999703  0.          0.          0.        ]
 [ 0.          0.00243848  0.          0.99999703  0.          0.        ]
 [ 0.          0.          0.          0.          1.          0.        ]
 [ 0.          0.          0.          0.          0.          1.        ]]
Param #2421: delta too small; RMS=2.0937e-06 mm
quads_tilt_fit #0.0024374827398772553
delta_local #[0.00047763]
R1 #[[ 0.99999575  0.          0.00291511  0.          0.          0.        ]
 [ 0.          0.99999575  0.          0.00291511  0.          0.        ]
 [-0.00291511  0.          0.99999575  0.          0.          0.        ]
 [ 0.         -0.00291511  0.          0.99999575  0.          0.        ]
 [ 0.          0.          0.          0.          1.          0.        ]
 [ 0.          0.          0.          0.          0.          1.        ]]
R2 #[[ 0.99999575  0.         -0.00291511  0.          0.          0.        ]
 [ 0.          0.99999575  0.         -0.00291511  0.          0.        ]
 [ 0.00291511  0.          0.99999575  0.          0.          0.        ]
 [ 0.          0.00291511  0.          0.99999575  0.          0.        ]
 [ 0.          0.          0.          0.          1.          0.        ]
 [ 0.          0.          0.          0.          0.          1.        ]]
Param #2421: delta OK; RMS=0.0009995 mm
quads_tilt_fit #0.0019823307184557216
delta_local #[1.e-06]
R1 #[[ 0.99999803  0.          0.00198333  0.          0.          0.        ]
 [ 0.          0.99999803  0.          0.00198333  0.          0.        ]
 [-0.00198333  0.          0.99999803  0.          0.          0.        ]
 [ 0.         -0.00198333  0.          0.99999803  0.          0.        ]
 [ 0.          0.          0.          0.          1.          0.        ]
 [ 0.          0.          0.          0.          0.          1.        ]]
R2 #[[ 0.99999803  0.         -0.00198333  0.          0.          0.        ]
 [ 0.          0.99999803  0.         -0.00198333  0.          0.        ]
 [ 0.00198333  0.          0.99999803  0.          0.          0.        ]
 [ 0.          0.00198333  0.          0.99999803  0.          0.        ]
 [ 0.          0.          0.          0.          1.          0.        ]
 [ 0.          0.          0.          0.          0.          1.        ]]
Param #1553: delta too small; RMS=1.8185e-06 mm
quads_tilt_fit #0.0019823307184557216
delta_local #[0.00054992]
R1 #[[ 0.99999679  0.          0.00253224  0.          0.          0.        ]
 [ 0.          0.99999679  0.          0.00253224  0.          0.        ]
 [-0.00253224  0.          0.99999679  0.          0.          0.        ]
 [ 0.         -0.00253224  0.          0.99999679  0.          0.        ]
 [ 0.          0.          0.          0.          1.          0.        ]
 [ 0.          0.          0.          0.          0.          1.        ]]
R2 #[[ 0.99999679  0.         -0.00253224  0.          0.          0.        ]
 [ 0.          0.99999679  0.         -0.00253224  0.          0.        ]
 [ 0.00253224  0.          0.99999679  0.          0.          0.        ]
 [ 0.          0.00253224  0.          0.99999679  0.          0.        ]
 [ 0.          0.          0.          0.          1.          0.        ]
 [ 0.          0.          0.          0.          0.          1.        ]]
Param #1553: delta OK; RMS=0.0010003 mm
quads_tilt_fit #0.001285619137630314
delta_local #[1.e-06]
R1 #[[ 0.99999917  0.          0.00128662  0.          0.          0.        ]
 [ 0.          0.99999917  0.          0.00128662  0.          0.        ]
 [-0.00128662  0.          0.99999917  0.          0.          0.        ]
 [ 0.         -0.00128662  0.          0.99999917  0.          0.        ]
 [ 0.          0.          0.          0.          1.          0.        ]
 [ 0.          0.          0.          0.          0.          1.        ]]
R2 #[[ 0.99999917  0.         -0.00128662  0.          0.          0.        ]
 [ 0.          0.99999917  0.         -0.00128662  0.          0.        ]
 [ 0.00128662  0.          0.99999917  0.          0.          0.        ]
 [ 0.          0.00128662  0.          0.99999917  0.          0.        ]
 [ 0.          0.          0.          0.          1.          0.        ]
 [ 0.          0.          0.          0.          0.          1.        ]]
Param #510: delta too small; RMS=1.9373e-06 mm
quads_tilt_fit #0.001285619137630314
delta_local #[0.00051619]
R1 #[[ 0.99999838  0.          0.00180181  0.          0.          0.        ]
 [ 0.          0.99999838  0.          0.00180181  0.          0.        ]
 [-0.00180181  0.          0.99999838  0.          0.          0.        ]
 [ 0.         -0.00180181  0.          0.99999838  0.          0.        ]
 [ 0.          0.          0.          0.          1.          0.        ]
 [ 0.          0.          0.          0.          0.          1.        ]]
R2 #[[ 0.99999838  0.         -0.00180181  0.          0.          0.        ]
 [ 0.          0.99999838  0.         -0.00180181  0.          0.        ]
 [ 0.00180181  0.          0.99999838  0.          0.          0.        ]
 [ 0.          0.00180181  0.          0.99999838  0.          0.        ]
 [ 0.          0.          0.          0.          1.          0.        ]
 [ 0.          0.          0.          0.          0.          1.        ]]
Param #510: delta OK; RMS=0.0009998 mm
quads_tilt_fit #-0.0016619708557553173
delta_local #[1.e-06]
R1 #[[ 0.99999862  0.         -0.00166097  0.          0.          0.        ]
 [ 0.          0.99999862  0.         -0.00166097  0.          0.        ]
 [ 0.00166097  0.          0.99999862  0.          0.          0.        ]
 [ 0.          0.00166097  0.          0.99999862  0.          0.        ]
 [ 0.          0.          0.          0.          1.          0.        ]
 [ 0.          0.          0.          0.          0.          1.        ]]
R2 #[[ 0.99999862  0.          0.00166097  0.          0.          0.        ]
 [ 0.          0.99999862  0.          0.00166097  0.          0.        ]
 [-0.00166097  0.          0.99999862  0.          0.          0.        ]
 [ 0.         -0.00166097  0.          0.99999862  0.          0.        ]
 [ 0.          0.          0.          0.          1.          0.        ]
 [ 0.          0.          0.          0.          0.          1.        ]]
Param #926: delta too small; RMS=1.6429e-06 mm
quads_tilt_fit #-0.0016619708557553173
delta_local #[0.00060869]
R1 #[[ 0.99999945  0.         -0.00105328  0.          0.          0.        ]
 [ 0.          0.99999945  0.         -0.00105328  0.          0.        ]
 [ 0.00105328  0.          0.99999945  0.          0.          0.        ]
 [ 0.          0.00105328  0.          0.99999945  0.          0.        ]
 [ 0.          0.          0.          0.          1.          0.        ]
 [ 0.          0.          0.          0.          0.          1.        ]]
R2 #[[ 0.99999945  0.          0.00105328  0.          0.          0.        ]
 [ 0.          0.99999945  0.          0.00105328  0.          0.        ]
 [-0.00105328  0.          0.99999945  0.          0.          0.        ]
 [ 0.         -0.00105328  0.          0.99999945  0.          0.        ]
 [ 0.          0.          0.          0.          1.          0.        ]
 [ 0.          0.          0.          0.          0.          1.        ]]
Param #926: delta OK; RMS=0.0010008 mm
quads_tilt_fit #0.00160412052151304
delta_local #[1.e-06]
R1 #[[ 0.99999871  0.          0.00160512  0.          0.          0.        ]
 [ 0.          0.99999871  0.          0.00160512  0.          0.        ]
 [-0.00160512  0.          0.99999871  0.          0.          0.        ]
 [ 0.         -0.00160512  0.          0.99999871  0.          0.        ]
 [ 0.          0.          0.          0.          1.          0.        ]
 [ 0.          0.          0.          0.          0.          1.        ]]
R2 #[[ 0.99999871  0.         -0.00160512  0.          0.          0.        ]
 [ 0.          0.99999871  0.         -0.00160512  0.          0.        ]
 [ 0.00160512  0.          0.99999871  0.          0.          0.        ]
 [ 0.          0.00160512  0.          0.99999871  0.          0.        ]
 [ 0.          0.          0.          0.          1.          0.        ]
 [ 0.          0.          0.          0.          0.          1.        ]]
Param #1344: delta too small; RMS=1.5191e-06 mm
quads_tilt_fit #0.00160412052151304
delta_local #[0.00065826]
R1 #[[ 0.99999744  0.          0.00226238  0.          0.          0.        ]
 [ 0.          0.99999744  0.          0.00226238  0.          0.        ]
 [-0.00226238  0.          0.99999744  0.          0.          0.        ]
 [ 0.         -0.00226238  0.          0.99999744  0.          0.        ]
 [ 0.          0.          0.          0.          1.          0.        ]
 [ 0.          0.          0.          0.          0.          1.        ]]
R2 #[[ 0.99999744  0.         -0.00226238  0.          0.          0.        ]
 [ 0.          0.99999744  0.         -0.00226238  0.          0.        ]
 [ 0.00226238  0.          0.99999744  0.          0.          0.        ]
 [ 0.          0.00226238  0.          0.99999744  0.          0.        ]
 [ 0.          0.          0.          0.          1.          0.        ]
 [ 0.          0.          0.          0.          0.          1.        ]]
Param #1344: delta OK; RMS=0.00099973 mm
quads_tilt_fit #-0.0005083708771979986
delta_local #[1.e-06]
R1 #[[ 9.99999871e-01  0.00000000e+00 -5.07370855e-04  0.00000000e+00
   0.00000000e+00  0.00000000e+00]
 [ 0.00000000e+00  9.99999871e-01  0.00000000e+00 -5.07370855e-04
   0.00000000e+00  0.00000000e+00]
 [ 5.07370855e-04  0.00000000e+00  9.99999871e-01  0.00000000e+00
   0.00000000e+00  0.00000000e+00]
 [ 0.00000000e+00  5.07370855e-04  0.00000000e+00  9.99999871e-01
   0.00000000e+00  0.00000000e+00]
 [ 0.00000000e+00  0.00000000e+00  0.00000000e+00  0.00000000e+00
   1.00000000e+00  0.00000000e+00]
 [ 0.00000000e+00  0.00000000e+00  0.00000000e+00  0.00000000e+00
   0.00000000e+00  1.00000000e+00]]
R2 #[[ 9.99999871e-01  0.00000000e+00  5.07370855e-04  0.00000000e+00
   0.00000000e+00  0.00000000e+00]
 [ 0.00000000e+00  9.99999871e-01  0.00000000e+00  5.07370855e-04
   0.00000000e+00  0.00000000e+00]
 [-5.07370855e-04  0.00000000e+00  9.99999871e-01  0.00000000e+00
   0.00000000e+00  0.00000000e+00]
 [ 0.00000000e+00 -5.07370855e-04  0.00000000e+00  9.99999871e-01
   0.00000000e+00  0.00000000e+00]
 [ 0.00000000e+00  0.00000000e+00  0.00000000e+00  0.00000000e+00
   1.00000000e+00  0.00000000e+00]
 [ 0.00000000e+00  0.00000000e+00  0.00000000e+00  0.00000000e+00
   0.00000000e+00  1.00000000e+00]]
Param #1762: delta too small; RMS=1.6839e-06 mm
quads_tilt_fit #-0.0005083708771979986
delta_local #[0.00059387]
R1 #[[ 9.99999996e-01  0.00000000e+00  8.54991429e-05  0.00000000e+00
   0.00000000e+00  0.00000000e+00]
 [ 0.00000000e+00  9.99999996e-01  0.00000000e+00  8.54991429e-05
   0.00000000e+00  0.00000000e+00]
 [-8.54991429e-05  0.00000000e+00  9.99999996e-01  0.00000000e+00
   0.00000000e+00  0.00000000e+00]
 [ 0.00000000e+00 -8.54991429e-05  0.00000000e+00  9.99999996e-01
   0.00000000e+00  0.00000000e+00]
 [ 0.00000000e+00  0.00000000e+00  0.00000000e+00  0.00000000e+00
   1.00000000e+00  0.00000000e+00]
 [ 0.00000000e+00  0.00000000e+00  0.00000000e+00  0.00000000e+00
   0.00000000e+00  1.00000000e+00]]
R2 #[[ 9.99999996e-01  0.00000000e+00 -8.54991429e-05  0.00000000e+00
   0.00000000e+00  0.00000000e+00]
 [ 0.00000000e+00  9.99999996e-01  0.00000000e+00 -8.54991429e-05
   0.00000000e+00  0.00000000e+00]
 [ 8.54991429e-05  0.00000000e+00  9.99999996e-01  0.00000000e+00
   0.00000000e+00  0.00000000e+00]
 [ 0.00000000e+00  8.54991429e-05  0.00000000e+00  9.99999996e-01
   0.00000000e+00  0.00000000e+00]
 [ 0.00000000e+00  0.00000000e+00  0.00000000e+00  0.00000000e+00
   1.00000000e+00  0.00000000e+00]
 [ 0.00000000e+00  0.00000000e+00  0.00000000e+00  0.00000000e+00
   0.00000000e+00  1.00000000e+00]]
Param #1762: delta OK; RMS=0.0010003 mm
quads_tilt_fit #-0.0010659382420519664
delta_local #[1.e-06]
R1 #[[ 0.99999943  0.         -0.00106494  0.          0.          0.        ]
 [ 0.          0.99999943  0.         -0.00106494  0.          0.        ]
 [ 0.00106494  0.          0.99999943  0.          0.          0.        ]
 [ 0.          0.00106494  0.          0.99999943  0.          0.        ]
 [ 0.          0.          0.          0.          1.          0.        ]
 [ 0.          0.          0.          0.          0.          1.        ]]
R2 #[[ 0.99999943  0.          0.00106494  0.          0.          0.        ]
 [ 0.          0.99999943  0.          0.00106494  0.          0.        ]
 [-0.00106494  0.          0.99999943  0.          0.          0.        ]
 [ 0.         -0.00106494  0.          0.99999943  0.          0.        ]
 [ 0.          0.          0.          0.          1.          0.        ]
 [ 0.          0.          0.          0.          0.          1.        ]]
Param #2180: delta too small; RMS=2.1878e-06 mm
quads_tilt_fit #-0.0010659382420519664
delta_local #[0.00045708]
R1 #[[ 9.99999815e-01  0.00000000e+00 -6.08861892e-04  0.00000000e+00
   0.00000000e+00  0.00000000e+00]
 [ 0.00000000e+00  9.99999815e-01  0.00000000e+00 -6.08861892e-04
   0.00000000e+00  0.00000000e+00]
 [ 6.08861892e-04  0.00000000e+00  9.99999815e-01  0.00000000e+00
   0.00000000e+00  0.00000000e+00]
 [ 0.00000000e+00  6.08861892e-04  0.00000000e+00  9.99999815e-01
   0.00000000e+00  0.00000000e+00]
 [ 0.00000000e+00  0.00000000e+00  0.00000000e+00  0.00000000e+00
   1.00000000e+00  0.00000000e+00]
 [ 0.00000000e+00  0.00000000e+00  0.00000000e+00  0.00000000e+00
   0.00000000e+00  1.00000000e+00]]
R2 #[[ 9.99999815e-01  0.00000000e+00  6.08861892e-04  0.00000000e+00
   0.00000000e+00  0.00000000e+00]
 [ 0.00000000e+00  9.99999815e-01  0.00000000e+00  6.08861892e-04
   0.00000000e+00  0.00000000e+00]
 [-6.08861892e-04  0.00000000e+00  9.99999815e-01  0.00000000e+00
   0.00000000e+00  0.00000000e+00]
 [ 0.00000000e+00 -6.08861892e-04  0.00000000e+00  9.99999815e-01
   0.00000000e+00  0.00000000e+00]
 [ 0.00000000e+00  0.00000000e+00  0.00000000e+00  0.00000000e+00
   1.00000000e+00  0.00000000e+00]
 [ 0.00000000e+00  0.00000000e+00  0.00000000e+00  0.00000000e+00
   0.00000000e+00  1.00000000e+00]]
Param #2180: delta OK; RMS=0.0010006 mm
quads_tilt_fit #-0.0018033724148867445
delta_local #[1.e-06]
R1 #[[ 0.99999838  0.         -0.00180237  0.          0.          0.        ]
 [ 0.          0.99999838  0.         -0.00180237  0.          0.        ]
 [ 0.00180237  0.          0.99999838  0.          0.          0.        ]
 [ 0.          0.00180237  0.          0.99999838  0.          0.        ]
 [ 0.          0.          0.          0.          1.          0.        ]
 [ 0.          0.          0.          0.          0.          1.        ]]
R2 #[[ 0.99999838  0.          0.00180237  0.          0.          0.        ]
 [ 0.          0.99999838  0.          0.00180237  0.          0.        ]
 [-0.00180237  0.          0.99999838  0.          0.          0.        ]
 [ 0.         -0.00180237  0.          0.99999838  0.          0.        ]
 [ 0.          0.          0.          0.          1.          0.        ]
 [ 0.          0.          0.          0.          0.          1.        ]]
Param #2397: delta too small; RMS=1.4522e-06 mm
quads_tilt_fit #-0.0018033724148867445
delta_local #[0.00068862]
R1 #[[ 0.99999938  0.         -0.00111475  0.          0.          0.        ]
 [ 0.          0.99999938  0.         -0.00111475  0.          0.        ]
 [ 0.00111475  0.          0.99999938  0.          0.          0.        ]
 [ 0.          0.00111475  0.          0.99999938  0.          0.        ]
 [ 0.          0.          0.          0.          1.          0.        ]
 [ 0.          0.          0.          0.          0.          1.        ]]
R2 #[[ 0.99999938  0.          0.00111475  0.          0.          0.        ]
 [ 0.          0.99999938  0.          0.00111475  0.          0.        ]
 [-0.00111475  0.          0.99999938  0.          0.          0.        ]
 [ 0.         -0.00111475  0.          0.99999938  0.          0.        ]
 [ 0.          0.          0.          0.          1.          0.        ]
 [ 0.          0.          0.          0.          0.          1.        ]]
Param #2397: delta OK; RMS=0.00099961 mm
quads_tilt_fit #-0.0003053563567655344
delta_local #[1.e-06]
R1 #[[ 9.99999954e-01  0.00000000e+00 -3.04356352e-04  0.00000000e+00
   0.00000000e+00  0.00000000e+00]
 [ 0.00000000e+00  9.99999954e-01  0.00000000e+00 -3.04356352e-04
   0.00000000e+00  0.00000000e+00]
 [ 3.04356352e-04  0.00000000e+00  9.99999954e-01  0.00000000e+00
   0.00000000e+00  0.00000000e+00]
 [ 0.00000000e+00  3.04356352e-04  0.00000000e+00  9.99999954e-01
   0.00000000e+00  0.00000000e+00]
 [ 0.00000000e+00  0.00000000e+00  0.00000000e+00  0.00000000e+00
   1.00000000e+00  0.00000000e+00]
 [ 0.00000000e+00  0.00000000e+00  0.00000000e+00  0.00000000e+00
   0.00000000e+00  1.00000000e+00]]
R2 #[[ 9.99999954e-01  0.00000000e+00  3.04356352e-04  0.00000000e+00
   0.00000000e+00  0.00000000e+00]
 [ 0.00000000e+00  9.99999954e-01  0.00000000e+00  3.04356352e-04
   0.00000000e+00  0.00000000e+00]
 [-3.04356352e-04  0.00000000e+00  9.99999954e-01  0.00000000e+00
   0.00000000e+00  0.00000000e+00]
 [ 0.00000000e+00 -3.04356352e-04  0.00000000e+00  9.99999954e-01
   0.00000000e+00  0.00000000e+00]
 [ 0.00000000e+00  0.00000000e+00  0.00000000e+00  0.00000000e+00
   1.00000000e+00  0.00000000e+00]
 [ 0.00000000e+00  0.00000000e+00  0.00000000e+00  0.00000000e+00
   0.00000000e+00  1.00000000e+00]]
Param #717: delta too small; RMS=1.4823e-06 mm
quads_tilt_fit #-0.0003053563567655344
delta_local #[0.00067461]
R1 #[[ 9.99999932e-01  0.00000000e+00  3.69251617e-04  0.00000000e+00
   0.00000000e+00  0.00000000e+00]
 [ 0.00000000e+00  9.99999932e-01  0.00000000e+00  3.69251617e-04
   0.00000000e+00  0.00000000e+00]
 [-3.69251617e-04  0.00000000e+00  9.99999932e-01  0.00000000e+00
   0.00000000e+00  0.00000000e+00]
 [ 0.00000000e+00 -3.69251617e-04  0.00000000e+00  9.99999932e-01
   0.00000000e+00  0.00000000e+00]
 [ 0.00000000e+00  0.00000000e+00  0.00000000e+00  0.00000000e+00
   1.00000000e+00  0.00000000e+00]
 [ 0.00000000e+00  0.00000000e+00  0.00000000e+00  0.00000000e+00
   0.00000000e+00  1.00000000e+00]]
R2 #[[ 9.99999932e-01  0.00000000e+00 -3.69251617e-04  0.00000000e+00
   0.00000000e+00  0.00000000e+00]
 [ 0.00000000e+00  9.99999932e-01  0.00000000e+00 -3.69251617e-04
   0.00000000e+00  0.00000000e+00]
 [ 3.69251617e-04  0.00000000e+00  9.99999932e-01  0.00000000e+00
   0.00000000e+00  0.00000000e+00]
 [ 0.00000000e+00  3.69251617e-04  0.00000000e+00  9.99999932e-01
   0.00000000e+00  0.00000000e+00]
 [ 0.00000000e+00  0.00000000e+00  0.00000000e+00  0.00000000e+00
   1.00000000e+00  0.00000000e+00]
 [ 0.00000000e+00  0.00000000e+00  0.00000000e+00  0.00000000e+00
   0.00000000e+00  1.00000000e+00]]
Param #717: delta OK; RMS=0.0009997 mm
quads_tilt_fit #-0.0009492298805853667
delta_local #[1.e-06]
R1 #[[ 9.99999550e-01  0.00000000e+00 -9.48229738e-04  0.00000000e+00
   0.00000000e+00  0.00000000e+00]
 [ 0.00000000e+00  9.99999550e-01  0.00000000e+00 -9.48229738e-04
   0.00000000e+00  0.00000000e+00]
 [ 9.48229738e-04  0.00000000e+00  9.99999550e-01  0.00000000e+00
   0.00000000e+00  0.00000000e+00]
 [ 0.00000000e+00  9.48229738e-04  0.00000000e+00  9.99999550e-01
   0.00000000e+00  0.00000000e+00]
 [ 0.00000000e+00  0.00000000e+00  0.00000000e+00  0.00000000e+00
   1.00000000e+00  0.00000000e+00]
 [ 0.00000000e+00  0.00000000e+00  0.00000000e+00  0.00000000e+00
   0.00000000e+00  1.00000000e+00]]
R2 #[[ 9.99999550e-01  0.00000000e+00  9.48229738e-04  0.00000000e+00
   0.00000000e+00  0.00000000e+00]
 [ 0.00000000e+00  9.99999550e-01  0.00000000e+00  9.48229738e-04
   0.00000000e+00  0.00000000e+00]
 [-9.48229738e-04  0.00000000e+00  9.99999550e-01  0.00000000e+00
   0.00000000e+00  0.00000000e+00]
 [ 0.00000000e+00 -9.48229738e-04  0.00000000e+00  9.99999550e-01
   0.00000000e+00  0.00000000e+00]
 [ 0.00000000e+00  0.00000000e+00  0.00000000e+00  0.00000000e+00
   1.00000000e+00  0.00000000e+00]
 [ 0.00000000e+00  0.00000000e+00  0.00000000e+00  0.00000000e+00
   0.00000000e+00  1.00000000e+00]]
Param #1135: delta too small; RMS=2.0264e-06 mm
quads_tilt_fit #-0.0009492298805853667
delta_local #[0.00049349]
R1 #[[ 9.99999896e-01  0.00000000e+00 -4.55742673e-04  0.00000000e+00
   0.00000000e+00  0.00000000e+00]
 [ 0.00000000e+00  9.99999896e-01  0.00000000e+00 -4.55742673e-04
   0.00000000e+00  0.00000000e+00]
 [ 4.55742673e-04  0.00000000e+00  9.99999896e-01  0.00000000e+00
   0.00000000e+00  0.00000000e+00]
 [ 0.00000000e+00  4.55742673e-04  0.00000000e+00  9.99999896e-01
   0.00000000e+00  0.00000000e+00]
 [ 0.00000000e+00  0.00000000e+00  0.00000000e+00  0.00000000e+00
   1.00000000e+00  0.00000000e+00]
 [ 0.00000000e+00  0.00000000e+00  0.00000000e+00  0.00000000e+00
   0.00000000e+00  1.00000000e+00]]
R2 #[[ 9.99999896e-01  0.00000000e+00  4.55742673e-04  0.00000000e+00
   0.00000000e+00  0.00000000e+00]
 [ 0.00000000e+00  9.99999896e-01  0.00000000e+00  4.55742673e-04
   0.00000000e+00  0.00000000e+00]
 [-4.55742673e-04  0.00000000e+00  9.99999896e-01  0.00000000e+00
   0.00000000e+00  0.00000000e+00]
 [ 0.00000000e+00 -4.55742673e-04  0.00000000e+00  9.99999896e-01
   0.00000000e+00  0.00000000e+00]
 [ 0.00000000e+00  0.00000000e+00  0.00000000e+00  0.00000000e+00
   1.00000000e+00  0.00000000e+00]
 [ 0.00000000e+00  0.00000000e+00  0.00000000e+00  0.00000000e+00
   0.00000000e+00  1.00000000e+00]]
Param #1135: delta OK; RMS=0.00099972 mm
quads_tilt_fit #-0.0005055148090738129
delta_local #[1.e-06]
R1 #[[ 9.99999873e-01  0.00000000e+00 -5.04514788e-04  0.00000000e+00
   0.00000000e+00  0.00000000e+00]
 [ 0.00000000e+00  9.99999873e-01  0.00000000e+00 -5.04514788e-04
   0.00000000e+00  0.00000000e+00]
 [ 5.04514788e-04  0.00000000e+00  9.99999873e-01  0.00000000e+00
   0.00000000e+00  0.00000000e+00]
 [ 0.00000000e+00  5.04514788e-04  0.00000000e+00  9.99999873e-01
   0.00000000e+00  0.00000000e+00]
 [ 0.00000000e+00  0.00000000e+00  0.00000000e+00  0.00000000e+00
   1.00000000e+00  0.00000000e+00]
 [ 0.00000000e+00  0.00000000e+00  0.00000000e+00  0.00000000e+00
   0.00000000e+00  1.00000000e+00]]
R2 #[[ 9.99999873e-01  0.00000000e+00  5.04514788e-04  0.00000000e+00
   0.00000000e+00  0.00000000e+00]
 [ 0.00000000e+00  9.99999873e-01  0.00000000e+00  5.04514788e-04
   0.00000000e+00  0.00000000e+00]
 [-5.04514788e-04  0.00000000e+00  9.99999873e-01  0.00000000e+00
   0.00000000e+00  0.00000000e+00]
 [ 0.00000000e+00 -5.04514788e-04  0.00000000e+00  9.99999873e-01
   0.00000000e+00  0.00000000e+00]
 [ 0.00000000e+00  0.00000000e+00  0.00000000e+00  0.00000000e+00
   1.00000000e+00  0.00000000e+00]
 [ 0.00000000e+00  0.00000000e+00  0.00000000e+00  0.00000000e+00
   0.00000000e+00  1.00000000e+00]]
Param #1971: delta too small; RMS=2.7193e-06 mm
quads_tilt_fit #-0.0005055148090738129
delta_local #[0.00036774]
R1 #[[ 9.99999991e-01  0.00000000e+00 -1.37772388e-04  0.00000000e+00
   0.00000000e+00  0.00000000e+00]
 [ 0.00000000e+00  9.99999991e-01  0.00000000e+00 -1.37772388e-04
   0.00000000e+00  0.00000000e+00]
 [ 1.37772388e-04  0.00000000e+00  9.99999991e-01  0.00000000e+00
   0.00000000e+00  0.00000000e+00]
 [ 0.00000000e+00  1.37772388e-04  0.00000000e+00  9.99999991e-01
   0.00000000e+00  0.00000000e+00]
 [ 0.00000000e+00  0.00000000e+00  0.00000000e+00  0.00000000e+00
   1.00000000e+00  0.00000000e+00]
 [ 0.00000000e+00  0.00000000e+00  0.00000000e+00  0.00000000e+00
   0.00000000e+00  1.00000000e+00]]
R2 #[[ 9.99999991e-01  0.00000000e+00  1.37772388e-04  0.00000000e+00
   0.00000000e+00  0.00000000e+00]
 [ 0.00000000e+00  9.99999991e-01  0.00000000e+00  1.37772388e-04
   0.00000000e+00  0.00000000e+00]
 [-1.37772388e-04  0.00000000e+00  9.99999991e-01  0.00000000e+00
   0.00000000e+00  0.00000000e+00]
 [ 0.00000000e+00 -1.37772388e-04  0.00000000e+00  9.99999991e-01
   0.00000000e+00  0.00000000e+00]
 [ 0.00000000e+00  0.00000000e+00  0.00000000e+00  0.00000000e+00
   1.00000000e+00  0.00000000e+00]
 [ 0.00000000e+00  0.00000000e+00  0.00000000e+00  0.00000000e+00
   0.00000000e+00  1.00000000e+00]]
Param #1971: delta OK; RMS=0.00099963 mm
quads_tilt_fit #2.869213779811404e-05
delta_local #[1.e-06]
R1 #[[ 1.00000000e+00  0.00000000e+00  2.96921378e-05  0.00000000e+00
   0.00000000e+00  0.00000000e+00]
 [ 0.00000000e+00  1.00000000e+00  0.00000000e+00  2.96921378e-05
   0.00000000e+00  0.00000000e+00]
 [-2.96921378e-05  0.00000000e+00  1.00000000e+00  0.00000000e+00
   0.00000000e+00  0.00000000e+00]
 [ 0.00000000e+00 -2.96921378e-05  0.00000000e+00  1.00000000e+00
   0.00000000e+00  0.00000000e+00]
 [ 0.00000000e+00  0.00000000e+00  0.00000000e+00  0.00000000e+00
   1.00000000e+00  0.00000000e+00]
 [ 0.00000000e+00  0.00000000e+00  0.00000000e+00  0.00000000e+00
   0.00000000e+00  1.00000000e+00]]
R2 #[[ 1.00000000e+00  0.00000000e+00 -2.96921378e-05  0.00000000e+00
   0.00000000e+00  0.00000000e+00]
 [ 0.00000000e+00  1.00000000e+00  0.00000000e+00 -2.96921378e-05
   0.00000000e+00  0.00000000e+00]
 [ 2.96921378e-05  0.00000000e+00  1.00000000e+00  0.00000000e+00
   0.00000000e+00  0.00000000e+00]
 [ 0.00000000e+00  2.96921378e-05  0.00000000e+00  1.00000000e+00
   0.00000000e+00  0.00000000e+00]
 [ 0.00000000e+00  0.00000000e+00  0.00000000e+00  0.00000000e+00
   1.00000000e+00  0.00000000e+00]
 [ 0.00000000e+00  0.00000000e+00  0.00000000e+00  0.00000000e+00
   0.00000000e+00  1.00000000e+00]]
Param #2389: delta too small; RMS=1.5008e-06 mm
quads_tilt_fit #2.869213779811404e-05
delta_local #[0.00066631]
R1 #[[ 9.99999758e-01  0.00000000e+00  6.95005596e-04  0.00000000e+00
   0.00000000e+00  0.00000000e+00]
 [ 0.00000000e+00  9.99999758e-01  0.00000000e+00  6.95005596e-04
   0.00000000e+00  0.00000000e+00]
 [-6.95005596e-04  0.00000000e+00  9.99999758e-01  0.00000000e+00
   0.00000000e+00  0.00000000e+00]
 [ 0.00000000e+00 -6.95005596e-04  0.00000000e+00  9.99999758e-01
   0.00000000e+00  0.00000000e+00]
 [ 0.00000000e+00  0.00000000e+00  0.00000000e+00  0.00000000e+00
   1.00000000e+00  0.00000000e+00]
 [ 0.00000000e+00  0.00000000e+00  0.00000000e+00  0.00000000e+00
   0.00000000e+00  1.00000000e+00]]
R2 #[[ 9.99999758e-01  0.00000000e+00 -6.95005596e-04  0.00000000e+00
   0.00000000e+00  0.00000000e+00]
 [ 0.00000000e+00  9.99999758e-01  0.00000000e+00 -6.95005596e-04
   0.00000000e+00  0.00000000e+00]
 [ 6.95005596e-04  0.00000000e+00  9.99999758e-01  0.00000000e+00
   0.00000000e+00  0.00000000e+00]
 [ 0.00000000e+00  6.95005596e-04  0.00000000e+00  9.99999758e-01
   0.00000000e+00  0.00000000e+00]
 [ 0.00000000e+00  0.00000000e+00  0.00000000e+00  0.00000000e+00
   1.00000000e+00  0.00000000e+00]
 [ 0.00000000e+00  0.00000000e+00  0.00000000e+00  0.00000000e+00
   0.00000000e+00  1.00000000e+00]]
Param #2389: delta OK; RMS=0.00099983 mm
quads_tilt_fit #-0.000524169038929702
delta_local #[1.e-06]
R1 #[[ 9.99999863e-01  0.00000000e+00 -5.23169015e-04  0.00000000e+00
   0.00000000e+00  0.00000000e+00]
 [ 0.00000000e+00  9.99999863e-01  0.00000000e+00 -5.23169015e-04
   0.00000000e+00  0.00000000e+00]
 [ 5.23169015e-04  0.00000000e+00  9.99999863e-01  0.00000000e+00
   0.00000000e+00  0.00000000e+00]
 [ 0.00000000e+00  5.23169015e-04  0.00000000e+00  9.99999863e-01
   0.00000000e+00  0.00000000e+00]
 [ 0.00000000e+00  0.00000000e+00  0.00000000e+00  0.00000000e+00
   1.00000000e+00  0.00000000e+00]
 [ 0.00000000e+00  0.00000000e+00  0.00000000e+00  0.00000000e+00
   0.00000000e+00  1.00000000e+00]]
R2 #[[ 9.99999863e-01  0.00000000e+00  5.23169015e-04  0.00000000e+00
   0.00000000e+00  0.00000000e+00]
 [ 0.00000000e+00  9.99999863e-01  0.00000000e+00  5.23169015e-04
   0.00000000e+00  0.00000000e+00]
 [-5.23169015e-04  0.00000000e+00  9.99999863e-01  0.00000000e+00
   0.00000000e+00  0.00000000e+00]
 [ 0.00000000e+00 -5.23169015e-04  0.00000000e+00  9.99999863e-01
   0.00000000e+00  0.00000000e+00]
 [ 0.00000000e+00  0.00000000e+00  0.00000000e+00  0.00000000e+00
   1.00000000e+00  0.00000000e+00]
 [ 0.00000000e+00  0.00000000e+00  0.00000000e+00  0.00000000e+00
   0.00000000e+00  1.00000000e+00]]
Param #5114: delta too small; RMS=1.0084e-06 mm
quads_tilt_fit #-0.000524169038929702
delta_local #[0.00099171]
R1 #[[ 9.99999891e-01  0.00000000e+00  4.67544924e-04  0.00000000e+00
   0.00000000e+00  0.00000000e+00]
 [ 0.00000000e+00  9.99999891e-01  0.00000000e+00  4.67544924e-04
   0.00000000e+00  0.00000000e+00]
 [-4.67544924e-04  0.00000000e+00  9.99999891e-01  0.00000000e+00
   0.00000000e+00  0.00000000e+00]
 [ 0.00000000e+00 -4.67544924e-04  0.00000000e+00  9.99999891e-01
   0.00000000e+00  0.00000000e+00]
 [ 0.00000000e+00  0.00000000e+00  0.00000000e+00  0.00000000e+00
   1.00000000e+00  0.00000000e+00]
 [ 0.00000000e+00  0.00000000e+00  0.00000000e+00  0.00000000e+00
   0.00000000e+00  1.00000000e+00]]
R2 #[[ 9.99999891e-01  0.00000000e+00 -4.67544924e-04  0.00000000e+00
   0.00000000e+00  0.00000000e+00]
 [ 0.00000000e+00  9.99999891e-01  0.00000000e+00 -4.67544924e-04
   0.00000000e+00  0.00000000e+00]
 [ 4.67544924e-04  0.00000000e+00  9.99999891e-01  0.00000000e+00
   0.00000000e+00  0.00000000e+00]
 [ 0.00000000e+00  4.67544924e-04  0.00000000e+00  9.99999891e-01
   0.00000000e+00  0.00000000e+00]
 [ 0.00000000e+00  0.00000000e+00  0.00000000e+00  0.00000000e+00
   1.00000000e+00  0.00000000e+00]
 [ 0.00000000e+00  0.00000000e+00  0.00000000e+00  0.00000000e+00
   0.00000000e+00  1.00000000e+00]]
Param #5114: delta OK; RMS=0.00099973 mm
quads_tilt_fit #0.00025289805293703116
delta_local #[1.e-06]
R1 #[[ 9.99999968e-01  0.00000000e+00  2.53898050e-04  0.00000000e+00
   0.00000000e+00  0.00000000e+00]
 [ 0.00000000e+00  9.99999968e-01  0.00000000e+00  2.53898050e-04
   0.00000000e+00  0.00000000e+00]
 [-2.53898050e-04  0.00000000e+00  9.99999968e-01  0.00000000e+00
   0.00000000e+00  0.00000000e+00]
 [ 0.00000000e+00 -2.53898050e-04  0.00000000e+00  9.99999968e-01
   0.00000000e+00  0.00000000e+00]
 [ 0.00000000e+00  0.00000000e+00  0.00000000e+00  0.00000000e+00
   1.00000000e+00  0.00000000e+00]
 [ 0.00000000e+00  0.00000000e+00  0.00000000e+00  0.00000000e+00
   0.00000000e+00  1.00000000e+00]]
R2 #[[ 9.99999968e-01  0.00000000e+00 -2.53898050e-04  0.00000000e+00
   0.00000000e+00  0.00000000e+00]
 [ 0.00000000e+00  9.99999968e-01  0.00000000e+00 -2.53898050e-04
   0.00000000e+00  0.00000000e+00]
 [ 2.53898050e-04  0.00000000e+00  9.99999968e-01  0.00000000e+00
   0.00000000e+00  0.00000000e+00]
 [ 0.00000000e+00  2.53898050e-04  0.00000000e+00  9.99999968e-01
   0.00000000e+00  0.00000000e+00]
 [ 0.00000000e+00  0.00000000e+00  0.00000000e+00  0.00000000e+00
   1.00000000e+00  0.00000000e+00]
 [ 0.00000000e+00  0.00000000e+00  0.00000000e+00  0.00000000e+00
   0.00000000e+00  1.00000000e+00]]
Param #4246: delta too small; RMS=1.8208e-06 mm
quads_tilt_fit #0.00025289805293703116
delta_local #[0.00054921]
R1 #[[ 9.99999678e-01  0.00000000e+00  8.02109178e-04  0.00000000e+00
   0.00000000e+00  0.00000000e+00]
 [ 0.00000000e+00  9.99999678e-01  0.00000000e+00  8.02109178e-04
   0.00000000e+00  0.00000000e+00]
 [-8.02109178e-04  0.00000000e+00  9.99999678e-01  0.00000000e+00
   0.00000000e+00  0.00000000e+00]
 [ 0.00000000e+00 -8.02109178e-04  0.00000000e+00  9.99999678e-01
   0.00000000e+00  0.00000000e+00]
 [ 0.00000000e+00  0.00000000e+00  0.00000000e+00  0.00000000e+00
   1.00000000e+00  0.00000000e+00]
 [ 0.00000000e+00  0.00000000e+00  0.00000000e+00  0.00000000e+00
   0.00000000e+00  1.00000000e+00]]
R2 #[[ 9.99999678e-01  0.00000000e+00 -8.02109178e-04  0.00000000e+00
   0.00000000e+00  0.00000000e+00]
 [ 0.00000000e+00  9.99999678e-01  0.00000000e+00 -8.02109178e-04
   0.00000000e+00  0.00000000e+00]
 [ 8.02109178e-04  0.00000000e+00  9.99999678e-01  0.00000000e+00
   0.00000000e+00  0.00000000e+00]
 [ 0.00000000e+00  8.02109178e-04  0.00000000e+00  9.99999678e-01
   0.00000000e+00  0.00000000e+00]
 [ 0.00000000e+00  0.00000000e+00  0.00000000e+00  0.00000000e+00
   1.00000000e+00  0.00000000e+00]
 [ 0.00000000e+00  0.00000000e+00  0.00000000e+00  0.00000000e+00
   0.00000000e+00  1.00000000e+00]]
Param #4246: delta OK; RMS=0.0010003 mm
quads_tilt_fit #0.0008234967324529312
delta_local #[1.e-06]
R1 #[[ 9.99999660e-01  0.00000000e+00  8.24496639e-04  0.00000000e+00
   0.00000000e+00  0.00000000e+00]
 [ 0.00000000e+00  9.99999660e-01  0.00000000e+00  8.24496639e-04
   0.00000000e+00  0.00000000e+00]
 [-8.24496639e-04  0.00000000e+00  9.99999660e-01  0.00000000e+00
   0.00000000e+00  0.00000000e+00]
 [ 0.00000000e+00 -8.24496639e-04  0.00000000e+00  9.99999660e-01
   0.00000000e+00  0.00000000e+00]
 [ 0.00000000e+00  0.00000000e+00  0.00000000e+00  0.00000000e+00
   1.00000000e+00  0.00000000e+00]
 [ 0.00000000e+00  0.00000000e+00  0.00000000e+00  0.00000000e+00
   0.00000000e+00  1.00000000e+00]]
R2 #[[ 9.99999660e-01  0.00000000e+00 -8.24496639e-04  0.00000000e+00
   0.00000000e+00  0.00000000e+00]
 [ 0.00000000e+00  9.99999660e-01  0.00000000e+00 -8.24496639e-04
   0.00000000e+00  0.00000000e+00]
 [ 8.24496639e-04  0.00000000e+00  9.99999660e-01  0.00000000e+00
   0.00000000e+00  0.00000000e+00]
 [ 0.00000000e+00  8.24496639e-04  0.00000000e+00  9.99999660e-01
   0.00000000e+00  0.00000000e+00]
 [ 0.00000000e+00  0.00000000e+00  0.00000000e+00  0.00000000e+00
   1.00000000e+00  0.00000000e+00]
 [ 0.00000000e+00  0.00000000e+00  0.00000000e+00  0.00000000e+00
   0.00000000e+00  1.00000000e+00]]
Param #3203: delta too small; RMS=1.4226e-06 mm
quads_tilt_fit #0.0008234967324529312
delta_local #[0.00070295]
R1 #[[ 0.99999883  0.          0.00152645  0.          0.          0.        ]
 [ 0.          0.99999883  0.          0.00152645  0.          0.        ]
 [-0.00152645  0.          0.99999883  0.          0.          0.        ]
 [ 0.         -0.00152645  0.          0.99999883  0.          0.        ]
 [ 0.          0.          0.          0.          1.          0.        ]
 [ 0.          0.          0.          0.          0.          1.        ]]
R2 #[[ 0.99999883  0.         -0.00152645  0.          0.          0.        ]
 [ 0.          0.99999883  0.         -0.00152645  0.          0.        ]
 [ 0.00152645  0.          0.99999883  0.          0.          0.        ]
 [ 0.          0.00152645  0.          0.99999883  0.          0.        ]
 [ 0.          0.          0.          0.          1.          0.        ]
 [ 0.          0.          0.          0.          0.          1.        ]]
Param #3203: delta OK; RMS=0.00099995 mm
quads_tilt_fit #-0.0011274983856773514
delta_local #[1.e-06]
R1 #[[ 0.99999937  0.         -0.0011265   0.          0.          0.        ]
 [ 0.          0.99999937  0.         -0.0011265   0.          0.        ]
 [ 0.0011265   0.          0.99999937  0.          0.          0.        ]
 [ 0.          0.0011265   0.          0.99999937  0.          0.        ]
 [ 0.          0.          0.          0.          1.          0.        ]
 [ 0.          0.          0.          0.          0.          1.        ]]
R2 #[[ 0.99999937  0.          0.0011265   0.          0.          0.        ]
 [ 0.          0.99999937  0.          0.0011265   0.          0.        ]
 [-0.0011265   0.          0.99999937  0.          0.          0.        ]
 [ 0.         -0.0011265   0.          0.99999937  0.          0.        ]
 [ 0.          0.          0.          0.          1.          0.        ]
 [ 0.          0.          0.          0.          0.          1.        ]]
Param #3619: delta too small; RMS=1.859e-06 mm
quads_tilt_fit #-0.0011274983856773514
delta_local #[0.00053793]
R1 #[[ 9.99999826e-01  0.00000000e+00 -5.89571254e-04  0.00000000e+00
   0.00000000e+00  0.00000000e+00]
 [ 0.00000000e+00  9.99999826e-01  0.00000000e+00 -5.89571254e-04
   0.00000000e+00  0.00000000e+00]
 [ 5.89571254e-04  0.00000000e+00  9.99999826e-01  0.00000000e+00
   0.00000000e+00  0.00000000e+00]
 [ 0.00000000e+00  5.89571254e-04  0.00000000e+00  9.99999826e-01
   0.00000000e+00  0.00000000e+00]
 [ 0.00000000e+00  0.00000000e+00  0.00000000e+00  0.00000000e+00
   1.00000000e+00  0.00000000e+00]
 [ 0.00000000e+00  0.00000000e+00  0.00000000e+00  0.00000000e+00
   0.00000000e+00  1.00000000e+00]]
R2 #[[ 9.99999826e-01  0.00000000e+00  5.89571254e-04  0.00000000e+00
   0.00000000e+00  0.00000000e+00]
 [ 0.00000000e+00  9.99999826e-01  0.00000000e+00  5.89571254e-04
   0.00000000e+00  0.00000000e+00]
 [-5.89571254e-04  0.00000000e+00  9.99999826e-01  0.00000000e+00
   0.00000000e+00  0.00000000e+00]
 [ 0.00000000e+00 -5.89571254e-04  0.00000000e+00  9.99999826e-01
   0.00000000e+00  0.00000000e+00]
 [ 0.00000000e+00  0.00000000e+00  0.00000000e+00  0.00000000e+00
   1.00000000e+00  0.00000000e+00]
 [ 0.00000000e+00  0.00000000e+00  0.00000000e+00  0.00000000e+00
   0.00000000e+00  1.00000000e+00]]
Param #3619: delta OK; RMS=0.001 mm
quads_tilt_fit #0.00046619625795779444
delta_local #[1.e-06]
R1 #[[ 9.99999891e-01  0.00000000e+00  4.67196241e-04  0.00000000e+00
   0.00000000e+00  0.00000000e+00]
 [ 0.00000000e+00  9.99999891e-01  0.00000000e+00  4.67196241e-04
   0.00000000e+00  0.00000000e+00]
 [-4.67196241e-04  0.00000000e+00  9.99999891e-01  0.00000000e+00
   0.00000000e+00  0.00000000e+00]
 [ 0.00000000e+00 -4.67196241e-04  0.00000000e+00  9.99999891e-01
   0.00000000e+00  0.00000000e+00]
 [ 0.00000000e+00  0.00000000e+00  0.00000000e+00  0.00000000e+00
   1.00000000e+00  0.00000000e+00]
 [ 0.00000000e+00  0.00000000e+00  0.00000000e+00  0.00000000e+00
   0.00000000e+00  1.00000000e+00]]
R2 #[[ 9.99999891e-01  0.00000000e+00 -4.67196241e-04  0.00000000e+00
   0.00000000e+00  0.00000000e+00]
 [ 0.00000000e+00  9.99999891e-01  0.00000000e+00 -4.67196241e-04
   0.00000000e+00  0.00000000e+00]
 [ 4.67196241e-04  0.00000000e+00  9.99999891e-01  0.00000000e+00
   0.00000000e+00  0.00000000e+00]
 [ 0.00000000e+00  4.67196241e-04  0.00000000e+00  9.99999891e-01
   0.00000000e+00  0.00000000e+00]
 [ 0.00000000e+00  0.00000000e+00  0.00000000e+00  0.00000000e+00
   1.00000000e+00  0.00000000e+00]
 [ 0.00000000e+00  0.00000000e+00  0.00000000e+00  0.00000000e+00
   0.00000000e+00  1.00000000e+00]]
Param #4037: delta too small; RMS=2.0653e-06 mm
quads_tilt_fit #0.00046619625795779444
delta_local #[0.00048418]
R1 #[[ 9.99999548e-01  0.00000000e+00  9.50377539e-04  0.00000000e+00
   0.00000000e+00  0.00000000e+00]
 [ 0.00000000e+00  9.99999548e-01  0.00000000e+00  9.50377539e-04
   0.00000000e+00  0.00000000e+00]
 [-9.50377539e-04  0.00000000e+00  9.99999548e-01  0.00000000e+00
   0.00000000e+00  0.00000000e+00]
 [ 0.00000000e+00 -9.50377539e-04  0.00000000e+00  9.99999548e-01
   0.00000000e+00  0.00000000e+00]
 [ 0.00000000e+00  0.00000000e+00  0.00000000e+00  0.00000000e+00
   1.00000000e+00  0.00000000e+00]
 [ 0.00000000e+00  0.00000000e+00  0.00000000e+00  0.00000000e+00
   0.00000000e+00  1.00000000e+00]]
R2 #[[ 9.99999548e-01  0.00000000e+00 -9.50377539e-04  0.00000000e+00
   0.00000000e+00  0.00000000e+00]
 [ 0.00000000e+00  9.99999548e-01  0.00000000e+00 -9.50377539e-04
   0.00000000e+00  0.00000000e+00]
 [ 9.50377539e-04  0.00000000e+00  9.99999548e-01  0.00000000e+00
   0.00000000e+00  0.00000000e+00]
 [ 0.00000000e+00  9.50377539e-04  0.00000000e+00  9.99999548e-01
   0.00000000e+00  0.00000000e+00]
 [ 0.00000000e+00  0.00000000e+00  0.00000000e+00  0.00000000e+00
   1.00000000e+00  0.00000000e+00]
 [ 0.00000000e+00  0.00000000e+00  0.00000000e+00  0.00000000e+00
   0.00000000e+00  1.00000000e+00]]
Param #4037: delta OK; RMS=0.00099951 mm
quads_tilt_fit #0.0008118210189037906
delta_local #[1.e-06]
R1 #[[ 9.99999670e-01  0.00000000e+00  8.12820929e-04  0.00000000e+00
   0.00000000e+00  0.00000000e+00]
 [ 0.00000000e+00  9.99999670e-01  0.00000000e+00  8.12820929e-04
   0.00000000e+00  0.00000000e+00]
 [-8.12820929e-04  0.00000000e+00  9.99999670e-01  0.00000000e+00
   0.00000000e+00  0.00000000e+00]
 [ 0.00000000e+00 -8.12820929e-04  0.00000000e+00  9.99999670e-01
   0.00000000e+00  0.00000000e+00]
 [ 0.00000000e+00  0.00000000e+00  0.00000000e+00  0.00000000e+00
   1.00000000e+00  0.00000000e+00]
 [ 0.00000000e+00  0.00000000e+00  0.00000000e+00  0.00000000e+00
   0.00000000e+00  1.00000000e+00]]
R2 #[[ 9.99999670e-01  0.00000000e+00 -8.12820929e-04  0.00000000e+00
   0.00000000e+00  0.00000000e+00]
 [ 0.00000000e+00  9.99999670e-01  0.00000000e+00 -8.12820929e-04
   0.00000000e+00  0.00000000e+00]
 [ 8.12820929e-04  0.00000000e+00  9.99999670e-01  0.00000000e+00
   0.00000000e+00  0.00000000e+00]
 [ 0.00000000e+00  8.12820929e-04  0.00000000e+00  9.99999670e-01
   0.00000000e+00  0.00000000e+00]
 [ 0.00000000e+00  0.00000000e+00  0.00000000e+00  0.00000000e+00
   1.00000000e+00  0.00000000e+00]
 [ 0.00000000e+00  0.00000000e+00  0.00000000e+00  0.00000000e+00
   0.00000000e+00  1.00000000e+00]]
Param #4455: delta too small; RMS=1.31e-06 mm
quads_tilt_fit #0.0008118210189037906
delta_local #[0.00076339]
R1 #[[ 0.99999876  0.          0.00157521  0.          0.          0.        ]
 [ 0.          0.99999876  0.          0.00157521  0.          0.        ]
 [-0.00157521  0.          0.99999876  0.          0.          0.        ]
 [ 0.         -0.00157521  0.          0.99999876  0.          0.        ]
 [ 0.          0.          0.          0.          1.          0.        ]
 [ 0.          0.          0.          0.          0.          1.        ]]
R2 #[[ 0.99999876  0.         -0.00157521  0.          0.          0.        ]
 [ 0.          0.99999876  0.         -0.00157521  0.          0.        ]
 [ 0.00157521  0.          0.99999876  0.          0.          0.        ]
 [ 0.          0.00157521  0.          0.99999876  0.          0.        ]
 [ 0.          0.          0.          0.          1.          0.        ]
 [ 0.          0.          0.          0.          0.          1.        ]]
Param #4455: delta OK; RMS=0.0010002 mm
quads_tilt_fit #-0.0017073908764762245
delta_local #[1.e-06]
R1 #[[ 0.99999854  0.         -0.00170639  0.          0.          0.        ]
 [ 0.          0.99999854  0.         -0.00170639  0.          0.        ]
 [ 0.00170639  0.          0.99999854  0.          0.          0.        ]
 [ 0.          0.00170639  0.          0.99999854  0.          0.        ]
 [ 0.          0.          0.          0.          1.          0.        ]
 [ 0.          0.          0.          0.          0.          1.        ]]
R2 #[[ 0.99999854  0.          0.00170639  0.          0.          0.        ]
 [ 0.          0.99999854  0.          0.00170639  0.          0.        ]
 [-0.00170639  0.          0.99999854  0.          0.          0.        ]
 [ 0.         -0.00170639  0.          0.99999854  0.          0.        ]
 [ 0.          0.          0.          0.          1.          0.        ]
 [ 0.          0.          0.          0.          0.          1.        ]]
Param #4873: delta too small; RMS=1.5401e-06 mm
quads_tilt_fit #-0.0017073908764762245
delta_local #[0.0006493]
R1 #[[ 0.99999944  0.         -0.00105809  0.          0.          0.        ]
 [ 0.          0.99999944  0.         -0.00105809  0.          0.        ]
 [ 0.00105809  0.          0.99999944  0.          0.          0.        ]
 [ 0.          0.00105809  0.          0.99999944  0.          0.        ]
 [ 0.          0.          0.          0.          1.          0.        ]
 [ 0.          0.          0.          0.          0.          1.        ]]
R2 #[[ 0.99999944  0.          0.00105809  0.          0.          0.        ]
 [ 0.          0.99999944  0.          0.00105809  0.          0.        ]
 [-0.00105809  0.          0.99999944  0.          0.          0.        ]
 [ 0.         -0.00105809  0.          0.99999944  0.          0.        ]
 [ 0.          0.          0.          0.          1.          0.        ]
 [ 0.          0.          0.          0.          0.          1.        ]]
Param #4873: delta OK; RMS=0.00099995 mm
quads_tilt_fit #0.0014359040943293987
delta_local #[1.e-06]
R1 #[[ 0.99999897  0.          0.0014369   0.          0.          0.        ]
 [ 0.          0.99999897  0.          0.0014369   0.          0.        ]
 [-0.0014369   0.          0.99999897  0.          0.          0.        ]
 [ 0.         -0.0014369   0.          0.99999897  0.          0.        ]
 [ 0.          0.          0.          0.          1.          0.        ]
 [ 0.          0.          0.          0.          0.          1.        ]]
R2 #[[ 0.99999897  0.         -0.0014369   0.          0.          0.        ]
 [ 0.          0.99999897  0.         -0.0014369   0.          0.        ]
 [ 0.0014369   0.          0.99999897  0.          0.          0.        ]
 [ 0.          0.0014369   0.          0.99999897  0.          0.        ]
 [ 0.          0.          0.          0.          1.          0.        ]
 [ 0.          0.          0.          0.          0.          1.        ]]
Param #5090: delta too small; RMS=2.3898e-06 mm
quads_tilt_fit #0.0014359040943293987
delta_local #[0.00041845]
R1 #[[ 0.99999828  0.          0.00185435  0.          0.          0.        ]
 [ 0.          0.99999828  0.          0.00185435  0.          0.        ]
 [-0.00185435  0.          0.99999828  0.          0.          0.        ]
 [ 0.         -0.00185435  0.          0.99999828  0.          0.        ]
 [ 0.          0.          0.          0.          1.          0.        ]
 [ 0.          0.          0.          0.          0.          1.        ]]
R2 #[[ 0.99999828  0.         -0.00185435  0.          0.          0.        ]
 [ 0.          0.99999828  0.         -0.00185435  0.          0.        ]
 [ 0.00185435  0.          0.99999828  0.          0.          0.        ]
 [ 0.          0.00185435  0.          0.99999828  0.          0.        ]
 [ 0.          0.          0.          0.          1.          0.        ]
 [ 0.          0.          0.          0.          0.          1.        ]]
Param #5090: delta OK; RMS=0.00099966 mm
quads_tilt_fit #0.00032057670143699084
delta_local #[1.e-06]
R1 #[[ 9.99999948e-01  0.00000000e+00  3.21576696e-04  0.00000000e+00
   0.00000000e+00  0.00000000e+00]
 [ 0.00000000e+00  9.99999948e-01  0.00000000e+00  3.21576696e-04
   0.00000000e+00  0.00000000e+00]
 [-3.21576696e-04  0.00000000e+00  9.99999948e-01  0.00000000e+00
   0.00000000e+00  0.00000000e+00]
 [ 0.00000000e+00 -3.21576696e-04  0.00000000e+00  9.99999948e-01
   0.00000000e+00  0.00000000e+00]
 [ 0.00000000e+00  0.00000000e+00  0.00000000e+00  0.00000000e+00
   1.00000000e+00  0.00000000e+00]
 [ 0.00000000e+00  0.00000000e+00  0.00000000e+00  0.00000000e+00
   0.00000000e+00  1.00000000e+00]]
R2 #[[ 9.99999948e-01  0.00000000e+00 -3.21576696e-04  0.00000000e+00
   0.00000000e+00  0.00000000e+00]
 [ 0.00000000e+00  9.99999948e-01  0.00000000e+00 -3.21576696e-04
   0.00000000e+00  0.00000000e+00]
 [ 3.21576696e-04  0.00000000e+00  9.99999948e-01  0.00000000e+00
   0.00000000e+00  0.00000000e+00]
 [ 0.00000000e+00  3.21576696e-04  0.00000000e+00  9.99999948e-01
   0.00000000e+00  0.00000000e+00]
 [ 0.00000000e+00  0.00000000e+00  0.00000000e+00  0.00000000e+00
   1.00000000e+00  0.00000000e+00]
 [ 0.00000000e+00  0.00000000e+00  0.00000000e+00  0.00000000e+00
   0.00000000e+00  1.00000000e+00]]
Param #3410: delta too small; RMS=1.3248e-06 mm
quads_tilt_fit #0.00032057670143699084
delta_local #[0.00075483]
R1 #[[ 0.99999942  0.          0.00107541  0.          0.          0.        ]
 [ 0.          0.99999942  0.          0.00107541  0.          0.        ]
 [-0.00107541  0.          0.99999942  0.          0.          0.        ]
 [ 0.         -0.00107541  0.          0.99999942  0.          0.        ]
 [ 0.          0.          0.          0.          1.          0.        ]
 [ 0.          0.          0.          0.          0.          1.        ]]
R2 #[[ 0.99999942  0.         -0.00107541  0.          0.          0.        ]
 [ 0.          0.99999942  0.         -0.00107541  0.          0.        ]
 [ 0.00107541  0.          0.99999942  0.          0.          0.        ]
 [ 0.          0.00107541  0.          0.99999942  0.          0.        ]
 [ 0.          0.          0.          0.          1.          0.        ]
 [ 0.          0.          0.          0.          0.          1.        ]]
Param #3410: delta OK; RMS=0.00099983 mm
quads_tilt_fit #-0.00011966186542005261
delta_local #[1.e-06]
R1 #[[ 9.99999993e-01  0.00000000e+00 -1.18661865e-04  0.00000000e+00
   0.00000000e+00  0.00000000e+00]
 [ 0.00000000e+00  9.99999993e-01  0.00000000e+00 -1.18661865e-04
   0.00000000e+00  0.00000000e+00]
 [ 1.18661865e-04  0.00000000e+00  9.99999993e-01  0.00000000e+00
   0.00000000e+00  0.00000000e+00]
 [ 0.00000000e+00  1.18661865e-04  0.00000000e+00  9.99999993e-01
   0.00000000e+00  0.00000000e+00]
 [ 0.00000000e+00  0.00000000e+00  0.00000000e+00  0.00000000e+00
   1.00000000e+00  0.00000000e+00]
 [ 0.00000000e+00  0.00000000e+00  0.00000000e+00  0.00000000e+00
   0.00000000e+00  1.00000000e+00]]
R2 #[[ 9.99999993e-01  0.00000000e+00  1.18661865e-04  0.00000000e+00
   0.00000000e+00  0.00000000e+00]
 [ 0.00000000e+00  9.99999993e-01  0.00000000e+00  1.18661865e-04
   0.00000000e+00  0.00000000e+00]
 [-1.18661865e-04  0.00000000e+00  9.99999993e-01  0.00000000e+00
   0.00000000e+00  0.00000000e+00]
 [ 0.00000000e+00 -1.18661865e-04  0.00000000e+00  9.99999993e-01
   0.00000000e+00  0.00000000e+00]
 [ 0.00000000e+00  0.00000000e+00  0.00000000e+00  0.00000000e+00
   1.00000000e+00  0.00000000e+00]
 [ 0.00000000e+00  0.00000000e+00  0.00000000e+00  0.00000000e+00
   0.00000000e+00  1.00000000e+00]]
Param #3828: delta too small; RMS=2.8439e-06 mm
quads_tilt_fit #-0.00011966186542005261
delta_local #[0.00035164]
R1 #[[ 9.99999973e-01  0.00000000e+00  2.31973969e-04  0.00000000e+00
   0.00000000e+00  0.00000000e+00]
 [ 0.00000000e+00  9.99999973e-01  0.00000000e+00  2.31973969e-04
   0.00000000e+00  0.00000000e+00]
 [-2.31973969e-04  0.00000000e+00  9.99999973e-01  0.00000000e+00
   0.00000000e+00  0.00000000e+00]
 [ 0.00000000e+00 -2.31973969e-04  0.00000000e+00  9.99999973e-01
   0.00000000e+00  0.00000000e+00]
 [ 0.00000000e+00  0.00000000e+00  0.00000000e+00  0.00000000e+00
   1.00000000e+00  0.00000000e+00]
 [ 0.00000000e+00  0.00000000e+00  0.00000000e+00  0.00000000e+00
   0.00000000e+00  1.00000000e+00]]
R2 #[[ 9.99999973e-01  0.00000000e+00 -2.31973969e-04  0.00000000e+00
   0.00000000e+00  0.00000000e+00]
 [ 0.00000000e+00  9.99999973e-01  0.00000000e+00 -2.31973969e-04
   0.00000000e+00  0.00000000e+00]
 [ 2.31973969e-04  0.00000000e+00  9.99999973e-01  0.00000000e+00
   0.00000000e+00  0.00000000e+00]
 [ 0.00000000e+00  2.31973969e-04  0.00000000e+00  9.99999973e-01
   0.00000000e+00  0.00000000e+00]
 [ 0.00000000e+00  0.00000000e+00  0.00000000e+00  0.00000000e+00
   1.00000000e+00  0.00000000e+00]
 [ 0.00000000e+00  0.00000000e+00  0.00000000e+00  0.00000000e+00
   0.00000000e+00  1.00000000e+00]]
Param #3828: delta OK; RMS=0.0010002 mm
quads_tilt_fit #-0.0002283700429045775
delta_local #[1.e-06]
R1 #[[ 9.99999974e-01  0.00000000e+00 -2.27370041e-04  0.00000000e+00
   0.00000000e+00  0.00000000e+00]
 [ 0.00000000e+00  9.99999974e-01  0.00000000e+00 -2.27370041e-04
   0.00000000e+00  0.00000000e+00]
 [ 2.27370041e-04  0.00000000e+00  9.99999974e-01  0.00000000e+00
   0.00000000e+00  0.00000000e+00]
 [ 0.00000000e+00  2.27370041e-04  0.00000000e+00  9.99999974e-01
   0.00000000e+00  0.00000000e+00]
 [ 0.00000000e+00  0.00000000e+00  0.00000000e+00  0.00000000e+00
   1.00000000e+00  0.00000000e+00]
 [ 0.00000000e+00  0.00000000e+00  0.00000000e+00  0.00000000e+00
   0.00000000e+00  1.00000000e+00]]
R2 #[[ 9.99999974e-01  0.00000000e+00  2.27370041e-04  0.00000000e+00
   0.00000000e+00  0.00000000e+00]
 [ 0.00000000e+00  9.99999974e-01  0.00000000e+00  2.27370041e-04
   0.00000000e+00  0.00000000e+00]
 [-2.27370041e-04  0.00000000e+00  9.99999974e-01  0.00000000e+00
   0.00000000e+00  0.00000000e+00]
 [ 0.00000000e+00 -2.27370041e-04  0.00000000e+00  9.99999974e-01
   0.00000000e+00  0.00000000e+00]
 [ 0.00000000e+00  0.00000000e+00  0.00000000e+00  0.00000000e+00
   1.00000000e+00  0.00000000e+00]
 [ 0.00000000e+00  0.00000000e+00  0.00000000e+00  0.00000000e+00
   0.00000000e+00  1.00000000e+00]]
Param #4664: delta too small; RMS=1.8363e-06 mm
quads_tilt_fit #-0.0002283700429045775
delta_local #[0.00054457]
R1 #[[ 9.99999950e-01  0.00000000e+00  3.16197099e-04  0.00000000e+00
   0.00000000e+00  0.00000000e+00]
 [ 0.00000000e+00  9.99999950e-01  0.00000000e+00  3.16197099e-04
   0.00000000e+00  0.00000000e+00]
 [-3.16197099e-04  0.00000000e+00  9.99999950e-01  0.00000000e+00
   0.00000000e+00  0.00000000e+00]
 [ 0.00000000e+00 -3.16197099e-04  0.00000000e+00  9.99999950e-01
   0.00000000e+00  0.00000000e+00]
 [ 0.00000000e+00  0.00000000e+00  0.00000000e+00  0.00000000e+00
   1.00000000e+00  0.00000000e+00]
 [ 0.00000000e+00  0.00000000e+00  0.00000000e+00  0.00000000e+00
   0.00000000e+00  1.00000000e+00]]
R2 #[[ 9.99999950e-01  0.00000000e+00 -3.16197099e-04  0.00000000e+00
   0.00000000e+00  0.00000000e+00]
 [ 0.00000000e+00  9.99999950e-01  0.00000000e+00 -3.16197099e-04
   0.00000000e+00  0.00000000e+00]
 [ 3.16197099e-04  0.00000000e+00  9.99999950e-01  0.00000000e+00
   0.00000000e+00  0.00000000e+00]
 [ 0.00000000e+00  3.16197099e-04  0.00000000e+00  9.99999950e-01
   0.00000000e+00  0.00000000e+00]
 [ 0.00000000e+00  0.00000000e+00  0.00000000e+00  0.00000000e+00
   1.00000000e+00  0.00000000e+00]
 [ 0.00000000e+00  0.00000000e+00  0.00000000e+00  0.00000000e+00
   0.00000000e+00  1.00000000e+00]]
Param #4664: delta OK; RMS=0.00099974 mm
quads_tilt_fit #0.000283127509090795
delta_local #[1.e-06]
R1 #[[ 9.99999960e-01  0.00000000e+00  2.84127505e-04  0.00000000e+00
   0.00000000e+00  0.00000000e+00]
 [ 0.00000000e+00  9.99999960e-01  0.00000000e+00  2.84127505e-04
   0.00000000e+00  0.00000000e+00]
 [-2.84127505e-04  0.00000000e+00  9.99999960e-01  0.00000000e+00
   0.00000000e+00  0.00000000e+00]
 [ 0.00000000e+00 -2.84127505e-04  0.00000000e+00  9.99999960e-01
   0.00000000e+00  0.00000000e+00]
 [ 0.00000000e+00  0.00000000e+00  0.00000000e+00  0.00000000e+00
   1.00000000e+00  0.00000000e+00]
 [ 0.00000000e+00  0.00000000e+00  0.00000000e+00  0.00000000e+00
   0.00000000e+00  1.00000000e+00]]
R2 #[[ 9.99999960e-01  0.00000000e+00 -2.84127505e-04  0.00000000e+00
   0.00000000e+00  0.00000000e+00]
 [ 0.00000000e+00  9.99999960e-01  0.00000000e+00 -2.84127505e-04
   0.00000000e+00  0.00000000e+00]
 [ 2.84127505e-04  0.00000000e+00  9.99999960e-01  0.00000000e+00
   0.00000000e+00  0.00000000e+00]
 [ 0.00000000e+00  2.84127505e-04  0.00000000e+00  9.99999960e-01
   0.00000000e+00  0.00000000e+00]
 [ 0.00000000e+00  0.00000000e+00  0.00000000e+00  0.00000000e+00
   1.00000000e+00  0.00000000e+00]
 [ 0.00000000e+00  0.00000000e+00  0.00000000e+00  0.00000000e+00
   0.00000000e+00  1.00000000e+00]]
Param #5082: delta too small; RMS=1.7879e-06 mm
quads_tilt_fit #0.000283127509090795
delta_local #[0.0005593]
R1 #[[ 9.99999645e-01  0.00000000e+00  8.42428569e-04  0.00000000e+00
   0.00000000e+00  0.00000000e+00]
 [ 0.00000000e+00  9.99999645e-01  0.00000000e+00  8.42428569e-04
   0.00000000e+00  0.00000000e+00]
 [-8.42428569e-04  0.00000000e+00  9.99999645e-01  0.00000000e+00
   0.00000000e+00  0.00000000e+00]
 [ 0.00000000e+00 -8.42428569e-04  0.00000000e+00  9.99999645e-01
   0.00000000e+00  0.00000000e+00]
 [ 0.00000000e+00  0.00000000e+00  0.00000000e+00  0.00000000e+00
   1.00000000e+00  0.00000000e+00]
 [ 0.00000000e+00  0.00000000e+00  0.00000000e+00  0.00000000e+00
   0.00000000e+00  1.00000000e+00]]
R2 #[[ 9.99999645e-01  0.00000000e+00 -8.42428569e-04  0.00000000e+00
   0.00000000e+00  0.00000000e+00]
 [ 0.00000000e+00  9.99999645e-01  0.00000000e+00 -8.42428569e-04
   0.00000000e+00  0.00000000e+00]
 [ 8.42428569e-04  0.00000000e+00  9.99999645e-01  0.00000000e+00
   0.00000000e+00  0.00000000e+00]
 [ 0.00000000e+00  8.42428569e-04  0.00000000e+00  9.99999645e-01
   0.00000000e+00  0.00000000e+00]
 [ 0.00000000e+00  0.00000000e+00  0.00000000e+00  0.00000000e+00
   1.00000000e+00  0.00000000e+00]
 [ 0.00000000e+00  0.00000000e+00  0.00000000e+00  0.00000000e+00
   0.00000000e+00  1.00000000e+00]]
Param #5082: delta OK; RMS=0.0010003 mm
quads_tilt_fit #0.00029170961439938187
delta_local #[1.e-06]
R1 #[[ 9.99999957e-01  0.00000000e+00  2.92709610e-04  0.00000000e+00
   0.00000000e+00  0.00000000e+00]
 [ 0.00000000e+00  9.99999957e-01  0.00000000e+00  2.92709610e-04
   0.00000000e+00  0.00000000e+00]
 [-2.92709610e-04  0.00000000e+00  9.99999957e-01  0.00000000e+00
   0.00000000e+00  0.00000000e+00]
 [ 0.00000000e+00 -2.92709610e-04  0.00000000e+00  9.99999957e-01
   0.00000000e+00  0.00000000e+00]
 [ 0.00000000e+00  0.00000000e+00  0.00000000e+00  0.00000000e+00
   1.00000000e+00  0.00000000e+00]
 [ 0.00000000e+00  0.00000000e+00  0.00000000e+00  0.00000000e+00
   0.00000000e+00  1.00000000e+00]]
R2 #[[ 9.99999957e-01  0.00000000e+00 -2.92709610e-04  0.00000000e+00
   0.00000000e+00  0.00000000e+00]
 [ 0.00000000e+00  9.99999957e-01  0.00000000e+00 -2.92709610e-04
   0.00000000e+00  0.00000000e+00]
 [ 2.92709610e-04  0.00000000e+00  9.99999957e-01  0.00000000e+00
   0.00000000e+00  0.00000000e+00]
 [ 0.00000000e+00  2.92709610e-04  0.00000000e+00  9.99999957e-01
   0.00000000e+00  0.00000000e+00]
 [ 0.00000000e+00  0.00000000e+00  0.00000000e+00  0.00000000e+00
   1.00000000e+00  0.00000000e+00]
 [ 0.00000000e+00  0.00000000e+00  0.00000000e+00  0.00000000e+00
   0.00000000e+00  1.00000000e+00]]
Param #6455: delta too small; RMS=1.5374e-06 mm
quads_tilt_fit #0.00029170961439938187
delta_local #[0.00065045]
R1 #[[ 9.99999556e-01  0.00000000e+00  9.42155304e-04  0.00000000e+00
   0.00000000e+00  0.00000000e+00]
 [ 0.00000000e+00  9.99999556e-01  0.00000000e+00  9.42155304e-04
   0.00000000e+00  0.00000000e+00]
 [-9.42155304e-04  0.00000000e+00  9.99999556e-01  0.00000000e+00
   0.00000000e+00  0.00000000e+00]
 [ 0.00000000e+00 -9.42155304e-04  0.00000000e+00  9.99999556e-01
   0.00000000e+00  0.00000000e+00]
 [ 0.00000000e+00  0.00000000e+00  0.00000000e+00  0.00000000e+00
   1.00000000e+00  0.00000000e+00]
 [ 0.00000000e+00  0.00000000e+00  0.00000000e+00  0.00000000e+00
   0.00000000e+00  1.00000000e+00]]
R2 #[[ 9.99999556e-01  0.00000000e+00 -9.42155304e-04  0.00000000e+00
   0.00000000e+00  0.00000000e+00]
 [ 0.00000000e+00  9.99999556e-01  0.00000000e+00 -9.42155304e-04
   0.00000000e+00  0.00000000e+00]
 [ 9.42155304e-04  0.00000000e+00  9.99999556e-01  0.00000000e+00
   0.00000000e+00  0.00000000e+00]
 [ 0.00000000e+00  9.42155304e-04  0.00000000e+00  9.99999556e-01
   0.00000000e+00  0.00000000e+00]
 [ 0.00000000e+00  0.00000000e+00  0.00000000e+00  0.00000000e+00
   1.00000000e+00  0.00000000e+00]
 [ 0.00000000e+00  0.00000000e+00  0.00000000e+00  0.00000000e+00
   0.00000000e+00  1.00000000e+00]]
Param #6455: delta OK; RMS=0.0010002 mm
quads_tilt_fit #-0.00028999653705397084
delta_local #[1.e-06]
R1 #[[ 9.99999958e-01  0.00000000e+00 -2.88996533e-04  0.00000000e+00
   0.00000000e+00  0.00000000e+00]
 [ 0.00000000e+00  9.99999958e-01  0.00000000e+00 -2.88996533e-04
   0.00000000e+00  0.00000000e+00]
 [ 2.88996533e-04  0.00000000e+00  9.99999958e-01  0.00000000e+00
   0.00000000e+00  0.00000000e+00]
 [ 0.00000000e+00  2.88996533e-04  0.00000000e+00  9.99999958e-01
   0.00000000e+00  0.00000000e+00]
 [ 0.00000000e+00  0.00000000e+00  0.00000000e+00  0.00000000e+00
   1.00000000e+00  0.00000000e+00]
 [ 0.00000000e+00  0.00000000e+00  0.00000000e+00  0.00000000e+00
   0.00000000e+00  1.00000000e+00]]
R2 #[[ 9.99999958e-01  0.00000000e+00  2.88996533e-04  0.00000000e+00
   0.00000000e+00  0.00000000e+00]
 [ 0.00000000e+00  9.99999958e-01  0.00000000e+00  2.88996533e-04
   0.00000000e+00  0.00000000e+00]
 [-2.88996533e-04  0.00000000e+00  9.99999958e-01  0.00000000e+00
   0.00000000e+00  0.00000000e+00]
 [ 0.00000000e+00 -2.88996533e-04  0.00000000e+00  9.99999958e-01
   0.00000000e+00  0.00000000e+00]
 [ 0.00000000e+00  0.00000000e+00  0.00000000e+00  0.00000000e+00
   1.00000000e+00  0.00000000e+00]
 [ 0.00000000e+00  0.00000000e+00  0.00000000e+00  0.00000000e+00
   0.00000000e+00  1.00000000e+00]]
Param #6441: delta too small; RMS=1.7847e-06 mm
quads_tilt_fit #-0.00028999653705397084
delta_local #[0.00056032]
R1 #[[ 9.99999963e-01  0.00000000e+00  2.70321565e-04  0.00000000e+00
   0.00000000e+00  0.00000000e+00]
 [ 0.00000000e+00  9.99999963e-01  0.00000000e+00  2.70321565e-04
   0.00000000e+00  0.00000000e+00]
 [-2.70321565e-04  0.00000000e+00  9.99999963e-01  0.00000000e+00
   0.00000000e+00  0.00000000e+00]
 [ 0.00000000e+00 -2.70321565e-04  0.00000000e+00  9.99999963e-01
   0.00000000e+00  0.00000000e+00]
 [ 0.00000000e+00  0.00000000e+00  0.00000000e+00  0.00000000e+00
   1.00000000e+00  0.00000000e+00]
 [ 0.00000000e+00  0.00000000e+00  0.00000000e+00  0.00000000e+00
   0.00000000e+00  1.00000000e+00]]
R2 #[[ 9.99999963e-01  0.00000000e+00 -2.70321565e-04  0.00000000e+00
   0.00000000e+00  0.00000000e+00]
 [ 0.00000000e+00  9.99999963e-01  0.00000000e+00 -2.70321565e-04
   0.00000000e+00  0.00000000e+00]
 [ 2.70321565e-04  0.00000000e+00  9.99999963e-01  0.00000000e+00
   0.00000000e+00  0.00000000e+00]
 [ 0.00000000e+00  2.70321565e-04  0.00000000e+00  9.99999963e-01
   0.00000000e+00  0.00000000e+00]
 [ 0.00000000e+00  0.00000000e+00  0.00000000e+00  0.00000000e+00
   1.00000000e+00  0.00000000e+00]
 [ 0.00000000e+00  0.00000000e+00  0.00000000e+00  0.00000000e+00
   0.00000000e+00  1.00000000e+00]]
Param #6441: delta OK; RMS=0.00099979 mm
quads_tilt_fit #0.00016604008938905844
delta_local #[1.e-06]
R1 #[[ 9.99999986e-01  0.00000000e+00  1.67040089e-04  0.00000000e+00
   0.00000000e+00  0.00000000e+00]
 [ 0.00000000e+00  9.99999986e-01  0.00000000e+00  1.67040089e-04
   0.00000000e+00  0.00000000e+00]
 [-1.67040089e-04  0.00000000e+00  9.99999986e-01  0.00000000e+00
   0.00000000e+00  0.00000000e+00]
 [ 0.00000000e+00 -1.67040089e-04  0.00000000e+00  9.99999986e-01
   0.00000000e+00  0.00000000e+00]
 [ 0.00000000e+00  0.00000000e+00  0.00000000e+00  0.00000000e+00
   1.00000000e+00  0.00000000e+00]
 [ 0.00000000e+00  0.00000000e+00  0.00000000e+00  0.00000000e+00
   0.00000000e+00  1.00000000e+00]]
R2 #[[ 9.99999986e-01  0.00000000e+00 -1.67040089e-04  0.00000000e+00
   0.00000000e+00  0.00000000e+00]
 [ 0.00000000e+00  9.99999986e-01  0.00000000e+00 -1.67040089e-04
   0.00000000e+00  0.00000000e+00]
 [ 1.67040089e-04  0.00000000e+00  9.99999986e-01  0.00000000e+00
   0.00000000e+00  0.00000000e+00]
 [ 0.00000000e+00  1.67040089e-04  0.00000000e+00  9.99999986e-01
   0.00000000e+00  0.00000000e+00]
 [ 0.00000000e+00  0.00000000e+00  0.00000000e+00  0.00000000e+00
   1.00000000e+00  0.00000000e+00]
 [ 0.00000000e+00  0.00000000e+00  0.00000000e+00  0.00000000e+00
   0.00000000e+00  1.00000000e+00]]
Param #6437: delta too small; RMS=2.0838e-06 mm
quads_tilt_fit #0.00016604008938905844
delta_local #[0.0004799]
R1 #[[ 9.99999791e-01  0.00000000e+00  6.45941932e-04  0.00000000e+00
   0.00000000e+00  0.00000000e+00]
 [ 0.00000000e+00  9.99999791e-01  0.00000000e+00  6.45941932e-04
   0.00000000e+00  0.00000000e+00]
 [-6.45941932e-04  0.00000000e+00  9.99999791e-01  0.00000000e+00
   0.00000000e+00  0.00000000e+00]
 [ 0.00000000e+00 -6.45941932e-04  0.00000000e+00  9.99999791e-01
   0.00000000e+00  0.00000000e+00]
 [ 0.00000000e+00  0.00000000e+00  0.00000000e+00  0.00000000e+00
   1.00000000e+00  0.00000000e+00]
 [ 0.00000000e+00  0.00000000e+00  0.00000000e+00  0.00000000e+00
   0.00000000e+00  1.00000000e+00]]
R2 #[[ 9.99999791e-01  0.00000000e+00 -6.45941932e-04  0.00000000e+00
   0.00000000e+00  0.00000000e+00]
 [ 0.00000000e+00  9.99999791e-01  0.00000000e+00 -6.45941932e-04
   0.00000000e+00  0.00000000e+00]
 [ 6.45941932e-04  0.00000000e+00  9.99999791e-01  0.00000000e+00
   0.00000000e+00  0.00000000e+00]
 [ 0.00000000e+00  6.45941932e-04  0.00000000e+00  9.99999791e-01
   0.00000000e+00  0.00000000e+00]
 [ 0.00000000e+00  0.00000000e+00  0.00000000e+00  0.00000000e+00
   1.00000000e+00  0.00000000e+00]
 [ 0.00000000e+00  0.00000000e+00  0.00000000e+00  0.00000000e+00
   0.00000000e+00  1.00000000e+00]]
Param #6437: delta OK; RMS=0.0010001 mm
quads_tilt_fit #1.1240848892905555e-05
delta_local #[1.e-06]
R1 #[[ 1.00000000e+00  0.00000000e+00  1.22408489e-05  0.00000000e+00
   0.00000000e+00  0.00000000e+00]
 [ 0.00000000e+00  1.00000000e+00  0.00000000e+00  1.22408489e-05
   0.00000000e+00  0.00000000e+00]
 [-1.22408489e-05  0.00000000e+00  1.00000000e+00  0.00000000e+00
   0.00000000e+00  0.00000000e+00]
 [ 0.00000000e+00 -1.22408489e-05  0.00000000e+00  1.00000000e+00
   0.00000000e+00  0.00000000e+00]
 [ 0.00000000e+00  0.00000000e+00  0.00000000e+00  0.00000000e+00
   1.00000000e+00  0.00000000e+00]
 [ 0.00000000e+00  0.00000000e+00  0.00000000e+00  0.00000000e+00
   0.00000000e+00  1.00000000e+00]]
R2 #[[ 1.00000000e+00  0.00000000e+00 -1.22408489e-05  0.00000000e+00
   0.00000000e+00  0.00000000e+00]
 [ 0.00000000e+00  1.00000000e+00  0.00000000e+00 -1.22408489e-05
   0.00000000e+00  0.00000000e+00]
 [ 1.22408489e-05  0.00000000e+00  1.00000000e+00  0.00000000e+00
   0.00000000e+00  0.00000000e+00]
 [ 0.00000000e+00  1.22408489e-05  0.00000000e+00  1.00000000e+00
   0.00000000e+00  0.00000000e+00]
 [ 0.00000000e+00  0.00000000e+00  0.00000000e+00  0.00000000e+00
   1.00000000e+00  0.00000000e+00]
 [ 0.00000000e+00  0.00000000e+00  0.00000000e+00  0.00000000e+00
   0.00000000e+00  1.00000000e+00]]
Param #6425: delta too small; RMS=2.0935e-06 mm
quads_tilt_fit #1.1240848892905555e-05
delta_local #[0.00047767]
R1 #[[ 9.99999880e-01  0.00000000e+00  4.88911852e-04  0.00000000e+00
   0.00000000e+00  0.00000000e+00]
 [ 0.00000000e+00  9.99999880e-01  0.00000000e+00  4.88911852e-04
   0.00000000e+00  0.00000000e+00]
 [-4.88911852e-04  0.00000000e+00  9.99999880e-01  0.00000000e+00
   0.00000000e+00  0.00000000e+00]
 [ 0.00000000e+00 -4.88911852e-04  0.00000000e+00  9.99999880e-01
   0.00000000e+00  0.00000000e+00]
 [ 0.00000000e+00  0.00000000e+00  0.00000000e+00  0.00000000e+00
   1.00000000e+00  0.00000000e+00]
 [ 0.00000000e+00  0.00000000e+00  0.00000000e+00  0.00000000e+00
   0.00000000e+00  1.00000000e+00]]
R2 #[[ 9.99999880e-01  0.00000000e+00 -4.88911852e-04  0.00000000e+00
   0.00000000e+00  0.00000000e+00]
 [ 0.00000000e+00  9.99999880e-01  0.00000000e+00 -4.88911852e-04
   0.00000000e+00  0.00000000e+00]
 [ 4.88911852e-04  0.00000000e+00  9.99999880e-01  0.00000000e+00
   0.00000000e+00  0.00000000e+00]
 [ 0.00000000e+00  4.88911852e-04  0.00000000e+00  9.99999880e-01
   0.00000000e+00  0.00000000e+00]
 [ 0.00000000e+00  0.00000000e+00  0.00000000e+00  0.00000000e+00
   1.00000000e+00  0.00000000e+00]
 [ 0.00000000e+00  0.00000000e+00  0.00000000e+00  0.00000000e+00
   0.00000000e+00  1.00000000e+00]]
Param #6425: delta OK; RMS=0.00099992 mm
quads_tilt_fit #3.2927317155767013e-06
delta_local #[1.e-06]
R1 #[[ 1.00000000e+00  0.00000000e+00  4.29273172e-06  0.00000000e+00
   0.00000000e+00  0.00000000e+00]
 [ 0.00000000e+00  1.00000000e+00  0.00000000e+00  4.29273172e-06
   0.00000000e+00  0.00000000e+00]
 [-4.29273172e-06  0.00000000e+00  1.00000000e+00  0.00000000e+00
   0.00000000e+00  0.00000000e+00]
 [ 0.00000000e+00 -4.29273172e-06  0.00000000e+00  1.00000000e+00
   0.00000000e+00  0.00000000e+00]
 [ 0.00000000e+00  0.00000000e+00  0.00000000e+00  0.00000000e+00
   1.00000000e+00  0.00000000e+00]
 [ 0.00000000e+00  0.00000000e+00  0.00000000e+00  0.00000000e+00
   0.00000000e+00  1.00000000e+00]]
R2 #[[ 1.00000000e+00  0.00000000e+00 -4.29273172e-06  0.00000000e+00
   0.00000000e+00  0.00000000e+00]
 [ 0.00000000e+00  1.00000000e+00  0.00000000e+00 -4.29273172e-06
   0.00000000e+00  0.00000000e+00]
 [ 4.29273172e-06  0.00000000e+00  1.00000000e+00  0.00000000e+00
   0.00000000e+00  0.00000000e+00]
 [ 0.00000000e+00  4.29273172e-06  0.00000000e+00  1.00000000e+00
   0.00000000e+00  0.00000000e+00]
 [ 0.00000000e+00  0.00000000e+00  0.00000000e+00  0.00000000e+00
   1.00000000e+00  0.00000000e+00]
 [ 0.00000000e+00  0.00000000e+00  0.00000000e+00  0.00000000e+00
   0.00000000e+00  1.00000000e+00]]
Param #6413: delta too small; RMS=1.9322e-06 mm
quads_tilt_fit #3.2927317155767013e-06
delta_local #[0.00051755]
R1 #[[ 9.99999864e-01  0.00000000e+00  5.20841239e-04  0.00000000e+00
   0.00000000e+00  0.00000000e+00]
 [ 0.00000000e+00  9.99999864e-01  0.00000000e+00  5.20841239e-04
   0.00000000e+00  0.00000000e+00]
 [-5.20841239e-04  0.00000000e+00  9.99999864e-01  0.00000000e+00
   0.00000000e+00  0.00000000e+00]
 [ 0.00000000e+00 -5.20841239e-04  0.00000000e+00  9.99999864e-01
   0.00000000e+00  0.00000000e+00]
 [ 0.00000000e+00  0.00000000e+00  0.00000000e+00  0.00000000e+00
   1.00000000e+00  0.00000000e+00]
 [ 0.00000000e+00  0.00000000e+00  0.00000000e+00  0.00000000e+00
   0.00000000e+00  1.00000000e+00]]
R2 #[[ 9.99999864e-01  0.00000000e+00 -5.20841239e-04  0.00000000e+00
   0.00000000e+00  0.00000000e+00]
 [ 0.00000000e+00  9.99999864e-01  0.00000000e+00 -5.20841239e-04
   0.00000000e+00  0.00000000e+00]
 [ 5.20841239e-04  0.00000000e+00  9.99999864e-01  0.00000000e+00
   0.00000000e+00  0.00000000e+00]
 [ 0.00000000e+00  5.20841239e-04  0.00000000e+00  9.99999864e-01
   0.00000000e+00  0.00000000e+00]
 [ 0.00000000e+00  0.00000000e+00  0.00000000e+00  0.00000000e+00
   1.00000000e+00  0.00000000e+00]
 [ 0.00000000e+00  0.00000000e+00  0.00000000e+00  0.00000000e+00
   0.00000000e+00  1.00000000e+00]]
Param #6413: delta OK; RMS=0.0010001 mm
quads_tilt_fit #0.0014903256597230848
delta_local #[1.e-06]
R1 #[[ 0.99999889  0.          0.00149133  0.          0.          0.        ]
 [ 0.          0.99999889  0.          0.00149133  0.          0.        ]
 [-0.00149133  0.          0.99999889  0.          0.          0.        ]
 [ 0.         -0.00149133  0.          0.99999889  0.          0.        ]
 [ 0.          0.          0.          0.          1.          0.        ]
 [ 0.          0.          0.          0.          0.          1.        ]]
R2 #[[ 0.99999889  0.         -0.00149133  0.          0.          0.        ]
 [ 0.          0.99999889  0.         -0.00149133  0.          0.        ]
 [ 0.00149133  0.          0.99999889  0.          0.          0.        ]
 [ 0.          0.00149133  0.          0.99999889  0.          0.        ]
 [ 0.          0.          0.          0.          1.          0.        ]
 [ 0.          0.          0.          0.          0.          1.        ]]
Param #7293: delta too small; RMS=1.7235e-06 mm
quads_tilt_fit #0.0014903256597230848
delta_local #[0.00058021]
R1 #[[ 0.99999786  0.          0.00207054  0.          0.          0.        ]
 [ 0.          0.99999786  0.          0.00207054  0.          0.        ]
 [-0.00207054  0.          0.99999786  0.          0.          0.        ]
 [ 0.         -0.00207054  0.          0.99999786  0.          0.        ]
 [ 0.          0.          0.          0.          1.          0.        ]
 [ 0.          0.          0.          0.          0.          1.        ]]
R2 #[[ 0.99999786  0.         -0.00207054  0.          0.          0.        ]
 [ 0.          0.99999786  0.         -0.00207054  0.          0.        ]
 [ 0.00207054  0.          0.99999786  0.          0.          0.        ]
 [ 0.          0.00207054  0.          0.99999786  0.          0.        ]
 [ 0.          0.          0.          0.          1.          0.        ]
 [ 0.          0.          0.          0.          0.          1.        ]]
Param #7293: delta OK; RMS=0.00099932 mm
quads_tilt_fit #-0.0017771049034255894
delta_local #[1.e-06]
R1 #[[ 0.99999842  0.         -0.0017761   0.          0.          0.        ]
 [ 0.          0.99999842  0.         -0.0017761   0.          0.        ]
 [ 0.0017761   0.          0.99999842  0.          0.          0.        ]
 [ 0.          0.0017761   0.          0.99999842  0.          0.        ]
 [ 0.          0.          0.          0.          1.          0.        ]
 [ 0.          0.          0.          0.          0.          1.        ]]
R2 #[[ 0.99999842  0.          0.0017761   0.          0.          0.        ]
 [ 0.          0.99999842  0.          0.0017761   0.          0.        ]
 [-0.0017761   0.          0.99999842  0.          0.          0.        ]
 [ 0.         -0.0017761   0.          0.99999842  0.          0.        ]
 [ 0.          0.          0.          0.          1.          0.        ]
 [ 0.          0.          0.          0.          0.          1.        ]]
Param #7367: delta too small; RMS=2.0926e-06 mm
quads_tilt_fit #-0.0017771049034255894
delta_local #[0.00047787]
R1 #[[ 0.99999916  0.         -0.00129924  0.          0.          0.        ]
 [ 0.          0.99999916  0.         -0.00129924  0.          0.        ]
 [ 0.00129924  0.          0.99999916  0.          0.          0.        ]
 [ 0.          0.00129924  0.          0.99999916  0.          0.        ]
 [ 0.          0.          0.          0.          1.          0.        ]
 [ 0.          0.          0.          0.          0.          1.        ]]
R2 #[[ 0.99999916  0.          0.00129924  0.          0.          0.        ]
 [ 0.          0.99999916  0.          0.00129924  0.          0.        ]
 [-0.00129924  0.          0.99999916  0.          0.          0.        ]
 [ 0.         -0.00129924  0.          0.99999916  0.          0.        ]
 [ 0.          0.          0.          0.          1.          0.        ]
 [ 0.          0.          0.          0.          0.          1.        ]]
Param #7367: delta OK; RMS=0.00099942 mm
quads_tilt_fit #0.0008224894919789864
delta_local #[1.e-06]
R1 #[[ 9.99999661e-01  0.00000000e+00  8.23489399e-04  0.00000000e+00
   0.00000000e+00  0.00000000e+00]
 [ 0.00000000e+00  9.99999661e-01  0.00000000e+00  8.23489399e-04
   0.00000000e+00  0.00000000e+00]
 [-8.23489399e-04  0.00000000e+00  9.99999661e-01  0.00000000e+00
   0.00000000e+00  0.00000000e+00]
 [ 0.00000000e+00 -8.23489399e-04  0.00000000e+00  9.99999661e-01
   0.00000000e+00  0.00000000e+00]
 [ 0.00000000e+00  0.00000000e+00  0.00000000e+00  0.00000000e+00
   1.00000000e+00  0.00000000e+00]
 [ 0.00000000e+00  0.00000000e+00  0.00000000e+00  0.00000000e+00
   0.00000000e+00  1.00000000e+00]]
R2 #[[ 9.99999661e-01  0.00000000e+00 -8.23489399e-04  0.00000000e+00
   0.00000000e+00  0.00000000e+00]
 [ 0.00000000e+00  9.99999661e-01  0.00000000e+00 -8.23489399e-04
   0.00000000e+00  0.00000000e+00]
 [ 8.23489399e-04  0.00000000e+00  9.99999661e-01  0.00000000e+00
   0.00000000e+00  0.00000000e+00]
 [ 0.00000000e+00  8.23489399e-04  0.00000000e+00  9.99999661e-01
   0.00000000e+00  0.00000000e+00]
 [ 0.00000000e+00  0.00000000e+00  0.00000000e+00  0.00000000e+00
   1.00000000e+00  0.00000000e+00]
 [ 0.00000000e+00  0.00000000e+00  0.00000000e+00  0.00000000e+00
   0.00000000e+00  1.00000000e+00]]
Param #7305: delta too small; RMS=1.5334e-06 mm
quads_tilt_fit #0.0008224894919789864
delta_local #[0.00065217]
R1 #[[ 0.99999891  0.          0.00147465  0.          0.          0.        ]
 [ 0.          0.99999891  0.          0.00147465  0.          0.        ]
 [-0.00147465  0.          0.99999891  0.          0.          0.        ]
 [ 0.         -0.00147465  0.          0.99999891  0.          0.        ]
 [ 0.          0.          0.          0.          1.          0.        ]
 [ 0.          0.          0.          0.          0.          1.        ]]
R2 #[[ 0.99999891  0.         -0.00147465  0.          0.          0.        ]
 [ 0.          0.99999891  0.         -0.00147465  0.          0.        ]
 [ 0.00147465  0.          0.99999891  0.          0.          0.        ]
 [ 0.          0.00147465  0.          0.99999891  0.          0.        ]
 [ 0.          0.          0.          0.          1.          0.        ]
 [ 0.          0.          0.          0.          0.          1.        ]]
Param #7305: delta OK; RMS=0.0010002 mm
quads_tilt_fit #0.00021297505676465506
delta_local #[1.e-06]
R1 #[[ 9.99999977e-01  0.00000000e+00  2.13975055e-04  0.00000000e+00
   0.00000000e+00  0.00000000e+00]
 [ 0.00000000e+00  9.99999977e-01  0.00000000e+00  2.13975055e-04
   0.00000000e+00  0.00000000e+00]
 [-2.13975055e-04  0.00000000e+00  9.99999977e-01  0.00000000e+00
   0.00000000e+00  0.00000000e+00]
 [ 0.00000000e+00 -2.13975055e-04  0.00000000e+00  9.99999977e-01
   0.00000000e+00  0.00000000e+00]
 [ 0.00000000e+00  0.00000000e+00  0.00000000e+00  0.00000000e+00
   1.00000000e+00  0.00000000e+00]
 [ 0.00000000e+00  0.00000000e+00  0.00000000e+00  0.00000000e+00
   0.00000000e+00  1.00000000e+00]]
R2 #[[ 9.99999977e-01  0.00000000e+00 -2.13975055e-04  0.00000000e+00
   0.00000000e+00  0.00000000e+00]
 [ 0.00000000e+00  9.99999977e-01  0.00000000e+00 -2.13975055e-04
   0.00000000e+00  0.00000000e+00]
 [ 2.13975055e-04  0.00000000e+00  9.99999977e-01  0.00000000e+00
   0.00000000e+00  0.00000000e+00]
 [ 0.00000000e+00  2.13975055e-04  0.00000000e+00  9.99999977e-01
   0.00000000e+00  0.00000000e+00]
 [ 0.00000000e+00  0.00000000e+00  0.00000000e+00  0.00000000e+00
   1.00000000e+00  0.00000000e+00]
 [ 0.00000000e+00  0.00000000e+00  0.00000000e+00  0.00000000e+00
   0.00000000e+00  1.00000000e+00]]
Param #7355: delta too small; RMS=1.5756e-06 mm
quads_tilt_fit #0.00021297505676465506
delta_local #[0.00063469]
R1 #[[ 9.99999641e-01  0.00000000e+00  8.47668918e-04  0.00000000e+00
   0.00000000e+00  0.00000000e+00]
 [ 0.00000000e+00  9.99999641e-01  0.00000000e+00  8.47668918e-04
   0.00000000e+00  0.00000000e+00]
 [-8.47668918e-04  0.00000000e+00  9.99999641e-01  0.00000000e+00
   0.00000000e+00  0.00000000e+00]
 [ 0.00000000e+00 -8.47668918e-04  0.00000000e+00  9.99999641e-01
   0.00000000e+00  0.00000000e+00]
 [ 0.00000000e+00  0.00000000e+00  0.00000000e+00  0.00000000e+00
   1.00000000e+00  0.00000000e+00]
 [ 0.00000000e+00  0.00000000e+00  0.00000000e+00  0.00000000e+00
   0.00000000e+00  1.00000000e+00]]
R2 #[[ 9.99999641e-01  0.00000000e+00 -8.47668918e-04  0.00000000e+00
   0.00000000e+00  0.00000000e+00]
 [ 0.00000000e+00  9.99999641e-01  0.00000000e+00 -8.47668918e-04
   0.00000000e+00  0.00000000e+00]
 [ 8.47668918e-04  0.00000000e+00  9.99999641e-01  0.00000000e+00
   0.00000000e+00  0.00000000e+00]
 [ 0.00000000e+00  8.47668918e-04  0.00000000e+00  9.99999641e-01
   0.00000000e+00  0.00000000e+00]
 [ 0.00000000e+00  0.00000000e+00  0.00000000e+00  0.00000000e+00
   1.00000000e+00  0.00000000e+00]
 [ 0.00000000e+00  0.00000000e+00  0.00000000e+00  0.00000000e+00
   0.00000000e+00  1.00000000e+00]]
Param #7355: delta OK; RMS=0.0010002 mm
quads_tilt_fit #-0.0010000602409744367
delta_local #[1.e-06]
R1 #[[ 9.99999501e-01  0.00000000e+00 -9.99060075e-04  0.00000000e+00
   0.00000000e+00  0.00000000e+00]
 [ 0.00000000e+00  9.99999501e-01  0.00000000e+00 -9.99060075e-04
   0.00000000e+00  0.00000000e+00]
 [ 9.99060075e-04  0.00000000e+00  9.99999501e-01  0.00000000e+00
   0.00000000e+00  0.00000000e+00]
 [ 0.00000000e+00  9.99060075e-04  0.00000000e+00  9.99999501e-01
   0.00000000e+00  0.00000000e+00]
 [ 0.00000000e+00  0.00000000e+00  0.00000000e+00  0.00000000e+00
   1.00000000e+00  0.00000000e+00]
 [ 0.00000000e+00  0.00000000e+00  0.00000000e+00  0.00000000e+00
   0.00000000e+00  1.00000000e+00]]
R2 #[[ 9.99999501e-01  0.00000000e+00  9.99060075e-04  0.00000000e+00
   0.00000000e+00  0.00000000e+00]
 [ 0.00000000e+00  9.99999501e-01  0.00000000e+00  9.99060075e-04
   0.00000000e+00  0.00000000e+00]
 [-9.99060075e-04  0.00000000e+00  9.99999501e-01  0.00000000e+00
   0.00000000e+00  0.00000000e+00]
 [ 0.00000000e+00 -9.99060075e-04  0.00000000e+00  9.99999501e-01
   0.00000000e+00  0.00000000e+00]
 [ 0.00000000e+00  0.00000000e+00  0.00000000e+00  0.00000000e+00
   1.00000000e+00  0.00000000e+00]
 [ 0.00000000e+00  0.00000000e+00  0.00000000e+00  0.00000000e+00
   0.00000000e+00  1.00000000e+00]]
Param #7311: delta too small; RMS=1.6451e-06 mm
quads_tilt_fit #-0.0010000602409744367
delta_local #[0.00060788]
R1 #[[ 9.99999923e-01  0.00000000e+00 -3.92185216e-04  0.00000000e+00
   0.00000000e+00  0.00000000e+00]
 [ 0.00000000e+00  9.99999923e-01  0.00000000e+00 -3.92185216e-04
   0.00000000e+00  0.00000000e+00]
 [ 3.92185216e-04  0.00000000e+00  9.99999923e-01  0.00000000e+00
   0.00000000e+00  0.00000000e+00]
 [ 0.00000000e+00  3.92185216e-04  0.00000000e+00  9.99999923e-01
   0.00000000e+00  0.00000000e+00]
 [ 0.00000000e+00  0.00000000e+00  0.00000000e+00  0.00000000e+00
   1.00000000e+00  0.00000000e+00]
 [ 0.00000000e+00  0.00000000e+00  0.00000000e+00  0.00000000e+00
   0.00000000e+00  1.00000000e+00]]
R2 #[[ 9.99999923e-01  0.00000000e+00  3.92185216e-04  0.00000000e+00
   0.00000000e+00  0.00000000e+00]
 [ 0.00000000e+00  9.99999923e-01  0.00000000e+00  3.92185216e-04
   0.00000000e+00  0.00000000e+00]
 [-3.92185216e-04  0.00000000e+00  9.99999923e-01  0.00000000e+00
   0.00000000e+00  0.00000000e+00]
 [ 0.00000000e+00 -3.92185216e-04  0.00000000e+00  9.99999923e-01
   0.00000000e+00  0.00000000e+00]
 [ 0.00000000e+00  0.00000000e+00  0.00000000e+00  0.00000000e+00
   1.00000000e+00  0.00000000e+00]
 [ 0.00000000e+00  0.00000000e+00  0.00000000e+00  0.00000000e+00
   0.00000000e+00  1.00000000e+00]]
Param #7311: delta OK; RMS=0.0010001 mm
quads_tilt_fit #-0.0008733458243026789
delta_local #[1.e-06]
R1 #[[ 9.99999620e-01  0.00000000e+00 -8.72345714e-04  0.00000000e+00
   0.00000000e+00  0.00000000e+00]
 [ 0.00000000e+00  9.99999620e-01  0.00000000e+00 -8.72345714e-04
   0.00000000e+00  0.00000000e+00]
 [ 8.72345714e-04  0.00000000e+00  9.99999620e-01  0.00000000e+00
   0.00000000e+00  0.00000000e+00]
 [ 0.00000000e+00  8.72345714e-04  0.00000000e+00  9.99999620e-01
   0.00000000e+00  0.00000000e+00]
 [ 0.00000000e+00  0.00000000e+00  0.00000000e+00  0.00000000e+00
   1.00000000e+00  0.00000000e+00]
 [ 0.00000000e+00  0.00000000e+00  0.00000000e+00  0.00000000e+00
   0.00000000e+00  1.00000000e+00]]
R2 #[[ 9.99999620e-01  0.00000000e+00  8.72345714e-04  0.00000000e+00
   0.00000000e+00  0.00000000e+00]
 [ 0.00000000e+00  9.99999620e-01  0.00000000e+00  8.72345714e-04
   0.00000000e+00  0.00000000e+00]
 [-8.72345714e-04  0.00000000e+00  9.99999620e-01  0.00000000e+00
   0.00000000e+00  0.00000000e+00]
 [ 0.00000000e+00 -8.72345714e-04  0.00000000e+00  9.99999620e-01
   0.00000000e+00  0.00000000e+00]
 [ 0.00000000e+00  0.00000000e+00  0.00000000e+00  0.00000000e+00
   1.00000000e+00  0.00000000e+00]
 [ 0.00000000e+00  0.00000000e+00  0.00000000e+00  0.00000000e+00
   0.00000000e+00  1.00000000e+00]]
Param #7349: delta too small; RMS=1.3217e-06 mm
quads_tilt_fit #-0.0008733458243026789
delta_local #[0.00075662]
R1 #[[ 9.99999993e-01  0.00000000e+00 -1.16723817e-04  0.00000000e+00
   0.00000000e+00  0.00000000e+00]
 [ 0.00000000e+00  9.99999993e-01  0.00000000e+00 -1.16723817e-04
   0.00000000e+00  0.00000000e+00]
 [ 1.16723817e-04  0.00000000e+00  9.99999993e-01  0.00000000e+00
   0.00000000e+00  0.00000000e+00]
 [ 0.00000000e+00  1.16723817e-04  0.00000000e+00  9.99999993e-01
   0.00000000e+00  0.00000000e+00]
 [ 0.00000000e+00  0.00000000e+00  0.00000000e+00  0.00000000e+00
   1.00000000e+00  0.00000000e+00]
 [ 0.00000000e+00  0.00000000e+00  0.00000000e+00  0.00000000e+00
   0.00000000e+00  1.00000000e+00]]
R2 #[[ 9.99999993e-01  0.00000000e+00  1.16723817e-04  0.00000000e+00
   0.00000000e+00  0.00000000e+00]
 [ 0.00000000e+00  9.99999993e-01  0.00000000e+00  1.16723817e-04
   0.00000000e+00  0.00000000e+00]
 [-1.16723817e-04  0.00000000e+00  9.99999993e-01  0.00000000e+00
   0.00000000e+00  0.00000000e+00]
 [ 0.00000000e+00 -1.16723817e-04  0.00000000e+00  9.99999993e-01
   0.00000000e+00  0.00000000e+00]
 [ 0.00000000e+00  0.00000000e+00  0.00000000e+00  0.00000000e+00
   1.00000000e+00  0.00000000e+00]
 [ 0.00000000e+00  0.00000000e+00  0.00000000e+00  0.00000000e+00
   0.00000000e+00  1.00000000e+00]]
Param #7349: delta OK; RMS=0.0010002 mm
quads_tilt_fit #0.001044574994428486
delta_local #[1.e-06]
R1 #[[ 0.99999945  0.          0.00104557  0.          0.          0.        ]
 [ 0.          0.99999945  0.          0.00104557  0.          0.        ]
 [-0.00104557  0.          0.99999945  0.          0.          0.        ]
 [ 0.         -0.00104557  0.          0.99999945  0.          0.        ]
 [ 0.          0.          0.          0.          1.          0.        ]
 [ 0.          0.          0.          0.          0.          1.        ]]
R2 #[[ 0.99999945  0.         -0.00104557  0.          0.          0.        ]
 [ 0.          0.99999945  0.         -0.00104557  0.          0.        ]
 [ 0.00104557  0.          0.99999945  0.          0.          0.        ]
 [ 0.          0.00104557  0.          0.99999945  0.          0.        ]
 [ 0.          0.          0.          0.          1.          0.        ]
 [ 0.          0.          0.          0.          0.          1.        ]]
Param #7317: delta too small; RMS=2.0787e-06 mm
quads_tilt_fit #0.001044574994428486
delta_local #[0.00048107]
R1 #[[ 0.99999884  0.          0.00152564  0.          0.          0.        ]
 [ 0.          0.99999884  0.          0.00152564  0.          0.        ]
 [-0.00152564  0.          0.99999884  0.          0.          0.        ]
 [ 0.         -0.00152564  0.          0.99999884  0.          0.        ]
 [ 0.          0.          0.          0.          1.          0.        ]
 [ 0.          0.          0.          0.          0.          1.        ]]
R2 #[[ 0.99999884  0.         -0.00152564  0.          0.          0.        ]
 [ 0.          0.99999884  0.         -0.00152564  0.          0.        ]
 [ 0.00152564  0.          0.99999884  0.          0.          0.        ]
 [ 0.          0.00152564  0.          0.99999884  0.          0.        ]
 [ 0.          0.          0.          0.          1.          0.        ]
 [ 0.          0.          0.          0.          0.          1.        ]]
Param #7317: delta OK; RMS=0.0010001 mm
quads_tilt_fit #0.0007907114851998963
delta_local #[1.e-06]
R1 #[[ 9.99999687e-01  0.00000000e+00  7.91711402e-04  0.00000000e+00
   0.00000000e+00  0.00000000e+00]
 [ 0.00000000e+00  9.99999687e-01  0.00000000e+00  7.91711402e-04
   0.00000000e+00  0.00000000e+00]
 [-7.91711402e-04  0.00000000e+00  9.99999687e-01  0.00000000e+00
   0.00000000e+00  0.00000000e+00]
 [ 0.00000000e+00 -7.91711402e-04  0.00000000e+00  9.99999687e-01
   0.00000000e+00  0.00000000e+00]
 [ 0.00000000e+00  0.00000000e+00  0.00000000e+00  0.00000000e+00
   1.00000000e+00  0.00000000e+00]
 [ 0.00000000e+00  0.00000000e+00  0.00000000e+00  0.00000000e+00
   0.00000000e+00  1.00000000e+00]]
R2 #[[ 9.99999687e-01  0.00000000e+00 -7.91711402e-04  0.00000000e+00
   0.00000000e+00  0.00000000e+00]
 [ 0.00000000e+00  9.99999687e-01  0.00000000e+00 -7.91711402e-04
   0.00000000e+00  0.00000000e+00]
 [ 7.91711402e-04  0.00000000e+00  9.99999687e-01  0.00000000e+00
   0.00000000e+00  0.00000000e+00]
 [ 0.00000000e+00  7.91711402e-04  0.00000000e+00  9.99999687e-01
   0.00000000e+00  0.00000000e+00]
 [ 0.00000000e+00  0.00000000e+00  0.00000000e+00  0.00000000e+00
   1.00000000e+00  0.00000000e+00]
 [ 0.00000000e+00  0.00000000e+00  0.00000000e+00  0.00000000e+00
   0.00000000e+00  1.00000000e+00]]
Param #7343: delta too small; RMS=1.7825e-06 mm
quads_tilt_fit #0.0007907114851998963
delta_local #[0.000561]
R1 #[[ 0.99999909  0.          0.00135171  0.          0.          0.        ]
 [ 0.          0.99999909  0.          0.00135171  0.          0.        ]
 [-0.00135171  0.          0.99999909  0.          0.          0.        ]
 [ 0.         -0.00135171  0.          0.99999909  0.          0.        ]
 [ 0.          0.          0.          0.          1.          0.        ]
 [ 0.          0.          0.          0.          0.          1.        ]]
R2 #[[ 0.99999909  0.         -0.00135171  0.          0.          0.        ]
 [ 0.          0.99999909  0.         -0.00135171  0.          0.        ]
 [ 0.00135171  0.          0.99999909  0.          0.          0.        ]
 [ 0.          0.00135171  0.          0.99999909  0.          0.        ]
 [ 0.          0.          0.          0.          1.          0.        ]
 [ 0.          0.          0.          0.          0.          1.        ]]
Param #7343: delta OK; RMS=0.0010001 mm
quads_tilt_fit #-0.0003243733188075309
delta_local #[1.e-06]
R1 #[[ 9.99999948e-01  0.00000000e+00 -3.23373313e-04  0.00000000e+00
   0.00000000e+00  0.00000000e+00]
 [ 0.00000000e+00  9.99999948e-01  0.00000000e+00 -3.23373313e-04
   0.00000000e+00  0.00000000e+00]
 [ 3.23373313e-04  0.00000000e+00  9.99999948e-01  0.00000000e+00
   0.00000000e+00  0.00000000e+00]
 [ 0.00000000e+00  3.23373313e-04  0.00000000e+00  9.99999948e-01
   0.00000000e+00  0.00000000e+00]
 [ 0.00000000e+00  0.00000000e+00  0.00000000e+00  0.00000000e+00
   1.00000000e+00  0.00000000e+00]
 [ 0.00000000e+00  0.00000000e+00  0.00000000e+00  0.00000000e+00
   0.00000000e+00  1.00000000e+00]]
R2 #[[ 9.99999948e-01  0.00000000e+00  3.23373313e-04  0.00000000e+00
   0.00000000e+00  0.00000000e+00]
 [ 0.00000000e+00  9.99999948e-01  0.00000000e+00  3.23373313e-04
   0.00000000e+00  0.00000000e+00]
 [-3.23373313e-04  0.00000000e+00  9.99999948e-01  0.00000000e+00
   0.00000000e+00  0.00000000e+00]
 [ 0.00000000e+00 -3.23373313e-04  0.00000000e+00  9.99999948e-01
   0.00000000e+00  0.00000000e+00]
 [ 0.00000000e+00  0.00000000e+00  0.00000000e+00  0.00000000e+00
   1.00000000e+00  0.00000000e+00]
 [ 0.00000000e+00  0.00000000e+00  0.00000000e+00  0.00000000e+00
   0.00000000e+00  1.00000000e+00]]
Param #7323: delta too small; RMS=2.0598e-06 mm
quads_tilt_fit #-0.0003243733188075309
delta_local #[0.00048548]
R1 #[[ 9.99999987e-01  0.00000000e+00  1.61107219e-04  0.00000000e+00
   0.00000000e+00  0.00000000e+00]
 [ 0.00000000e+00  9.99999987e-01  0.00000000e+00  1.61107219e-04
   0.00000000e+00  0.00000000e+00]
 [-1.61107219e-04  0.00000000e+00  9.99999987e-01  0.00000000e+00
   0.00000000e+00  0.00000000e+00]
 [ 0.00000000e+00 -1.61107219e-04  0.00000000e+00  9.99999987e-01
   0.00000000e+00  0.00000000e+00]
 [ 0.00000000e+00  0.00000000e+00  0.00000000e+00  0.00000000e+00
   1.00000000e+00  0.00000000e+00]
 [ 0.00000000e+00  0.00000000e+00  0.00000000e+00  0.00000000e+00
   0.00000000e+00  1.00000000e+00]]
R2 #[[ 9.99999987e-01  0.00000000e+00 -1.61107219e-04  0.00000000e+00
   0.00000000e+00  0.00000000e+00]
 [ 0.00000000e+00  9.99999987e-01  0.00000000e+00 -1.61107219e-04
   0.00000000e+00  0.00000000e+00]
 [ 1.61107219e-04  0.00000000e+00  9.99999987e-01  0.00000000e+00
   0.00000000e+00  0.00000000e+00]
 [ 0.00000000e+00  1.61107219e-04  0.00000000e+00  9.99999987e-01
   0.00000000e+00  0.00000000e+00]
 [ 0.00000000e+00  0.00000000e+00  0.00000000e+00  0.00000000e+00
   1.00000000e+00  0.00000000e+00]
 [ 0.00000000e+00  0.00000000e+00  0.00000000e+00  0.00000000e+00
   0.00000000e+00  1.00000000e+00]]
Param #7323: delta OK; RMS=0.00099937 mm
quads_tilt_fit #-0.0005927029239423979
delta_local #[1.e-06]
R1 #[[ 9.99999825e-01  0.00000000e+00 -5.91702889e-04  0.00000000e+00
   0.00000000e+00  0.00000000e+00]
 [ 0.00000000e+00  9.99999825e-01  0.00000000e+00 -5.91702889e-04
   0.00000000e+00  0.00000000e+00]
 [ 5.91702889e-04  0.00000000e+00  9.99999825e-01  0.00000000e+00
   0.00000000e+00  0.00000000e+00]
 [ 0.00000000e+00  5.91702889e-04  0.00000000e+00  9.99999825e-01
   0.00000000e+00  0.00000000e+00]
 [ 0.00000000e+00  0.00000000e+00  0.00000000e+00  0.00000000e+00
   1.00000000e+00  0.00000000e+00]
 [ 0.00000000e+00  0.00000000e+00  0.00000000e+00  0.00000000e+00
   0.00000000e+00  1.00000000e+00]]
R2 #[[ 9.99999825e-01  0.00000000e+00  5.91702889e-04  0.00000000e+00
   0.00000000e+00  0.00000000e+00]
 [ 0.00000000e+00  9.99999825e-01  0.00000000e+00  5.91702889e-04
   0.00000000e+00  0.00000000e+00]
 [-5.91702889e-04  0.00000000e+00  9.99999825e-01  0.00000000e+00
   0.00000000e+00  0.00000000e+00]
 [ 0.00000000e+00 -5.91702889e-04  0.00000000e+00  9.99999825e-01
   0.00000000e+00  0.00000000e+00]
 [ 0.00000000e+00  0.00000000e+00  0.00000000e+00  0.00000000e+00
   1.00000000e+00  0.00000000e+00]
 [ 0.00000000e+00  0.00000000e+00  0.00000000e+00  0.00000000e+00
   0.00000000e+00  1.00000000e+00]]
Param #7337: delta too small; RMS=2.0064e-06 mm
quads_tilt_fit #-0.0005927029239423979
delta_local #[0.00049841]
R1 #[[ 9.99999996e-01  0.00000000e+00 -9.42894277e-05  0.00000000e+00
   0.00000000e+00  0.00000000e+00]
 [ 0.00000000e+00  9.99999996e-01  0.00000000e+00 -9.42894277e-05
   0.00000000e+00  0.00000000e+00]
 [ 9.42894277e-05  0.00000000e+00  9.99999996e-01  0.00000000e+00
   0.00000000e+00  0.00000000e+00]
 [ 0.00000000e+00  9.42894277e-05  0.00000000e+00  9.99999996e-01
   0.00000000e+00  0.00000000e+00]
 [ 0.00000000e+00  0.00000000e+00  0.00000000e+00  0.00000000e+00
   1.00000000e+00  0.00000000e+00]
 [ 0.00000000e+00  0.00000000e+00  0.00000000e+00  0.00000000e+00
   0.00000000e+00  1.00000000e+00]]
R2 #[[ 9.99999996e-01  0.00000000e+00  9.42894277e-05  0.00000000e+00
   0.00000000e+00  0.00000000e+00]
 [ 0.00000000e+00  9.99999996e-01  0.00000000e+00  9.42894277e-05
   0.00000000e+00  0.00000000e+00]
 [-9.42894277e-05  0.00000000e+00  9.99999996e-01  0.00000000e+00
   0.00000000e+00  0.00000000e+00]
 [ 0.00000000e+00 -9.42894277e-05  0.00000000e+00  9.99999996e-01
   0.00000000e+00  0.00000000e+00]
 [ 0.00000000e+00  0.00000000e+00  0.00000000e+00  0.00000000e+00
   1.00000000e+00  0.00000000e+00]
 [ 0.00000000e+00  0.00000000e+00  0.00000000e+00  0.00000000e+00
   0.00000000e+00  1.00000000e+00]]
Param #7337: delta OK; RMS=0.00099936 mm
quads_tilt_fit #5.6707882954637814e-05
delta_local #[1.e-06]
R1 #[[ 9.99999998e-01  0.00000000e+00  5.77078829e-05  0.00000000e+00
   0.00000000e+00  0.00000000e+00]
 [ 0.00000000e+00  9.99999998e-01  0.00000000e+00  5.77078829e-05
   0.00000000e+00  0.00000000e+00]
 [-5.77078829e-05  0.00000000e+00  9.99999998e-01  0.00000000e+00
   0.00000000e+00  0.00000000e+00]
 [ 0.00000000e+00 -5.77078829e-05  0.00000000e+00  9.99999998e-01
   0.00000000e+00  0.00000000e+00]
 [ 0.00000000e+00  0.00000000e+00  0.00000000e+00  0.00000000e+00
   1.00000000e+00  0.00000000e+00]
 [ 0.00000000e+00  0.00000000e+00  0.00000000e+00  0.00000000e+00
   0.00000000e+00  1.00000000e+00]]
R2 #[[ 9.99999998e-01  0.00000000e+00 -5.77078829e-05  0.00000000e+00
   0.00000000e+00  0.00000000e+00]
 [ 0.00000000e+00  9.99999998e-01  0.00000000e+00 -5.77078829e-05
   0.00000000e+00  0.00000000e+00]
 [ 5.77078829e-05  0.00000000e+00  9.99999998e-01  0.00000000e+00
   0.00000000e+00  0.00000000e+00]
 [ 0.00000000e+00  5.77078829e-05  0.00000000e+00  9.99999998e-01
   0.00000000e+00  0.00000000e+00]
 [ 0.00000000e+00  0.00000000e+00  0.00000000e+00  0.00000000e+00
   1.00000000e+00  0.00000000e+00]
 [ 0.00000000e+00  0.00000000e+00  0.00000000e+00  0.00000000e+00
   0.00000000e+00  1.00000000e+00]]
Param #7329: delta too small; RMS=3.3179e-06 mm
quads_tilt_fit #5.6707882954637814e-05
delta_local #[0.0003014]
R1 #[[ 9.99999936e-01  0.00000000e+00  3.58105198e-04  0.00000000e+00
   0.00000000e+00  0.00000000e+00]
 [ 0.00000000e+00  9.99999936e-01  0.00000000e+00  3.58105198e-04
   0.00000000e+00  0.00000000e+00]
 [-3.58105198e-04  0.00000000e+00  9.99999936e-01  0.00000000e+00
   0.00000000e+00  0.00000000e+00]
 [ 0.00000000e+00 -3.58105198e-04  0.00000000e+00  9.99999936e-01
   0.00000000e+00  0.00000000e+00]
 [ 0.00000000e+00  0.00000000e+00  0.00000000e+00  0.00000000e+00
   1.00000000e+00  0.00000000e+00]
 [ 0.00000000e+00  0.00000000e+00  0.00000000e+00  0.00000000e+00
   0.00000000e+00  1.00000000e+00]]
R2 #[[ 9.99999936e-01  0.00000000e+00 -3.58105198e-04  0.00000000e+00
   0.00000000e+00  0.00000000e+00]
 [ 0.00000000e+00  9.99999936e-01  0.00000000e+00 -3.58105198e-04
   0.00000000e+00  0.00000000e+00]
 [ 3.58105198e-04  0.00000000e+00  9.99999936e-01  0.00000000e+00
   0.00000000e+00  0.00000000e+00]
 [ 0.00000000e+00  3.58105198e-04  0.00000000e+00  9.99999936e-01
   0.00000000e+00  0.00000000e+00]
 [ 0.00000000e+00  0.00000000e+00  0.00000000e+00  0.00000000e+00
   1.00000000e+00  0.00000000e+00]
 [ 0.00000000e+00  0.00000000e+00  0.00000000e+00  0.00000000e+00
   0.00000000e+00  1.00000000e+00]]
Param #7329: delta OK; RMS=0.0010006 mm
quads_tilt_fit #0.0008955284245084864
delta_local #[1.e-06]
R1 #[[ 9.99999598e-01  0.00000000e+00  8.96528304e-04  0.00000000e+00
   0.00000000e+00  0.00000000e+00]
 [ 0.00000000e+00  9.99999598e-01  0.00000000e+00  8.96528304e-04
   0.00000000e+00  0.00000000e+00]
 [-8.96528304e-04  0.00000000e+00  9.99999598e-01  0.00000000e+00
   0.00000000e+00  0.00000000e+00]
 [ 0.00000000e+00 -8.96528304e-04  0.00000000e+00  9.99999598e-01
   0.00000000e+00  0.00000000e+00]
 [ 0.00000000e+00  0.00000000e+00  0.00000000e+00  0.00000000e+00
   1.00000000e+00  0.00000000e+00]
 [ 0.00000000e+00  0.00000000e+00  0.00000000e+00  0.00000000e+00
   0.00000000e+00  1.00000000e+00]]
R2 #[[ 9.99999598e-01  0.00000000e+00 -8.96528304e-04  0.00000000e+00
   0.00000000e+00  0.00000000e+00]
 [ 0.00000000e+00  9.99999598e-01  0.00000000e+00 -8.96528304e-04
   0.00000000e+00  0.00000000e+00]
 [ 8.96528304e-04  0.00000000e+00  9.99999598e-01  0.00000000e+00
   0.00000000e+00  0.00000000e+00]
 [ 0.00000000e+00  8.96528304e-04  0.00000000e+00  9.99999598e-01
   0.00000000e+00  0.00000000e+00]
 [ 0.00000000e+00  0.00000000e+00  0.00000000e+00  0.00000000e+00
   1.00000000e+00  0.00000000e+00]
 [ 0.00000000e+00  0.00000000e+00  0.00000000e+00  0.00000000e+00
   0.00000000e+00  1.00000000e+00]]
Param #6373: delta too small; RMS=2.1136e-06 mm
quads_tilt_fit #0.0008955284245084864
delta_local #[0.00047313]
R1 #[[ 0.99999906  0.          0.00136866  0.          0.          0.        ]
 [ 0.          0.99999906  0.          0.00136866  0.          0.        ]
 [-0.00136866  0.          0.99999906  0.          0.          0.        ]
 [ 0.         -0.00136866  0.          0.99999906  0.          0.        ]
 [ 0.          0.          0.          0.          1.          0.        ]
 [ 0.          0.          0.          0.          0.          1.        ]]
R2 #[[ 0.99999906  0.         -0.00136866  0.          0.          0.        ]
 [ 0.          0.99999906  0.         -0.00136866  0.          0.        ]
 [ 0.00136866  0.          0.99999906  0.          0.          0.        ]
 [ 0.          0.00136866  0.          0.99999906  0.          0.        ]
 [ 0.          0.          0.          0.          1.          0.        ]
 [ 0.          0.          0.          0.          0.          1.        ]]
Param #6373: delta OK; RMS=0.001 mm
quads_tilt_fit #-0.00021855616079990474
delta_local #[1.e-06]
R1 #[[ 9.99999976e-01  0.00000000e+00 -2.17556159e-04  0.00000000e+00
   0.00000000e+00  0.00000000e+00]
 [ 0.00000000e+00  9.99999976e-01  0.00000000e+00 -2.17556159e-04
   0.00000000e+00  0.00000000e+00]
 [ 2.17556159e-04  0.00000000e+00  9.99999976e-01  0.00000000e+00
   0.00000000e+00  0.00000000e+00]
 [ 0.00000000e+00  2.17556159e-04  0.00000000e+00  9.99999976e-01
   0.00000000e+00  0.00000000e+00]
 [ 0.00000000e+00  0.00000000e+00  0.00000000e+00  0.00000000e+00
   1.00000000e+00  0.00000000e+00]
 [ 0.00000000e+00  0.00000000e+00  0.00000000e+00  0.00000000e+00
   0.00000000e+00  1.00000000e+00]]
R2 #[[ 9.99999976e-01  0.00000000e+00  2.17556159e-04  0.00000000e+00
   0.00000000e+00  0.00000000e+00]
 [ 0.00000000e+00  9.99999976e-01  0.00000000e+00  2.17556159e-04
   0.00000000e+00  0.00000000e+00]
 [-2.17556159e-04  0.00000000e+00  9.99999976e-01  0.00000000e+00
   0.00000000e+00  0.00000000e+00]
 [ 0.00000000e+00 -2.17556159e-04  0.00000000e+00  9.99999976e-01
   0.00000000e+00  0.00000000e+00]
 [ 0.00000000e+00  0.00000000e+00  0.00000000e+00  0.00000000e+00
   1.00000000e+00  0.00000000e+00]
 [ 0.00000000e+00  0.00000000e+00  0.00000000e+00  0.00000000e+00
   0.00000000e+00  1.00000000e+00]]
Param #6377: delta too small; RMS=5.9707e-06 mm
quads_tilt_fit #-0.00021855616079990474
delta_local #[0.00016748]
R1 #[[ 9.99999999e-01  0.00000000e+00 -5.10712097e-05  0.00000000e+00
   0.00000000e+00  0.00000000e+00]
 [ 0.00000000e+00  9.99999999e-01  0.00000000e+00 -5.10712097e-05
   0.00000000e+00  0.00000000e+00]
 [ 5.10712097e-05  0.00000000e+00  9.99999999e-01  0.00000000e+00
   0.00000000e+00  0.00000000e+00]
 [ 0.00000000e+00  5.10712097e-05  0.00000000e+00  9.99999999e-01
   0.00000000e+00  0.00000000e+00]
 [ 0.00000000e+00  0.00000000e+00  0.00000000e+00  0.00000000e+00
   1.00000000e+00  0.00000000e+00]
 [ 0.00000000e+00  0.00000000e+00  0.00000000e+00  0.00000000e+00
   0.00000000e+00  1.00000000e+00]]
R2 #[[ 9.99999999e-01  0.00000000e+00  5.10712097e-05  0.00000000e+00
   0.00000000e+00  0.00000000e+00]
 [ 0.00000000e+00  9.99999999e-01  0.00000000e+00  5.10712097e-05
   0.00000000e+00  0.00000000e+00]
 [-5.10712097e-05  0.00000000e+00  9.99999999e-01  0.00000000e+00
   0.00000000e+00  0.00000000e+00]
 [ 0.00000000e+00 -5.10712097e-05  0.00000000e+00  9.99999999e-01
   0.00000000e+00  0.00000000e+00]
 [ 0.00000000e+00  0.00000000e+00  0.00000000e+00  0.00000000e+00
   1.00000000e+00  0.00000000e+00]
 [ 0.00000000e+00  0.00000000e+00  0.00000000e+00  0.00000000e+00
   0.00000000e+00  1.00000000e+00]]
Param #6377: delta OK; RMS=0.00099994 mm
quads_tilt_fit #-0.002194521106385177
delta_local #[1.e-06]
R1 #[[ 0.99999759  0.         -0.00219352  0.          0.          0.        ]
 [ 0.          0.99999759  0.         -0.00219352  0.          0.        ]
 [ 0.00219352  0.          0.99999759  0.          0.          0.        ]
 [ 0.          0.00219352  0.          0.99999759  0.          0.        ]
 [ 0.          0.          0.          0.          1.          0.        ]
 [ 0.          0.          0.          0.          0.          1.        ]]
R2 #[[ 0.99999759  0.          0.00219352  0.          0.          0.        ]
 [ 0.          0.99999759  0.          0.00219352  0.          0.        ]
 [-0.00219352  0.          0.99999759  0.          0.          0.        ]
 [ 0.         -0.00219352  0.          0.99999759  0.          0.        ]
 [ 0.          0.          0.          0.          1.          0.        ]
 [ 0.          0.          0.          0.          0.          1.        ]]
Param #6383: delta too small; RMS=1.5815e-06 mm
quads_tilt_fit #-0.002194521106385177
delta_local #[0.00063232]
R1 #[[ 0.99999878  0.         -0.0015622   0.          0.          0.        ]
 [ 0.          0.99999878  0.         -0.0015622   0.          0.        ]
 [ 0.0015622   0.          0.99999878  0.          0.          0.        ]
 [ 0.          0.0015622   0.          0.99999878  0.          0.        ]
 [ 0.          0.          0.          0.          1.          0.        ]
 [ 0.          0.          0.          0.          0.          1.        ]]
R2 #[[ 0.99999878  0.          0.0015622   0.          0.          0.        ]
 [ 0.          0.99999878  0.          0.0015622   0.          0.        ]
 [-0.0015622   0.          0.99999878  0.          0.          0.        ]
 [ 0.         -0.0015622   0.          0.99999878  0.          0.        ]
 [ 0.          0.          0.          0.          1.          0.        ]
 [ 0.          0.          0.          0.          0.          1.        ]]
Param #6383: delta OK; RMS=0.0010003 mm
quads_tilt_fit #0.00020464109961343722
delta_local #[1.e-06]
R1 #[[ 9.99999979e-01  0.00000000e+00  2.05641098e-04  0.00000000e+00
   0.00000000e+00  0.00000000e+00]
 [ 0.00000000e+00  9.99999979e-01  0.00000000e+00  2.05641098e-04
   0.00000000e+00  0.00000000e+00]
 [-2.05641098e-04  0.00000000e+00  9.99999979e-01  0.00000000e+00
   0.00000000e+00  0.00000000e+00]
 [ 0.00000000e+00 -2.05641098e-04  0.00000000e+00  9.99999979e-01
   0.00000000e+00  0.00000000e+00]
 [ 0.00000000e+00  0.00000000e+00  0.00000000e+00  0.00000000e+00
   1.00000000e+00  0.00000000e+00]
 [ 0.00000000e+00  0.00000000e+00  0.00000000e+00  0.00000000e+00
   0.00000000e+00  1.00000000e+00]]
R2 #[[ 9.99999979e-01  0.00000000e+00 -2.05641098e-04  0.00000000e+00
   0.00000000e+00  0.00000000e+00]
 [ 0.00000000e+00  9.99999979e-01  0.00000000e+00 -2.05641098e-04
   0.00000000e+00  0.00000000e+00]
 [ 2.05641098e-04  0.00000000e+00  9.99999979e-01  0.00000000e+00
   0.00000000e+00  0.00000000e+00]
 [ 0.00000000e+00  2.05641098e-04  0.00000000e+00  9.99999979e-01
   0.00000000e+00  0.00000000e+00]
 [ 0.00000000e+00  0.00000000e+00  0.00000000e+00  0.00000000e+00
   1.00000000e+00  0.00000000e+00]
 [ 0.00000000e+00  0.00000000e+00  0.00000000e+00  0.00000000e+00
   0.00000000e+00  1.00000000e+00]]
Param #6391: delta too small; RMS=2.7781e-06 mm
quads_tilt_fit #0.00020464109961343722
delta_local #[0.00035996]
R1 #[[ 9.99999841e-01  0.00000000e+00  5.64605412e-04  0.00000000e+00
   0.00000000e+00  0.00000000e+00]
 [ 0.00000000e+00  9.99999841e-01  0.00000000e+00  5.64605412e-04
   0.00000000e+00  0.00000000e+00]
 [-5.64605412e-04  0.00000000e+00  9.99999841e-01  0.00000000e+00
   0.00000000e+00  0.00000000e+00]
 [ 0.00000000e+00 -5.64605412e-04  0.00000000e+00  9.99999841e-01
   0.00000000e+00  0.00000000e+00]
 [ 0.00000000e+00  0.00000000e+00  0.00000000e+00  0.00000000e+00
   1.00000000e+00  0.00000000e+00]
 [ 0.00000000e+00  0.00000000e+00  0.00000000e+00  0.00000000e+00
   0.00000000e+00  1.00000000e+00]]
R2 #[[ 9.99999841e-01  0.00000000e+00 -5.64605412e-04  0.00000000e+00
   0.00000000e+00  0.00000000e+00]
 [ 0.00000000e+00  9.99999841e-01  0.00000000e+00 -5.64605412e-04
   0.00000000e+00  0.00000000e+00]
 [ 5.64605412e-04  0.00000000e+00  9.99999841e-01  0.00000000e+00
   0.00000000e+00  0.00000000e+00]
 [ 0.00000000e+00  5.64605412e-04  0.00000000e+00  9.99999841e-01
   0.00000000e+00  0.00000000e+00]
 [ 0.00000000e+00  0.00000000e+00  0.00000000e+00  0.00000000e+00
   1.00000000e+00  0.00000000e+00]
 [ 0.00000000e+00  0.00000000e+00  0.00000000e+00  0.00000000e+00
   0.00000000e+00  1.00000000e+00]]
Param #6391: delta OK; RMS=0.00099972 mm
quads_tilt_fit #0.00016384566650768235
delta_local #[1.e-06]
R1 #[[ 9.99999986e-01  0.00000000e+00  1.64845666e-04  0.00000000e+00
   0.00000000e+00  0.00000000e+00]
 [ 0.00000000e+00  9.99999986e-01  0.00000000e+00  1.64845666e-04
   0.00000000e+00  0.00000000e+00]
 [-1.64845666e-04  0.00000000e+00  9.99999986e-01  0.00000000e+00
   0.00000000e+00  0.00000000e+00]
 [ 0.00000000e+00 -1.64845666e-04  0.00000000e+00  9.99999986e-01
   0.00000000e+00  0.00000000e+00]
 [ 0.00000000e+00  0.00000000e+00  0.00000000e+00  0.00000000e+00
   1.00000000e+00  0.00000000e+00]
 [ 0.00000000e+00  0.00000000e+00  0.00000000e+00  0.00000000e+00
   0.00000000e+00  1.00000000e+00]]
R2 #[[ 9.99999986e-01  0.00000000e+00 -1.64845666e-04  0.00000000e+00
   0.00000000e+00  0.00000000e+00]
 [ 0.00000000e+00  9.99999986e-01  0.00000000e+00 -1.64845666e-04
   0.00000000e+00  0.00000000e+00]
 [ 1.64845666e-04  0.00000000e+00  9.99999986e-01  0.00000000e+00
   0.00000000e+00  0.00000000e+00]
 [ 0.00000000e+00  1.64845666e-04  0.00000000e+00  9.99999986e-01
   0.00000000e+00  0.00000000e+00]
 [ 0.00000000e+00  0.00000000e+00  0.00000000e+00  0.00000000e+00
   1.00000000e+00  0.00000000e+00]
 [ 0.00000000e+00  0.00000000e+00  0.00000000e+00  0.00000000e+00
   0.00000000e+00  1.00000000e+00]]
Param #6401: delta too small; RMS=2.257e-06 mm
quads_tilt_fit #0.00016384566650768235
delta_local #[0.00044306]
R1 #[[ 9.99999816e-01  0.00000000e+00  6.06903636e-04  0.00000000e+00
   0.00000000e+00  0.00000000e+00]
 [ 0.00000000e+00  9.99999816e-01  0.00000000e+00  6.06903636e-04
   0.00000000e+00  0.00000000e+00]
 [-6.06903636e-04  0.00000000e+00  9.99999816e-01  0.00000000e+00
   0.00000000e+00  0.00000000e+00]
 [ 0.00000000e+00 -6.06903636e-04  0.00000000e+00  9.99999816e-01
   0.00000000e+00  0.00000000e+00]
 [ 0.00000000e+00  0.00000000e+00  0.00000000e+00  0.00000000e+00
   1.00000000e+00  0.00000000e+00]
 [ 0.00000000e+00  0.00000000e+00  0.00000000e+00  0.00000000e+00
   0.00000000e+00  1.00000000e+00]]
R2 #[[ 9.99999816e-01  0.00000000e+00 -6.06903636e-04  0.00000000e+00
   0.00000000e+00  0.00000000e+00]
 [ 0.00000000e+00  9.99999816e-01  0.00000000e+00 -6.06903636e-04
   0.00000000e+00  0.00000000e+00]
 [ 6.06903636e-04  0.00000000e+00  9.99999816e-01  0.00000000e+00
   0.00000000e+00  0.00000000e+00]
 [ 0.00000000e+00  6.06903636e-04  0.00000000e+00  9.99999816e-01
   0.00000000e+00  0.00000000e+00]
 [ 0.00000000e+00  0.00000000e+00  0.00000000e+00  0.00000000e+00
   1.00000000e+00  0.00000000e+00]
 [ 0.00000000e+00  0.00000000e+00  0.00000000e+00  0.00000000e+00
   0.00000000e+00  1.00000000e+00]]
Param #6401: delta OK; RMS=0.0010002 mm
quads_tilt_fit #-1.405157124665577e-05
delta_local #[1.e-06]
R1 #[[ 1.00000000e+00  0.00000000e+00 -1.30515712e-05  0.00000000e+00
   0.00000000e+00  0.00000000e+00]
 [ 0.00000000e+00  1.00000000e+00  0.00000000e+00 -1.30515712e-05
   0.00000000e+00  0.00000000e+00]
 [ 1.30515712e-05  0.00000000e+00  1.00000000e+00  0.00000000e+00
   0.00000000e+00  0.00000000e+00]
 [ 0.00000000e+00  1.30515712e-05  0.00000000e+00  1.00000000e+00
   0.00000000e+00  0.00000000e+00]
 [ 0.00000000e+00  0.00000000e+00  0.00000000e+00  0.00000000e+00
   1.00000000e+00  0.00000000e+00]
 [ 0.00000000e+00  0.00000000e+00  0.00000000e+00  0.00000000e+00
   0.00000000e+00  1.00000000e+00]]
R2 #[[ 1.00000000e+00  0.00000000e+00  1.30515712e-05  0.00000000e+00
   0.00000000e+00  0.00000000e+00]
 [ 0.00000000e+00  1.00000000e+00  0.00000000e+00  1.30515712e-05
   0.00000000e+00  0.00000000e+00]
 [-1.30515712e-05  0.00000000e+00  1.00000000e+00  0.00000000e+00
   0.00000000e+00  0.00000000e+00]
 [ 0.00000000e+00 -1.30515712e-05  0.00000000e+00  1.00000000e+00
   0.00000000e+00  0.00000000e+00]
 [ 0.00000000e+00  0.00000000e+00  0.00000000e+00  0.00000000e+00
   1.00000000e+00  0.00000000e+00]
 [ 0.00000000e+00  0.00000000e+00  0.00000000e+00  0.00000000e+00
   0.00000000e+00  1.00000000e+00]]
Param #6407: delta too small; RMS=2.2315e-06 mm
quads_tilt_fit #-1.405157124665577e-05
delta_local #[0.00044813]
R1 #[[ 9.99999906e-01  0.00000000e+00  4.34076220e-04  0.00000000e+00
   0.00000000e+00  0.00000000e+00]
 [ 0.00000000e+00  9.99999906e-01  0.00000000e+00  4.34076220e-04
   0.00000000e+00  0.00000000e+00]
 [-4.34076220e-04  0.00000000e+00  9.99999906e-01  0.00000000e+00
   0.00000000e+00  0.00000000e+00]
 [ 0.00000000e+00 -4.34076220e-04  0.00000000e+00  9.99999906e-01
   0.00000000e+00  0.00000000e+00]
 [ 0.00000000e+00  0.00000000e+00  0.00000000e+00  0.00000000e+00
   1.00000000e+00  0.00000000e+00]
 [ 0.00000000e+00  0.00000000e+00  0.00000000e+00  0.00000000e+00
   0.00000000e+00  1.00000000e+00]]
R2 #[[ 9.99999906e-01  0.00000000e+00 -4.34076220e-04  0.00000000e+00
   0.00000000e+00  0.00000000e+00]
 [ 0.00000000e+00  9.99999906e-01  0.00000000e+00 -4.34076220e-04
   0.00000000e+00  0.00000000e+00]
 [ 4.34076220e-04  0.00000000e+00  9.99999906e-01  0.00000000e+00
   0.00000000e+00  0.00000000e+00]
 [ 0.00000000e+00  4.34076220e-04  0.00000000e+00  9.99999906e-01
   0.00000000e+00  0.00000000e+00]
 [ 0.00000000e+00  0.00000000e+00  0.00000000e+00  0.00000000e+00
   1.00000000e+00  0.00000000e+00]
 [ 0.00000000e+00  0.00000000e+00  0.00000000e+00  0.00000000e+00
   0.00000000e+00  1.00000000e+00]]
Param #6407: delta OK; RMS=0.00099988 mm
quads_tilt_fit #-0.000841390348953126
delta_local #[1.e-06]
R1 #[[ 9.99999647e-01  0.00000000e+00 -8.40390250e-04  0.00000000e+00
   0.00000000e+00  0.00000000e+00]
 [ 0.00000000e+00  9.99999647e-01  0.00000000e+00 -8.40390250e-04
   0.00000000e+00  0.00000000e+00]
 [ 8.40390250e-04  0.00000000e+00  9.99999647e-01  0.00000000e+00
   0.00000000e+00  0.00000000e+00]
 [ 0.00000000e+00  8.40390250e-04  0.00000000e+00  9.99999647e-01
   0.00000000e+00  0.00000000e+00]
 [ 0.00000000e+00  0.00000000e+00  0.00000000e+00  0.00000000e+00
   1.00000000e+00  0.00000000e+00]
 [ 0.00000000e+00  0.00000000e+00  0.00000000e+00  0.00000000e+00
   0.00000000e+00  1.00000000e+00]]
R2 #[[ 9.99999647e-01  0.00000000e+00  8.40390250e-04  0.00000000e+00
   0.00000000e+00  0.00000000e+00]
 [ 0.00000000e+00  9.99999647e-01  0.00000000e+00  8.40390250e-04
   0.00000000e+00  0.00000000e+00]
 [-8.40390250e-04  0.00000000e+00  9.99999647e-01  0.00000000e+00
   0.00000000e+00  0.00000000e+00]
 [ 0.00000000e+00 -8.40390250e-04  0.00000000e+00  9.99999647e-01
   0.00000000e+00  0.00000000e+00]
 [ 0.00000000e+00  0.00000000e+00  0.00000000e+00  0.00000000e+00
   1.00000000e+00  0.00000000e+00]
 [ 0.00000000e+00  0.00000000e+00  0.00000000e+00  0.00000000e+00
   0.00000000e+00  1.00000000e+00]]
Param #5495: delta too small; RMS=1.6729e-06 mm
quads_tilt_fit #-0.000841390348953126
delta_local #[0.00059778]
R1 #[[ 9.99999970e-01  0.00000000e+00 -2.43613007e-04  0.00000000e+00
   0.00000000e+00  0.00000000e+00]
 [ 0.00000000e+00  9.99999970e-01  0.00000000e+00 -2.43613007e-04
   0.00000000e+00  0.00000000e+00]
 [ 2.43613007e-04  0.00000000e+00  9.99999970e-01  0.00000000e+00
   0.00000000e+00  0.00000000e+00]
 [ 0.00000000e+00  2.43613007e-04  0.00000000e+00  9.99999970e-01
   0.00000000e+00  0.00000000e+00]
 [ 0.00000000e+00  0.00000000e+00  0.00000000e+00  0.00000000e+00
   1.00000000e+00  0.00000000e+00]
 [ 0.00000000e+00  0.00000000e+00  0.00000000e+00  0.00000000e+00
   0.00000000e+00  1.00000000e+00]]
R2 #[[ 9.99999970e-01  0.00000000e+00  2.43613007e-04  0.00000000e+00
   0.00000000e+00  0.00000000e+00]
 [ 0.00000000e+00  9.99999970e-01  0.00000000e+00  2.43613007e-04
   0.00000000e+00  0.00000000e+00]
 [-2.43613007e-04  0.00000000e+00  9.99999970e-01  0.00000000e+00
   0.00000000e+00  0.00000000e+00]
 [ 0.00000000e+00 -2.43613007e-04  0.00000000e+00  9.99999970e-01
   0.00000000e+00  0.00000000e+00]
 [ 0.00000000e+00  0.00000000e+00  0.00000000e+00  0.00000000e+00
   1.00000000e+00  0.00000000e+00]
 [ 0.00000000e+00  0.00000000e+00  0.00000000e+00  0.00000000e+00
   0.00000000e+00  1.00000000e+00]]
Param #5495: delta OK; RMS=0.0010003 mm
quads_tilt_fit #-0.0010417593743090366
delta_local #[1.e-06]
R1 #[[ 0.99999946  0.         -0.00104076  0.          0.          0.        ]
 [ 0.          0.99999946  0.         -0.00104076  0.          0.        ]
 [ 0.00104076  0.          0.99999946  0.          0.          0.        ]
 [ 0.          0.00104076  0.          0.99999946  0.          0.        ]
 [ 0.          0.          0.          0.          1.          0.        ]
 [ 0.          0.          0.          0.          0.          1.        ]]
R2 #[[ 0.99999946  0.          0.00104076  0.          0.          0.        ]
 [ 0.          0.99999946  0.          0.00104076  0.          0.        ]
 [-0.00104076  0.          0.99999946  0.          0.          0.        ]
 [ 0.         -0.00104076  0.          0.99999946  0.          0.        ]
 [ 0.          0.          0.          0.          1.          0.        ]
 [ 0.          0.          0.          0.          0.          1.        ]]
Param #5505: delta too small; RMS=3.5227e-06 mm
quads_tilt_fit #-0.0010417593743090366
delta_local #[0.00028387]
R1 #[[ 9.99999713e-01  0.00000000e+00 -7.57885865e-04  0.00000000e+00
   0.00000000e+00  0.00000000e+00]
 [ 0.00000000e+00  9.99999713e-01  0.00000000e+00 -7.57885865e-04
   0.00000000e+00  0.00000000e+00]
 [ 7.57885865e-04  0.00000000e+00  9.99999713e-01  0.00000000e+00
   0.00000000e+00  0.00000000e+00]
 [ 0.00000000e+00  7.57885865e-04  0.00000000e+00  9.99999713e-01
   0.00000000e+00  0.00000000e+00]
 [ 0.00000000e+00  0.00000000e+00  0.00000000e+00  0.00000000e+00
   1.00000000e+00  0.00000000e+00]
 [ 0.00000000e+00  0.00000000e+00  0.00000000e+00  0.00000000e+00
   0.00000000e+00  1.00000000e+00]]
R2 #[[ 9.99999713e-01  0.00000000e+00  7.57885865e-04  0.00000000e+00
   0.00000000e+00  0.00000000e+00]
 [ 0.00000000e+00  9.99999713e-01  0.00000000e+00  7.57885865e-04
   0.00000000e+00  0.00000000e+00]
 [-7.57885865e-04  0.00000000e+00  9.99999713e-01  0.00000000e+00
   0.00000000e+00  0.00000000e+00]
 [ 0.00000000e+00 -7.57885865e-04  0.00000000e+00  9.99999713e-01
   0.00000000e+00  0.00000000e+00]
 [ 0.00000000e+00  0.00000000e+00  0.00000000e+00  0.00000000e+00
   1.00000000e+00  0.00000000e+00]
 [ 0.00000000e+00  0.00000000e+00  0.00000000e+00  0.00000000e+00
   0.00000000e+00  1.00000000e+00]]
Param #5505: delta OK; RMS=0.0009998 mm
quads_tilt_fit #0.0014139481032783652
delta_local #[1.e-06]
R1 #[[ 0.999999    0.          0.00141495  0.          0.          0.        ]
 [ 0.          0.999999    0.          0.00141495  0.          0.        ]
 [-0.00141495  0.          0.999999    0.          0.          0.        ]
 [ 0.         -0.00141495  0.          0.999999    0.          0.        ]
 [ 0.          0.          0.          0.          1.          0.        ]
 [ 0.          0.          0.          0.          0.          1.        ]]
R2 #[[ 0.999999    0.         -0.00141495  0.          0.          0.        ]
 [ 0.          0.999999    0.         -0.00141495  0.          0.        ]
 [ 0.00141495  0.          0.999999    0.          0.          0.        ]
 [ 0.          0.00141495  0.          0.999999    0.          0.        ]
 [ 0.          0.          0.          0.          1.          0.        ]
 [ 0.          0.          0.          0.          0.          1.        ]]
Param #5509: delta too small; RMS=3.4983e-06 mm
quads_tilt_fit #0.0014139481032783652
delta_local #[0.00028585]
R1 #[[ 0.99999856  0.          0.0016998   0.          0.          0.        ]
 [ 0.          0.99999856  0.          0.0016998   0.          0.        ]
 [-0.0016998   0.          0.99999856  0.          0.          0.        ]
 [ 0.         -0.0016998   0.          0.99999856  0.          0.        ]
 [ 0.          0.          0.          0.          1.          0.        ]
 [ 0.          0.          0.          0.          0.          1.        ]]
R2 #[[ 0.99999856  0.         -0.0016998   0.          0.          0.        ]
 [ 0.          0.99999856  0.         -0.0016998   0.          0.        ]
 [ 0.0016998   0.          0.99999856  0.          0.          0.        ]
 [ 0.          0.0016998   0.          0.99999856  0.          0.        ]
 [ 0.          0.          0.          0.          1.          0.        ]
 [ 0.          0.          0.          0.          0.          1.        ]]
Param #5509: delta OK; RMS=0.0010003 mm
quads_tilt_fit #-0.000955147326706449
delta_local #[1.e-06]
R1 #[[ 9.99999545e-01  0.00000000e+00 -9.54147182e-04  0.00000000e+00
   0.00000000e+00  0.00000000e+00]
 [ 0.00000000e+00  9.99999545e-01  0.00000000e+00 -9.54147182e-04
   0.00000000e+00  0.00000000e+00]
 [ 9.54147182e-04  0.00000000e+00  9.99999545e-01  0.00000000e+00
   0.00000000e+00  0.00000000e+00]
 [ 0.00000000e+00  9.54147182e-04  0.00000000e+00  9.99999545e-01
   0.00000000e+00  0.00000000e+00]
 [ 0.00000000e+00  0.00000000e+00  0.00000000e+00  0.00000000e+00
   1.00000000e+00  0.00000000e+00]
 [ 0.00000000e+00  0.00000000e+00  0.00000000e+00  0.00000000e+00
   0.00000000e+00  1.00000000e+00]]
R2 #[[ 9.99999545e-01  0.00000000e+00  9.54147182e-04  0.00000000e+00
   0.00000000e+00  0.00000000e+00]
 [ 0.00000000e+00  9.99999545e-01  0.00000000e+00  9.54147182e-04
   0.00000000e+00  0.00000000e+00]
 [-9.54147182e-04  0.00000000e+00  9.99999545e-01  0.00000000e+00
   0.00000000e+00  0.00000000e+00]
 [ 0.00000000e+00 -9.54147182e-04  0.00000000e+00  9.99999545e-01
   0.00000000e+00  0.00000000e+00]
 [ 0.00000000e+00  0.00000000e+00  0.00000000e+00  0.00000000e+00
   1.00000000e+00  0.00000000e+00]
 [ 0.00000000e+00  0.00000000e+00  0.00000000e+00  0.00000000e+00
   0.00000000e+00  1.00000000e+00]]
Param #5521: delta too small; RMS=2.8727e-06 mm
quads_tilt_fit #-0.000955147326706449
delta_local #[0.0003481]
R1 #[[ 9.99999816e-01  0.00000000e+00 -6.07043240e-04  0.00000000e+00
   0.00000000e+00  0.00000000e+00]
 [ 0.00000000e+00  9.99999816e-01  0.00000000e+00 -6.07043240e-04
   0.00000000e+00  0.00000000e+00]
 [ 6.07043240e-04  0.00000000e+00  9.99999816e-01  0.00000000e+00
   0.00000000e+00  0.00000000e+00]
 [ 0.00000000e+00  6.07043240e-04  0.00000000e+00  9.99999816e-01
   0.00000000e+00  0.00000000e+00]
 [ 0.00000000e+00  0.00000000e+00  0.00000000e+00  0.00000000e+00
   1.00000000e+00  0.00000000e+00]
 [ 0.00000000e+00  0.00000000e+00  0.00000000e+00  0.00000000e+00
   0.00000000e+00  1.00000000e+00]]
R2 #[[ 9.99999816e-01  0.00000000e+00  6.07043240e-04  0.00000000e+00
   0.00000000e+00  0.00000000e+00]
 [ 0.00000000e+00  9.99999816e-01  0.00000000e+00  6.07043240e-04
   0.00000000e+00  0.00000000e+00]
 [-6.07043240e-04  0.00000000e+00  9.99999816e-01  0.00000000e+00
   0.00000000e+00  0.00000000e+00]
 [ 0.00000000e+00 -6.07043240e-04  0.00000000e+00  9.99999816e-01
   0.00000000e+00  0.00000000e+00]
 [ 0.00000000e+00  0.00000000e+00  0.00000000e+00  0.00000000e+00
   1.00000000e+00  0.00000000e+00]
 [ 0.00000000e+00  0.00000000e+00  0.00000000e+00  0.00000000e+00
   0.00000000e+00  1.00000000e+00]]
Param #5521: delta OK; RMS=0.00099983 mm
quads_tilt_fit #0.0004835005300395664
delta_local #[1.e-06]
R1 #[[ 9.99999883e-01  0.00000000e+00  4.84500511e-04  0.00000000e+00
   0.00000000e+00  0.00000000e+00]
 [ 0.00000000e+00  9.99999883e-01  0.00000000e+00  4.84500511e-04
   0.00000000e+00  0.00000000e+00]
 [-4.84500511e-04  0.00000000e+00  9.99999883e-01  0.00000000e+00
   0.00000000e+00  0.00000000e+00]
 [ 0.00000000e+00 -4.84500511e-04  0.00000000e+00  9.99999883e-01
   0.00000000e+00  0.00000000e+00]
 [ 0.00000000e+00  0.00000000e+00  0.00000000e+00  0.00000000e+00
   1.00000000e+00  0.00000000e+00]
 [ 0.00000000e+00  0.00000000e+00  0.00000000e+00  0.00000000e+00
   0.00000000e+00  1.00000000e+00]]
R2 #[[ 9.99999883e-01  0.00000000e+00 -4.84500511e-04  0.00000000e+00
   0.00000000e+00  0.00000000e+00]
 [ 0.00000000e+00  9.99999883e-01  0.00000000e+00 -4.84500511e-04
   0.00000000e+00  0.00000000e+00]
 [ 4.84500511e-04  0.00000000e+00  9.99999883e-01  0.00000000e+00
   0.00000000e+00  0.00000000e+00]
 [ 0.00000000e+00  4.84500511e-04  0.00000000e+00  9.99999883e-01
   0.00000000e+00  0.00000000e+00]
 [ 0.00000000e+00  0.00000000e+00  0.00000000e+00  0.00000000e+00
   1.00000000e+00  0.00000000e+00]
 [ 0.00000000e+00  0.00000000e+00  0.00000000e+00  0.00000000e+00
   0.00000000e+00  1.00000000e+00]]
Param #5527: delta too small; RMS=1.5432e-06 mm
quads_tilt_fit #0.0004835005300395664
delta_local #[0.00064801]
R1 #[[ 0.99999936  0.          0.00113151  0.          0.          0.        ]
 [ 0.          0.99999936  0.          0.00113151  0.          0.        ]
 [-0.00113151  0.          0.99999936  0.          0.          0.        ]
 [ 0.         -0.00113151  0.          0.99999936  0.          0.        ]
 [ 0.          0.          0.          0.          1.          0.        ]
 [ 0.          0.          0.          0.          0.          1.        ]]
R2 #[[ 0.99999936  0.         -0.00113151  0.          0.          0.        ]
 [ 0.          0.99999936  0.         -0.00113151  0.          0.        ]
 [ 0.00113151  0.          0.99999936  0.          0.          0.        ]
 [ 0.          0.00113151  0.          0.99999936  0.          0.        ]
 [ 0.          0.          0.          0.          1.          0.        ]
 [ 0.          0.          0.          0.          0.          1.        ]]
Param #5527: delta OK; RMS=0.0010001 mm
quads_tilt_fit #-0.0007941927629246692
delta_local #[1.e-06]
R1 #[[ 9.99999685e-01  0.00000000e+00 -7.93192680e-04  0.00000000e+00
   0.00000000e+00  0.00000000e+00]
 [ 0.00000000e+00  9.99999685e-01  0.00000000e+00 -7.93192680e-04
   0.00000000e+00  0.00000000e+00]
 [ 7.93192680e-04  0.00000000e+00  9.99999685e-01  0.00000000e+00
   0.00000000e+00  0.00000000e+00]
 [ 0.00000000e+00  7.93192680e-04  0.00000000e+00  9.99999685e-01
   0.00000000e+00  0.00000000e+00]
 [ 0.00000000e+00  0.00000000e+00  0.00000000e+00  0.00000000e+00
   1.00000000e+00  0.00000000e+00]
 [ 0.00000000e+00  0.00000000e+00  0.00000000e+00  0.00000000e+00
   0.00000000e+00  1.00000000e+00]]
R2 #[[ 9.99999685e-01  0.00000000e+00  7.93192680e-04  0.00000000e+00
   0.00000000e+00  0.00000000e+00]
 [ 0.00000000e+00  9.99999685e-01  0.00000000e+00  7.93192680e-04
   0.00000000e+00  0.00000000e+00]
 [-7.93192680e-04  0.00000000e+00  9.99999685e-01  0.00000000e+00
   0.00000000e+00  0.00000000e+00]
 [ 0.00000000e+00 -7.93192680e-04  0.00000000e+00  9.99999685e-01
   0.00000000e+00  0.00000000e+00]
 [ 0.00000000e+00  0.00000000e+00  0.00000000e+00  0.00000000e+00
   1.00000000e+00  0.00000000e+00]
 [ 0.00000000e+00  0.00000000e+00  0.00000000e+00  0.00000000e+00
   0.00000000e+00  1.00000000e+00]]
Param #5551: delta too small; RMS=1.4413e-06 mm
quads_tilt_fit #-0.0007941927629246692
delta_local #[0.00069383]
R1 #[[ 9.99999995e-01  0.00000000e+00 -1.00363964e-04  0.00000000e+00
   0.00000000e+00  0.00000000e+00]
 [ 0.00000000e+00  9.99999995e-01  0.00000000e+00 -1.00363964e-04
   0.00000000e+00  0.00000000e+00]
 [ 1.00363964e-04  0.00000000e+00  9.99999995e-01  0.00000000e+00
   0.00000000e+00  0.00000000e+00]
 [ 0.00000000e+00  1.00363964e-04  0.00000000e+00  9.99999995e-01
   0.00000000e+00  0.00000000e+00]
 [ 0.00000000e+00  0.00000000e+00  0.00000000e+00  0.00000000e+00
   1.00000000e+00  0.00000000e+00]
 [ 0.00000000e+00  0.00000000e+00  0.00000000e+00  0.00000000e+00
   0.00000000e+00  1.00000000e+00]]
R2 #[[ 9.99999995e-01  0.00000000e+00  1.00363964e-04  0.00000000e+00
   0.00000000e+00  0.00000000e+00]
 [ 0.00000000e+00  9.99999995e-01  0.00000000e+00  1.00363964e-04
   0.00000000e+00  0.00000000e+00]
 [-1.00363964e-04  0.00000000e+00  9.99999995e-01  0.00000000e+00
   0.00000000e+00  0.00000000e+00]
 [ 0.00000000e+00 -1.00363964e-04  0.00000000e+00  9.99999995e-01
   0.00000000e+00  0.00000000e+00]
 [ 0.00000000e+00  0.00000000e+00  0.00000000e+00  0.00000000e+00
   1.00000000e+00  0.00000000e+00]
 [ 0.00000000e+00  0.00000000e+00  0.00000000e+00  0.00000000e+00
   0.00000000e+00  1.00000000e+00]]
Param #5551: delta OK; RMS=0.0010002 mm
quads_tilt_fit #0.0002639902851901605
delta_local #[1.e-06]
R1 #[[ 9.99999965e-01  0.00000000e+00  2.64990282e-04  0.00000000e+00
   0.00000000e+00  0.00000000e+00]
 [ 0.00000000e+00  9.99999965e-01  0.00000000e+00  2.64990282e-04
   0.00000000e+00  0.00000000e+00]
 [-2.64990282e-04  0.00000000e+00  9.99999965e-01  0.00000000e+00
   0.00000000e+00  0.00000000e+00]
 [ 0.00000000e+00 -2.64990282e-04  0.00000000e+00  9.99999965e-01
   0.00000000e+00  0.00000000e+00]
 [ 0.00000000e+00  0.00000000e+00  0.00000000e+00  0.00000000e+00
   1.00000000e+00  0.00000000e+00]
 [ 0.00000000e+00  0.00000000e+00  0.00000000e+00  0.00000000e+00
   0.00000000e+00  1.00000000e+00]]
R2 #[[ 9.99999965e-01  0.00000000e+00 -2.64990282e-04  0.00000000e+00
   0.00000000e+00  0.00000000e+00]
 [ 0.00000000e+00  9.99999965e-01  0.00000000e+00 -2.64990282e-04
   0.00000000e+00  0.00000000e+00]
 [ 2.64990282e-04  0.00000000e+00  9.99999965e-01  0.00000000e+00
   0.00000000e+00  0.00000000e+00]
 [ 0.00000000e+00  2.64990282e-04  0.00000000e+00  9.99999965e-01
   0.00000000e+00  0.00000000e+00]
 [ 0.00000000e+00  0.00000000e+00  0.00000000e+00  0.00000000e+00
   1.00000000e+00  0.00000000e+00]
 [ 0.00000000e+00  0.00000000e+00  0.00000000e+00  0.00000000e+00
   0.00000000e+00  1.00000000e+00]]
Param #5557: delta too small; RMS=3.8463e-06 mm
quads_tilt_fit #0.0002639902851901605
delta_local #[0.00025999]
R1 #[[ 9.99999863e-01  0.00000000e+00  5.23978774e-04  0.00000000e+00
   0.00000000e+00  0.00000000e+00]
 [ 0.00000000e+00  9.99999863e-01  0.00000000e+00  5.23978774e-04
   0.00000000e+00  0.00000000e+00]
 [-5.23978774e-04  0.00000000e+00  9.99999863e-01  0.00000000e+00
   0.00000000e+00  0.00000000e+00]
 [ 0.00000000e+00 -5.23978774e-04  0.00000000e+00  9.99999863e-01
   0.00000000e+00  0.00000000e+00]
 [ 0.00000000e+00  0.00000000e+00  0.00000000e+00  0.00000000e+00
   1.00000000e+00  0.00000000e+00]
 [ 0.00000000e+00  0.00000000e+00  0.00000000e+00  0.00000000e+00
   0.00000000e+00  1.00000000e+00]]
R2 #[[ 9.99999863e-01  0.00000000e+00 -5.23978774e-04  0.00000000e+00
   0.00000000e+00  0.00000000e+00]
 [ 0.00000000e+00  9.99999863e-01  0.00000000e+00 -5.23978774e-04
   0.00000000e+00  0.00000000e+00]
 [ 5.23978774e-04  0.00000000e+00  9.99999863e-01  0.00000000e+00
   0.00000000e+00  0.00000000e+00]
 [ 0.00000000e+00  5.23978774e-04  0.00000000e+00  9.99999863e-01
   0.00000000e+00  0.00000000e+00]
 [ 0.00000000e+00  0.00000000e+00  0.00000000e+00  0.00000000e+00
   1.00000000e+00  0.00000000e+00]
 [ 0.00000000e+00  0.00000000e+00  0.00000000e+00  0.00000000e+00
   0.00000000e+00  1.00000000e+00]]
Param #5557: delta OK; RMS=0.00099986 mm
quads_tilt_fit #2.991007316131658e-05
delta_local #[1.e-06]
R1 #[[ 1.00000000e+00  0.00000000e+00  3.09100732e-05  0.00000000e+00
   0.00000000e+00  0.00000000e+00]
 [ 0.00000000e+00  1.00000000e+00  0.00000000e+00  3.09100732e-05
   0.00000000e+00  0.00000000e+00]
 [-3.09100732e-05  0.00000000e+00  1.00000000e+00  0.00000000e+00
   0.00000000e+00  0.00000000e+00]
 [ 0.00000000e+00 -3.09100732e-05  0.00000000e+00  1.00000000e+00
   0.00000000e+00  0.00000000e+00]
 [ 0.00000000e+00  0.00000000e+00  0.00000000e+00  0.00000000e+00
   1.00000000e+00  0.00000000e+00]
 [ 0.00000000e+00  0.00000000e+00  0.00000000e+00  0.00000000e+00
   0.00000000e+00  1.00000000e+00]]
R2 #[[ 1.00000000e+00  0.00000000e+00 -3.09100732e-05  0.00000000e+00
   0.00000000e+00  0.00000000e+00]
 [ 0.00000000e+00  1.00000000e+00  0.00000000e+00 -3.09100732e-05
   0.00000000e+00  0.00000000e+00]
 [ 3.09100732e-05  0.00000000e+00  1.00000000e+00  0.00000000e+00
   0.00000000e+00  0.00000000e+00]
 [ 0.00000000e+00  3.09100732e-05  0.00000000e+00  1.00000000e+00
   0.00000000e+00  0.00000000e+00]
 [ 0.00000000e+00  0.00000000e+00  0.00000000e+00  0.00000000e+00
   1.00000000e+00  0.00000000e+00]
 [ 0.00000000e+00  0.00000000e+00  0.00000000e+00  0.00000000e+00
   0.00000000e+00  1.00000000e+00]]
Param #5563: delta too small; RMS=4.8686e-06 mm
quads_tilt_fit #2.991007316131658e-05
delta_local #[0.0002054]
R1 #[[ 9.99999972e-01  0.00000000e+00  2.35308750e-04  0.00000000e+00
   0.00000000e+00  0.00000000e+00]
 [ 0.00000000e+00  9.99999972e-01  0.00000000e+00  2.35308750e-04
   0.00000000e+00  0.00000000e+00]
 [-2.35308750e-04  0.00000000e+00  9.99999972e-01  0.00000000e+00
   0.00000000e+00  0.00000000e+00]
 [ 0.00000000e+00 -2.35308750e-04  0.00000000e+00  9.99999972e-01
   0.00000000e+00  0.00000000e+00]
 [ 0.00000000e+00  0.00000000e+00  0.00000000e+00  0.00000000e+00
   1.00000000e+00  0.00000000e+00]
 [ 0.00000000e+00  0.00000000e+00  0.00000000e+00  0.00000000e+00
   0.00000000e+00  1.00000000e+00]]
R2 #[[ 9.99999972e-01  0.00000000e+00 -2.35308750e-04  0.00000000e+00
   0.00000000e+00  0.00000000e+00]
 [ 0.00000000e+00  9.99999972e-01  0.00000000e+00 -2.35308750e-04
   0.00000000e+00  0.00000000e+00]
 [ 2.35308750e-04  0.00000000e+00  9.99999972e-01  0.00000000e+00
   0.00000000e+00  0.00000000e+00]
 [ 0.00000000e+00  2.35308750e-04  0.00000000e+00  9.99999972e-01
   0.00000000e+00  0.00000000e+00]
 [ 0.00000000e+00  0.00000000e+00  0.00000000e+00  0.00000000e+00
   1.00000000e+00  0.00000000e+00]
 [ 0.00000000e+00  0.00000000e+00  0.00000000e+00  0.00000000e+00
   0.00000000e+00  1.00000000e+00]]
Param #5563: delta OK; RMS=0.0010002 mm
quads_tilt_fit #-0.0001986024834059084
delta_local #[1.e-06]
R1 #[[ 9.99999980e-01  0.00000000e+00 -1.97602482e-04  0.00000000e+00
   0.00000000e+00  0.00000000e+00]
 [ 0.00000000e+00  9.99999980e-01  0.00000000e+00 -1.97602482e-04
   0.00000000e+00  0.00000000e+00]
 [ 1.97602482e-04  0.00000000e+00  9.99999980e-01  0.00000000e+00
   0.00000000e+00  0.00000000e+00]
 [ 0.00000000e+00  1.97602482e-04  0.00000000e+00  9.99999980e-01
   0.00000000e+00  0.00000000e+00]
 [ 0.00000000e+00  0.00000000e+00  0.00000000e+00  0.00000000e+00
   1.00000000e+00  0.00000000e+00]
 [ 0.00000000e+00  0.00000000e+00  0.00000000e+00  0.00000000e+00
   0.00000000e+00  1.00000000e+00]]
R2 #[[ 9.99999980e-01  0.00000000e+00  1.97602482e-04  0.00000000e+00
   0.00000000e+00  0.00000000e+00]
 [ 0.00000000e+00  9.99999980e-01  0.00000000e+00  1.97602482e-04
   0.00000000e+00  0.00000000e+00]
 [-1.97602482e-04  0.00000000e+00  9.99999980e-01  0.00000000e+00
   0.00000000e+00  0.00000000e+00]
 [ 0.00000000e+00 -1.97602482e-04  0.00000000e+00  9.99999980e-01
   0.00000000e+00  0.00000000e+00]
 [ 0.00000000e+00  0.00000000e+00  0.00000000e+00  0.00000000e+00
   1.00000000e+00  0.00000000e+00]
 [ 0.00000000e+00  0.00000000e+00  0.00000000e+00  0.00000000e+00
   0.00000000e+00  1.00000000e+00]]
Param #5571: delta too small; RMS=1.1392e-06 mm
quads_tilt_fit #-0.0001986024834059084
delta_local #[0.00087778]
R1 #[[ 9.99999769e-01  0.00000000e+00  6.79176661e-04  0.00000000e+00
   0.00000000e+00  0.00000000e+00]
 [ 0.00000000e+00  9.99999769e-01  0.00000000e+00  6.79176661e-04
   0.00000000e+00  0.00000000e+00]
 [-6.79176661e-04  0.00000000e+00  9.99999769e-01  0.00000000e+00
   0.00000000e+00  0.00000000e+00]
 [ 0.00000000e+00 -6.79176661e-04  0.00000000e+00  9.99999769e-01
   0.00000000e+00  0.00000000e+00]
 [ 0.00000000e+00  0.00000000e+00  0.00000000e+00  0.00000000e+00
   1.00000000e+00  0.00000000e+00]
 [ 0.00000000e+00  0.00000000e+00  0.00000000e+00  0.00000000e+00
   0.00000000e+00  1.00000000e+00]]
R2 #[[ 9.99999769e-01  0.00000000e+00 -6.79176661e-04  0.00000000e+00
   0.00000000e+00  0.00000000e+00]
 [ 0.00000000e+00  9.99999769e-01  0.00000000e+00 -6.79176661e-04
   0.00000000e+00  0.00000000e+00]
 [ 6.79176661e-04  0.00000000e+00  9.99999769e-01  0.00000000e+00
   0.00000000e+00  0.00000000e+00]
 [ 0.00000000e+00  6.79176661e-04  0.00000000e+00  9.99999769e-01
   0.00000000e+00  0.00000000e+00]
 [ 0.00000000e+00  0.00000000e+00  0.00000000e+00  0.00000000e+00
   1.00000000e+00  0.00000000e+00]
 [ 0.00000000e+00  0.00000000e+00  0.00000000e+00  0.00000000e+00
   0.00000000e+00  1.00000000e+00]]
Param #5571: delta OK; RMS=0.00099984 mm
quads_tilt_fit #1.7776128384321282e-05
delta_local #[1.e-06]
R1 #[[ 1.00000000e+00  0.00000000e+00  1.87761284e-05  0.00000000e+00
   0.00000000e+00  0.00000000e+00]
 [ 0.00000000e+00  1.00000000e+00  0.00000000e+00  1.87761284e-05
   0.00000000e+00  0.00000000e+00]
 [-1.87761284e-05  0.00000000e+00  1.00000000e+00  0.00000000e+00
   0.00000000e+00  0.00000000e+00]
 [ 0.00000000e+00 -1.87761284e-05  0.00000000e+00  1.00000000e+00
   0.00000000e+00  0.00000000e+00]
 [ 0.00000000e+00  0.00000000e+00  0.00000000e+00  0.00000000e+00
   1.00000000e+00  0.00000000e+00]
 [ 0.00000000e+00  0.00000000e+00  0.00000000e+00  0.00000000e+00
   0.00000000e+00  1.00000000e+00]]
R2 #[[ 1.00000000e+00  0.00000000e+00 -1.87761284e-05  0.00000000e+00
   0.00000000e+00  0.00000000e+00]
 [ 0.00000000e+00  1.00000000e+00  0.00000000e+00 -1.87761284e-05
   0.00000000e+00  0.00000000e+00]
 [ 1.87761284e-05  0.00000000e+00  1.00000000e+00  0.00000000e+00
   0.00000000e+00  0.00000000e+00]
 [ 0.00000000e+00  1.87761284e-05  0.00000000e+00  1.00000000e+00
   0.00000000e+00  0.00000000e+00]
 [ 0.00000000e+00  0.00000000e+00  0.00000000e+00  0.00000000e+00
   1.00000000e+00  0.00000000e+00]
 [ 0.00000000e+00  0.00000000e+00  0.00000000e+00  0.00000000e+00
   0.00000000e+00  1.00000000e+00]]
Param #5583: delta too small; RMS=2.0368e-06 mm
quads_tilt_fit #1.7776128384321282e-05
delta_local #[0.00049098]
R1 #[[ 9.99999871e-01  0.00000000e+00  5.08753302e-04  0.00000000e+00
   0.00000000e+00  0.00000000e+00]
 [ 0.00000000e+00  9.99999871e-01  0.00000000e+00  5.08753302e-04
   0.00000000e+00  0.00000000e+00]
 [-5.08753302e-04  0.00000000e+00  9.99999871e-01  0.00000000e+00
   0.00000000e+00  0.00000000e+00]
 [ 0.00000000e+00 -5.08753302e-04  0.00000000e+00  9.99999871e-01
   0.00000000e+00  0.00000000e+00]
 [ 0.00000000e+00  0.00000000e+00  0.00000000e+00  0.00000000e+00
   1.00000000e+00  0.00000000e+00]
 [ 0.00000000e+00  0.00000000e+00  0.00000000e+00  0.00000000e+00
   0.00000000e+00  1.00000000e+00]]
R2 #[[ 9.99999871e-01  0.00000000e+00 -5.08753302e-04  0.00000000e+00
   0.00000000e+00  0.00000000e+00]
 [ 0.00000000e+00  9.99999871e-01  0.00000000e+00 -5.08753302e-04
   0.00000000e+00  0.00000000e+00]
 [ 5.08753302e-04  0.00000000e+00  9.99999871e-01  0.00000000e+00
   0.00000000e+00  0.00000000e+00]
 [ 0.00000000e+00  5.08753302e-04  0.00000000e+00  9.99999871e-01
   0.00000000e+00  0.00000000e+00]
 [ 0.00000000e+00  0.00000000e+00  0.00000000e+00  0.00000000e+00
   1.00000000e+00  0.00000000e+00]
 [ 0.00000000e+00  0.00000000e+00  0.00000000e+00  0.00000000e+00
   0.00000000e+00  1.00000000e+00]]
Param #5583: delta OK; RMS=0.00099983 mm
quads_tilt_fit #-4.874889997263835e-05
delta_local #[1.e-06]
R1 #[[ 9.99999999e-01  0.00000000e+00 -4.77489000e-05  0.00000000e+00
   0.00000000e+00  0.00000000e+00]
 [ 0.00000000e+00  9.99999999e-01  0.00000000e+00 -4.77489000e-05
   0.00000000e+00  0.00000000e+00]
 [ 4.77489000e-05  0.00000000e+00  9.99999999e-01  0.00000000e+00
   0.00000000e+00  0.00000000e+00]
 [ 0.00000000e+00  4.77489000e-05  0.00000000e+00  9.99999999e-01
   0.00000000e+00  0.00000000e+00]
 [ 0.00000000e+00  0.00000000e+00  0.00000000e+00  0.00000000e+00
   1.00000000e+00  0.00000000e+00]
 [ 0.00000000e+00  0.00000000e+00  0.00000000e+00  0.00000000e+00
   0.00000000e+00  1.00000000e+00]]
R2 #[[ 9.99999999e-01  0.00000000e+00  4.77489000e-05  0.00000000e+00
   0.00000000e+00  0.00000000e+00]
 [ 0.00000000e+00  9.99999999e-01  0.00000000e+00  4.77489000e-05
   0.00000000e+00  0.00000000e+00]
 [-4.77489000e-05  0.00000000e+00  9.99999999e-01  0.00000000e+00
   0.00000000e+00  0.00000000e+00]
 [ 0.00000000e+00 -4.77489000e-05  0.00000000e+00  9.99999999e-01
   0.00000000e+00  0.00000000e+00]
 [ 0.00000000e+00  0.00000000e+00  0.00000000e+00  0.00000000e+00
   1.00000000e+00  0.00000000e+00]
 [ 0.00000000e+00  0.00000000e+00  0.00000000e+00  0.00000000e+00
   0.00000000e+00  1.00000000e+00]]
Param #5589: delta too small; RMS=3.4794e-06 mm
quads_tilt_fit #-4.874889997263835e-05
delta_local #[0.00028741]
R1 #[[ 9.99999972e-01  0.00000000e+00  2.38658577e-04  0.00000000e+00
   0.00000000e+00  0.00000000e+00]
 [ 0.00000000e+00  9.99999972e-01  0.00000000e+00  2.38658577e-04
   0.00000000e+00  0.00000000e+00]
 [-2.38658577e-04  0.00000000e+00  9.99999972e-01  0.00000000e+00
   0.00000000e+00  0.00000000e+00]
 [ 0.00000000e+00 -2.38658577e-04  0.00000000e+00  9.99999972e-01
   0.00000000e+00  0.00000000e+00]
 [ 0.00000000e+00  0.00000000e+00  0.00000000e+00  0.00000000e+00
   1.00000000e+00  0.00000000e+00]
 [ 0.00000000e+00  0.00000000e+00  0.00000000e+00  0.00000000e+00
   0.00000000e+00  1.00000000e+00]]
R2 #[[ 9.99999972e-01  0.00000000e+00 -2.38658577e-04  0.00000000e+00
   0.00000000e+00  0.00000000e+00]
 [ 0.00000000e+00  9.99999972e-01  0.00000000e+00 -2.38658577e-04
   0.00000000e+00  0.00000000e+00]
 [ 2.38658577e-04  0.00000000e+00  9.99999972e-01  0.00000000e+00
   0.00000000e+00  0.00000000e+00]
 [ 0.00000000e+00  2.38658577e-04  0.00000000e+00  9.99999972e-01
   0.00000000e+00  0.00000000e+00]
 [ 0.00000000e+00  0.00000000e+00  0.00000000e+00  0.00000000e+00
   1.00000000e+00  0.00000000e+00]
 [ 0.00000000e+00  0.00000000e+00  0.00000000e+00  0.00000000e+00
   0.00000000e+00  1.00000000e+00]]
Param #5589: delta OK; RMS=0.001 mm
quads_tilt_fit #5.330491159793397e-07
delta_local #[1.e-06]
R1 #[[ 1.00000000e+00  0.00000000e+00  1.53304912e-06  0.00000000e+00
   0.00000000e+00  0.00000000e+00]
 [ 0.00000000e+00  1.00000000e+00  0.00000000e+00  1.53304912e-06
   0.00000000e+00  0.00000000e+00]
 [-1.53304912e-06  0.00000000e+00  1.00000000e+00  0.00000000e+00
   0.00000000e+00  0.00000000e+00]
 [ 0.00000000e+00 -1.53304912e-06  0.00000000e+00  1.00000000e+00
   0.00000000e+00  0.00000000e+00]
 [ 0.00000000e+00  0.00000000e+00  0.00000000e+00  0.00000000e+00
   1.00000000e+00  0.00000000e+00]
 [ 0.00000000e+00  0.00000000e+00  0.00000000e+00  0.00000000e+00
   0.00000000e+00  1.00000000e+00]]
R2 #[[ 1.00000000e+00  0.00000000e+00 -1.53304912e-06  0.00000000e+00
   0.00000000e+00  0.00000000e+00]
 [ 0.00000000e+00  1.00000000e+00  0.00000000e+00 -1.53304912e-06
   0.00000000e+00  0.00000000e+00]
 [ 1.53304912e-06  0.00000000e+00  1.00000000e+00  0.00000000e+00
   0.00000000e+00  0.00000000e+00]
 [ 0.00000000e+00  1.53304912e-06  0.00000000e+00  1.00000000e+00
   0.00000000e+00  0.00000000e+00]
 [ 0.00000000e+00  0.00000000e+00  0.00000000e+00  0.00000000e+00
   1.00000000e+00  0.00000000e+00]
 [ 0.00000000e+00  0.00000000e+00  0.00000000e+00  0.00000000e+00
   0.00000000e+00  1.00000000e+00]]
Param #5593: delta too small; RMS=3.3e-06 mm
quads_tilt_fit #5.330491159793397e-07
delta_local #[0.00030303]
R1 #[[ 9.99999954e-01  0.00000000e+00  3.03562389e-04  0.00000000e+00
   0.00000000e+00  0.00000000e+00]
 [ 0.00000000e+00  9.99999954e-01  0.00000000e+00  3.03562389e-04
   0.00000000e+00  0.00000000e+00]
 [-3.03562389e-04  0.00000000e+00  9.99999954e-01  0.00000000e+00
   0.00000000e+00  0.00000000e+00]
 [ 0.00000000e+00 -3.03562389e-04  0.00000000e+00  9.99999954e-01
   0.00000000e+00  0.00000000e+00]
 [ 0.00000000e+00  0.00000000e+00  0.00000000e+00  0.00000000e+00
   1.00000000e+00  0.00000000e+00]
 [ 0.00000000e+00  0.00000000e+00  0.00000000e+00  0.00000000e+00
   0.00000000e+00  1.00000000e+00]]
R2 #[[ 9.99999954e-01  0.00000000e+00 -3.03562389e-04  0.00000000e+00
   0.00000000e+00  0.00000000e+00]
 [ 0.00000000e+00  9.99999954e-01  0.00000000e+00 -3.03562389e-04
   0.00000000e+00  0.00000000e+00]
 [ 3.03562389e-04  0.00000000e+00  9.99999954e-01  0.00000000e+00
   0.00000000e+00  0.00000000e+00]
 [ 0.00000000e+00  3.03562389e-04  0.00000000e+00  9.99999954e-01
   0.00000000e+00  0.00000000e+00]
 [ 0.00000000e+00  0.00000000e+00  0.00000000e+00  0.00000000e+00
   1.00000000e+00  0.00000000e+00]
 [ 0.00000000e+00  0.00000000e+00  0.00000000e+00  0.00000000e+00
   0.00000000e+00  1.00000000e+00]]
Param #5593: delta OK; RMS=0.001 mm
quads_tilt_fit #-0.00013722452380095335
delta_local #[1.e-06]
R1 #[[ 9.99999991e-01  0.00000000e+00 -1.36224523e-04  0.00000000e+00
   0.00000000e+00  0.00000000e+00]
 [ 0.00000000e+00  9.99999991e-01  0.00000000e+00 -1.36224523e-04
   0.00000000e+00  0.00000000e+00]
 [ 1.36224523e-04  0.00000000e+00  9.99999991e-01  0.00000000e+00
   0.00000000e+00  0.00000000e+00]
 [ 0.00000000e+00  1.36224523e-04  0.00000000e+00  9.99999991e-01
   0.00000000e+00  0.00000000e+00]
 [ 0.00000000e+00  0.00000000e+00  0.00000000e+00  0.00000000e+00
   1.00000000e+00  0.00000000e+00]
 [ 0.00000000e+00  0.00000000e+00  0.00000000e+00  0.00000000e+00
   0.00000000e+00  1.00000000e+00]]
R2 #[[ 9.99999991e-01  0.00000000e+00  1.36224523e-04  0.00000000e+00
   0.00000000e+00  0.00000000e+00]
 [ 0.00000000e+00  9.99999991e-01  0.00000000e+00  1.36224523e-04
   0.00000000e+00  0.00000000e+00]
 [-1.36224523e-04  0.00000000e+00  9.99999991e-01  0.00000000e+00
   0.00000000e+00  0.00000000e+00]
 [ 0.00000000e+00 -1.36224523e-04  0.00000000e+00  9.99999991e-01
   0.00000000e+00  0.00000000e+00]
 [ 0.00000000e+00  0.00000000e+00  0.00000000e+00  0.00000000e+00
   1.00000000e+00  0.00000000e+00]
 [ 0.00000000e+00  0.00000000e+00  0.00000000e+00  0.00000000e+00
   0.00000000e+00  1.00000000e+00]]
Param #5599: delta too small; RMS=2.2303e-06 mm
quads_tilt_fit #-0.00013722452380095335
delta_local #[0.00044836]
R1 #[[ 9.99999952e-01  0.00000000e+00  3.11139913e-04  0.00000000e+00
   0.00000000e+00  0.00000000e+00]
 [ 0.00000000e+00  9.99999952e-01  0.00000000e+00  3.11139913e-04
   0.00000000e+00  0.00000000e+00]
 [-3.11139913e-04  0.00000000e+00  9.99999952e-01  0.00000000e+00
   0.00000000e+00  0.00000000e+00]
 [ 0.00000000e+00 -3.11139913e-04  0.00000000e+00  9.99999952e-01
   0.00000000e+00  0.00000000e+00]
 [ 0.00000000e+00  0.00000000e+00  0.00000000e+00  0.00000000e+00
   1.00000000e+00  0.00000000e+00]
 [ 0.00000000e+00  0.00000000e+00  0.00000000e+00  0.00000000e+00
   0.00000000e+00  1.00000000e+00]]
R2 #[[ 9.99999952e-01  0.00000000e+00 -3.11139913e-04  0.00000000e+00
   0.00000000e+00  0.00000000e+00]
 [ 0.00000000e+00  9.99999952e-01  0.00000000e+00 -3.11139913e-04
   0.00000000e+00  0.00000000e+00]
 [ 3.11139913e-04  0.00000000e+00  9.99999952e-01  0.00000000e+00
   0.00000000e+00  0.00000000e+00]
 [ 0.00000000e+00  3.11139913e-04  0.00000000e+00  9.99999952e-01
   0.00000000e+00  0.00000000e+00]
 [ 0.00000000e+00  0.00000000e+00  0.00000000e+00  0.00000000e+00
   1.00000000e+00  0.00000000e+00]
 [ 0.00000000e+00  0.00000000e+00  0.00000000e+00  0.00000000e+00
   0.00000000e+00  1.00000000e+00]]
Param #5599: delta OK; RMS=0.0010001 mm
quads_tilt_fit #6.473609070974362e-05
delta_local #[1.e-06]
R1 #[[ 9.99999998e-01  0.00000000e+00  6.57360907e-05  0.00000000e+00
   0.00000000e+00  0.00000000e+00]
 [ 0.00000000e+00  9.99999998e-01  0.00000000e+00  6.57360907e-05
   0.00000000e+00  0.00000000e+00]
 [-6.57360907e-05  0.00000000e+00  9.99999998e-01  0.00000000e+00
   0.00000000e+00  0.00000000e+00]
 [ 0.00000000e+00 -6.57360907e-05  0.00000000e+00  9.99999998e-01
   0.00000000e+00  0.00000000e+00]
 [ 0.00000000e+00  0.00000000e+00  0.00000000e+00  0.00000000e+00
   1.00000000e+00  0.00000000e+00]
 [ 0.00000000e+00  0.00000000e+00  0.00000000e+00  0.00000000e+00
   0.00000000e+00  1.00000000e+00]]
R2 #[[ 9.99999998e-01  0.00000000e+00 -6.57360907e-05  0.00000000e+00
   0.00000000e+00  0.00000000e+00]
 [ 0.00000000e+00  9.99999998e-01  0.00000000e+00 -6.57360907e-05
   0.00000000e+00  0.00000000e+00]
 [ 6.57360907e-05  0.00000000e+00  9.99999998e-01  0.00000000e+00
   0.00000000e+00  0.00000000e+00]
 [ 0.00000000e+00  6.57360907e-05  0.00000000e+00  9.99999998e-01
   0.00000000e+00  0.00000000e+00]
 [ 0.00000000e+00  0.00000000e+00  0.00000000e+00  0.00000000e+00
   1.00000000e+00  0.00000000e+00]
 [ 0.00000000e+00  0.00000000e+00  0.00000000e+00  0.00000000e+00
   0.00000000e+00  1.00000000e+00]]
Param #5613: delta too small; RMS=3.2731e-06 mm
quads_tilt_fit #6.473609070974362e-05
delta_local #[0.00030552]
R1 #[[ 9.99999931e-01  0.00000000e+00  3.70256110e-04  0.00000000e+00
   0.00000000e+00  0.00000000e+00]
 [ 0.00000000e+00  9.99999931e-01  0.00000000e+00  3.70256110e-04
   0.00000000e+00  0.00000000e+00]
 [-3.70256110e-04  0.00000000e+00  9.99999931e-01  0.00000000e+00
   0.00000000e+00  0.00000000e+00]
 [ 0.00000000e+00 -3.70256110e-04  0.00000000e+00  9.99999931e-01
   0.00000000e+00  0.00000000e+00]
 [ 0.00000000e+00  0.00000000e+00  0.00000000e+00  0.00000000e+00
   1.00000000e+00  0.00000000e+00]
 [ 0.00000000e+00  0.00000000e+00  0.00000000e+00  0.00000000e+00
   0.00000000e+00  1.00000000e+00]]
R2 #[[ 9.99999931e-01  0.00000000e+00 -3.70256110e-04  0.00000000e+00
   0.00000000e+00  0.00000000e+00]
 [ 0.00000000e+00  9.99999931e-01  0.00000000e+00 -3.70256110e-04
   0.00000000e+00  0.00000000e+00]
 [ 3.70256110e-04  0.00000000e+00  9.99999931e-01  0.00000000e+00
   0.00000000e+00  0.00000000e+00]
 [ 0.00000000e+00  3.70256110e-04  0.00000000e+00  9.99999931e-01
   0.00000000e+00  0.00000000e+00]
 [ 0.00000000e+00  0.00000000e+00  0.00000000e+00  0.00000000e+00
   1.00000000e+00  0.00000000e+00]
 [ 0.00000000e+00  0.00000000e+00  0.00000000e+00  0.00000000e+00
   0.00000000e+00  1.00000000e+00]]
Param #5613: delta OK; RMS=0.0010002 mm
quads_tilt_fit #-5.2544110062775256e-05
delta_local #[1.e-06]
R1 #[[ 9.99999999e-01  0.00000000e+00 -5.15441100e-05  0.00000000e+00
   0.00000000e+00  0.00000000e+00]
 [ 0.00000000e+00  9.99999999e-01  0.00000000e+00 -5.15441100e-05
   0.00000000e+00  0.00000000e+00]
 [ 5.15441100e-05  0.00000000e+00  9.99999999e-01  0.00000000e+00
   0.00000000e+00  0.00000000e+00]
 [ 0.00000000e+00  5.15441100e-05  0.00000000e+00  9.99999999e-01
   0.00000000e+00  0.00000000e+00]
 [ 0.00000000e+00  0.00000000e+00  0.00000000e+00  0.00000000e+00
   1.00000000e+00  0.00000000e+00]
 [ 0.00000000e+00  0.00000000e+00  0.00000000e+00  0.00000000e+00
   0.00000000e+00  1.00000000e+00]]
R2 #[[ 9.99999999e-01  0.00000000e+00  5.15441100e-05  0.00000000e+00
   0.00000000e+00  0.00000000e+00]
 [ 0.00000000e+00  9.99999999e-01  0.00000000e+00  5.15441100e-05
   0.00000000e+00  0.00000000e+00]
 [-5.15441100e-05  0.00000000e+00  9.99999999e-01  0.00000000e+00
   0.00000000e+00  0.00000000e+00]
 [ 0.00000000e+00 -5.15441100e-05  0.00000000e+00  9.99999999e-01
   0.00000000e+00  0.00000000e+00]
 [ 0.00000000e+00  0.00000000e+00  0.00000000e+00  0.00000000e+00
   1.00000000e+00  0.00000000e+00]
 [ 0.00000000e+00  0.00000000e+00  0.00000000e+00  0.00000000e+00
   0.00000000e+00  1.00000000e+00]]
Param #5621: delta too small; RMS=2.922e-06 mm
quads_tilt_fit #-5.2544110062775256e-05
delta_local #[0.00034223]
R1 #[[ 9.99999958e-01  0.00000000e+00  2.89683042e-04  0.00000000e+00
   0.00000000e+00  0.00000000e+00]
 [ 0.00000000e+00  9.99999958e-01  0.00000000e+00  2.89683042e-04
   0.00000000e+00  0.00000000e+00]
 [-2.89683042e-04  0.00000000e+00  9.99999958e-01  0.00000000e+00
   0.00000000e+00  0.00000000e+00]
 [ 0.00000000e+00 -2.89683042e-04  0.00000000e+00  9.99999958e-01
   0.00000000e+00  0.00000000e+00]
 [ 0.00000000e+00  0.00000000e+00  0.00000000e+00  0.00000000e+00
   1.00000000e+00  0.00000000e+00]
 [ 0.00000000e+00  0.00000000e+00  0.00000000e+00  0.00000000e+00
   0.00000000e+00  1.00000000e+00]]
R2 #[[ 9.99999958e-01  0.00000000e+00 -2.89683042e-04  0.00000000e+00
   0.00000000e+00  0.00000000e+00]
 [ 0.00000000e+00  9.99999958e-01  0.00000000e+00 -2.89683042e-04
   0.00000000e+00  0.00000000e+00]
 [ 2.89683042e-04  0.00000000e+00  9.99999958e-01  0.00000000e+00
   0.00000000e+00  0.00000000e+00]
 [ 0.00000000e+00  2.89683042e-04  0.00000000e+00  9.99999958e-01
   0.00000000e+00  0.00000000e+00]
 [ 0.00000000e+00  0.00000000e+00  0.00000000e+00  0.00000000e+00
   1.00000000e+00  0.00000000e+00]
 [ 0.00000000e+00  0.00000000e+00  0.00000000e+00  0.00000000e+00
   0.00000000e+00  1.00000000e+00]]
Param #5621: delta OK; RMS=0.00099975 mm
quads_tilt_fit #-0.00011601992219612818
delta_local #[1.e-06]
R1 #[[ 9.99999993e-01  0.00000000e+00 -1.15019922e-04  0.00000000e+00
   0.00000000e+00  0.00000000e+00]
 [ 0.00000000e+00  9.99999993e-01  0.00000000e+00 -1.15019922e-04
   0.00000000e+00  0.00000000e+00]
 [ 1.15019922e-04  0.00000000e+00  9.99999993e-01  0.00000000e+00
   0.00000000e+00  0.00000000e+00]
 [ 0.00000000e+00  1.15019922e-04  0.00000000e+00  9.99999993e-01
   0.00000000e+00  0.00000000e+00]
 [ 0.00000000e+00  0.00000000e+00  0.00000000e+00  0.00000000e+00
   1.00000000e+00  0.00000000e+00]
 [ 0.00000000e+00  0.00000000e+00  0.00000000e+00  0.00000000e+00
   0.00000000e+00  1.00000000e+00]]
R2 #[[ 9.99999993e-01  0.00000000e+00  1.15019922e-04  0.00000000e+00
   0.00000000e+00  0.00000000e+00]
 [ 0.00000000e+00  9.99999993e-01  0.00000000e+00  1.15019922e-04
   0.00000000e+00  0.00000000e+00]
 [-1.15019922e-04  0.00000000e+00  9.99999993e-01  0.00000000e+00
   0.00000000e+00  0.00000000e+00]
 [ 0.00000000e+00 -1.15019922e-04  0.00000000e+00  9.99999993e-01
   0.00000000e+00  0.00000000e+00]
 [ 0.00000000e+00  0.00000000e+00  0.00000000e+00  0.00000000e+00
   1.00000000e+00  0.00000000e+00]
 [ 0.00000000e+00  0.00000000e+00  0.00000000e+00  0.00000000e+00
   0.00000000e+00  1.00000000e+00]]
Param #5627: delta too small; RMS=1.404e-06 mm
quads_tilt_fit #-0.00011601992219612818
delta_local #[0.00071226]
R1 #[[ 9.99999822e-01  0.00000000e+00  5.96237210e-04  0.00000000e+00
   0.00000000e+00  0.00000000e+00]
 [ 0.00000000e+00  9.99999822e-01  0.00000000e+00  5.96237210e-04
   0.00000000e+00  0.00000000e+00]
 [-5.96237210e-04  0.00000000e+00  9.99999822e-01  0.00000000e+00
   0.00000000e+00  0.00000000e+00]
 [ 0.00000000e+00 -5.96237210e-04  0.00000000e+00  9.99999822e-01
   0.00000000e+00  0.00000000e+00]
 [ 0.00000000e+00  0.00000000e+00  0.00000000e+00  0.00000000e+00
   1.00000000e+00  0.00000000e+00]
 [ 0.00000000e+00  0.00000000e+00  0.00000000e+00  0.00000000e+00
   0.00000000e+00  1.00000000e+00]]
R2 #[[ 9.99999822e-01  0.00000000e+00 -5.96237210e-04  0.00000000e+00
   0.00000000e+00  0.00000000e+00]
 [ 0.00000000e+00  9.99999822e-01  0.00000000e+00 -5.96237210e-04
   0.00000000e+00  0.00000000e+00]
 [ 5.96237210e-04  0.00000000e+00  9.99999822e-01  0.00000000e+00
   0.00000000e+00  0.00000000e+00]
 [ 0.00000000e+00  5.96237210e-04  0.00000000e+00  9.99999822e-01
   0.00000000e+00  0.00000000e+00]
 [ 0.00000000e+00  0.00000000e+00  0.00000000e+00  0.00000000e+00
   1.00000000e+00  0.00000000e+00]
 [ 0.00000000e+00  0.00000000e+00  0.00000000e+00  0.00000000e+00
   0.00000000e+00  1.00000000e+00]]
Param #5627: delta OK; RMS=0.00099967 mm
quads_tilt_fit #-0.00030551965175076997
delta_local #[1.e-06]
R1 #[[ 9.99999954e-01  0.00000000e+00 -3.04519647e-04  0.00000000e+00
   0.00000000e+00  0.00000000e+00]
 [ 0.00000000e+00  9.99999954e-01  0.00000000e+00 -3.04519647e-04
   0.00000000e+00  0.00000000e+00]
 [ 3.04519647e-04  0.00000000e+00  9.99999954e-01  0.00000000e+00
   0.00000000e+00  0.00000000e+00]
 [ 0.00000000e+00  3.04519647e-04  0.00000000e+00  9.99999954e-01
   0.00000000e+00  0.00000000e+00]
 [ 0.00000000e+00  0.00000000e+00  0.00000000e+00  0.00000000e+00
   1.00000000e+00  0.00000000e+00]
 [ 0.00000000e+00  0.00000000e+00  0.00000000e+00  0.00000000e+00
   0.00000000e+00  1.00000000e+00]]
R2 #[[ 9.99999954e-01  0.00000000e+00  3.04519647e-04  0.00000000e+00
   0.00000000e+00  0.00000000e+00]
 [ 0.00000000e+00  9.99999954e-01  0.00000000e+00  3.04519647e-04
   0.00000000e+00  0.00000000e+00]
 [-3.04519647e-04  0.00000000e+00  9.99999954e-01  0.00000000e+00
   0.00000000e+00  0.00000000e+00]
 [ 0.00000000e+00 -3.04519647e-04  0.00000000e+00  9.99999954e-01
   0.00000000e+00  0.00000000e+00]
 [ 0.00000000e+00  0.00000000e+00  0.00000000e+00  0.00000000e+00
   1.00000000e+00  0.00000000e+00]
 [ 0.00000000e+00  0.00000000e+00  0.00000000e+00  0.00000000e+00
   0.00000000e+00  1.00000000e+00]]
Param #5655: delta too small; RMS=9.9103e-07 mm
quads_tilt_fit #-0.00030551965175076997
delta_local #[0.00100905]
R1 #[[ 9.99999753e-01  0.00000000e+00  7.03529032e-04  0.00000000e+00
   0.00000000e+00  0.00000000e+00]
 [ 0.00000000e+00  9.99999753e-01  0.00000000e+00  7.03529032e-04
   0.00000000e+00  0.00000000e+00]
 [-7.03529032e-04  0.00000000e+00  9.99999753e-01  0.00000000e+00
   0.00000000e+00  0.00000000e+00]
 [ 0.00000000e+00 -7.03529032e-04  0.00000000e+00  9.99999753e-01
   0.00000000e+00  0.00000000e+00]
 [ 0.00000000e+00  0.00000000e+00  0.00000000e+00  0.00000000e+00
   1.00000000e+00  0.00000000e+00]
 [ 0.00000000e+00  0.00000000e+00  0.00000000e+00  0.00000000e+00
   0.00000000e+00  1.00000000e+00]]
R2 #[[ 9.99999753e-01  0.00000000e+00 -7.03529032e-04  0.00000000e+00
   0.00000000e+00  0.00000000e+00]
 [ 0.00000000e+00  9.99999753e-01  0.00000000e+00 -7.03529032e-04
   0.00000000e+00  0.00000000e+00]
 [ 7.03529032e-04  0.00000000e+00  9.99999753e-01  0.00000000e+00
   0.00000000e+00  0.00000000e+00]
 [ 0.00000000e+00  7.03529032e-04  0.00000000e+00  9.99999753e-01
   0.00000000e+00  0.00000000e+00]
 [ 0.00000000e+00  0.00000000e+00  0.00000000e+00  0.00000000e+00
   1.00000000e+00  0.00000000e+00]
 [ 0.00000000e+00  0.00000000e+00  0.00000000e+00  0.00000000e+00
   0.00000000e+00  1.00000000e+00]]
Param #5655: delta OK; RMS=0.00099979 mm
quads_tilt_fit #-0.0003050274797999809
delta_local #[1.e-06]
R1 #[[ 9.99999954e-01  0.00000000e+00 -3.04027475e-04  0.00000000e+00
   0.00000000e+00  0.00000000e+00]
 [ 0.00000000e+00  9.99999954e-01  0.00000000e+00 -3.04027475e-04
   0.00000000e+00  0.00000000e+00]
 [ 3.04027475e-04  0.00000000e+00  9.99999954e-01  0.00000000e+00
   0.00000000e+00  0.00000000e+00]
 [ 0.00000000e+00  3.04027475e-04  0.00000000e+00  9.99999954e-01
   0.00000000e+00  0.00000000e+00]
 [ 0.00000000e+00  0.00000000e+00  0.00000000e+00  0.00000000e+00
   1.00000000e+00  0.00000000e+00]
 [ 0.00000000e+00  0.00000000e+00  0.00000000e+00  0.00000000e+00
   0.00000000e+00  1.00000000e+00]]
R2 #[[ 9.99999954e-01  0.00000000e+00  3.04027475e-04  0.00000000e+00
   0.00000000e+00  0.00000000e+00]
 [ 0.00000000e+00  9.99999954e-01  0.00000000e+00  3.04027475e-04
   0.00000000e+00  0.00000000e+00]
 [-3.04027475e-04  0.00000000e+00  9.99999954e-01  0.00000000e+00
   0.00000000e+00  0.00000000e+00]
 [ 0.00000000e+00 -3.04027475e-04  0.00000000e+00  9.99999954e-01
   0.00000000e+00  0.00000000e+00]
 [ 0.00000000e+00  0.00000000e+00  0.00000000e+00  0.00000000e+00
   1.00000000e+00  0.00000000e+00]
 [ 0.00000000e+00  0.00000000e+00  0.00000000e+00  0.00000000e+00
   0.00000000e+00  1.00000000e+00]]
Param #5661: delta too small; RMS=1.9318e-06 mm
quads_tilt_fit #-0.0003050274797999809
delta_local #[0.00051767]
R1 #[[ 9.99999977e-01  0.00000000e+00  2.12637738e-04  0.00000000e+00
   0.00000000e+00  0.00000000e+00]
 [ 0.00000000e+00  9.99999977e-01  0.00000000e+00  2.12637738e-04
   0.00000000e+00  0.00000000e+00]
 [-2.12637738e-04  0.00000000e+00  9.99999977e-01  0.00000000e+00
   0.00000000e+00  0.00000000e+00]
 [ 0.00000000e+00 -2.12637738e-04  0.00000000e+00  9.99999977e-01
   0.00000000e+00  0.00000000e+00]
 [ 0.00000000e+00  0.00000000e+00  0.00000000e+00  0.00000000e+00
   1.00000000e+00  0.00000000e+00]
 [ 0.00000000e+00  0.00000000e+00  0.00000000e+00  0.00000000e+00
   0.00000000e+00  1.00000000e+00]]
R2 #[[ 9.99999977e-01  0.00000000e+00 -2.12637738e-04  0.00000000e+00
   0.00000000e+00  0.00000000e+00]
 [ 0.00000000e+00  9.99999977e-01  0.00000000e+00 -2.12637738e-04
   0.00000000e+00  0.00000000e+00]
 [ 2.12637738e-04  0.00000000e+00  9.99999977e-01  0.00000000e+00
   0.00000000e+00  0.00000000e+00]
 [ 0.00000000e+00  2.12637738e-04  0.00000000e+00  9.99999977e-01
   0.00000000e+00  0.00000000e+00]
 [ 0.00000000e+00  0.00000000e+00  0.00000000e+00  0.00000000e+00
   1.00000000e+00  0.00000000e+00]
 [ 0.00000000e+00  0.00000000e+00  0.00000000e+00  0.00000000e+00
   0.00000000e+00  1.00000000e+00]]
Param #5661: delta OK; RMS=0.00099987 mm
quads_tilt_fit #0.0004472739862828782
delta_local #[1.e-06]
R1 #[[ 9.99999900e-01  0.00000000e+00  4.48273971e-04  0.00000000e+00
   0.00000000e+00  0.00000000e+00]
 [ 0.00000000e+00  9.99999900e-01  0.00000000e+00  4.48273971e-04
   0.00000000e+00  0.00000000e+00]
 [-4.48273971e-04  0.00000000e+00  9.99999900e-01  0.00000000e+00
   0.00000000e+00  0.00000000e+00]
 [ 0.00000000e+00 -4.48273971e-04  0.00000000e+00  9.99999900e-01
   0.00000000e+00  0.00000000e+00]
 [ 0.00000000e+00  0.00000000e+00  0.00000000e+00  0.00000000e+00
   1.00000000e+00  0.00000000e+00]
 [ 0.00000000e+00  0.00000000e+00  0.00000000e+00  0.00000000e+00
   0.00000000e+00  1.00000000e+00]]
R2 #[[ 9.99999900e-01  0.00000000e+00 -4.48273971e-04  0.00000000e+00
   0.00000000e+00  0.00000000e+00]
 [ 0.00000000e+00  9.99999900e-01  0.00000000e+00 -4.48273971e-04
   0.00000000e+00  0.00000000e+00]
 [ 4.48273971e-04  0.00000000e+00  9.99999900e-01  0.00000000e+00
   0.00000000e+00  0.00000000e+00]
 [ 0.00000000e+00  4.48273971e-04  0.00000000e+00  9.99999900e-01
   0.00000000e+00  0.00000000e+00]
 [ 0.00000000e+00  0.00000000e+00  0.00000000e+00  0.00000000e+00
   1.00000000e+00  0.00000000e+00]
 [ 0.00000000e+00  0.00000000e+00  0.00000000e+00  0.00000000e+00
   0.00000000e+00  1.00000000e+00]]
Param #5669: delta too small; RMS=1.9701e-06 mm
quads_tilt_fit #0.0004472739862828782
delta_local #[0.00050758]
R1 #[[ 9.99999544e-01  0.00000000e+00  9.54858356e-04  0.00000000e+00
   0.00000000e+00  0.00000000e+00]
 [ 0.00000000e+00  9.99999544e-01  0.00000000e+00  9.54858356e-04
   0.00000000e+00  0.00000000e+00]
 [-9.54858356e-04  0.00000000e+00  9.99999544e-01  0.00000000e+00
   0.00000000e+00  0.00000000e+00]
 [ 0.00000000e+00 -9.54858356e-04  0.00000000e+00  9.99999544e-01
   0.00000000e+00  0.00000000e+00]
 [ 0.00000000e+00  0.00000000e+00  0.00000000e+00  0.00000000e+00
   1.00000000e+00  0.00000000e+00]
 [ 0.00000000e+00  0.00000000e+00  0.00000000e+00  0.00000000e+00
   0.00000000e+00  1.00000000e+00]]
R2 #[[ 9.99999544e-01  0.00000000e+00 -9.54858356e-04  0.00000000e+00
   0.00000000e+00  0.00000000e+00]
 [ 0.00000000e+00  9.99999544e-01  0.00000000e+00 -9.54858356e-04
   0.00000000e+00  0.00000000e+00]
 [ 9.54858356e-04  0.00000000e+00  9.99999544e-01  0.00000000e+00
   0.00000000e+00  0.00000000e+00]
 [ 0.00000000e+00  9.54858356e-04  0.00000000e+00  9.99999544e-01
   0.00000000e+00  0.00000000e+00]
 [ 0.00000000e+00  0.00000000e+00  0.00000000e+00  0.00000000e+00
   1.00000000e+00  0.00000000e+00]
 [ 0.00000000e+00  0.00000000e+00  0.00000000e+00  0.00000000e+00
   0.00000000e+00  1.00000000e+00]]
Param #5669: delta OK; RMS=0.0010001 mm
quads_tilt_fit #0.0005173401668358433
delta_local #[1.e-06]
R1 #[[ 9.99999866e-01  0.00000000e+00  5.18340144e-04  0.00000000e+00
   0.00000000e+00  0.00000000e+00]
 [ 0.00000000e+00  9.99999866e-01  0.00000000e+00  5.18340144e-04
   0.00000000e+00  0.00000000e+00]
 [-5.18340144e-04  0.00000000e+00  9.99999866e-01  0.00000000e+00
   0.00000000e+00  0.00000000e+00]
 [ 0.00000000e+00 -5.18340144e-04  0.00000000e+00  9.99999866e-01
   0.00000000e+00  0.00000000e+00]
 [ 0.00000000e+00  0.00000000e+00  0.00000000e+00  0.00000000e+00
   1.00000000e+00  0.00000000e+00]
 [ 0.00000000e+00  0.00000000e+00  0.00000000e+00  0.00000000e+00
   0.00000000e+00  1.00000000e+00]]
R2 #[[ 9.99999866e-01  0.00000000e+00 -5.18340144e-04  0.00000000e+00
   0.00000000e+00  0.00000000e+00]
 [ 0.00000000e+00  9.99999866e-01  0.00000000e+00 -5.18340144e-04
   0.00000000e+00  0.00000000e+00]
 [ 5.18340144e-04  0.00000000e+00  9.99999866e-01  0.00000000e+00
   0.00000000e+00  0.00000000e+00]
 [ 0.00000000e+00  5.18340144e-04  0.00000000e+00  9.99999866e-01
   0.00000000e+00  0.00000000e+00]
 [ 0.00000000e+00  0.00000000e+00  0.00000000e+00  0.00000000e+00
   1.00000000e+00  0.00000000e+00]
 [ 0.00000000e+00  0.00000000e+00  0.00000000e+00  0.00000000e+00
   0.00000000e+00  1.00000000e+00]]
Param #5683: delta too small; RMS=2.2357e-06 mm
quads_tilt_fit #0.0005173401668358433
delta_local #[0.00044728]
R1 #[[ 9.99999535e-01  0.00000000e+00  9.64617817e-04  0.00000000e+00
   0.00000000e+00  0.00000000e+00]
 [ 0.00000000e+00  9.99999535e-01  0.00000000e+00  9.64617817e-04
   0.00000000e+00  0.00000000e+00]
 [-9.64617817e-04  0.00000000e+00  9.99999535e-01  0.00000000e+00
   0.00000000e+00  0.00000000e+00]
 [ 0.00000000e+00 -9.64617817e-04  0.00000000e+00  9.99999535e-01
   0.00000000e+00  0.00000000e+00]
 [ 0.00000000e+00  0.00000000e+00  0.00000000e+00  0.00000000e+00
   1.00000000e+00  0.00000000e+00]
 [ 0.00000000e+00  0.00000000e+00  0.00000000e+00  0.00000000e+00
   0.00000000e+00  1.00000000e+00]]
R2 #[[ 9.99999535e-01  0.00000000e+00 -9.64617817e-04  0.00000000e+00
   0.00000000e+00  0.00000000e+00]
 [ 0.00000000e+00  9.99999535e-01  0.00000000e+00 -9.64617817e-04
   0.00000000e+00  0.00000000e+00]
 [ 9.64617817e-04  0.00000000e+00  9.99999535e-01  0.00000000e+00
   0.00000000e+00  0.00000000e+00]
 [ 0.00000000e+00  9.64617817e-04  0.00000000e+00  9.99999535e-01
   0.00000000e+00  0.00000000e+00]
 [ 0.00000000e+00  0.00000000e+00  0.00000000e+00  0.00000000e+00
   1.00000000e+00  0.00000000e+00]
 [ 0.00000000e+00  0.00000000e+00  0.00000000e+00  0.00000000e+00
   0.00000000e+00  1.00000000e+00]]
Param #5683: delta OK; RMS=0.0010001 mm
quads_tilt_fit #-0.0001852505759251929
delta_local #[1.e-06]
R1 #[[ 9.99999983e-01  0.00000000e+00 -1.84250575e-04  0.00000000e+00
   0.00000000e+00  0.00000000e+00]
 [ 0.00000000e+00  9.99999983e-01  0.00000000e+00 -1.84250575e-04
   0.00000000e+00  0.00000000e+00]
 [ 1.84250575e-04  0.00000000e+00  9.99999983e-01  0.00000000e+00
   0.00000000e+00  0.00000000e+00]
 [ 0.00000000e+00  1.84250575e-04  0.00000000e+00  9.99999983e-01
   0.00000000e+00  0.00000000e+00]
 [ 0.00000000e+00  0.00000000e+00  0.00000000e+00  0.00000000e+00
   1.00000000e+00  0.00000000e+00]
 [ 0.00000000e+00  0.00000000e+00  0.00000000e+00  0.00000000e+00
   0.00000000e+00  1.00000000e+00]]
R2 #[[ 9.99999983e-01  0.00000000e+00  1.84250575e-04  0.00000000e+00
   0.00000000e+00  0.00000000e+00]
 [ 0.00000000e+00  9.99999983e-01  0.00000000e+00  1.84250575e-04
   0.00000000e+00  0.00000000e+00]
 [-1.84250575e-04  0.00000000e+00  9.99999983e-01  0.00000000e+00
   0.00000000e+00  0.00000000e+00]
 [ 0.00000000e+00 -1.84250575e-04  0.00000000e+00  9.99999983e-01
   0.00000000e+00  0.00000000e+00]
 [ 0.00000000e+00  0.00000000e+00  0.00000000e+00  0.00000000e+00
   1.00000000e+00  0.00000000e+00]
 [ 0.00000000e+00  0.00000000e+00  0.00000000e+00  0.00000000e+00
   0.00000000e+00  1.00000000e+00]]
Param #5689: delta too small; RMS=3.7434e-06 mm
quads_tilt_fit #-0.0001852505759251929
delta_local #[0.00026714]
R1 #[[ 9.99999997e-01  0.00000000e+00  8.18853691e-05  0.00000000e+00
   0.00000000e+00  0.00000000e+00]
 [ 0.00000000e+00  9.99999997e-01  0.00000000e+00  8.18853691e-05
   0.00000000e+00  0.00000000e+00]
 [-8.18853691e-05  0.00000000e+00  9.99999997e-01  0.00000000e+00
   0.00000000e+00  0.00000000e+00]
 [ 0.00000000e+00 -8.18853691e-05  0.00000000e+00  9.99999997e-01
   0.00000000e+00  0.00000000e+00]
 [ 0.00000000e+00  0.00000000e+00  0.00000000e+00  0.00000000e+00
   1.00000000e+00  0.00000000e+00]
 [ 0.00000000e+00  0.00000000e+00  0.00000000e+00  0.00000000e+00
   0.00000000e+00  1.00000000e+00]]
R2 #[[ 9.99999997e-01  0.00000000e+00 -8.18853691e-05  0.00000000e+00
   0.00000000e+00  0.00000000e+00]
 [ 0.00000000e+00  9.99999997e-01  0.00000000e+00 -8.18853691e-05
   0.00000000e+00  0.00000000e+00]
 [ 8.18853691e-05  0.00000000e+00  9.99999997e-01  0.00000000e+00
   0.00000000e+00  0.00000000e+00]
 [ 0.00000000e+00  8.18853691e-05  0.00000000e+00  9.99999997e-01
   0.00000000e+00  0.00000000e+00]
 [ 0.00000000e+00  0.00000000e+00  0.00000000e+00  0.00000000e+00
   1.00000000e+00  0.00000000e+00]
 [ 0.00000000e+00  0.00000000e+00  0.00000000e+00  0.00000000e+00
   0.00000000e+00  1.00000000e+00]]
Param #5689: delta OK; RMS=0.00099991 mm
quads_tilt_fit #-0.0001272350118386648
delta_local #[1.e-06]
R1 #[[ 9.99999992e-01  0.00000000e+00 -1.26235012e-04  0.00000000e+00
   0.00000000e+00  0.00000000e+00]
 [ 0.00000000e+00  9.99999992e-01  0.00000000e+00 -1.26235012e-04
   0.00000000e+00  0.00000000e+00]
 [ 1.26235012e-04  0.00000000e+00  9.99999992e-01  0.00000000e+00
   0.00000000e+00  0.00000000e+00]
 [ 0.00000000e+00  1.26235012e-04  0.00000000e+00  9.99999992e-01
   0.00000000e+00  0.00000000e+00]
 [ 0.00000000e+00  0.00000000e+00  0.00000000e+00  0.00000000e+00
   1.00000000e+00  0.00000000e+00]
 [ 0.00000000e+00  0.00000000e+00  0.00000000e+00  0.00000000e+00
   0.00000000e+00  1.00000000e+00]]
R2 #[[ 9.99999992e-01  0.00000000e+00  1.26235012e-04  0.00000000e+00
   0.00000000e+00  0.00000000e+00]
 [ 0.00000000e+00  9.99999992e-01  0.00000000e+00  1.26235012e-04
   0.00000000e+00  0.00000000e+00]
 [-1.26235012e-04  0.00000000e+00  9.99999992e-01  0.00000000e+00
   0.00000000e+00  0.00000000e+00]
 [ 0.00000000e+00 -1.26235012e-04  0.00000000e+00  9.99999992e-01
   0.00000000e+00  0.00000000e+00]
 [ 0.00000000e+00  0.00000000e+00  0.00000000e+00  0.00000000e+00
   1.00000000e+00  0.00000000e+00]
 [ 0.00000000e+00  0.00000000e+00  0.00000000e+00  0.00000000e+00
   0.00000000e+00  1.00000000e+00]]
Param #5693: delta too small; RMS=4.0776e-06 mm
quads_tilt_fit #-0.0001272350118386648
delta_local #[0.00024524]
R1 #[[ 9.99999993e-01  0.00000000e+00  1.18009430e-04  0.00000000e+00
   0.00000000e+00  0.00000000e+00]
 [ 0.00000000e+00  9.99999993e-01  0.00000000e+00  1.18009430e-04
   0.00000000e+00  0.00000000e+00]
 [-1.18009430e-04  0.00000000e+00  9.99999993e-01  0.00000000e+00
   0.00000000e+00  0.00000000e+00]
 [ 0.00000000e+00 -1.18009430e-04  0.00000000e+00  9.99999993e-01
   0.00000000e+00  0.00000000e+00]
 [ 0.00000000e+00  0.00000000e+00  0.00000000e+00  0.00000000e+00
   1.00000000e+00  0.00000000e+00]
 [ 0.00000000e+00  0.00000000e+00  0.00000000e+00  0.00000000e+00
   0.00000000e+00  1.00000000e+00]]
R2 #[[ 9.99999993e-01  0.00000000e+00 -1.18009430e-04  0.00000000e+00
   0.00000000e+00  0.00000000e+00]
 [ 0.00000000e+00  9.99999993e-01  0.00000000e+00 -1.18009430e-04
   0.00000000e+00  0.00000000e+00]
 [ 1.18009430e-04  0.00000000e+00  9.99999993e-01  0.00000000e+00
   0.00000000e+00  0.00000000e+00]
 [ 0.00000000e+00  1.18009430e-04  0.00000000e+00  9.99999993e-01
   0.00000000e+00  0.00000000e+00]
 [ 0.00000000e+00  0.00000000e+00  0.00000000e+00  0.00000000e+00
   1.00000000e+00  0.00000000e+00]
 [ 0.00000000e+00  0.00000000e+00  0.00000000e+00  0.00000000e+00
   0.00000000e+00  1.00000000e+00]]
Param #5693: delta OK; RMS=0.0009999 mm
quads_tilt_fit #0.0004478581701865019
delta_local #[1.e-06]
R1 #[[ 9.99999899e-01  0.00000000e+00  4.48858155e-04  0.00000000e+00
   0.00000000e+00  0.00000000e+00]
 [ 0.00000000e+00  9.99999899e-01  0.00000000e+00  4.48858155e-04
   0.00000000e+00  0.00000000e+00]
 [-4.48858155e-04  0.00000000e+00  9.99999899e-01  0.00000000e+00
   0.00000000e+00  0.00000000e+00]
 [ 0.00000000e+00 -4.48858155e-04  0.00000000e+00  9.99999899e-01
   0.00000000e+00  0.00000000e+00]
 [ 0.00000000e+00  0.00000000e+00  0.00000000e+00  0.00000000e+00
   1.00000000e+00  0.00000000e+00]
 [ 0.00000000e+00  0.00000000e+00  0.00000000e+00  0.00000000e+00
   0.00000000e+00  1.00000000e+00]]
R2 #[[ 9.99999899e-01  0.00000000e+00 -4.48858155e-04  0.00000000e+00
   0.00000000e+00  0.00000000e+00]
 [ 0.00000000e+00  9.99999899e-01  0.00000000e+00 -4.48858155e-04
   0.00000000e+00  0.00000000e+00]
 [ 4.48858155e-04  0.00000000e+00  9.99999899e-01  0.00000000e+00
   0.00000000e+00  0.00000000e+00]
 [ 0.00000000e+00  4.48858155e-04  0.00000000e+00  9.99999899e-01
   0.00000000e+00  0.00000000e+00]
 [ 0.00000000e+00  0.00000000e+00  0.00000000e+00  0.00000000e+00
   1.00000000e+00  0.00000000e+00]
 [ 0.00000000e+00  0.00000000e+00  0.00000000e+00  0.00000000e+00
   0.00000000e+00  1.00000000e+00]]
Param #5699: delta too small; RMS=2.2867e-06 mm
quads_tilt_fit #0.0004478581701865019
delta_local #[0.00043732]
R1 #[[ 9.99999608e-01  0.00000000e+00  8.85176250e-04  0.00000000e+00
   0.00000000e+00  0.00000000e+00]
 [ 0.00000000e+00  9.99999608e-01  0.00000000e+00  8.85176250e-04
   0.00000000e+00  0.00000000e+00]
 [-8.85176250e-04  0.00000000e+00  9.99999608e-01  0.00000000e+00
   0.00000000e+00  0.00000000e+00]
 [ 0.00000000e+00 -8.85176250e-04  0.00000000e+00  9.99999608e-01
   0.00000000e+00  0.00000000e+00]
 [ 0.00000000e+00  0.00000000e+00  0.00000000e+00  0.00000000e+00
   1.00000000e+00  0.00000000e+00]
 [ 0.00000000e+00  0.00000000e+00  0.00000000e+00  0.00000000e+00
   0.00000000e+00  1.00000000e+00]]
R2 #[[ 9.99999608e-01  0.00000000e+00 -8.85176250e-04  0.00000000e+00
   0.00000000e+00  0.00000000e+00]
 [ 0.00000000e+00  9.99999608e-01  0.00000000e+00 -8.85176250e-04
   0.00000000e+00  0.00000000e+00]
 [ 8.85176250e-04  0.00000000e+00  9.99999608e-01  0.00000000e+00
   0.00000000e+00  0.00000000e+00]
 [ 0.00000000e+00  8.85176250e-04  0.00000000e+00  9.99999608e-01
   0.00000000e+00  0.00000000e+00]
 [ 0.00000000e+00  0.00000000e+00  0.00000000e+00  0.00000000e+00
   1.00000000e+00  0.00000000e+00]
 [ 0.00000000e+00  0.00000000e+00  0.00000000e+00  0.00000000e+00
   0.00000000e+00  1.00000000e+00]]
Param #5699: delta OK; RMS=0.0010001 mm
quads_tilt_fit #0.00029179885968450627
delta_local #[1.e-06]
R1 #[[ 9.99999957e-01  0.00000000e+00  2.92798856e-04  0.00000000e+00
   0.00000000e+00  0.00000000e+00]
 [ 0.00000000e+00  9.99999957e-01  0.00000000e+00  2.92798856e-04
   0.00000000e+00  0.00000000e+00]
 [-2.92798856e-04  0.00000000e+00  9.99999957e-01  0.00000000e+00
   0.00000000e+00  0.00000000e+00]
 [ 0.00000000e+00 -2.92798856e-04  0.00000000e+00  9.99999957e-01
   0.00000000e+00  0.00000000e+00]
 [ 0.00000000e+00  0.00000000e+00  0.00000000e+00  0.00000000e+00
   1.00000000e+00  0.00000000e+00]
 [ 0.00000000e+00  0.00000000e+00  0.00000000e+00  0.00000000e+00
   0.00000000e+00  1.00000000e+00]]
R2 #[[ 9.99999957e-01  0.00000000e+00 -2.92798856e-04  0.00000000e+00
   0.00000000e+00  0.00000000e+00]
 [ 0.00000000e+00  9.99999957e-01  0.00000000e+00 -2.92798856e-04
   0.00000000e+00  0.00000000e+00]
 [ 2.92798856e-04  0.00000000e+00  9.99999957e-01  0.00000000e+00
   0.00000000e+00  0.00000000e+00]
 [ 0.00000000e+00  2.92798856e-04  0.00000000e+00  9.99999957e-01
   0.00000000e+00  0.00000000e+00]
 [ 0.00000000e+00  0.00000000e+00  0.00000000e+00  0.00000000e+00
   1.00000000e+00  0.00000000e+00]
 [ 0.00000000e+00  0.00000000e+00  0.00000000e+00  0.00000000e+00
   0.00000000e+00  1.00000000e+00]]
Param #5713: delta too small; RMS=2.5326e-06 mm
quads_tilt_fit #0.00029179885968450627
delta_local #[0.00039486]
R1 #[[ 9.99999764e-01  0.00000000e+00  6.86656800e-04  0.00000000e+00
   0.00000000e+00  0.00000000e+00]
 [ 0.00000000e+00  9.99999764e-01  0.00000000e+00  6.86656800e-04
   0.00000000e+00  0.00000000e+00]
 [-6.86656800e-04  0.00000000e+00  9.99999764e-01  0.00000000e+00
   0.00000000e+00  0.00000000e+00]
 [ 0.00000000e+00 -6.86656800e-04  0.00000000e+00  9.99999764e-01
   0.00000000e+00  0.00000000e+00]
 [ 0.00000000e+00  0.00000000e+00  0.00000000e+00  0.00000000e+00
   1.00000000e+00  0.00000000e+00]
 [ 0.00000000e+00  0.00000000e+00  0.00000000e+00  0.00000000e+00
   0.00000000e+00  1.00000000e+00]]
R2 #[[ 9.99999764e-01  0.00000000e+00 -6.86656800e-04  0.00000000e+00
   0.00000000e+00  0.00000000e+00]
 [ 0.00000000e+00  9.99999764e-01  0.00000000e+00 -6.86656800e-04
   0.00000000e+00  0.00000000e+00]
 [ 6.86656800e-04  0.00000000e+00  9.99999764e-01  0.00000000e+00
   0.00000000e+00  0.00000000e+00]
 [ 0.00000000e+00  6.86656800e-04  0.00000000e+00  9.99999764e-01
   0.00000000e+00  0.00000000e+00]
 [ 0.00000000e+00  0.00000000e+00  0.00000000e+00  0.00000000e+00
   1.00000000e+00  0.00000000e+00]
 [ 0.00000000e+00  0.00000000e+00  0.00000000e+00  0.00000000e+00
   0.00000000e+00  1.00000000e+00]]
Param #5713: delta OK; RMS=0.00099985 mm
quads_tilt_fit #-0.0001035053985119485
delta_local #[1.e-06]
R1 #[[ 9.99999995e-01  0.00000000e+00 -1.02505398e-04  0.00000000e+00
   0.00000000e+00  0.00000000e+00]
 [ 0.00000000e+00  9.99999995e-01  0.00000000e+00 -1.02505398e-04
   0.00000000e+00  0.00000000e+00]
 [ 1.02505398e-04  0.00000000e+00  9.99999995e-01  0.00000000e+00
   0.00000000e+00  0.00000000e+00]
 [ 0.00000000e+00  1.02505398e-04  0.00000000e+00  9.99999995e-01
   0.00000000e+00  0.00000000e+00]
 [ 0.00000000e+00  0.00000000e+00  0.00000000e+00  0.00000000e+00
   1.00000000e+00  0.00000000e+00]
 [ 0.00000000e+00  0.00000000e+00  0.00000000e+00  0.00000000e+00
   0.00000000e+00  1.00000000e+00]]
R2 #[[ 9.99999995e-01  0.00000000e+00  1.02505398e-04  0.00000000e+00
   0.00000000e+00  0.00000000e+00]
 [ 0.00000000e+00  9.99999995e-01  0.00000000e+00  1.02505398e-04
   0.00000000e+00  0.00000000e+00]
 [-1.02505398e-04  0.00000000e+00  9.99999995e-01  0.00000000e+00
   0.00000000e+00  0.00000000e+00]
 [ 0.00000000e+00 -1.02505398e-04  0.00000000e+00  9.99999995e-01
   0.00000000e+00  0.00000000e+00]
 [ 0.00000000e+00  0.00000000e+00  0.00000000e+00  0.00000000e+00
   1.00000000e+00  0.00000000e+00]
 [ 0.00000000e+00  0.00000000e+00  0.00000000e+00  0.00000000e+00
   0.00000000e+00  1.00000000e+00]]
Param #5721: delta too small; RMS=3.4877e-06 mm
quads_tilt_fit #-0.0001035053985119485
delta_local #[0.00028672]
R1 #[[ 9.99999983e-01  0.00000000e+00  1.83218345e-04  0.00000000e+00
   0.00000000e+00  0.00000000e+00]
 [ 0.00000000e+00  9.99999983e-01  0.00000000e+00  1.83218345e-04
   0.00000000e+00  0.00000000e+00]
 [-1.83218345e-04  0.00000000e+00  9.99999983e-01  0.00000000e+00
   0.00000000e+00  0.00000000e+00]
 [ 0.00000000e+00 -1.83218345e-04  0.00000000e+00  9.99999983e-01
   0.00000000e+00  0.00000000e+00]
 [ 0.00000000e+00  0.00000000e+00  0.00000000e+00  0.00000000e+00
   1.00000000e+00  0.00000000e+00]
 [ 0.00000000e+00  0.00000000e+00  0.00000000e+00  0.00000000e+00
   0.00000000e+00  1.00000000e+00]]
R2 #[[ 9.99999983e-01  0.00000000e+00 -1.83218345e-04  0.00000000e+00
   0.00000000e+00  0.00000000e+00]
 [ 0.00000000e+00  9.99999983e-01  0.00000000e+00 -1.83218345e-04
   0.00000000e+00  0.00000000e+00]
 [ 1.83218345e-04  0.00000000e+00  9.99999983e-01  0.00000000e+00
   0.00000000e+00  0.00000000e+00]
 [ 0.00000000e+00  1.83218345e-04  0.00000000e+00  9.99999983e-01
   0.00000000e+00  0.00000000e+00]
 [ 0.00000000e+00  0.00000000e+00  0.00000000e+00  0.00000000e+00
   1.00000000e+00  0.00000000e+00]
 [ 0.00000000e+00  0.00000000e+00  0.00000000e+00  0.00000000e+00
   0.00000000e+00  1.00000000e+00]]
Param #5721: delta OK; RMS=0.0010002 mm
quads_tilt_fit #0.0004228616868907258
delta_local #[1.e-06]
R1 #[[ 9.99999910e-01  0.00000000e+00  4.23861674e-04  0.00000000e+00
   0.00000000e+00  0.00000000e+00]
 [ 0.00000000e+00  9.99999910e-01  0.00000000e+00  4.23861674e-04
   0.00000000e+00  0.00000000e+00]
 [-4.23861674e-04  0.00000000e+00  9.99999910e-01  0.00000000e+00
   0.00000000e+00  0.00000000e+00]
 [ 0.00000000e+00 -4.23861674e-04  0.00000000e+00  9.99999910e-01
   0.00000000e+00  0.00000000e+00]
 [ 0.00000000e+00  0.00000000e+00  0.00000000e+00  0.00000000e+00
   1.00000000e+00  0.00000000e+00]
 [ 0.00000000e+00  0.00000000e+00  0.00000000e+00  0.00000000e+00
   0.00000000e+00  1.00000000e+00]]
R2 #[[ 9.99999910e-01  0.00000000e+00 -4.23861674e-04  0.00000000e+00
   0.00000000e+00  0.00000000e+00]
 [ 0.00000000e+00  9.99999910e-01  0.00000000e+00 -4.23861674e-04
   0.00000000e+00  0.00000000e+00]
 [ 4.23861674e-04  0.00000000e+00  9.99999910e-01  0.00000000e+00
   0.00000000e+00  0.00000000e+00]
 [ 0.00000000e+00  4.23861674e-04  0.00000000e+00  9.99999910e-01
   0.00000000e+00  0.00000000e+00]
 [ 0.00000000e+00  0.00000000e+00  0.00000000e+00  0.00000000e+00
   1.00000000e+00  0.00000000e+00]
 [ 0.00000000e+00  0.00000000e+00  0.00000000e+00  0.00000000e+00
   0.00000000e+00  1.00000000e+00]]
Param #5727: delta too small; RMS=3.6538e-07 mm
quads_tilt_fit #0.0004228616868907258
delta_local #[0.00273689]
R1 #[[ 0.99999501  0.          0.00315974  0.          0.          0.        ]
 [ 0.          0.99999501  0.          0.00315974  0.          0.        ]
 [-0.00315974  0.          0.99999501  0.          0.          0.        ]
 [ 0.         -0.00315974  0.          0.99999501  0.          0.        ]
 [ 0.          0.          0.          0.          1.          0.        ]
 [ 0.          0.          0.          0.          0.          1.        ]]
R2 #[[ 0.99999501  0.         -0.00315974  0.          0.          0.        ]
 [ 0.          0.99999501  0.         -0.00315974  0.          0.        ]
 [ 0.00315974  0.          0.99999501  0.          0.          0.        ]
 [ 0.          0.00315974  0.          0.99999501  0.          0.        ]
 [ 0.          0.          0.          0.          1.          0.        ]
 [ 0.          0.          0.          0.          0.          1.        ]]
Param #5727: delta OK; RMS=0.0010005 mm
quads_tilt_fit #0.0014435672152141887
delta_local #[1.e-06]
R1 #[[ 0.99999896  0.          0.00144457  0.          0.          0.        ]
 [ 0.          0.99999896  0.          0.00144457  0.          0.        ]
 [-0.00144457  0.          0.99999896  0.          0.          0.        ]
 [ 0.         -0.00144457  0.          0.99999896  0.          0.        ]
 [ 0.          0.          0.          0.          1.          0.        ]
 [ 0.          0.          0.          0.          0.          1.        ]]
R2 #[[ 0.99999896  0.         -0.00144457  0.          0.          0.        ]
 [ 0.          0.99999896  0.         -0.00144457  0.          0.        ]
 [ 0.00144457  0.          0.99999896  0.          0.          0.        ]
 [ 0.          0.00144457  0.          0.99999896  0.          0.        ]
 [ 0.          0.          0.          0.          1.          0.        ]
 [ 0.          0.          0.          0.          0.          1.        ]]
Param #5741: delta too small; RMS=4.7439e-07 mm
quads_tilt_fit #0.0014435672152141887
delta_local #[0.00210796]
R1 #[[ 0.99999369  0.          0.00355152  0.          0.          0.        ]
 [ 0.          0.99999369  0.          0.00355152  0.          0.        ]
 [-0.00355152  0.          0.99999369  0.          0.          0.        ]
 [ 0.         -0.00355152  0.          0.99999369  0.          0.        ]
 [ 0.          0.          0.          0.          1.          0.        ]
 [ 0.          0.          0.          0.          0.          1.        ]]
R2 #[[ 0.99999369  0.         -0.00355152  0.          0.          0.        ]
 [ 0.          0.99999369  0.         -0.00355152  0.          0.        ]
 [ 0.00355152  0.          0.99999369  0.          0.          0.        ]
 [ 0.          0.00355152  0.          0.99999369  0.          0.        ]
 [ 0.          0.          0.          0.          1.          0.        ]
 [ 0.          0.          0.          0.          0.          1.        ]]
Param #5741: delta OK; RMS=0.0010003 mm
quads_tilt_fit #0.00012550316564421594
delta_local #[1.e-06]
R1 #[[ 9.99999992e-01  0.00000000e+00  1.26503165e-04  0.00000000e+00
   0.00000000e+00  0.00000000e+00]
 [ 0.00000000e+00  9.99999992e-01  0.00000000e+00  1.26503165e-04
   0.00000000e+00  0.00000000e+00]
 [-1.26503165e-04  0.00000000e+00  9.99999992e-01  0.00000000e+00
   0.00000000e+00  0.00000000e+00]
 [ 0.00000000e+00 -1.26503165e-04  0.00000000e+00  9.99999992e-01
   0.00000000e+00  0.00000000e+00]
 [ 0.00000000e+00  0.00000000e+00  0.00000000e+00  0.00000000e+00
   1.00000000e+00  0.00000000e+00]
 [ 0.00000000e+00  0.00000000e+00  0.00000000e+00  0.00000000e+00
   0.00000000e+00  1.00000000e+00]]
R2 #[[ 9.99999992e-01  0.00000000e+00 -1.26503165e-04  0.00000000e+00
   0.00000000e+00  0.00000000e+00]
 [ 0.00000000e+00  9.99999992e-01  0.00000000e+00 -1.26503165e-04
   0.00000000e+00  0.00000000e+00]
 [ 1.26503165e-04  0.00000000e+00  9.99999992e-01  0.00000000e+00
   0.00000000e+00  0.00000000e+00]
 [ 0.00000000e+00  1.26503165e-04  0.00000000e+00  9.99999992e-01
   0.00000000e+00  0.00000000e+00]
 [ 0.00000000e+00  0.00000000e+00  0.00000000e+00  0.00000000e+00
   1.00000000e+00  0.00000000e+00]
 [ 0.00000000e+00  0.00000000e+00  0.00000000e+00  0.00000000e+00
   0.00000000e+00  1.00000000e+00]]
Param #5747: delta too small; RMS=4.7577e-06 mm
quads_tilt_fit #0.00012550316564421594
delta_local #[0.00021018]
R1 #[[ 9.99999944e-01  0.00000000e+00  3.35688134e-04  0.00000000e+00
   0.00000000e+00  0.00000000e+00]
 [ 0.00000000e+00  9.99999944e-01  0.00000000e+00  3.35688134e-04
   0.00000000e+00  0.00000000e+00]
 [-3.35688134e-04  0.00000000e+00  9.99999944e-01  0.00000000e+00
   0.00000000e+00  0.00000000e+00]
 [ 0.00000000e+00 -3.35688134e-04  0.00000000e+00  9.99999944e-01
   0.00000000e+00  0.00000000e+00]
 [ 0.00000000e+00  0.00000000e+00  0.00000000e+00  0.00000000e+00
   1.00000000e+00  0.00000000e+00]
 [ 0.00000000e+00  0.00000000e+00  0.00000000e+00  0.00000000e+00
   0.00000000e+00  1.00000000e+00]]
R2 #[[ 9.99999944e-01  0.00000000e+00 -3.35688134e-04  0.00000000e+00
   0.00000000e+00  0.00000000e+00]
 [ 0.00000000e+00  9.99999944e-01  0.00000000e+00 -3.35688134e-04
   0.00000000e+00  0.00000000e+00]
 [ 3.35688134e-04  0.00000000e+00  9.99999944e-01  0.00000000e+00
   0.00000000e+00  0.00000000e+00]
 [ 0.00000000e+00  3.35688134e-04  0.00000000e+00  9.99999944e-01
   0.00000000e+00  0.00000000e+00]
 [ 0.00000000e+00  0.00000000e+00  0.00000000e+00  0.00000000e+00
   1.00000000e+00  0.00000000e+00]
 [ 0.00000000e+00  0.00000000e+00  0.00000000e+00  0.00000000e+00
   0.00000000e+00  1.00000000e+00]]
Param #5747: delta OK; RMS=0.0010001 mm
quads_tilt_fit #-0.00015999284738625895
delta_local #[1.e-06]
R1 #[[ 9.99999987e-01  0.00000000e+00 -1.58992847e-04  0.00000000e+00
   0.00000000e+00  0.00000000e+00]
 [ 0.00000000e+00  9.99999987e-01  0.00000000e+00 -1.58992847e-04
   0.00000000e+00  0.00000000e+00]
 [ 1.58992847e-04  0.00000000e+00  9.99999987e-01  0.00000000e+00
   0.00000000e+00  0.00000000e+00]
 [ 0.00000000e+00  1.58992847e-04  0.00000000e+00  9.99999987e-01
   0.00000000e+00  0.00000000e+00]
 [ 0.00000000e+00  0.00000000e+00  0.00000000e+00  0.00000000e+00
   1.00000000e+00  0.00000000e+00]
 [ 0.00000000e+00  0.00000000e+00  0.00000000e+00  0.00000000e+00
   0.00000000e+00  1.00000000e+00]]
R2 #[[ 9.99999987e-01  0.00000000e+00  1.58992847e-04  0.00000000e+00
   0.00000000e+00  0.00000000e+00]
 [ 0.00000000e+00  9.99999987e-01  0.00000000e+00  1.58992847e-04
   0.00000000e+00  0.00000000e+00]
 [-1.58992847e-04  0.00000000e+00  9.99999987e-01  0.00000000e+00
   0.00000000e+00  0.00000000e+00]
 [ 0.00000000e+00 -1.58992847e-04  0.00000000e+00  9.99999987e-01
   0.00000000e+00  0.00000000e+00]
 [ 0.00000000e+00  0.00000000e+00  0.00000000e+00  0.00000000e+00
   1.00000000e+00  0.00000000e+00]
 [ 0.00000000e+00  0.00000000e+00  0.00000000e+00  0.00000000e+00
   0.00000000e+00  1.00000000e+00]]
Param #5755: delta too small; RMS=3.7065e-06 mm
quads_tilt_fit #-0.00015999284738625895
delta_local #[0.00026979]
R1 #[[ 9.99999994e-01  0.00000000e+00  1.09800147e-04  0.00000000e+00
   0.00000000e+00  0.00000000e+00]
 [ 0.00000000e+00  9.99999994e-01  0.00000000e+00  1.09800147e-04
   0.00000000e+00  0.00000000e+00]
 [-1.09800147e-04  0.00000000e+00  9.99999994e-01  0.00000000e+00
   0.00000000e+00  0.00000000e+00]
 [ 0.00000000e+00 -1.09800147e-04  0.00000000e+00  9.99999994e-01
   0.00000000e+00  0.00000000e+00]
 [ 0.00000000e+00  0.00000000e+00  0.00000000e+00  0.00000000e+00
   1.00000000e+00  0.00000000e+00]
 [ 0.00000000e+00  0.00000000e+00  0.00000000e+00  0.00000000e+00
   0.00000000e+00  1.00000000e+00]]
R2 #[[ 9.99999994e-01  0.00000000e+00 -1.09800147e-04  0.00000000e+00
   0.00000000e+00  0.00000000e+00]
 [ 0.00000000e+00  9.99999994e-01  0.00000000e+00 -1.09800147e-04
   0.00000000e+00  0.00000000e+00]
 [ 1.09800147e-04  0.00000000e+00  9.99999994e-01  0.00000000e+00
   0.00000000e+00  0.00000000e+00]
 [ 0.00000000e+00  1.09800147e-04  0.00000000e+00  9.99999994e-01
   0.00000000e+00  0.00000000e+00]
 [ 0.00000000e+00  0.00000000e+00  0.00000000e+00  0.00000000e+00
   1.00000000e+00  0.00000000e+00]
 [ 0.00000000e+00  0.00000000e+00  0.00000000e+00  0.00000000e+00
   0.00000000e+00  1.00000000e+00]]
Param #5755: delta OK; RMS=0.00099988 mm
quads_tilt_fit #0.0001464063871832895
delta_local #[1.e-06]
R1 #[[ 9.99999989e-01  0.00000000e+00  1.47406387e-04  0.00000000e+00
   0.00000000e+00  0.00000000e+00]
 [ 0.00000000e+00  9.99999989e-01  0.00000000e+00  1.47406387e-04
   0.00000000e+00  0.00000000e+00]
 [-1.47406387e-04  0.00000000e+00  9.99999989e-01  0.00000000e+00
   0.00000000e+00  0.00000000e+00]
 [ 0.00000000e+00 -1.47406387e-04  0.00000000e+00  9.99999989e-01
   0.00000000e+00  0.00000000e+00]
 [ 0.00000000e+00  0.00000000e+00  0.00000000e+00  0.00000000e+00
   1.00000000e+00  0.00000000e+00]
 [ 0.00000000e+00  0.00000000e+00  0.00000000e+00  0.00000000e+00
   0.00000000e+00  1.00000000e+00]]
R2 #[[ 9.99999989e-01  0.00000000e+00 -1.47406387e-04  0.00000000e+00
   0.00000000e+00  0.00000000e+00]
 [ 0.00000000e+00  9.99999989e-01  0.00000000e+00 -1.47406387e-04
   0.00000000e+00  0.00000000e+00]
 [ 1.47406387e-04  0.00000000e+00  9.99999989e-01  0.00000000e+00
   0.00000000e+00  0.00000000e+00]
 [ 0.00000000e+00  1.47406387e-04  0.00000000e+00  9.99999989e-01
   0.00000000e+00  0.00000000e+00]
 [ 0.00000000e+00  0.00000000e+00  0.00000000e+00  0.00000000e+00
   1.00000000e+00  0.00000000e+00]
 [ 0.00000000e+00  0.00000000e+00  0.00000000e+00  0.00000000e+00
   0.00000000e+00  1.00000000e+00]]
Param #5769: delta too small; RMS=2.0127e-06 mm
quads_tilt_fit #0.0001464063871832895
delta_local #[0.00049684]
R1 #[[ 9.99999793e-01  0.00000000e+00  6.43241814e-04  0.00000000e+00
   0.00000000e+00  0.00000000e+00]
 [ 0.00000000e+00  9.99999793e-01  0.00000000e+00  6.43241814e-04
   0.00000000e+00  0.00000000e+00]
 [-6.43241814e-04  0.00000000e+00  9.99999793e-01  0.00000000e+00
   0.00000000e+00  0.00000000e+00]
 [ 0.00000000e+00 -6.43241814e-04  0.00000000e+00  9.99999793e-01
   0.00000000e+00  0.00000000e+00]
 [ 0.00000000e+00  0.00000000e+00  0.00000000e+00  0.00000000e+00
   1.00000000e+00  0.00000000e+00]
 [ 0.00000000e+00  0.00000000e+00  0.00000000e+00  0.00000000e+00
   0.00000000e+00  1.00000000e+00]]
R2 #[[ 9.99999793e-01  0.00000000e+00 -6.43241814e-04  0.00000000e+00
   0.00000000e+00  0.00000000e+00]
 [ 0.00000000e+00  9.99999793e-01  0.00000000e+00 -6.43241814e-04
   0.00000000e+00  0.00000000e+00]
 [ 6.43241814e-04  0.00000000e+00  9.99999793e-01  0.00000000e+00
   0.00000000e+00  0.00000000e+00]
 [ 0.00000000e+00  6.43241814e-04  0.00000000e+00  9.99999793e-01
   0.00000000e+00  0.00000000e+00]
 [ 0.00000000e+00  0.00000000e+00  0.00000000e+00  0.00000000e+00
   1.00000000e+00  0.00000000e+00]
 [ 0.00000000e+00  0.00000000e+00  0.00000000e+00  0.00000000e+00
   0.00000000e+00  1.00000000e+00]]
Param #5769: delta OK; RMS=0.00099972 mm
quads_tilt_fit #3.674966222365625e-06
delta_local #[1.e-06]
R1 #[[ 1.00000000e+00  0.00000000e+00  4.67496622e-06  0.00000000e+00
   0.00000000e+00  0.00000000e+00]
 [ 0.00000000e+00  1.00000000e+00  0.00000000e+00  4.67496622e-06
   0.00000000e+00  0.00000000e+00]
 [-4.67496622e-06  0.00000000e+00  1.00000000e+00  0.00000000e+00
   0.00000000e+00  0.00000000e+00]
 [ 0.00000000e+00 -4.67496622e-06  0.00000000e+00  1.00000000e+00
   0.00000000e+00  0.00000000e+00]
 [ 0.00000000e+00  0.00000000e+00  0.00000000e+00  0.00000000e+00
   1.00000000e+00  0.00000000e+00]
 [ 0.00000000e+00  0.00000000e+00  0.00000000e+00  0.00000000e+00
   0.00000000e+00  1.00000000e+00]]
R2 #[[ 1.00000000e+00  0.00000000e+00 -4.67496622e-06  0.00000000e+00
   0.00000000e+00  0.00000000e+00]
 [ 0.00000000e+00  1.00000000e+00  0.00000000e+00 -4.67496622e-06
   0.00000000e+00  0.00000000e+00]
 [ 4.67496622e-06  0.00000000e+00  1.00000000e+00  0.00000000e+00
   0.00000000e+00  0.00000000e+00]
 [ 0.00000000e+00  4.67496622e-06  0.00000000e+00  1.00000000e+00
   0.00000000e+00  0.00000000e+00]
 [ 0.00000000e+00  0.00000000e+00  0.00000000e+00  0.00000000e+00
   1.00000000e+00  0.00000000e+00]
 [ 0.00000000e+00  0.00000000e+00  0.00000000e+00  0.00000000e+00
   0.00000000e+00  1.00000000e+00]]
Param #5775: delta too small; RMS=3.425e-06 mm
quads_tilt_fit #3.674966222365625e-06
delta_local #[0.00029197]
R1 #[[ 9.99999956e-01  0.00000000e+00  2.95644939e-04  0.00000000e+00
   0.00000000e+00  0.00000000e+00]
 [ 0.00000000e+00  9.99999956e-01  0.00000000e+00  2.95644939e-04
   0.00000000e+00  0.00000000e+00]
 [-2.95644939e-04  0.00000000e+00  9.99999956e-01  0.00000000e+00
   0.00000000e+00  0.00000000e+00]
 [ 0.00000000e+00 -2.95644939e-04  0.00000000e+00  9.99999956e-01
   0.00000000e+00  0.00000000e+00]
 [ 0.00000000e+00  0.00000000e+00  0.00000000e+00  0.00000000e+00
   1.00000000e+00  0.00000000e+00]
 [ 0.00000000e+00  0.00000000e+00  0.00000000e+00  0.00000000e+00
   0.00000000e+00  1.00000000e+00]]
R2 #[[ 9.99999956e-01  0.00000000e+00 -2.95644939e-04  0.00000000e+00
   0.00000000e+00  0.00000000e+00]
 [ 0.00000000e+00  9.99999956e-01  0.00000000e+00 -2.95644939e-04
   0.00000000e+00  0.00000000e+00]
 [ 2.95644939e-04  0.00000000e+00  9.99999956e-01  0.00000000e+00
   0.00000000e+00  0.00000000e+00]
 [ 0.00000000e+00  2.95644939e-04  0.00000000e+00  9.99999956e-01
   0.00000000e+00  0.00000000e+00]
 [ 0.00000000e+00  0.00000000e+00  0.00000000e+00  0.00000000e+00
   1.00000000e+00  0.00000000e+00]
 [ 0.00000000e+00  0.00000000e+00  0.00000000e+00  0.00000000e+00
   0.00000000e+00  1.00000000e+00]]
Param #5775: delta OK; RMS=0.0010002 mm
quads_tilt_fit #0.0001549340253635795
delta_local #[1.e-06]
R1 #[[ 9.99999988e-01  0.00000000e+00  1.55934025e-04  0.00000000e+00
   0.00000000e+00  0.00000000e+00]
 [ 0.00000000e+00  9.99999988e-01  0.00000000e+00  1.55934025e-04
   0.00000000e+00  0.00000000e+00]
 [-1.55934025e-04  0.00000000e+00  9.99999988e-01  0.00000000e+00
   0.00000000e+00  0.00000000e+00]
 [ 0.00000000e+00 -1.55934025e-04  0.00000000e+00  9.99999988e-01
   0.00000000e+00  0.00000000e+00]
 [ 0.00000000e+00  0.00000000e+00  0.00000000e+00  0.00000000e+00
   1.00000000e+00  0.00000000e+00]
 [ 0.00000000e+00  0.00000000e+00  0.00000000e+00  0.00000000e+00
   0.00000000e+00  1.00000000e+00]]
R2 #[[ 9.99999988e-01  0.00000000e+00 -1.55934025e-04  0.00000000e+00
   0.00000000e+00  0.00000000e+00]
 [ 0.00000000e+00  9.99999988e-01  0.00000000e+00 -1.55934025e-04
   0.00000000e+00  0.00000000e+00]
 [ 1.55934025e-04  0.00000000e+00  9.99999988e-01  0.00000000e+00
   0.00000000e+00  0.00000000e+00]
 [ 0.00000000e+00  1.55934025e-04  0.00000000e+00  9.99999988e-01
   0.00000000e+00  0.00000000e+00]
 [ 0.00000000e+00  0.00000000e+00  0.00000000e+00  0.00000000e+00
   1.00000000e+00  0.00000000e+00]
 [ 0.00000000e+00  0.00000000e+00  0.00000000e+00  0.00000000e+00
   0.00000000e+00  1.00000000e+00]]
Param #5779: delta too small; RMS=3.3228e-06 mm
quads_tilt_fit #0.0001549340253635795
delta_local #[0.00030095]
R1 #[[ 9.99999896e-01  0.00000000e+00  4.55880581e-04  0.00000000e+00
   0.00000000e+00  0.00000000e+00]
 [ 0.00000000e+00  9.99999896e-01  0.00000000e+00  4.55880581e-04
   0.00000000e+00  0.00000000e+00]
 [-4.55880581e-04  0.00000000e+00  9.99999896e-01  0.00000000e+00
   0.00000000e+00  0.00000000e+00]
 [ 0.00000000e+00 -4.55880581e-04  0.00000000e+00  9.99999896e-01
   0.00000000e+00  0.00000000e+00]
 [ 0.00000000e+00  0.00000000e+00  0.00000000e+00  0.00000000e+00
   1.00000000e+00  0.00000000e+00]
 [ 0.00000000e+00  0.00000000e+00  0.00000000e+00  0.00000000e+00
   0.00000000e+00  1.00000000e+00]]
R2 #[[ 9.99999896e-01  0.00000000e+00 -4.55880581e-04  0.00000000e+00
   0.00000000e+00  0.00000000e+00]
 [ 0.00000000e+00  9.99999896e-01  0.00000000e+00 -4.55880581e-04
   0.00000000e+00  0.00000000e+00]
 [ 4.55880581e-04  0.00000000e+00  9.99999896e-01  0.00000000e+00
   0.00000000e+00  0.00000000e+00]
 [ 0.00000000e+00  4.55880581e-04  0.00000000e+00  9.99999896e-01
   0.00000000e+00  0.00000000e+00]
 [ 0.00000000e+00  0.00000000e+00  0.00000000e+00  0.00000000e+00
   1.00000000e+00  0.00000000e+00]
 [ 0.00000000e+00  0.00000000e+00  0.00000000e+00  0.00000000e+00
   0.00000000e+00  1.00000000e+00]]
Param #5779: delta OK; RMS=0.0010001 mm
quads_tilt_fit #-0.0002810691868637998
delta_local #[1.e-06]
R1 #[[ 9.99999961e-01  0.00000000e+00 -2.80069183e-04  0.00000000e+00
   0.00000000e+00  0.00000000e+00]
 [ 0.00000000e+00  9.99999961e-01  0.00000000e+00 -2.80069183e-04
   0.00000000e+00  0.00000000e+00]
 [ 2.80069183e-04  0.00000000e+00  9.99999961e-01  0.00000000e+00
   0.00000000e+00  0.00000000e+00]
 [ 0.00000000e+00  2.80069183e-04  0.00000000e+00  9.99999961e-01
   0.00000000e+00  0.00000000e+00]
 [ 0.00000000e+00  0.00000000e+00  0.00000000e+00  0.00000000e+00
   1.00000000e+00  0.00000000e+00]
 [ 0.00000000e+00  0.00000000e+00  0.00000000e+00  0.00000000e+00
   0.00000000e+00  1.00000000e+00]]
R2 #[[ 9.99999961e-01  0.00000000e+00  2.80069183e-04  0.00000000e+00
   0.00000000e+00  0.00000000e+00]
 [ 0.00000000e+00  9.99999961e-01  0.00000000e+00  2.80069183e-04
   0.00000000e+00  0.00000000e+00]
 [-2.80069183e-04  0.00000000e+00  9.99999961e-01  0.00000000e+00
   0.00000000e+00  0.00000000e+00]
 [ 0.00000000e+00 -2.80069183e-04  0.00000000e+00  9.99999961e-01
   0.00000000e+00  0.00000000e+00]
 [ 0.00000000e+00  0.00000000e+00  0.00000000e+00  0.00000000e+00
   1.00000000e+00  0.00000000e+00]
 [ 0.00000000e+00  0.00000000e+00  0.00000000e+00  0.00000000e+00
   0.00000000e+00  1.00000000e+00]]
Param #5785: delta too small; RMS=2.0763e-06 mm
quads_tilt_fit #-0.0002810691868637998
delta_local #[0.00048163]
R1 #[[ 9.99999980e-01  0.00000000e+00  2.00564664e-04  0.00000000e+00
   0.00000000e+00  0.00000000e+00]
 [ 0.00000000e+00  9.99999980e-01  0.00000000e+00  2.00564664e-04
   0.00000000e+00  0.00000000e+00]
 [-2.00564664e-04  0.00000000e+00  9.99999980e-01  0.00000000e+00
   0.00000000e+00  0.00000000e+00]
 [ 0.00000000e+00 -2.00564664e-04  0.00000000e+00  9.99999980e-01
   0.00000000e+00  0.00000000e+00]
 [ 0.00000000e+00  0.00000000e+00  0.00000000e+00  0.00000000e+00
   1.00000000e+00  0.00000000e+00]
 [ 0.00000000e+00  0.00000000e+00  0.00000000e+00  0.00000000e+00
   0.00000000e+00  1.00000000e+00]]
R2 #[[ 9.99999980e-01  0.00000000e+00 -2.00564664e-04  0.00000000e+00
   0.00000000e+00  0.00000000e+00]
 [ 0.00000000e+00  9.99999980e-01  0.00000000e+00 -2.00564664e-04
   0.00000000e+00  0.00000000e+00]
 [ 2.00564664e-04  0.00000000e+00  9.99999980e-01  0.00000000e+00
   0.00000000e+00  0.00000000e+00]
 [ 0.00000000e+00  2.00564664e-04  0.00000000e+00  9.99999980e-01
   0.00000000e+00  0.00000000e+00]
 [ 0.00000000e+00  0.00000000e+00  0.00000000e+00  0.00000000e+00
   1.00000000e+00  0.00000000e+00]
 [ 0.00000000e+00  0.00000000e+00  0.00000000e+00  0.00000000e+00
   0.00000000e+00  1.00000000e+00]]
Param #5785: delta OK; RMS=0.00099994 mm
quads_tilt_fit #0.0002759998363788158
delta_local #[1.e-06]
R1 #[[ 9.99999962e-01  0.00000000e+00  2.76999833e-04  0.00000000e+00
   0.00000000e+00  0.00000000e+00]
 [ 0.00000000e+00  9.99999962e-01  0.00000000e+00  2.76999833e-04
   0.00000000e+00  0.00000000e+00]
 [-2.76999833e-04  0.00000000e+00  9.99999962e-01  0.00000000e+00
   0.00000000e+00  0.00000000e+00]
 [ 0.00000000e+00 -2.76999833e-04  0.00000000e+00  9.99999962e-01
   0.00000000e+00  0.00000000e+00]
 [ 0.00000000e+00  0.00000000e+00  0.00000000e+00  0.00000000e+00
   1.00000000e+00  0.00000000e+00]
 [ 0.00000000e+00  0.00000000e+00  0.00000000e+00  0.00000000e+00
   0.00000000e+00  1.00000000e+00]]
R2 #[[ 9.99999962e-01  0.00000000e+00 -2.76999833e-04  0.00000000e+00
   0.00000000e+00  0.00000000e+00]
 [ 0.00000000e+00  9.99999962e-01  0.00000000e+00 -2.76999833e-04
   0.00000000e+00  0.00000000e+00]
 [ 2.76999833e-04  0.00000000e+00  9.99999962e-01  0.00000000e+00
   0.00000000e+00  0.00000000e+00]
 [ 0.00000000e+00  2.76999833e-04  0.00000000e+00  9.99999962e-01
   0.00000000e+00  0.00000000e+00]
 [ 0.00000000e+00  0.00000000e+00  0.00000000e+00  0.00000000e+00
   1.00000000e+00  0.00000000e+00]
 [ 0.00000000e+00  0.00000000e+00  0.00000000e+00  0.00000000e+00
   0.00000000e+00  1.00000000e+00]]
Param #5799: delta too small; RMS=4.0533e-06 mm
quads_tilt_fit #0.0002759998363788158
delta_local #[0.00024671]
R1 #[[ 9.99999863e-01  0.00000000e+00  5.22710579e-04  0.00000000e+00
   0.00000000e+00  0.00000000e+00]
 [ 0.00000000e+00  9.99999863e-01  0.00000000e+00  5.22710579e-04
   0.00000000e+00  0.00000000e+00]
 [-5.22710579e-04  0.00000000e+00  9.99999863e-01  0.00000000e+00
   0.00000000e+00  0.00000000e+00]
 [ 0.00000000e+00 -5.22710579e-04  0.00000000e+00  9.99999863e-01
   0.00000000e+00  0.00000000e+00]
 [ 0.00000000e+00  0.00000000e+00  0.00000000e+00  0.00000000e+00
   1.00000000e+00  0.00000000e+00]
 [ 0.00000000e+00  0.00000000e+00  0.00000000e+00  0.00000000e+00
   0.00000000e+00  1.00000000e+00]]
R2 #[[ 9.99999863e-01  0.00000000e+00 -5.22710579e-04  0.00000000e+00
   0.00000000e+00  0.00000000e+00]
 [ 0.00000000e+00  9.99999863e-01  0.00000000e+00 -5.22710579e-04
   0.00000000e+00  0.00000000e+00]
 [ 5.22710579e-04  0.00000000e+00  9.99999863e-01  0.00000000e+00
   0.00000000e+00  0.00000000e+00]
 [ 0.00000000e+00  5.22710579e-04  0.00000000e+00  9.99999863e-01
   0.00000000e+00  0.00000000e+00]
 [ 0.00000000e+00  0.00000000e+00  0.00000000e+00  0.00000000e+00
   1.00000000e+00  0.00000000e+00]
 [ 0.00000000e+00  0.00000000e+00  0.00000000e+00  0.00000000e+00
   0.00000000e+00  1.00000000e+00]]
Param #5799: delta OK; RMS=0.0010002 mm
quads_tilt_fit #-7.493364020684916e-05
delta_local #[1.e-06]
R1 #[[ 9.99999997e-01  0.00000000e+00 -7.39336401e-05  0.00000000e+00
   0.00000000e+00  0.00000000e+00]
 [ 0.00000000e+00  9.99999997e-01  0.00000000e+00 -7.39336401e-05
   0.00000000e+00  0.00000000e+00]
 [ 7.39336401e-05  0.00000000e+00  9.99999997e-01  0.00000000e+00
   0.00000000e+00  0.00000000e+00]
 [ 0.00000000e+00  7.39336401e-05  0.00000000e+00  9.99999997e-01
   0.00000000e+00  0.00000000e+00]
 [ 0.00000000e+00  0.00000000e+00  0.00000000e+00  0.00000000e+00
   1.00000000e+00  0.00000000e+00]
 [ 0.00000000e+00  0.00000000e+00  0.00000000e+00  0.00000000e+00
   0.00000000e+00  1.00000000e+00]]
R2 #[[ 9.99999997e-01  0.00000000e+00  7.39336401e-05  0.00000000e+00
   0.00000000e+00  0.00000000e+00]
 [ 0.00000000e+00  9.99999997e-01  0.00000000e+00  7.39336401e-05
   0.00000000e+00  0.00000000e+00]
 [-7.39336401e-05  0.00000000e+00  9.99999997e-01  0.00000000e+00
   0.00000000e+00  0.00000000e+00]
 [ 0.00000000e+00 -7.39336401e-05  0.00000000e+00  9.99999997e-01
   0.00000000e+00  0.00000000e+00]
 [ 0.00000000e+00  0.00000000e+00  0.00000000e+00  0.00000000e+00
   1.00000000e+00  0.00000000e+00]
 [ 0.00000000e+00  0.00000000e+00  0.00000000e+00  0.00000000e+00
   0.00000000e+00  1.00000000e+00]]
Param #5807: delta too small; RMS=6.3488e-06 mm
quads_tilt_fit #-7.493364020684916e-05
delta_local #[0.00015751]
R1 #[[ 9.99999997e-01  0.00000000e+00  8.25760739e-05  0.00000000e+00
   0.00000000e+00  0.00000000e+00]
 [ 0.00000000e+00  9.99999997e-01  0.00000000e+00  8.25760739e-05
   0.00000000e+00  0.00000000e+00]
 [-8.25760739e-05  0.00000000e+00  9.99999997e-01  0.00000000e+00
   0.00000000e+00  0.00000000e+00]
 [ 0.00000000e+00 -8.25760739e-05  0.00000000e+00  9.99999997e-01
   0.00000000e+00  0.00000000e+00]
 [ 0.00000000e+00  0.00000000e+00  0.00000000e+00  0.00000000e+00
   1.00000000e+00  0.00000000e+00]
 [ 0.00000000e+00  0.00000000e+00  0.00000000e+00  0.00000000e+00
   0.00000000e+00  1.00000000e+00]]
R2 #[[ 9.99999997e-01  0.00000000e+00 -8.25760739e-05  0.00000000e+00
   0.00000000e+00  0.00000000e+00]
 [ 0.00000000e+00  9.99999997e-01  0.00000000e+00 -8.25760739e-05
   0.00000000e+00  0.00000000e+00]
 [ 8.25760739e-05  0.00000000e+00  9.99999997e-01  0.00000000e+00
   0.00000000e+00  0.00000000e+00]
 [ 0.00000000e+00  8.25760739e-05  0.00000000e+00  9.99999997e-01
   0.00000000e+00  0.00000000e+00]
 [ 0.00000000e+00  0.00000000e+00  0.00000000e+00  0.00000000e+00
   1.00000000e+00  0.00000000e+00]
 [ 0.00000000e+00  0.00000000e+00  0.00000000e+00  0.00000000e+00
   0.00000000e+00  1.00000000e+00]]
Param #5807: delta OK; RMS=0.00099983 mm
quads_tilt_fit #-0.0007891054665631562
delta_local #[1.e-06]
R1 #[[ 9.99999689e-01  0.00000000e+00 -7.88105385e-04  0.00000000e+00
   0.00000000e+00  0.00000000e+00]
 [ 0.00000000e+00  9.99999689e-01  0.00000000e+00 -7.88105385e-04
   0.00000000e+00  0.00000000e+00]
 [ 7.88105385e-04  0.00000000e+00  9.99999689e-01  0.00000000e+00
   0.00000000e+00  0.00000000e+00]
 [ 0.00000000e+00  7.88105385e-04  0.00000000e+00  9.99999689e-01
   0.00000000e+00  0.00000000e+00]
 [ 0.00000000e+00  0.00000000e+00  0.00000000e+00  0.00000000e+00
   1.00000000e+00  0.00000000e+00]
 [ 0.00000000e+00  0.00000000e+00  0.00000000e+00  0.00000000e+00
   0.00000000e+00  1.00000000e+00]]
R2 #[[ 9.99999689e-01  0.00000000e+00  7.88105385e-04  0.00000000e+00
   0.00000000e+00  0.00000000e+00]
 [ 0.00000000e+00  9.99999689e-01  0.00000000e+00  7.88105385e-04
   0.00000000e+00  0.00000000e+00]
 [-7.88105385e-04  0.00000000e+00  9.99999689e-01  0.00000000e+00
   0.00000000e+00  0.00000000e+00]
 [ 0.00000000e+00 -7.88105385e-04  0.00000000e+00  9.99999689e-01
   0.00000000e+00  0.00000000e+00]
 [ 0.00000000e+00  0.00000000e+00  0.00000000e+00  0.00000000e+00
   1.00000000e+00  0.00000000e+00]
 [ 0.00000000e+00  0.00000000e+00  0.00000000e+00  0.00000000e+00
   0.00000000e+00  1.00000000e+00]]
Param #5813: delta too small; RMS=4.9358e-07 mm
quads_tilt_fit #-0.0007891054665631562
delta_local #[0.00202601]
R1 #[[ 0.99999924  0.          0.00123691  0.          0.          0.        ]
 [ 0.          0.99999924  0.          0.00123691  0.          0.        ]
 [-0.00123691  0.          0.99999924  0.          0.          0.        ]
 [ 0.         -0.00123691  0.          0.99999924  0.          0.        ]
 [ 0.          0.          0.          0.          1.          0.        ]
 [ 0.          0.          0.          0.          0.          1.        ]]
R2 #[[ 0.99999924  0.         -0.00123691  0.          0.          0.        ]
 [ 0.          0.99999924  0.         -0.00123691  0.          0.        ]
 [ 0.00123691  0.          0.99999924  0.          0.          0.        ]
 [ 0.          0.00123691  0.          0.99999924  0.          0.        ]
 [ 0.          0.          0.          0.          1.          0.        ]
 [ 0.          0.          0.          0.          0.          1.        ]]
Param #5813: delta OK; RMS=0.0010001 mm
quads_tilt_fit #0.003537908963904737
delta_local #[1.e-06]
R1 #[[ 0.99999374  0.          0.0035389   0.          0.          0.        ]
 [ 0.          0.99999374  0.          0.0035389   0.          0.        ]
 [-0.0035389   0.          0.99999374  0.          0.          0.        ]
 [ 0.         -0.0035389   0.          0.99999374  0.          0.        ]
 [ 0.          0.          0.          0.          1.          0.        ]
 [ 0.          0.          0.          0.          0.          1.        ]]
R2 #[[ 0.99999374  0.         -0.0035389   0.          0.          0.        ]
 [ 0.          0.99999374  0.         -0.0035389   0.          0.        ]
 [ 0.0035389   0.          0.99999374  0.          0.          0.        ]
 [ 0.          0.0035389   0.          0.99999374  0.          0.        ]
 [ 0.          0.          0.          0.          1.          0.        ]
 [ 0.          0.          0.          0.          0.          1.        ]]
Param #5841: delta too small; RMS=7.5473e-07 mm
quads_tilt_fit #0.003537908963904737
delta_local #[0.00132497]
R1 #[[ 0.99998818  0.          0.00486286  0.          0.          0.        ]
 [ 0.          0.99998818  0.          0.00486286  0.          0.        ]
 [-0.00486286  0.          0.99998818  0.          0.          0.        ]
 [ 0.         -0.00486286  0.          0.99998818  0.          0.        ]
 [ 0.          0.          0.          0.          1.          0.        ]
 [ 0.          0.          0.          0.          0.          1.        ]]
R2 #[[ 0.99998818  0.         -0.00486286  0.          0.          0.        ]
 [ 0.          0.99998818  0.         -0.00486286  0.          0.        ]
 [ 0.00486286  0.          0.99998818  0.          0.          0.        ]
 [ 0.          0.00486286  0.          0.99998818  0.          0.        ]
 [ 0.          0.          0.          0.          1.          0.        ]
 [ 0.          0.          0.          0.          0.          1.        ]]
Param #5841: delta OK; RMS=0.0010001 mm
quads_tilt_fit #-2.4194227370746013e-05
delta_local #[1.e-06]
R1 #[[ 1.00000000e+00  0.00000000e+00 -2.31942274e-05  0.00000000e+00
   0.00000000e+00  0.00000000e+00]
 [ 0.00000000e+00  1.00000000e+00  0.00000000e+00 -2.31942274e-05
   0.00000000e+00  0.00000000e+00]
 [ 2.31942274e-05  0.00000000e+00  1.00000000e+00  0.00000000e+00
   0.00000000e+00  0.00000000e+00]
 [ 0.00000000e+00  2.31942274e-05  0.00000000e+00  1.00000000e+00
   0.00000000e+00  0.00000000e+00]
 [ 0.00000000e+00  0.00000000e+00  0.00000000e+00  0.00000000e+00
   1.00000000e+00  0.00000000e+00]
 [ 0.00000000e+00  0.00000000e+00  0.00000000e+00  0.00000000e+00
   0.00000000e+00  1.00000000e+00]]
R2 #[[ 1.00000000e+00  0.00000000e+00  2.31942274e-05  0.00000000e+00
   0.00000000e+00  0.00000000e+00]
 [ 0.00000000e+00  1.00000000e+00  0.00000000e+00  2.31942274e-05
   0.00000000e+00  0.00000000e+00]
 [-2.31942274e-05  0.00000000e+00  1.00000000e+00  0.00000000e+00
   0.00000000e+00  0.00000000e+00]
 [ 0.00000000e+00 -2.31942274e-05  0.00000000e+00  1.00000000e+00
   0.00000000e+00  0.00000000e+00]
 [ 0.00000000e+00  0.00000000e+00  0.00000000e+00  0.00000000e+00
   1.00000000e+00  0.00000000e+00]
 [ 0.00000000e+00  0.00000000e+00  0.00000000e+00  0.00000000e+00
   0.00000000e+00  1.00000000e+00]]
Param #5847: delta too small; RMS=9.1261e-06 mm
quads_tilt_fit #-2.4194227370746013e-05
delta_local #[0.00010958]
R1 #[[ 9.99999996e-01  0.00000000e+00  8.53810247e-05  0.00000000e+00
   0.00000000e+00  0.00000000e+00]
 [ 0.00000000e+00  9.99999996e-01  0.00000000e+00  8.53810247e-05
   0.00000000e+00  0.00000000e+00]
 [-8.53810247e-05  0.00000000e+00  9.99999996e-01  0.00000000e+00
   0.00000000e+00  0.00000000e+00]
 [ 0.00000000e+00 -8.53810247e-05  0.00000000e+00  9.99999996e-01
   0.00000000e+00  0.00000000e+00]
 [ 0.00000000e+00  0.00000000e+00  0.00000000e+00  0.00000000e+00
   1.00000000e+00  0.00000000e+00]
 [ 0.00000000e+00  0.00000000e+00  0.00000000e+00  0.00000000e+00
   0.00000000e+00  1.00000000e+00]]
R2 #[[ 9.99999996e-01  0.00000000e+00 -8.53810247e-05  0.00000000e+00
   0.00000000e+00  0.00000000e+00]
 [ 0.00000000e+00  9.99999996e-01  0.00000000e+00 -8.53810247e-05
   0.00000000e+00  0.00000000e+00]
 [ 8.53810247e-05  0.00000000e+00  9.99999996e-01  0.00000000e+00
   0.00000000e+00  0.00000000e+00]
 [ 0.00000000e+00  8.53810247e-05  0.00000000e+00  9.99999996e-01
   0.00000000e+00  0.00000000e+00]
 [ 0.00000000e+00  0.00000000e+00  0.00000000e+00  0.00000000e+00
   1.00000000e+00  0.00000000e+00]
 [ 0.00000000e+00  0.00000000e+00  0.00000000e+00  0.00000000e+00
   0.00000000e+00  1.00000000e+00]]
Param #5847: delta OK; RMS=0.00099977 mm
quads_tilt_fit #-0.00018252351639767552
delta_local #[1.e-06]
R1 #[[ 9.99999984e-01  0.00000000e+00 -1.81523515e-04  0.00000000e+00
   0.00000000e+00  0.00000000e+00]
 [ 0.00000000e+00  9.99999984e-01  0.00000000e+00 -1.81523515e-04
   0.00000000e+00  0.00000000e+00]
 [ 1.81523515e-04  0.00000000e+00  9.99999984e-01  0.00000000e+00
   0.00000000e+00  0.00000000e+00]
 [ 0.00000000e+00  1.81523515e-04  0.00000000e+00  9.99999984e-01
   0.00000000e+00  0.00000000e+00]
 [ 0.00000000e+00  0.00000000e+00  0.00000000e+00  0.00000000e+00
   1.00000000e+00  0.00000000e+00]
 [ 0.00000000e+00  0.00000000e+00  0.00000000e+00  0.00000000e+00
   0.00000000e+00  1.00000000e+00]]
R2 #[[ 9.99999984e-01  0.00000000e+00  1.81523515e-04  0.00000000e+00
   0.00000000e+00  0.00000000e+00]
 [ 0.00000000e+00  9.99999984e-01  0.00000000e+00  1.81523515e-04
   0.00000000e+00  0.00000000e+00]
 [-1.81523515e-04  0.00000000e+00  9.99999984e-01  0.00000000e+00
   0.00000000e+00  0.00000000e+00]
 [ 0.00000000e+00 -1.81523515e-04  0.00000000e+00  9.99999984e-01
   0.00000000e+00  0.00000000e+00]
 [ 0.00000000e+00  0.00000000e+00  0.00000000e+00  0.00000000e+00
   1.00000000e+00  0.00000000e+00]
 [ 0.00000000e+00  0.00000000e+00  0.00000000e+00  0.00000000e+00
   0.00000000e+00  1.00000000e+00]]
Param #5855: delta too small; RMS=5.3785e-06 mm
quads_tilt_fit #-0.00018252351639767552
delta_local #[0.00018592]
R1 #[[ 1.00000000e+00  0.00000000e+00  3.40135849e-06  0.00000000e+00
   0.00000000e+00  0.00000000e+00]
 [ 0.00000000e+00  1.00000000e+00  0.00000000e+00  3.40135849e-06
   0.00000000e+00  0.00000000e+00]
 [-3.40135849e-06  0.00000000e+00  1.00000000e+00  0.00000000e+00
   0.00000000e+00  0.00000000e+00]
 [ 0.00000000e+00 -3.40135849e-06  0.00000000e+00  1.00000000e+00
   0.00000000e+00  0.00000000e+00]
 [ 0.00000000e+00  0.00000000e+00  0.00000000e+00  0.00000000e+00
   1.00000000e+00  0.00000000e+00]
 [ 0.00000000e+00  0.00000000e+00  0.00000000e+00  0.00000000e+00
   0.00000000e+00  1.00000000e+00]]
R2 #[[ 1.00000000e+00  0.00000000e+00 -3.40135849e-06  0.00000000e+00
   0.00000000e+00  0.00000000e+00]
 [ 0.00000000e+00  1.00000000e+00  0.00000000e+00 -3.40135849e-06
   0.00000000e+00  0.00000000e+00]
 [ 3.40135849e-06  0.00000000e+00  1.00000000e+00  0.00000000e+00
   0.00000000e+00  0.00000000e+00]
 [ 0.00000000e+00  3.40135849e-06  0.00000000e+00  1.00000000e+00
   0.00000000e+00  0.00000000e+00]
 [ 0.00000000e+00  0.00000000e+00  0.00000000e+00  0.00000000e+00
   1.00000000e+00  0.00000000e+00]
 [ 0.00000000e+00  0.00000000e+00  0.00000000e+00  0.00000000e+00
   0.00000000e+00  1.00000000e+00]]
Param #5855: delta OK; RMS=0.0010003 mm
quads_tilt_fit #-0.00029556793123334873
delta_local #[1.e-06]
R1 #[[ 9.99999957e-01  0.00000000e+00 -2.94567927e-04  0.00000000e+00
   0.00000000e+00  0.00000000e+00]
 [ 0.00000000e+00  9.99999957e-01  0.00000000e+00 -2.94567927e-04
   0.00000000e+00  0.00000000e+00]
 [ 2.94567927e-04  0.00000000e+00  9.99999957e-01  0.00000000e+00
   0.00000000e+00  0.00000000e+00]
 [ 0.00000000e+00  2.94567927e-04  0.00000000e+00  9.99999957e-01
   0.00000000e+00  0.00000000e+00]
 [ 0.00000000e+00  0.00000000e+00  0.00000000e+00  0.00000000e+00
   1.00000000e+00  0.00000000e+00]
 [ 0.00000000e+00  0.00000000e+00  0.00000000e+00  0.00000000e+00
   0.00000000e+00  1.00000000e+00]]
R2 #[[ 9.99999957e-01  0.00000000e+00  2.94567927e-04  0.00000000e+00
   0.00000000e+00  0.00000000e+00]
 [ 0.00000000e+00  9.99999957e-01  0.00000000e+00  2.94567927e-04
   0.00000000e+00  0.00000000e+00]
 [-2.94567927e-04  0.00000000e+00  9.99999957e-01  0.00000000e+00
   0.00000000e+00  0.00000000e+00]
 [ 0.00000000e+00 -2.94567927e-04  0.00000000e+00  9.99999957e-01
   0.00000000e+00  0.00000000e+00]
 [ 0.00000000e+00  0.00000000e+00  0.00000000e+00  0.00000000e+00
   1.00000000e+00  0.00000000e+00]
 [ 0.00000000e+00  0.00000000e+00  0.00000000e+00  0.00000000e+00
   0.00000000e+00  1.00000000e+00]]
Param #5869: delta too small; RMS=2.3292e-06 mm
quads_tilt_fit #-0.00029556793123334873
delta_local #[0.00042934]
R1 #[[ 9.99999991e-01  0.00000000e+00  1.33770134e-04  0.00000000e+00
   0.00000000e+00  0.00000000e+00]
 [ 0.00000000e+00  9.99999991e-01  0.00000000e+00  1.33770134e-04
   0.00000000e+00  0.00000000e+00]
 [-1.33770134e-04  0.00000000e+00  9.99999991e-01  0.00000000e+00
   0.00000000e+00  0.00000000e+00]
 [ 0.00000000e+00 -1.33770134e-04  0.00000000e+00  9.99999991e-01
   0.00000000e+00  0.00000000e+00]
 [ 0.00000000e+00  0.00000000e+00  0.00000000e+00  0.00000000e+00
   1.00000000e+00  0.00000000e+00]
 [ 0.00000000e+00  0.00000000e+00  0.00000000e+00  0.00000000e+00
   0.00000000e+00  1.00000000e+00]]
R2 #[[ 9.99999991e-01  0.00000000e+00 -1.33770134e-04  0.00000000e+00
   0.00000000e+00  0.00000000e+00]
 [ 0.00000000e+00  9.99999991e-01  0.00000000e+00 -1.33770134e-04
   0.00000000e+00  0.00000000e+00]
 [ 1.33770134e-04  0.00000000e+00  9.99999991e-01  0.00000000e+00
   0.00000000e+00  0.00000000e+00]
 [ 0.00000000e+00  1.33770134e-04  0.00000000e+00  9.99999991e-01
   0.00000000e+00  0.00000000e+00]
 [ 0.00000000e+00  0.00000000e+00  0.00000000e+00  0.00000000e+00
   1.00000000e+00  0.00000000e+00]
 [ 0.00000000e+00  0.00000000e+00  0.00000000e+00  0.00000000e+00
   0.00000000e+00  1.00000000e+00]]
Param #5869: delta OK; RMS=0.001 mm
quads_tilt_fit #-2.645430711535437e-06
delta_local #[1.e-06]
R1 #[[ 1.00000000e+00  0.00000000e+00 -1.64543071e-06  0.00000000e+00
   0.00000000e+00  0.00000000e+00]
 [ 0.00000000e+00  1.00000000e+00  0.00000000e+00 -1.64543071e-06
   0.00000000e+00  0.00000000e+00]
 [ 1.64543071e-06  0.00000000e+00  1.00000000e+00  0.00000000e+00
   0.00000000e+00  0.00000000e+00]
 [ 0.00000000e+00  1.64543071e-06  0.00000000e+00  1.00000000e+00
   0.00000000e+00  0.00000000e+00]
 [ 0.00000000e+00  0.00000000e+00  0.00000000e+00  0.00000000e+00
   1.00000000e+00  0.00000000e+00]
 [ 0.00000000e+00  0.00000000e+00  0.00000000e+00  0.00000000e+00
   0.00000000e+00  1.00000000e+00]]
R2 #[[ 1.00000000e+00  0.00000000e+00  1.64543071e-06  0.00000000e+00
   0.00000000e+00  0.00000000e+00]
 [ 0.00000000e+00  1.00000000e+00  0.00000000e+00  1.64543071e-06
   0.00000000e+00  0.00000000e+00]
 [-1.64543071e-06  0.00000000e+00  1.00000000e+00  0.00000000e+00
   0.00000000e+00  0.00000000e+00]
 [ 0.00000000e+00 -1.64543071e-06  0.00000000e+00  1.00000000e+00
   0.00000000e+00  0.00000000e+00]
 [ 0.00000000e+00  0.00000000e+00  0.00000000e+00  0.00000000e+00
   1.00000000e+00  0.00000000e+00]
 [ 0.00000000e+00  0.00000000e+00  0.00000000e+00  0.00000000e+00
   0.00000000e+00  1.00000000e+00]]
Param #5875: delta too small; RMS=4.4248e-06 mm
quads_tilt_fit #-2.645430711535437e-06
delta_local #[0.000226]
R1 #[[ 9.99999975e-01  0.00000000e+00  2.23352005e-04  0.00000000e+00
   0.00000000e+00  0.00000000e+00]
 [ 0.00000000e+00  9.99999975e-01  0.00000000e+00  2.23352005e-04
   0.00000000e+00  0.00000000e+00]
 [-2.23352005e-04  0.00000000e+00  9.99999975e-01  0.00000000e+00
   0.00000000e+00  0.00000000e+00]
 [ 0.00000000e+00 -2.23352005e-04  0.00000000e+00  9.99999975e-01
   0.00000000e+00  0.00000000e+00]
 [ 0.00000000e+00  0.00000000e+00  0.00000000e+00  0.00000000e+00
   1.00000000e+00  0.00000000e+00]
 [ 0.00000000e+00  0.00000000e+00  0.00000000e+00  0.00000000e+00
   0.00000000e+00  1.00000000e+00]]
R2 #[[ 9.99999975e-01  0.00000000e+00 -2.23352005e-04  0.00000000e+00
   0.00000000e+00  0.00000000e+00]
 [ 0.00000000e+00  9.99999975e-01  0.00000000e+00 -2.23352005e-04
   0.00000000e+00  0.00000000e+00]
 [ 2.23352005e-04  0.00000000e+00  9.99999975e-01  0.00000000e+00
   0.00000000e+00  0.00000000e+00]
 [ 0.00000000e+00  2.23352005e-04  0.00000000e+00  9.99999975e-01
   0.00000000e+00  0.00000000e+00]
 [ 0.00000000e+00  0.00000000e+00  0.00000000e+00  0.00000000e+00
   1.00000000e+00  0.00000000e+00]
 [ 0.00000000e+00  0.00000000e+00  0.00000000e+00  0.00000000e+00
   0.00000000e+00  1.00000000e+00]]
Param #5875: delta OK; RMS=0.0010001 mm
quads_tilt_fit #-8.637302207340342e-05
delta_local #[1.e-06]
R1 #[[ 9.99999996e-01  0.00000000e+00 -8.53730220e-05  0.00000000e+00
   0.00000000e+00  0.00000000e+00]
 [ 0.00000000e+00  9.99999996e-01  0.00000000e+00 -8.53730220e-05
   0.00000000e+00  0.00000000e+00]
 [ 8.53730220e-05  0.00000000e+00  9.99999996e-01  0.00000000e+00
   0.00000000e+00  0.00000000e+00]
 [ 0.00000000e+00  8.53730220e-05  0.00000000e+00  9.99999996e-01
   0.00000000e+00  0.00000000e+00]
 [ 0.00000000e+00  0.00000000e+00  0.00000000e+00  0.00000000e+00
   1.00000000e+00  0.00000000e+00]
 [ 0.00000000e+00  0.00000000e+00  0.00000000e+00  0.00000000e+00
   0.00000000e+00  1.00000000e+00]]
R2 #[[ 9.99999996e-01  0.00000000e+00  8.53730220e-05  0.00000000e+00
   0.00000000e+00  0.00000000e+00]
 [ 0.00000000e+00  9.99999996e-01  0.00000000e+00  8.53730220e-05
   0.00000000e+00  0.00000000e+00]
 [-8.53730220e-05  0.00000000e+00  9.99999996e-01  0.00000000e+00
   0.00000000e+00  0.00000000e+00]
 [ 0.00000000e+00 -8.53730220e-05  0.00000000e+00  9.99999996e-01
   0.00000000e+00  0.00000000e+00]
 [ 0.00000000e+00  0.00000000e+00  0.00000000e+00  0.00000000e+00
   1.00000000e+00  0.00000000e+00]
 [ 0.00000000e+00  0.00000000e+00  0.00000000e+00  0.00000000e+00
   0.00000000e+00  1.00000000e+00]]
Param #5879: delta too small; RMS=4.7317e-06 mm
quads_tilt_fit #-8.637302207340342e-05
delta_local #[0.00021134]
R1 #[[ 9.99999992e-01  0.00000000e+00  1.24965801e-04  0.00000000e+00
   0.00000000e+00  0.00000000e+00]
 [ 0.00000000e+00  9.99999992e-01  0.00000000e+00  1.24965801e-04
   0.00000000e+00  0.00000000e+00]
 [-1.24965801e-04  0.00000000e+00  9.99999992e-01  0.00000000e+00
   0.00000000e+00  0.00000000e+00]
 [ 0.00000000e+00 -1.24965801e-04  0.00000000e+00  9.99999992e-01
   0.00000000e+00  0.00000000e+00]
 [ 0.00000000e+00  0.00000000e+00  0.00000000e+00  0.00000000e+00
   1.00000000e+00  0.00000000e+00]
 [ 0.00000000e+00  0.00000000e+00  0.00000000e+00  0.00000000e+00
   0.00000000e+00  1.00000000e+00]]
R2 #[[ 9.99999992e-01  0.00000000e+00 -1.24965801e-04  0.00000000e+00
   0.00000000e+00  0.00000000e+00]
 [ 0.00000000e+00  9.99999992e-01  0.00000000e+00 -1.24965801e-04
   0.00000000e+00  0.00000000e+00]
 [ 1.24965801e-04  0.00000000e+00  9.99999992e-01  0.00000000e+00
   0.00000000e+00  0.00000000e+00]
 [ 0.00000000e+00  1.24965801e-04  0.00000000e+00  9.99999992e-01
   0.00000000e+00  0.00000000e+00]
 [ 0.00000000e+00  0.00000000e+00  0.00000000e+00  0.00000000e+00
   1.00000000e+00  0.00000000e+00]
 [ 0.00000000e+00  0.00000000e+00  0.00000000e+00  0.00000000e+00
   0.00000000e+00  1.00000000e+00]]
Param #5879: delta OK; RMS=0.0010001 mm
quads_tilt_fit #0.0005165073230414523
delta_local #[1.e-06]
R1 #[[ 9.99999866e-01  0.00000000e+00  5.17507300e-04  0.00000000e+00
   0.00000000e+00  0.00000000e+00]
 [ 0.00000000e+00  9.99999866e-01  0.00000000e+00  5.17507300e-04
   0.00000000e+00  0.00000000e+00]
 [-5.17507300e-04  0.00000000e+00  9.99999866e-01  0.00000000e+00
   0.00000000e+00  0.00000000e+00]
 [ 0.00000000e+00 -5.17507300e-04  0.00000000e+00  9.99999866e-01
   0.00000000e+00  0.00000000e+00]
 [ 0.00000000e+00  0.00000000e+00  0.00000000e+00  0.00000000e+00
   1.00000000e+00  0.00000000e+00]
 [ 0.00000000e+00  0.00000000e+00  0.00000000e+00  0.00000000e+00
   0.00000000e+00  1.00000000e+00]]
R2 #[[ 9.99999866e-01  0.00000000e+00 -5.17507300e-04  0.00000000e+00
   0.00000000e+00  0.00000000e+00]
 [ 0.00000000e+00  9.99999866e-01  0.00000000e+00 -5.17507300e-04
   0.00000000e+00  0.00000000e+00]
 [ 5.17507300e-04  0.00000000e+00  9.99999866e-01  0.00000000e+00
   0.00000000e+00  0.00000000e+00]
 [ 0.00000000e+00  5.17507300e-04  0.00000000e+00  9.99999866e-01
   0.00000000e+00  0.00000000e+00]
 [ 0.00000000e+00  0.00000000e+00  0.00000000e+00  0.00000000e+00
   1.00000000e+00  0.00000000e+00]
 [ 0.00000000e+00  0.00000000e+00  0.00000000e+00  0.00000000e+00
   0.00000000e+00  1.00000000e+00]]
Param #5885: delta too small; RMS=2.9799e-06 mm
quads_tilt_fit #0.0005165073230414523
delta_local #[0.00033558]
R1 #[[ 9.99999637e-01  0.00000000e+00  8.52086428e-04  0.00000000e+00
   0.00000000e+00  0.00000000e+00]
 [ 0.00000000e+00  9.99999637e-01  0.00000000e+00  8.52086428e-04
   0.00000000e+00  0.00000000e+00]
 [-8.52086428e-04  0.00000000e+00  9.99999637e-01  0.00000000e+00
   0.00000000e+00  0.00000000e+00]
 [ 0.00000000e+00 -8.52086428e-04  0.00000000e+00  9.99999637e-01
   0.00000000e+00  0.00000000e+00]
 [ 0.00000000e+00  0.00000000e+00  0.00000000e+00  0.00000000e+00
   1.00000000e+00  0.00000000e+00]
 [ 0.00000000e+00  0.00000000e+00  0.00000000e+00  0.00000000e+00
   0.00000000e+00  1.00000000e+00]]
R2 #[[ 9.99999637e-01  0.00000000e+00 -8.52086428e-04  0.00000000e+00
   0.00000000e+00  0.00000000e+00]
 [ 0.00000000e+00  9.99999637e-01  0.00000000e+00 -8.52086428e-04
   0.00000000e+00  0.00000000e+00]
 [ 8.52086428e-04  0.00000000e+00  9.99999637e-01  0.00000000e+00
   0.00000000e+00  0.00000000e+00]
 [ 0.00000000e+00  8.52086428e-04  0.00000000e+00  9.99999637e-01
   0.00000000e+00  0.00000000e+00]
 [ 0.00000000e+00  0.00000000e+00  0.00000000e+00  0.00000000e+00
   1.00000000e+00  0.00000000e+00]
 [ 0.00000000e+00  0.00000000e+00  0.00000000e+00  0.00000000e+00
   0.00000000e+00  1.00000000e+00]]
Param #5885: delta OK; RMS=0.00099982 mm
quads_tilt_fit #0.0004217819430140231
delta_local #[1.e-06]
R1 #[[ 9.99999911e-01  0.00000000e+00  4.22781930e-04  0.00000000e+00
   0.00000000e+00  0.00000000e+00]
 [ 0.00000000e+00  9.99999911e-01  0.00000000e+00  4.22781930e-04
   0.00000000e+00  0.00000000e+00]
 [-4.22781930e-04  0.00000000e+00  9.99999911e-01  0.00000000e+00
   0.00000000e+00  0.00000000e+00]
 [ 0.00000000e+00 -4.22781930e-04  0.00000000e+00  9.99999911e-01
   0.00000000e+00  0.00000000e+00]
 [ 0.00000000e+00  0.00000000e+00  0.00000000e+00  0.00000000e+00
   1.00000000e+00  0.00000000e+00]
 [ 0.00000000e+00  0.00000000e+00  0.00000000e+00  0.00000000e+00
   0.00000000e+00  1.00000000e+00]]
R2 #[[ 9.99999911e-01  0.00000000e+00 -4.22781930e-04  0.00000000e+00
   0.00000000e+00  0.00000000e+00]
 [ 0.00000000e+00  9.99999911e-01  0.00000000e+00 -4.22781930e-04
   0.00000000e+00  0.00000000e+00]
 [ 4.22781930e-04  0.00000000e+00  9.99999911e-01  0.00000000e+00
   0.00000000e+00  0.00000000e+00]
 [ 0.00000000e+00  4.22781930e-04  0.00000000e+00  9.99999911e-01
   0.00000000e+00  0.00000000e+00]
 [ 0.00000000e+00  0.00000000e+00  0.00000000e+00  0.00000000e+00
   1.00000000e+00  0.00000000e+00]
 [ 0.00000000e+00  0.00000000e+00  0.00000000e+00  0.00000000e+00
   0.00000000e+00  1.00000000e+00]]
Param #5899: delta too small; RMS=3.0559e-06 mm
quads_tilt_fit #0.0004217819430140231
delta_local #[0.00032724]
R1 #[[ 9.99999719e-01  0.00000000e+00  7.49021440e-04  0.00000000e+00
   0.00000000e+00  0.00000000e+00]
 [ 0.00000000e+00  9.99999719e-01  0.00000000e+00  7.49021440e-04
   0.00000000e+00  0.00000000e+00]
 [-7.49021440e-04  0.00000000e+00  9.99999719e-01  0.00000000e+00
   0.00000000e+00  0.00000000e+00]
 [ 0.00000000e+00 -7.49021440e-04  0.00000000e+00  9.99999719e-01
   0.00000000e+00  0.00000000e+00]
 [ 0.00000000e+00  0.00000000e+00  0.00000000e+00  0.00000000e+00
   1.00000000e+00  0.00000000e+00]
 [ 0.00000000e+00  0.00000000e+00  0.00000000e+00  0.00000000e+00
   0.00000000e+00  1.00000000e+00]]
R2 #[[ 9.99999719e-01  0.00000000e+00 -7.49021440e-04  0.00000000e+00
   0.00000000e+00  0.00000000e+00]
 [ 0.00000000e+00  9.99999719e-01  0.00000000e+00 -7.49021440e-04
   0.00000000e+00  0.00000000e+00]
 [ 7.49021440e-04  0.00000000e+00  9.99999719e-01  0.00000000e+00
   0.00000000e+00  0.00000000e+00]
 [ 0.00000000e+00  7.49021440e-04  0.00000000e+00  9.99999719e-01
   0.00000000e+00  0.00000000e+00]
 [ 0.00000000e+00  0.00000000e+00  0.00000000e+00  0.00000000e+00
   1.00000000e+00  0.00000000e+00]
 [ 0.00000000e+00  0.00000000e+00  0.00000000e+00  0.00000000e+00
   0.00000000e+00  1.00000000e+00]]
Param #5899: delta OK; RMS=0.00099975 mm
quads_tilt_fit #-0.0001994732883340579
delta_local #[1.e-06]
R1 #[[ 9.99999980e-01  0.00000000e+00 -1.98473287e-04  0.00000000e+00
   0.00000000e+00  0.00000000e+00]
 [ 0.00000000e+00  9.99999980e-01  0.00000000e+00 -1.98473287e-04
   0.00000000e+00  0.00000000e+00]
 [ 1.98473287e-04  0.00000000e+00  9.99999980e-01  0.00000000e+00
   0.00000000e+00  0.00000000e+00]
 [ 0.00000000e+00  1.98473287e-04  0.00000000e+00  9.99999980e-01
   0.00000000e+00  0.00000000e+00]
 [ 0.00000000e+00  0.00000000e+00  0.00000000e+00  0.00000000e+00
   1.00000000e+00  0.00000000e+00]
 [ 0.00000000e+00  0.00000000e+00  0.00000000e+00  0.00000000e+00
   0.00000000e+00  1.00000000e+00]]
R2 #[[ 9.99999980e-01  0.00000000e+00  1.98473287e-04  0.00000000e+00
   0.00000000e+00  0.00000000e+00]
 [ 0.00000000e+00  9.99999980e-01  0.00000000e+00  1.98473287e-04
   0.00000000e+00  0.00000000e+00]
 [-1.98473287e-04  0.00000000e+00  9.99999980e-01  0.00000000e+00
   0.00000000e+00  0.00000000e+00]
 [ 0.00000000e+00 -1.98473287e-04  0.00000000e+00  9.99999980e-01
   0.00000000e+00  0.00000000e+00]
 [ 0.00000000e+00  0.00000000e+00  0.00000000e+00  0.00000000e+00
   1.00000000e+00  0.00000000e+00]
 [ 0.00000000e+00  0.00000000e+00  0.00000000e+00  0.00000000e+00
   0.00000000e+00  1.00000000e+00]]
Param #5907: delta too small; RMS=3.7828e-06 mm
quads_tilt_fit #-0.0001994732883340579
delta_local #[0.00026435]
R1 #[[ 9.99999998e-01  0.00000000e+00  6.48803098e-05  0.00000000e+00
   0.00000000e+00  0.00000000e+00]
 [ 0.00000000e+00  9.99999998e-01  0.00000000e+00  6.48803098e-05
   0.00000000e+00  0.00000000e+00]
 [-6.48803098e-05  0.00000000e+00  9.99999998e-01  0.00000000e+00
   0.00000000e+00  0.00000000e+00]
 [ 0.00000000e+00 -6.48803098e-05  0.00000000e+00  9.99999998e-01
   0.00000000e+00  0.00000000e+00]
 [ 0.00000000e+00  0.00000000e+00  0.00000000e+00  0.00000000e+00
   1.00000000e+00  0.00000000e+00]
 [ 0.00000000e+00  0.00000000e+00  0.00000000e+00  0.00000000e+00
   0.00000000e+00  1.00000000e+00]]
R2 #[[ 9.99999998e-01  0.00000000e+00 -6.48803098e-05  0.00000000e+00
   0.00000000e+00  0.00000000e+00]
 [ 0.00000000e+00  9.99999998e-01  0.00000000e+00 -6.48803098e-05
   0.00000000e+00  0.00000000e+00]
 [ 6.48803098e-05  0.00000000e+00  9.99999998e-01  0.00000000e+00
   0.00000000e+00  0.00000000e+00]
 [ 0.00000000e+00  6.48803098e-05  0.00000000e+00  9.99999998e-01
   0.00000000e+00  0.00000000e+00]
 [ 0.00000000e+00  0.00000000e+00  0.00000000e+00  0.00000000e+00
   1.00000000e+00  0.00000000e+00]
 [ 0.00000000e+00  0.00000000e+00  0.00000000e+00  0.00000000e+00
   0.00000000e+00  1.00000000e+00]]
Param #5907: delta OK; RMS=0.0010002 mm
quads_tilt_fit #0.00033474033036567897
delta_local #[1.e-06]
R1 #[[ 9.99999944e-01  0.00000000e+00  3.35740324e-04  0.00000000e+00
   0.00000000e+00  0.00000000e+00]
 [ 0.00000000e+00  9.99999944e-01  0.00000000e+00  3.35740324e-04
   0.00000000e+00  0.00000000e+00]
 [-3.35740324e-04  0.00000000e+00  9.99999944e-01  0.00000000e+00
   0.00000000e+00  0.00000000e+00]
 [ 0.00000000e+00 -3.35740324e-04  0.00000000e+00  9.99999944e-01
   0.00000000e+00  0.00000000e+00]
 [ 0.00000000e+00  0.00000000e+00  0.00000000e+00  0.00000000e+00
   1.00000000e+00  0.00000000e+00]
 [ 0.00000000e+00  0.00000000e+00  0.00000000e+00  0.00000000e+00
   0.00000000e+00  1.00000000e+00]]
R2 #[[ 9.99999944e-01  0.00000000e+00 -3.35740324e-04  0.00000000e+00
   0.00000000e+00  0.00000000e+00]
 [ 0.00000000e+00  9.99999944e-01  0.00000000e+00 -3.35740324e-04
   0.00000000e+00  0.00000000e+00]
 [ 3.35740324e-04  0.00000000e+00  9.99999944e-01  0.00000000e+00
   0.00000000e+00  0.00000000e+00]
 [ 0.00000000e+00  3.35740324e-04  0.00000000e+00  9.99999944e-01
   0.00000000e+00  0.00000000e+00]
 [ 0.00000000e+00  0.00000000e+00  0.00000000e+00  0.00000000e+00
   1.00000000e+00  0.00000000e+00]
 [ 0.00000000e+00  0.00000000e+00  0.00000000e+00  0.00000000e+00
   0.00000000e+00  1.00000000e+00]]
Param #5913: delta too small; RMS=3.5264e-07 mm
quads_tilt_fit #0.00033474033036567897
delta_local #[0.00283578]
R1 #[[ 0.99999497  0.          0.00317052  0.          0.          0.        ]
 [ 0.          0.99999497  0.          0.00317052  0.          0.        ]
 [-0.00317052  0.          0.99999497  0.          0.          0.        ]
 [ 0.         -0.00317052  0.          0.99999497  0.          0.        ]
 [ 0.          0.          0.          0.          1.          0.        ]
 [ 0.          0.          0.          0.          0.          1.        ]]
R2 #[[ 0.99999497  0.         -0.00317052  0.          0.          0.        ]
 [ 0.          0.99999497  0.         -0.00317052  0.          0.        ]
 [ 0.00317052  0.          0.99999497  0.          0.          0.        ]
 [ 0.          0.00317052  0.          0.99999497  0.          0.        ]
 [ 0.          0.          0.          0.          1.          0.        ]
 [ 0.          0.          0.          0.          0.          1.        ]]
Param #5913: delta OK; RMS=0.0010004 mm
quads_tilt_fit #-0.0010129975128299518
delta_local #[1.e-06]
R1 #[[ 0.99999949  0.         -0.001012    0.          0.          0.        ]
 [ 0.          0.99999949  0.         -0.001012    0.          0.        ]
 [ 0.001012    0.          0.99999949  0.          0.          0.        ]
 [ 0.          0.001012    0.          0.99999949  0.          0.        ]
 [ 0.          0.          0.          0.          1.          0.        ]
 [ 0.          0.          0.          0.          0.          1.        ]]
R2 #[[ 0.99999949  0.          0.001012    0.          0.          0.        ]
 [ 0.          0.99999949  0.          0.001012    0.          0.        ]
 [-0.001012    0.          0.99999949  0.          0.          0.        ]
 [ 0.         -0.001012    0.          0.99999949  0.          0.        ]
 [ 0.          0.          0.          0.          1.          0.        ]
 [ 0.          0.          0.          0.          0.          1.        ]]
Param #5927: delta too small; RMS=3.0631e-07 mm
quads_tilt_fit #-0.0010129975128299518
delta_local #[0.00326471]
R1 #[[ 0.99999746  0.          0.00225171  0.          0.          0.        ]
 [ 0.          0.99999746  0.          0.00225171  0.          0.        ]
 [-0.00225171  0.          0.99999746  0.          0.          0.        ]
 [ 0.         -0.00225171  0.          0.99999746  0.          0.        ]
 [ 0.          0.          0.          0.          1.          0.        ]
 [ 0.          0.          0.          0.          0.          1.        ]]
R2 #[[ 0.99999746  0.         -0.00225171  0.          0.          0.        ]
 [ 0.          0.99999746  0.         -0.00225171  0.          0.        ]
 [ 0.00225171  0.          0.99999746  0.          0.          0.        ]
 [ 0.          0.00225171  0.          0.99999746  0.          0.        ]
 [ 0.          0.          0.          0.          1.          0.        ]
 [ 0.          0.          0.          0.          0.          1.        ]]
Param #5927: delta OK; RMS=0.0010001 mm
quads_tilt_fit #-0.0001514022986651057
delta_local #[1.e-06]
R1 #[[ 9.99999989e-01  0.00000000e+00 -1.50402298e-04  0.00000000e+00
   0.00000000e+00  0.00000000e+00]
 [ 0.00000000e+00  9.99999989e-01  0.00000000e+00 -1.50402298e-04
   0.00000000e+00  0.00000000e+00]
 [ 1.50402298e-04  0.00000000e+00  9.99999989e-01  0.00000000e+00
   0.00000000e+00  0.00000000e+00]
 [ 0.00000000e+00  1.50402298e-04  0.00000000e+00  9.99999989e-01
   0.00000000e+00  0.00000000e+00]
 [ 0.00000000e+00  0.00000000e+00  0.00000000e+00  0.00000000e+00
   1.00000000e+00  0.00000000e+00]
 [ 0.00000000e+00  0.00000000e+00  0.00000000e+00  0.00000000e+00
   0.00000000e+00  1.00000000e+00]]
R2 #[[ 9.99999989e-01  0.00000000e+00  1.50402298e-04  0.00000000e+00
   0.00000000e+00  0.00000000e+00]
 [ 0.00000000e+00  9.99999989e-01  0.00000000e+00  1.50402298e-04
   0.00000000e+00  0.00000000e+00]
 [-1.50402298e-04  0.00000000e+00  9.99999989e-01  0.00000000e+00
   0.00000000e+00  0.00000000e+00]
 [ 0.00000000e+00 -1.50402298e-04  0.00000000e+00  9.99999989e-01
   0.00000000e+00  0.00000000e+00]
 [ 0.00000000e+00  0.00000000e+00  0.00000000e+00  0.00000000e+00
   1.00000000e+00  0.00000000e+00]
 [ 0.00000000e+00  0.00000000e+00  0.00000000e+00  0.00000000e+00
   0.00000000e+00  1.00000000e+00]]
Param #5933: delta too small; RMS=3.3634e-06 mm
quads_tilt_fit #-0.0001514022986651057
delta_local #[0.00029732]
R1 #[[ 9.99999989e-01  0.00000000e+00  1.45916155e-04  0.00000000e+00
   0.00000000e+00  0.00000000e+00]
 [ 0.00000000e+00  9.99999989e-01  0.00000000e+00  1.45916155e-04
   0.00000000e+00  0.00000000e+00]
 [-1.45916155e-04  0.00000000e+00  9.99999989e-01  0.00000000e+00
   0.00000000e+00  0.00000000e+00]
 [ 0.00000000e+00 -1.45916155e-04  0.00000000e+00  9.99999989e-01
   0.00000000e+00  0.00000000e+00]
 [ 0.00000000e+00  0.00000000e+00  0.00000000e+00  0.00000000e+00
   1.00000000e+00  0.00000000e+00]
 [ 0.00000000e+00  0.00000000e+00  0.00000000e+00  0.00000000e+00
   0.00000000e+00  1.00000000e+00]]
R2 #[[ 9.99999989e-01  0.00000000e+00 -1.45916155e-04  0.00000000e+00
   0.00000000e+00  0.00000000e+00]
 [ 0.00000000e+00  9.99999989e-01  0.00000000e+00 -1.45916155e-04
   0.00000000e+00  0.00000000e+00]
 [ 1.45916155e-04  0.00000000e+00  9.99999989e-01  0.00000000e+00
   0.00000000e+00  0.00000000e+00]
 [ 0.00000000e+00  1.45916155e-04  0.00000000e+00  9.99999989e-01
   0.00000000e+00  0.00000000e+00]
 [ 0.00000000e+00  0.00000000e+00  0.00000000e+00  0.00000000e+00
   1.00000000e+00  0.00000000e+00]
 [ 0.00000000e+00  0.00000000e+00  0.00000000e+00  0.00000000e+00
   0.00000000e+00  1.00000000e+00]]
Param #5933: delta OK; RMS=0.0010001 mm
quads_tilt_fit #0.00011860161415637014
delta_local #[1.e-06]
R1 #[[ 9.99999993e-01  0.00000000e+00  1.19601614e-04  0.00000000e+00
   0.00000000e+00  0.00000000e+00]
 [ 0.00000000e+00  9.99999993e-01  0.00000000e+00  1.19601614e-04
   0.00000000e+00  0.00000000e+00]
 [-1.19601614e-04  0.00000000e+00  9.99999993e-01  0.00000000e+00
   0.00000000e+00  0.00000000e+00]
 [ 0.00000000e+00 -1.19601614e-04  0.00000000e+00  9.99999993e-01
   0.00000000e+00  0.00000000e+00]
 [ 0.00000000e+00  0.00000000e+00  0.00000000e+00  0.00000000e+00
   1.00000000e+00  0.00000000e+00]
 [ 0.00000000e+00  0.00000000e+00  0.00000000e+00  0.00000000e+00
   0.00000000e+00  1.00000000e+00]]
R2 #[[ 9.99999993e-01  0.00000000e+00 -1.19601614e-04  0.00000000e+00
   0.00000000e+00  0.00000000e+00]
 [ 0.00000000e+00  9.99999993e-01  0.00000000e+00 -1.19601614e-04
   0.00000000e+00  0.00000000e+00]
 [ 1.19601614e-04  0.00000000e+00  9.99999993e-01  0.00000000e+00
   0.00000000e+00  0.00000000e+00]
 [ 0.00000000e+00  1.19601614e-04  0.00000000e+00  9.99999993e-01
   0.00000000e+00  0.00000000e+00]
 [ 0.00000000e+00  0.00000000e+00  0.00000000e+00  0.00000000e+00
   1.00000000e+00  0.00000000e+00]
 [ 0.00000000e+00  0.00000000e+00  0.00000000e+00  0.00000000e+00
   0.00000000e+00  1.00000000e+00]]
Param #5941: delta too small; RMS=2.7875e-06 mm
quads_tilt_fit #0.00011860161415637014
delta_local #[0.00035875]
R1 #[[ 9.99999886e-01  0.00000000e+00  4.77348601e-04  0.00000000e+00
   0.00000000e+00  0.00000000e+00]
 [ 0.00000000e+00  9.99999886e-01  0.00000000e+00  4.77348601e-04
   0.00000000e+00  0.00000000e+00]
 [-4.77348601e-04  0.00000000e+00  9.99999886e-01  0.00000000e+00
   0.00000000e+00  0.00000000e+00]
 [ 0.00000000e+00 -4.77348601e-04  0.00000000e+00  9.99999886e-01
   0.00000000e+00  0.00000000e+00]
 [ 0.00000000e+00  0.00000000e+00  0.00000000e+00  0.00000000e+00
   1.00000000e+00  0.00000000e+00]
 [ 0.00000000e+00  0.00000000e+00  0.00000000e+00  0.00000000e+00
   0.00000000e+00  1.00000000e+00]]
R2 #[[ 9.99999886e-01  0.00000000e+00 -4.77348601e-04  0.00000000e+00
   0.00000000e+00  0.00000000e+00]
 [ 0.00000000e+00  9.99999886e-01  0.00000000e+00 -4.77348601e-04
   0.00000000e+00  0.00000000e+00]
 [ 4.77348601e-04  0.00000000e+00  9.99999886e-01  0.00000000e+00
   0.00000000e+00  0.00000000e+00]
 [ 0.00000000e+00  4.77348601e-04  0.00000000e+00  9.99999886e-01
   0.00000000e+00  0.00000000e+00]
 [ 0.00000000e+00  0.00000000e+00  0.00000000e+00  0.00000000e+00
   1.00000000e+00  0.00000000e+00]
 [ 0.00000000e+00  0.00000000e+00  0.00000000e+00  0.00000000e+00
   0.00000000e+00  1.00000000e+00]]
Param #5941: delta OK; RMS=0.0009999 mm
quads_tilt_fit #0.0003027352426071672
delta_local #[1.e-06]
R1 #[[ 9.99999954e-01  0.00000000e+00  3.03735238e-04  0.00000000e+00
   0.00000000e+00  0.00000000e+00]
 [ 0.00000000e+00  9.99999954e-01  0.00000000e+00  3.03735238e-04
   0.00000000e+00  0.00000000e+00]
 [-3.03735238e-04  0.00000000e+00  9.99999954e-01  0.00000000e+00
   0.00000000e+00  0.00000000e+00]
 [ 0.00000000e+00 -3.03735238e-04  0.00000000e+00  9.99999954e-01
   0.00000000e+00  0.00000000e+00]
 [ 0.00000000e+00  0.00000000e+00  0.00000000e+00  0.00000000e+00
   1.00000000e+00  0.00000000e+00]
 [ 0.00000000e+00  0.00000000e+00  0.00000000e+00  0.00000000e+00
   0.00000000e+00  1.00000000e+00]]
R2 #[[ 9.99999954e-01  0.00000000e+00 -3.03735238e-04  0.00000000e+00
   0.00000000e+00  0.00000000e+00]
 [ 0.00000000e+00  9.99999954e-01  0.00000000e+00 -3.03735238e-04
   0.00000000e+00  0.00000000e+00]
 [ 3.03735238e-04  0.00000000e+00  9.99999954e-01  0.00000000e+00
   0.00000000e+00  0.00000000e+00]
 [ 0.00000000e+00  3.03735238e-04  0.00000000e+00  9.99999954e-01
   0.00000000e+00  0.00000000e+00]
 [ 0.00000000e+00  0.00000000e+00  0.00000000e+00  0.00000000e+00
   1.00000000e+00  0.00000000e+00]
 [ 0.00000000e+00  0.00000000e+00  0.00000000e+00  0.00000000e+00
   0.00000000e+00  1.00000000e+00]]
Param #5955: delta too small; RMS=2.5621e-06 mm
quads_tilt_fit #0.0003027352426071672
delta_local #[0.00039031]
R1 #[[ 9.99999760e-01  0.00000000e+00  6.93044285e-04  0.00000000e+00
   0.00000000e+00  0.00000000e+00]
 [ 0.00000000e+00  9.99999760e-01  0.00000000e+00  6.93044285e-04
   0.00000000e+00  0.00000000e+00]
 [-6.93044285e-04  0.00000000e+00  9.99999760e-01  0.00000000e+00
   0.00000000e+00  0.00000000e+00]
 [ 0.00000000e+00 -6.93044285e-04  0.00000000e+00  9.99999760e-01
   0.00000000e+00  0.00000000e+00]
 [ 0.00000000e+00  0.00000000e+00  0.00000000e+00  0.00000000e+00
   1.00000000e+00  0.00000000e+00]
 [ 0.00000000e+00  0.00000000e+00  0.00000000e+00  0.00000000e+00
   0.00000000e+00  1.00000000e+00]]
R2 #[[ 9.99999760e-01  0.00000000e+00 -6.93044285e-04  0.00000000e+00
   0.00000000e+00  0.00000000e+00]
 [ 0.00000000e+00  9.99999760e-01  0.00000000e+00 -6.93044285e-04
   0.00000000e+00  0.00000000e+00]
 [ 6.93044285e-04  0.00000000e+00  9.99999760e-01  0.00000000e+00
   0.00000000e+00  0.00000000e+00]
 [ 0.00000000e+00  6.93044285e-04  0.00000000e+00  9.99999760e-01
   0.00000000e+00  0.00000000e+00]
 [ 0.00000000e+00  0.00000000e+00  0.00000000e+00  0.00000000e+00
   1.00000000e+00  0.00000000e+00]
 [ 0.00000000e+00  0.00000000e+00  0.00000000e+00  0.00000000e+00
   0.00000000e+00  1.00000000e+00]]
Param #5955: delta OK; RMS=0.00099975 mm
quads_tilt_fit #-0.00010587873823684892
delta_local #[1.e-06]
R1 #[[ 9.99999995e-01  0.00000000e+00 -1.04878738e-04  0.00000000e+00
   0.00000000e+00  0.00000000e+00]
 [ 0.00000000e+00  9.99999995e-01  0.00000000e+00 -1.04878738e-04
   0.00000000e+00  0.00000000e+00]
 [ 1.04878738e-04  0.00000000e+00  9.99999995e-01  0.00000000e+00
   0.00000000e+00  0.00000000e+00]
 [ 0.00000000e+00  1.04878738e-04  0.00000000e+00  9.99999995e-01
   0.00000000e+00  0.00000000e+00]
 [ 0.00000000e+00  0.00000000e+00  0.00000000e+00  0.00000000e+00
   1.00000000e+00  0.00000000e+00]
 [ 0.00000000e+00  0.00000000e+00  0.00000000e+00  0.00000000e+00
   0.00000000e+00  1.00000000e+00]]
R2 #[[ 9.99999995e-01  0.00000000e+00  1.04878738e-04  0.00000000e+00
   0.00000000e+00  0.00000000e+00]
 [ 0.00000000e+00  9.99999995e-01  0.00000000e+00  1.04878738e-04
   0.00000000e+00  0.00000000e+00]
 [-1.04878738e-04  0.00000000e+00  9.99999995e-01  0.00000000e+00
   0.00000000e+00  0.00000000e+00]
 [ 0.00000000e+00 -1.04878738e-04  0.00000000e+00  9.99999995e-01
   0.00000000e+00  0.00000000e+00]
 [ 0.00000000e+00  0.00000000e+00  0.00000000e+00  0.00000000e+00
   1.00000000e+00  0.00000000e+00]
 [ 0.00000000e+00  0.00000000e+00  0.00000000e+00  0.00000000e+00
   0.00000000e+00  1.00000000e+00]]
Param #5961: delta too small; RMS=4.0642e-06 mm
quads_tilt_fit #-0.00010587873823684892
delta_local #[0.00024605]
R1 #[[ 9.99999990e-01  0.00000000e+00  1.40171026e-04  0.00000000e+00
   0.00000000e+00  0.00000000e+00]
 [ 0.00000000e+00  9.99999990e-01  0.00000000e+00  1.40171026e-04
   0.00000000e+00  0.00000000e+00]
 [-1.40171026e-04  0.00000000e+00  9.99999990e-01  0.00000000e+00
   0.00000000e+00  0.00000000e+00]
 [ 0.00000000e+00 -1.40171026e-04  0.00000000e+00  9.99999990e-01
   0.00000000e+00  0.00000000e+00]
 [ 0.00000000e+00  0.00000000e+00  0.00000000e+00  0.00000000e+00
   1.00000000e+00  0.00000000e+00]
 [ 0.00000000e+00  0.00000000e+00  0.00000000e+00  0.00000000e+00
   0.00000000e+00  1.00000000e+00]]
R2 #[[ 9.99999990e-01  0.00000000e+00 -1.40171026e-04  0.00000000e+00
   0.00000000e+00  0.00000000e+00]
 [ 0.00000000e+00  9.99999990e-01  0.00000000e+00 -1.40171026e-04
   0.00000000e+00  0.00000000e+00]
 [ 1.40171026e-04  0.00000000e+00  9.99999990e-01  0.00000000e+00
   0.00000000e+00  0.00000000e+00]
 [ 0.00000000e+00  1.40171026e-04  0.00000000e+00  9.99999990e-01
   0.00000000e+00  0.00000000e+00]
 [ 0.00000000e+00  0.00000000e+00  0.00000000e+00  0.00000000e+00
   1.00000000e+00  0.00000000e+00]
 [ 0.00000000e+00  0.00000000e+00  0.00000000e+00  0.00000000e+00
   0.00000000e+00  1.00000000e+00]]
Param #5961: delta OK; RMS=0.0010002 mm
quads_tilt_fit #4.595415383352995e-05
delta_local #[1.e-06]
R1 #[[ 9.99999999e-01  0.00000000e+00  4.69541538e-05  0.00000000e+00
   0.00000000e+00  0.00000000e+00]
 [ 0.00000000e+00  9.99999999e-01  0.00000000e+00  4.69541538e-05
   0.00000000e+00  0.00000000e+00]
 [-4.69541538e-05  0.00000000e+00  9.99999999e-01  0.00000000e+00
   0.00000000e+00  0.00000000e+00]
 [ 0.00000000e+00 -4.69541538e-05  0.00000000e+00  9.99999999e-01
   0.00000000e+00  0.00000000e+00]
 [ 0.00000000e+00  0.00000000e+00  0.00000000e+00  0.00000000e+00
   1.00000000e+00  0.00000000e+00]
 [ 0.00000000e+00  0.00000000e+00  0.00000000e+00  0.00000000e+00
   0.00000000e+00  1.00000000e+00]]
R2 #[[ 9.99999999e-01  0.00000000e+00 -4.69541538e-05  0.00000000e+00
   0.00000000e+00  0.00000000e+00]
 [ 0.00000000e+00  9.99999999e-01  0.00000000e+00 -4.69541538e-05
   0.00000000e+00  0.00000000e+00]
 [ 4.69541538e-05  0.00000000e+00  9.99999999e-01  0.00000000e+00
   0.00000000e+00  0.00000000e+00]
 [ 0.00000000e+00  4.69541538e-05  0.00000000e+00  9.99999999e-01
   0.00000000e+00  0.00000000e+00]
 [ 0.00000000e+00  0.00000000e+00  0.00000000e+00  0.00000000e+00
   1.00000000e+00  0.00000000e+00]
 [ 0.00000000e+00  0.00000000e+00  0.00000000e+00  0.00000000e+00
   0.00000000e+00  1.00000000e+00]]
Param #5965: delta too small; RMS=3.6681e-06 mm
quads_tilt_fit #4.595415383352995e-05
delta_local #[0.00027262]
R1 #[[ 9.99999949e-01  0.00000000e+00  3.18577623e-04  0.00000000e+00
   0.00000000e+00  0.00000000e+00]
 [ 0.00000000e+00  9.99999949e-01  0.00000000e+00  3.18577623e-04
   0.00000000e+00  0.00000000e+00]
 [-3.18577623e-04  0.00000000e+00  9.99999949e-01  0.00000000e+00
   0.00000000e+00  0.00000000e+00]
 [ 0.00000000e+00 -3.18577623e-04  0.00000000e+00  9.99999949e-01
   0.00000000e+00  0.00000000e+00]
 [ 0.00000000e+00  0.00000000e+00  0.00000000e+00  0.00000000e+00
   1.00000000e+00  0.00000000e+00]
 [ 0.00000000e+00  0.00000000e+00  0.00000000e+00  0.00000000e+00
   0.00000000e+00  1.00000000e+00]]
R2 #[[ 9.99999949e-01  0.00000000e+00 -3.18577623e-04  0.00000000e+00
   0.00000000e+00  0.00000000e+00]
 [ 0.00000000e+00  9.99999949e-01  0.00000000e+00 -3.18577623e-04
   0.00000000e+00  0.00000000e+00]
 [ 3.18577623e-04  0.00000000e+00  9.99999949e-01  0.00000000e+00
   0.00000000e+00  0.00000000e+00]
 [ 0.00000000e+00  3.18577623e-04  0.00000000e+00  9.99999949e-01
   0.00000000e+00  0.00000000e+00]
 [ 0.00000000e+00  0.00000000e+00  0.00000000e+00  0.00000000e+00
   1.00000000e+00  0.00000000e+00]
 [ 0.00000000e+00  0.00000000e+00  0.00000000e+00  0.00000000e+00
   0.00000000e+00  1.00000000e+00]]
Param #5965: delta OK; RMS=0.0010002 mm
quads_tilt_fit #-0.00046423233531930755
delta_local #[1.e-06]
R1 #[[ 9.99999893e-01  0.00000000e+00 -4.63232319e-04  0.00000000e+00
   0.00000000e+00  0.00000000e+00]
 [ 0.00000000e+00  9.99999893e-01  0.00000000e+00 -4.63232319e-04
   0.00000000e+00  0.00000000e+00]
 [ 4.63232319e-04  0.00000000e+00  9.99999893e-01  0.00000000e+00
   0.00000000e+00  0.00000000e+00]
 [ 0.00000000e+00  4.63232319e-04  0.00000000e+00  9.99999893e-01
   0.00000000e+00  0.00000000e+00]
 [ 0.00000000e+00  0.00000000e+00  0.00000000e+00  0.00000000e+00
   1.00000000e+00  0.00000000e+00]
 [ 0.00000000e+00  0.00000000e+00  0.00000000e+00  0.00000000e+00
   0.00000000e+00  1.00000000e+00]]
R2 #[[ 9.99999893e-01  0.00000000e+00  4.63232319e-04  0.00000000e+00
   0.00000000e+00  0.00000000e+00]
 [ 0.00000000e+00  9.99999893e-01  0.00000000e+00  4.63232319e-04
   0.00000000e+00  0.00000000e+00]
 [-4.63232319e-04  0.00000000e+00  9.99999893e-01  0.00000000e+00
   0.00000000e+00  0.00000000e+00]
 [ 0.00000000e+00 -4.63232319e-04  0.00000000e+00  9.99999893e-01
   0.00000000e+00  0.00000000e+00]
 [ 0.00000000e+00  0.00000000e+00  0.00000000e+00  0.00000000e+00
   1.00000000e+00  0.00000000e+00]
 [ 0.00000000e+00  0.00000000e+00  0.00000000e+00  0.00000000e+00
   0.00000000e+00  1.00000000e+00]]
Param #5971: delta too small; RMS=2.1076e-06 mm
quads_tilt_fit #-0.00046423233531930755
delta_local #[0.00047448]
R1 #[[ 1.00000000e+00  0.00000000e+00  1.02455537e-05  0.00000000e+00
   0.00000000e+00  0.00000000e+00]
 [ 0.00000000e+00  1.00000000e+00  0.00000000e+00  1.02455537e-05
   0.00000000e+00  0.00000000e+00]
 [-1.02455537e-05  0.00000000e+00  1.00000000e+00  0.00000000e+00
   0.00000000e+00  0.00000000e+00]
 [ 0.00000000e+00 -1.02455537e-05  0.00000000e+00  1.00000000e+00
   0.00000000e+00  0.00000000e+00]
 [ 0.00000000e+00  0.00000000e+00  0.00000000e+00  0.00000000e+00
   1.00000000e+00  0.00000000e+00]
 [ 0.00000000e+00  0.00000000e+00  0.00000000e+00  0.00000000e+00
   0.00000000e+00  1.00000000e+00]]
R2 #[[ 1.00000000e+00  0.00000000e+00 -1.02455537e-05  0.00000000e+00
   0.00000000e+00  0.00000000e+00]
 [ 0.00000000e+00  1.00000000e+00  0.00000000e+00 -1.02455537e-05
   0.00000000e+00  0.00000000e+00]
 [ 1.02455537e-05  0.00000000e+00  1.00000000e+00  0.00000000e+00
   0.00000000e+00  0.00000000e+00]
 [ 0.00000000e+00  1.02455537e-05  0.00000000e+00  1.00000000e+00
   0.00000000e+00  0.00000000e+00]
 [ 0.00000000e+00  0.00000000e+00  0.00000000e+00  0.00000000e+00
   1.00000000e+00  0.00000000e+00]
 [ 0.00000000e+00  0.00000000e+00  0.00000000e+00  0.00000000e+00
   0.00000000e+00  1.00000000e+00]]
Param #5971: delta OK; RMS=0.0009998 mm
quads_tilt_fit #-0.00042979586562347027
delta_local #[1.e-06]
R1 #[[ 9.99999908e-01  0.00000000e+00 -4.28795852e-04  0.00000000e+00
   0.00000000e+00  0.00000000e+00]
 [ 0.00000000e+00  9.99999908e-01  0.00000000e+00 -4.28795852e-04
   0.00000000e+00  0.00000000e+00]
 [ 4.28795852e-04  0.00000000e+00  9.99999908e-01  0.00000000e+00
   0.00000000e+00  0.00000000e+00]
 [ 0.00000000e+00  4.28795852e-04  0.00000000e+00  9.99999908e-01
   0.00000000e+00  0.00000000e+00]
 [ 0.00000000e+00  0.00000000e+00  0.00000000e+00  0.00000000e+00
   1.00000000e+00  0.00000000e+00]
 [ 0.00000000e+00  0.00000000e+00  0.00000000e+00  0.00000000e+00
   0.00000000e+00  1.00000000e+00]]
R2 #[[ 9.99999908e-01  0.00000000e+00  4.28795852e-04  0.00000000e+00
   0.00000000e+00  0.00000000e+00]
 [ 0.00000000e+00  9.99999908e-01  0.00000000e+00  4.28795852e-04
   0.00000000e+00  0.00000000e+00]
 [-4.28795852e-04  0.00000000e+00  9.99999908e-01  0.00000000e+00
   0.00000000e+00  0.00000000e+00]
 [ 0.00000000e+00 -4.28795852e-04  0.00000000e+00  9.99999908e-01
   0.00000000e+00  0.00000000e+00]
 [ 0.00000000e+00  0.00000000e+00  0.00000000e+00  0.00000000e+00
   1.00000000e+00  0.00000000e+00]
 [ 0.00000000e+00  0.00000000e+00  0.00000000e+00  0.00000000e+00
   0.00000000e+00  1.00000000e+00]]
Param #5985: delta too small; RMS=3.2692e-06 mm
quads_tilt_fit #-0.00042979586562347027
delta_local #[0.00030589]
R1 #[[ 9.99999992e-01  0.00000000e+00 -1.23910687e-04  0.00000000e+00
   0.00000000e+00  0.00000000e+00]
 [ 0.00000000e+00  9.99999992e-01  0.00000000e+00 -1.23910687e-04
   0.00000000e+00  0.00000000e+00]
 [ 1.23910687e-04  0.00000000e+00  9.99999992e-01  0.00000000e+00
   0.00000000e+00  0.00000000e+00]
 [ 0.00000000e+00  1.23910687e-04  0.00000000e+00  9.99999992e-01
   0.00000000e+00  0.00000000e+00]
 [ 0.00000000e+00  0.00000000e+00  0.00000000e+00  0.00000000e+00
   1.00000000e+00  0.00000000e+00]
 [ 0.00000000e+00  0.00000000e+00  0.00000000e+00  0.00000000e+00
   0.00000000e+00  1.00000000e+00]]
R2 #[[ 9.99999992e-01  0.00000000e+00  1.23910687e-04  0.00000000e+00
   0.00000000e+00  0.00000000e+00]
 [ 0.00000000e+00  9.99999992e-01  0.00000000e+00  1.23910687e-04
   0.00000000e+00  0.00000000e+00]
 [-1.23910687e-04  0.00000000e+00  9.99999992e-01  0.00000000e+00
   0.00000000e+00  0.00000000e+00]
 [ 0.00000000e+00 -1.23910687e-04  0.00000000e+00  9.99999992e-01
   0.00000000e+00  0.00000000e+00]
 [ 0.00000000e+00  0.00000000e+00  0.00000000e+00  0.00000000e+00
   1.00000000e+00  0.00000000e+00]
 [ 0.00000000e+00  0.00000000e+00  0.00000000e+00  0.00000000e+00
   0.00000000e+00  1.00000000e+00]]
Param #5985: delta OK; RMS=0.0010002 mm
quads_tilt_fit #0.00044124804721665917
delta_local #[1.e-06]
R1 #[[ 9.99999902e-01  0.00000000e+00  4.42248033e-04  0.00000000e+00
   0.00000000e+00  0.00000000e+00]
 [ 0.00000000e+00  9.99999902e-01  0.00000000e+00  4.42248033e-04
   0.00000000e+00  0.00000000e+00]
 [-4.42248033e-04  0.00000000e+00  9.99999902e-01  0.00000000e+00
   0.00000000e+00  0.00000000e+00]
 [ 0.00000000e+00 -4.42248033e-04  0.00000000e+00  9.99999902e-01
   0.00000000e+00  0.00000000e+00]
 [ 0.00000000e+00  0.00000000e+00  0.00000000e+00  0.00000000e+00
   1.00000000e+00  0.00000000e+00]
 [ 0.00000000e+00  0.00000000e+00  0.00000000e+00  0.00000000e+00
   0.00000000e+00  1.00000000e+00]]
R2 #[[ 9.99999902e-01  0.00000000e+00 -4.42248033e-04  0.00000000e+00
   0.00000000e+00  0.00000000e+00]
 [ 0.00000000e+00  9.99999902e-01  0.00000000e+00 -4.42248033e-04
   0.00000000e+00  0.00000000e+00]
 [ 4.42248033e-04  0.00000000e+00  9.99999902e-01  0.00000000e+00
   0.00000000e+00  0.00000000e+00]
 [ 0.00000000e+00  4.42248033e-04  0.00000000e+00  9.99999902e-01
   0.00000000e+00  0.00000000e+00]
 [ 0.00000000e+00  0.00000000e+00  0.00000000e+00  0.00000000e+00
   1.00000000e+00  0.00000000e+00]
 [ 0.00000000e+00  0.00000000e+00  0.00000000e+00  0.00000000e+00
   0.00000000e+00  1.00000000e+00]]
Param #5993: delta too small; RMS=3.1119e-06 mm
quads_tilt_fit #0.00044124804721665917
delta_local #[0.00032135]
R1 #[[ 9.99999709e-01  0.00000000e+00  7.62597684e-04  0.00000000e+00
   0.00000000e+00  0.00000000e+00]
 [ 0.00000000e+00  9.99999709e-01  0.00000000e+00  7.62597684e-04
   0.00000000e+00  0.00000000e+00]
 [-7.62597684e-04  0.00000000e+00  9.99999709e-01  0.00000000e+00
   0.00000000e+00  0.00000000e+00]
 [ 0.00000000e+00 -7.62597684e-04  0.00000000e+00  9.99999709e-01
   0.00000000e+00  0.00000000e+00]
 [ 0.00000000e+00  0.00000000e+00  0.00000000e+00  0.00000000e+00
   1.00000000e+00  0.00000000e+00]
 [ 0.00000000e+00  0.00000000e+00  0.00000000e+00  0.00000000e+00
   0.00000000e+00  1.00000000e+00]]
R2 #[[ 9.99999709e-01  0.00000000e+00 -7.62597684e-04  0.00000000e+00
   0.00000000e+00  0.00000000e+00]
 [ 0.00000000e+00  9.99999709e-01  0.00000000e+00 -7.62597684e-04
   0.00000000e+00  0.00000000e+00]
 [ 7.62597684e-04  0.00000000e+00  9.99999709e-01  0.00000000e+00
   0.00000000e+00  0.00000000e+00]
 [ 0.00000000e+00  7.62597684e-04  0.00000000e+00  9.99999709e-01
   0.00000000e+00  0.00000000e+00]
 [ 0.00000000e+00  0.00000000e+00  0.00000000e+00  0.00000000e+00
   1.00000000e+00  0.00000000e+00]
 [ 0.00000000e+00  0.00000000e+00  0.00000000e+00  0.00000000e+00
   0.00000000e+00  1.00000000e+00]]
Param #5993: delta OK; RMS=0.00099978 mm
quads_tilt_fit #0.000992743915499655
delta_local #[1.e-06]
R1 #[[ 9.99999506e-01  0.00000000e+00  9.93743752e-04  0.00000000e+00
   0.00000000e+00  0.00000000e+00]
 [ 0.00000000e+00  9.99999506e-01  0.00000000e+00  9.93743752e-04
   0.00000000e+00  0.00000000e+00]
 [-9.93743752e-04  0.00000000e+00  9.99999506e-01  0.00000000e+00
   0.00000000e+00  0.00000000e+00]
 [ 0.00000000e+00 -9.93743752e-04  0.00000000e+00  9.99999506e-01
   0.00000000e+00  0.00000000e+00]
 [ 0.00000000e+00  0.00000000e+00  0.00000000e+00  0.00000000e+00
   1.00000000e+00  0.00000000e+00]
 [ 0.00000000e+00  0.00000000e+00  0.00000000e+00  0.00000000e+00
   0.00000000e+00  1.00000000e+00]]
R2 #[[ 9.99999506e-01  0.00000000e+00 -9.93743752e-04  0.00000000e+00
   0.00000000e+00  0.00000000e+00]
 [ 0.00000000e+00  9.99999506e-01  0.00000000e+00 -9.93743752e-04
   0.00000000e+00  0.00000000e+00]
 [ 9.93743752e-04  0.00000000e+00  9.99999506e-01  0.00000000e+00
   0.00000000e+00  0.00000000e+00]
 [ 0.00000000e+00  9.93743752e-04  0.00000000e+00  9.99999506e-01
   0.00000000e+00  0.00000000e+00]
 [ 0.00000000e+00  0.00000000e+00  0.00000000e+00  0.00000000e+00
   1.00000000e+00  0.00000000e+00]
 [ 0.00000000e+00  0.00000000e+00  0.00000000e+00  0.00000000e+00
   0.00000000e+00  1.00000000e+00]]
Param #5999: delta too small; RMS=1.5373e-06 mm
quads_tilt_fit #0.000992743915499655
delta_local #[0.00065047]
R1 #[[ 0.99999865  0.          0.00164321  0.          0.          0.        ]
 [ 0.          0.99999865  0.          0.00164321  0.          0.        ]
 [-0.00164321  0.          0.99999865  0.          0.          0.        ]
 [ 0.         -0.00164321  0.          0.99999865  0.          0.        ]
 [ 0.          0.          0.          0.          1.          0.        ]
 [ 0.          0.          0.          0.          0.          1.        ]]
R2 #[[ 0.99999865  0.         -0.00164321  0.          0.          0.        ]
 [ 0.          0.99999865  0.         -0.00164321  0.          0.        ]
 [ 0.00164321  0.          0.99999865  0.          0.          0.        ]
 [ 0.          0.00164321  0.          0.99999865  0.          0.        ]
 [ 0.          0.          0.          0.          1.          0.        ]
 [ 0.          0.          0.          0.          0.          1.        ]]
Param #5999: delta OK; RMS=0.00099973 mm
quads_tilt_fit #0.0004808540960618714
delta_local #[1.e-06]
R1 #[[ 9.99999884e-01  0.00000000e+00  4.81854077e-04  0.00000000e+00
   0.00000000e+00  0.00000000e+00]
 [ 0.00000000e+00  9.99999884e-01  0.00000000e+00  4.81854077e-04
   0.00000000e+00  0.00000000e+00]
 [-4.81854077e-04  0.00000000e+00  9.99999884e-01  0.00000000e+00
   0.00000000e+00  0.00000000e+00]
 [ 0.00000000e+00 -4.81854077e-04  0.00000000e+00  9.99999884e-01
   0.00000000e+00  0.00000000e+00]
 [ 0.00000000e+00  0.00000000e+00  0.00000000e+00  0.00000000e+00
   1.00000000e+00  0.00000000e+00]
 [ 0.00000000e+00  0.00000000e+00  0.00000000e+00  0.00000000e+00
   0.00000000e+00  1.00000000e+00]]
R2 #[[ 9.99999884e-01  0.00000000e+00 -4.81854077e-04  0.00000000e+00
   0.00000000e+00  0.00000000e+00]
 [ 0.00000000e+00  9.99999884e-01  0.00000000e+00 -4.81854077e-04
   0.00000000e+00  0.00000000e+00]
 [ 4.81854077e-04  0.00000000e+00  9.99999884e-01  0.00000000e+00
   0.00000000e+00  0.00000000e+00]
 [ 0.00000000e+00  4.81854077e-04  0.00000000e+00  9.99999884e-01
   0.00000000e+00  0.00000000e+00]
 [ 0.00000000e+00  0.00000000e+00  0.00000000e+00  0.00000000e+00
   1.00000000e+00  0.00000000e+00]
 [ 0.00000000e+00  0.00000000e+00  0.00000000e+00  0.00000000e+00
   0.00000000e+00  1.00000000e+00]]
Param #6027: delta too small; RMS=1.2092e-06 mm
quads_tilt_fit #0.0004808540960618714
delta_local #[0.00082701]
R1 #[[ 0.99999914  0.          0.00130786  0.          0.          0.        ]
 [ 0.          0.99999914  0.          0.00130786  0.          0.        ]
 [-0.00130786  0.          0.99999914  0.          0.          0.        ]
 [ 0.         -0.00130786  0.          0.99999914  0.          0.        ]
 [ 0.          0.          0.          0.          1.          0.        ]
 [ 0.          0.          0.          0.          0.          1.        ]]
R2 #[[ 0.99999914  0.         -0.00130786  0.          0.          0.        ]
 [ 0.          0.99999914  0.         -0.00130786  0.          0.        ]
 [ 0.00130786  0.          0.99999914  0.          0.          0.        ]
 [ 0.          0.00130786  0.          0.99999914  0.          0.        ]
 [ 0.          0.          0.          0.          1.          0.        ]
 [ 0.          0.          0.          0.          0.          1.        ]]
Param #6027: delta OK; RMS=0.001 mm
quads_tilt_fit #0.00010550358954477836
delta_local #[1.e-06]
R1 #[[ 9.99999994e-01  0.00000000e+00  1.06503589e-04  0.00000000e+00
   0.00000000e+00  0.00000000e+00]
 [ 0.00000000e+00  9.99999994e-01  0.00000000e+00  1.06503589e-04
   0.00000000e+00  0.00000000e+00]
 [-1.06503589e-04  0.00000000e+00  9.99999994e-01  0.00000000e+00
   0.00000000e+00  0.00000000e+00]
 [ 0.00000000e+00 -1.06503589e-04  0.00000000e+00  9.99999994e-01
   0.00000000e+00  0.00000000e+00]
 [ 0.00000000e+00  0.00000000e+00  0.00000000e+00  0.00000000e+00
   1.00000000e+00  0.00000000e+00]
 [ 0.00000000e+00  0.00000000e+00  0.00000000e+00  0.00000000e+00
   0.00000000e+00  1.00000000e+00]]
R2 #[[ 9.99999994e-01  0.00000000e+00 -1.06503589e-04  0.00000000e+00
   0.00000000e+00  0.00000000e+00]
 [ 0.00000000e+00  9.99999994e-01  0.00000000e+00 -1.06503589e-04
   0.00000000e+00  0.00000000e+00]
 [ 1.06503589e-04  0.00000000e+00  9.99999994e-01  0.00000000e+00
   0.00000000e+00  0.00000000e+00]
 [ 0.00000000e+00  1.06503589e-04  0.00000000e+00  9.99999994e-01
   0.00000000e+00  0.00000000e+00]
 [ 0.00000000e+00  0.00000000e+00  0.00000000e+00  0.00000000e+00
   1.00000000e+00  0.00000000e+00]
 [ 0.00000000e+00  0.00000000e+00  0.00000000e+00  0.00000000e+00
   0.00000000e+00  1.00000000e+00]]
Param #6033: delta too small; RMS=2.394e-06 mm
quads_tilt_fit #0.00010550358954477836
delta_local #[0.00041771]
R1 #[[ 9.99999863e-01  0.00000000e+00  5.23209055e-04  0.00000000e+00
   0.00000000e+00  0.00000000e+00]
 [ 0.00000000e+00  9.99999863e-01  0.00000000e+00  5.23209055e-04
   0.00000000e+00  0.00000000e+00]
 [-5.23209055e-04  0.00000000e+00  9.99999863e-01  0.00000000e+00
   0.00000000e+00  0.00000000e+00]
 [ 0.00000000e+00 -5.23209055e-04  0.00000000e+00  9.99999863e-01
   0.00000000e+00  0.00000000e+00]
 [ 0.00000000e+00  0.00000000e+00  0.00000000e+00  0.00000000e+00
   1.00000000e+00  0.00000000e+00]
 [ 0.00000000e+00  0.00000000e+00  0.00000000e+00  0.00000000e+00
   0.00000000e+00  1.00000000e+00]]
R2 #[[ 9.99999863e-01  0.00000000e+00 -5.23209055e-04  0.00000000e+00
   0.00000000e+00  0.00000000e+00]
 [ 0.00000000e+00  9.99999863e-01  0.00000000e+00 -5.23209055e-04
   0.00000000e+00  0.00000000e+00]
 [ 5.23209055e-04  0.00000000e+00  9.99999863e-01  0.00000000e+00
   0.00000000e+00  0.00000000e+00]
 [ 0.00000000e+00  5.23209055e-04  0.00000000e+00  9.99999863e-01
   0.00000000e+00  0.00000000e+00]
 [ 0.00000000e+00  0.00000000e+00  0.00000000e+00  0.00000000e+00
   1.00000000e+00  0.00000000e+00]
 [ 0.00000000e+00  0.00000000e+00  0.00000000e+00  0.00000000e+00
   0.00000000e+00  1.00000000e+00]]
Param #6033: delta OK; RMS=0.001 mm
quads_tilt_fit #-9.249722353952961e-05
delta_local #[1.e-06]
R1 #[[ 9.99999996e-01  0.00000000e+00 -9.14972234e-05  0.00000000e+00
   0.00000000e+00  0.00000000e+00]
 [ 0.00000000e+00  9.99999996e-01  0.00000000e+00 -9.14972234e-05
   0.00000000e+00  0.00000000e+00]
 [ 9.14972234e-05  0.00000000e+00  9.99999996e-01  0.00000000e+00
   0.00000000e+00  0.00000000e+00]
 [ 0.00000000e+00  9.14972234e-05  0.00000000e+00  9.99999996e-01
   0.00000000e+00  0.00000000e+00]
 [ 0.00000000e+00  0.00000000e+00  0.00000000e+00  0.00000000e+00
   1.00000000e+00  0.00000000e+00]
 [ 0.00000000e+00  0.00000000e+00  0.00000000e+00  0.00000000e+00
   0.00000000e+00  1.00000000e+00]]
R2 #[[ 9.99999996e-01  0.00000000e+00  9.14972234e-05  0.00000000e+00
   0.00000000e+00  0.00000000e+00]
 [ 0.00000000e+00  9.99999996e-01  0.00000000e+00  9.14972234e-05
   0.00000000e+00  0.00000000e+00]
 [-9.14972234e-05  0.00000000e+00  9.99999996e-01  0.00000000e+00
   0.00000000e+00  0.00000000e+00]
 [ 0.00000000e+00 -9.14972234e-05  0.00000000e+00  9.99999996e-01
   0.00000000e+00  0.00000000e+00]
 [ 0.00000000e+00  0.00000000e+00  0.00000000e+00  0.00000000e+00
   1.00000000e+00  0.00000000e+00]
 [ 0.00000000e+00  0.00000000e+00  0.00000000e+00  0.00000000e+00
   0.00000000e+00  1.00000000e+00]]
Param #6041: delta too small; RMS=2.4775e-06 mm
quads_tilt_fit #-9.249722353952961e-05
delta_local #[0.00040364]
R1 #[[ 9.99999952e-01  0.00000000e+00  3.11138981e-04  0.00000000e+00
   0.00000000e+00  0.00000000e+00]
 [ 0.00000000e+00  9.99999952e-01  0.00000000e+00  3.11138981e-04
   0.00000000e+00  0.00000000e+00]
 [-3.11138981e-04  0.00000000e+00  9.99999952e-01  0.00000000e+00
   0.00000000e+00  0.00000000e+00]
 [ 0.00000000e+00 -3.11138981e-04  0.00000000e+00  9.99999952e-01
   0.00000000e+00  0.00000000e+00]
 [ 0.00000000e+00  0.00000000e+00  0.00000000e+00  0.00000000e+00
   1.00000000e+00  0.00000000e+00]
 [ 0.00000000e+00  0.00000000e+00  0.00000000e+00  0.00000000e+00
   0.00000000e+00  1.00000000e+00]]
R2 #[[ 9.99999952e-01  0.00000000e+00 -3.11138981e-04  0.00000000e+00
   0.00000000e+00  0.00000000e+00]
 [ 0.00000000e+00  9.99999952e-01  0.00000000e+00 -3.11138981e-04
   0.00000000e+00  0.00000000e+00]
 [ 3.11138981e-04  0.00000000e+00  9.99999952e-01  0.00000000e+00
   0.00000000e+00  0.00000000e+00]
 [ 0.00000000e+00  3.11138981e-04  0.00000000e+00  9.99999952e-01
   0.00000000e+00  0.00000000e+00]
 [ 0.00000000e+00  0.00000000e+00  0.00000000e+00  0.00000000e+00
   1.00000000e+00  0.00000000e+00]
 [ 0.00000000e+00  0.00000000e+00  0.00000000e+00  0.00000000e+00
   0.00000000e+00  1.00000000e+00]]
Param #6041: delta OK; RMS=0.00099997 mm
quads_tilt_fit #-0.0001403997097821114
delta_local #[1.e-06]
R1 #[[ 9.99999990e-01  0.00000000e+00 -1.39399709e-04  0.00000000e+00
   0.00000000e+00  0.00000000e+00]
 [ 0.00000000e+00  9.99999990e-01  0.00000000e+00 -1.39399709e-04
   0.00000000e+00  0.00000000e+00]
 [ 1.39399709e-04  0.00000000e+00  9.99999990e-01  0.00000000e+00
   0.00000000e+00  0.00000000e+00]
 [ 0.00000000e+00  1.39399709e-04  0.00000000e+00  9.99999990e-01
   0.00000000e+00  0.00000000e+00]
 [ 0.00000000e+00  0.00000000e+00  0.00000000e+00  0.00000000e+00
   1.00000000e+00  0.00000000e+00]
 [ 0.00000000e+00  0.00000000e+00  0.00000000e+00  0.00000000e+00
   0.00000000e+00  1.00000000e+00]]
R2 #[[ 9.99999990e-01  0.00000000e+00  1.39399709e-04  0.00000000e+00
   0.00000000e+00  0.00000000e+00]
 [ 0.00000000e+00  9.99999990e-01  0.00000000e+00  1.39399709e-04
   0.00000000e+00  0.00000000e+00]
 [-1.39399709e-04  0.00000000e+00  9.99999990e-01  0.00000000e+00
   0.00000000e+00  0.00000000e+00]
 [ 0.00000000e+00 -1.39399709e-04  0.00000000e+00  9.99999990e-01
   0.00000000e+00  0.00000000e+00]
 [ 0.00000000e+00  0.00000000e+00  0.00000000e+00  0.00000000e+00
   1.00000000e+00  0.00000000e+00]
 [ 0.00000000e+00  0.00000000e+00  0.00000000e+00  0.00000000e+00
   0.00000000e+00  1.00000000e+00]]
Param #6055: delta too small; RMS=1.8561e-06 mm
quads_tilt_fit #-0.0001403997097821114
delta_local #[0.00053876]
R1 #[[ 9.99999921e-01  0.00000000e+00  3.98359702e-04  0.00000000e+00
   0.00000000e+00  0.00000000e+00]
 [ 0.00000000e+00  9.99999921e-01  0.00000000e+00  3.98359702e-04
   0.00000000e+00  0.00000000e+00]
 [-3.98359702e-04  0.00000000e+00  9.99999921e-01  0.00000000e+00
   0.00000000e+00  0.00000000e+00]
 [ 0.00000000e+00 -3.98359702e-04  0.00000000e+00  9.99999921e-01
   0.00000000e+00  0.00000000e+00]
 [ 0.00000000e+00  0.00000000e+00  0.00000000e+00  0.00000000e+00
   1.00000000e+00  0.00000000e+00]
 [ 0.00000000e+00  0.00000000e+00  0.00000000e+00  0.00000000e+00
   0.00000000e+00  1.00000000e+00]]
R2 #[[ 9.99999921e-01  0.00000000e+00 -3.98359702e-04  0.00000000e+00
   0.00000000e+00  0.00000000e+00]
 [ 0.00000000e+00  9.99999921e-01  0.00000000e+00 -3.98359702e-04
   0.00000000e+00  0.00000000e+00]
 [ 3.98359702e-04  0.00000000e+00  9.99999921e-01  0.00000000e+00
   0.00000000e+00  0.00000000e+00]
 [ 0.00000000e+00  3.98359702e-04  0.00000000e+00  9.99999921e-01
   0.00000000e+00  0.00000000e+00]
 [ 0.00000000e+00  0.00000000e+00  0.00000000e+00  0.00000000e+00
   1.00000000e+00  0.00000000e+00]
 [ 0.00000000e+00  0.00000000e+00  0.00000000e+00  0.00000000e+00
   0.00000000e+00  1.00000000e+00]]
Param #6055: delta OK; RMS=0.0010002 mm
quads_tilt_fit #0.00010418938852192309
delta_local #[1.e-06]
R1 #[[ 9.99999994e-01  0.00000000e+00  1.05189388e-04  0.00000000e+00
   0.00000000e+00  0.00000000e+00]
 [ 0.00000000e+00  9.99999994e-01  0.00000000e+00  1.05189388e-04
   0.00000000e+00  0.00000000e+00]
 [-1.05189388e-04  0.00000000e+00  9.99999994e-01  0.00000000e+00
   0.00000000e+00  0.00000000e+00]
 [ 0.00000000e+00 -1.05189388e-04  0.00000000e+00  9.99999994e-01
   0.00000000e+00  0.00000000e+00]
 [ 0.00000000e+00  0.00000000e+00  0.00000000e+00  0.00000000e+00
   1.00000000e+00  0.00000000e+00]
 [ 0.00000000e+00  0.00000000e+00  0.00000000e+00  0.00000000e+00
   0.00000000e+00  1.00000000e+00]]
R2 #[[ 9.99999994e-01  0.00000000e+00 -1.05189388e-04  0.00000000e+00
   0.00000000e+00  0.00000000e+00]
 [ 0.00000000e+00  9.99999994e-01  0.00000000e+00 -1.05189388e-04
   0.00000000e+00  0.00000000e+00]
 [ 1.05189388e-04  0.00000000e+00  9.99999994e-01  0.00000000e+00
   0.00000000e+00  0.00000000e+00]
 [ 0.00000000e+00  1.05189388e-04  0.00000000e+00  9.99999994e-01
   0.00000000e+00  0.00000000e+00]
 [ 0.00000000e+00  0.00000000e+00  0.00000000e+00  0.00000000e+00
   1.00000000e+00  0.00000000e+00]
 [ 0.00000000e+00  0.00000000e+00  0.00000000e+00  0.00000000e+00
   0.00000000e+00  1.00000000e+00]]
Param #6061: delta too small; RMS=3.3053e-06 mm
quads_tilt_fit #0.00010418938852192309
delta_local #[0.00030255]
R1 #[[ 9.99999917e-01  0.00000000e+00  4.06737770e-04  0.00000000e+00
   0.00000000e+00  0.00000000e+00]
 [ 0.00000000e+00  9.99999917e-01  0.00000000e+00  4.06737770e-04
   0.00000000e+00  0.00000000e+00]
 [-4.06737770e-04  0.00000000e+00  9.99999917e-01  0.00000000e+00
   0.00000000e+00  0.00000000e+00]
 [ 0.00000000e+00 -4.06737770e-04  0.00000000e+00  9.99999917e-01
   0.00000000e+00  0.00000000e+00]
 [ 0.00000000e+00  0.00000000e+00  0.00000000e+00  0.00000000e+00
   1.00000000e+00  0.00000000e+00]
 [ 0.00000000e+00  0.00000000e+00  0.00000000e+00  0.00000000e+00
   0.00000000e+00  1.00000000e+00]]
R2 #[[ 9.99999917e-01  0.00000000e+00 -4.06737770e-04  0.00000000e+00
   0.00000000e+00  0.00000000e+00]
 [ 0.00000000e+00  9.99999917e-01  0.00000000e+00 -4.06737770e-04
   0.00000000e+00  0.00000000e+00]
 [ 4.06737770e-04  0.00000000e+00  9.99999917e-01  0.00000000e+00
   0.00000000e+00  0.00000000e+00]
 [ 0.00000000e+00  4.06737770e-04  0.00000000e+00  9.99999917e-01
   0.00000000e+00  0.00000000e+00]
 [ 0.00000000e+00  0.00000000e+00  0.00000000e+00  0.00000000e+00
   1.00000000e+00  0.00000000e+00]
 [ 0.00000000e+00  0.00000000e+00  0.00000000e+00  0.00000000e+00
   0.00000000e+00  1.00000000e+00]]
Param #6061: delta OK; RMS=0.00099981 mm
quads_tilt_fit #0.000147887089317793
delta_local #[1.e-06]
R1 #[[ 9.99999989e-01  0.00000000e+00  1.48887089e-04  0.00000000e+00
   0.00000000e+00  0.00000000e+00]
 [ 0.00000000e+00  9.99999989e-01  0.00000000e+00  1.48887089e-04
   0.00000000e+00  0.00000000e+00]
 [-1.48887089e-04  0.00000000e+00  9.99999989e-01  0.00000000e+00
   0.00000000e+00  0.00000000e+00]
 [ 0.00000000e+00 -1.48887089e-04  0.00000000e+00  9.99999989e-01
   0.00000000e+00  0.00000000e+00]
 [ 0.00000000e+00  0.00000000e+00  0.00000000e+00  0.00000000e+00
   1.00000000e+00  0.00000000e+00]
 [ 0.00000000e+00  0.00000000e+00  0.00000000e+00  0.00000000e+00
   0.00000000e+00  1.00000000e+00]]
R2 #[[ 9.99999989e-01  0.00000000e+00 -1.48887089e-04  0.00000000e+00
   0.00000000e+00  0.00000000e+00]
 [ 0.00000000e+00  9.99999989e-01  0.00000000e+00 -1.48887089e-04
   0.00000000e+00  0.00000000e+00]
 [ 1.48887089e-04  0.00000000e+00  9.99999989e-01  0.00000000e+00
   0.00000000e+00  0.00000000e+00]
 [ 0.00000000e+00  1.48887089e-04  0.00000000e+00  9.99999989e-01
   0.00000000e+00  0.00000000e+00]
 [ 0.00000000e+00  0.00000000e+00  0.00000000e+00  0.00000000e+00
   1.00000000e+00  0.00000000e+00]
 [ 0.00000000e+00  0.00000000e+00  0.00000000e+00  0.00000000e+00
   0.00000000e+00  1.00000000e+00]]
Param #6065: delta too small; RMS=3.7093e-06 mm
quads_tilt_fit #0.000147887089317793
delta_local #[0.00026959]
R1 #[[ 9.99999913e-01  0.00000000e+00  4.17481508e-04  0.00000000e+00
   0.00000000e+00  0.00000000e+00]
 [ 0.00000000e+00  9.99999913e-01  0.00000000e+00  4.17481508e-04
   0.00000000e+00  0.00000000e+00]
 [-4.17481508e-04  0.00000000e+00  9.99999913e-01  0.00000000e+00
   0.00000000e+00  0.00000000e+00]
 [ 0.00000000e+00 -4.17481508e-04  0.00000000e+00  9.99999913e-01
   0.00000000e+00  0.00000000e+00]
 [ 0.00000000e+00  0.00000000e+00  0.00000000e+00  0.00000000e+00
   1.00000000e+00  0.00000000e+00]
 [ 0.00000000e+00  0.00000000e+00  0.00000000e+00  0.00000000e+00
   0.00000000e+00  1.00000000e+00]]
R2 #[[ 9.99999913e-01  0.00000000e+00 -4.17481508e-04  0.00000000e+00
   0.00000000e+00  0.00000000e+00]
 [ 0.00000000e+00  9.99999913e-01  0.00000000e+00 -4.17481508e-04
   0.00000000e+00  0.00000000e+00]
 [ 4.17481508e-04  0.00000000e+00  9.99999913e-01  0.00000000e+00
   0.00000000e+00  0.00000000e+00]
 [ 0.00000000e+00  4.17481508e-04  0.00000000e+00  9.99999913e-01
   0.00000000e+00  0.00000000e+00]
 [ 0.00000000e+00  0.00000000e+00  0.00000000e+00  0.00000000e+00
   1.00000000e+00  0.00000000e+00]
 [ 0.00000000e+00  0.00000000e+00  0.00000000e+00  0.00000000e+00
   0.00000000e+00  1.00000000e+00]]
Param #6065: delta OK; RMS=0.00099981 mm
quads_tilt_fit #7.805831138282811e-05
delta_local #[1.e-06]
R1 #[[ 9.99999997e-01  0.00000000e+00  7.90583113e-05  0.00000000e+00
   0.00000000e+00  0.00000000e+00]
 [ 0.00000000e+00  9.99999997e-01  0.00000000e+00  7.90583113e-05
   0.00000000e+00  0.00000000e+00]
 [-7.90583113e-05  0.00000000e+00  9.99999997e-01  0.00000000e+00
   0.00000000e+00  0.00000000e+00]
 [ 0.00000000e+00 -7.90583113e-05  0.00000000e+00  9.99999997e-01
   0.00000000e+00  0.00000000e+00]
 [ 0.00000000e+00  0.00000000e+00  0.00000000e+00  0.00000000e+00
   1.00000000e+00  0.00000000e+00]
 [ 0.00000000e+00  0.00000000e+00  0.00000000e+00  0.00000000e+00
   0.00000000e+00  1.00000000e+00]]
R2 #[[ 9.99999997e-01  0.00000000e+00 -7.90583113e-05  0.00000000e+00
   0.00000000e+00  0.00000000e+00]
 [ 0.00000000e+00  9.99999997e-01  0.00000000e+00 -7.90583113e-05
   0.00000000e+00  0.00000000e+00]
 [ 7.90583113e-05  0.00000000e+00  9.99999997e-01  0.00000000e+00
   0.00000000e+00  0.00000000e+00]
 [ 0.00000000e+00  7.90583113e-05  0.00000000e+00  9.99999997e-01
   0.00000000e+00  0.00000000e+00]
 [ 0.00000000e+00  0.00000000e+00  0.00000000e+00  0.00000000e+00
   1.00000000e+00  0.00000000e+00]
 [ 0.00000000e+00  0.00000000e+00  0.00000000e+00  0.00000000e+00
   0.00000000e+00  1.00000000e+00]]
Param #6071: delta too small; RMS=2.3043e-06 mm
quads_tilt_fit #7.805831138282811e-05
delta_local #[0.00043397]
R1 #[[ 9.99999869e-01  0.00000000e+00  5.12030063e-04  0.00000000e+00
   0.00000000e+00  0.00000000e+00]
 [ 0.00000000e+00  9.99999869e-01  0.00000000e+00  5.12030063e-04
   0.00000000e+00  0.00000000e+00]
 [-5.12030063e-04  0.00000000e+00  9.99999869e-01  0.00000000e+00
   0.00000000e+00  0.00000000e+00]
 [ 0.00000000e+00 -5.12030063e-04  0.00000000e+00  9.99999869e-01
   0.00000000e+00  0.00000000e+00]
 [ 0.00000000e+00  0.00000000e+00  0.00000000e+00  0.00000000e+00
   1.00000000e+00  0.00000000e+00]
 [ 0.00000000e+00  0.00000000e+00  0.00000000e+00  0.00000000e+00
   0.00000000e+00  1.00000000e+00]]
R2 #[[ 9.99999869e-01  0.00000000e+00 -5.12030063e-04  0.00000000e+00
   0.00000000e+00  0.00000000e+00]
 [ 0.00000000e+00  9.99999869e-01  0.00000000e+00 -5.12030063e-04
   0.00000000e+00  0.00000000e+00]
 [ 5.12030063e-04  0.00000000e+00  9.99999869e-01  0.00000000e+00
   0.00000000e+00  0.00000000e+00]
 [ 0.00000000e+00  5.12030063e-04  0.00000000e+00  9.99999869e-01
   0.00000000e+00  0.00000000e+00]
 [ 0.00000000e+00  0.00000000e+00  0.00000000e+00  0.00000000e+00
   1.00000000e+00  0.00000000e+00]
 [ 0.00000000e+00  0.00000000e+00  0.00000000e+00  0.00000000e+00
   0.00000000e+00  1.00000000e+00]]
Param #6071: delta OK; RMS=0.0010002 mm
quads_tilt_fit #0.0007096868214630644
delta_local #[1.e-06]
R1 #[[ 9.99999747e-01  0.00000000e+00  7.10686762e-04  0.00000000e+00
   0.00000000e+00  0.00000000e+00]
 [ 0.00000000e+00  9.99999747e-01  0.00000000e+00  7.10686762e-04
   0.00000000e+00  0.00000000e+00]
 [-7.10686762e-04  0.00000000e+00  9.99999747e-01  0.00000000e+00
   0.00000000e+00  0.00000000e+00]
 [ 0.00000000e+00 -7.10686762e-04  0.00000000e+00  9.99999747e-01
   0.00000000e+00  0.00000000e+00]
 [ 0.00000000e+00  0.00000000e+00  0.00000000e+00  0.00000000e+00
   1.00000000e+00  0.00000000e+00]
 [ 0.00000000e+00  0.00000000e+00  0.00000000e+00  0.00000000e+00
   0.00000000e+00  1.00000000e+00]]
R2 #[[ 9.99999747e-01  0.00000000e+00 -7.10686762e-04  0.00000000e+00
   0.00000000e+00  0.00000000e+00]
 [ 0.00000000e+00  9.99999747e-01  0.00000000e+00 -7.10686762e-04
   0.00000000e+00  0.00000000e+00]
 [ 7.10686762e-04  0.00000000e+00  9.99999747e-01  0.00000000e+00
   0.00000000e+00  0.00000000e+00]
 [ 0.00000000e+00  7.10686762e-04  0.00000000e+00  9.99999747e-01
   0.00000000e+00  0.00000000e+00]
 [ 0.00000000e+00  0.00000000e+00  0.00000000e+00  0.00000000e+00
   1.00000000e+00  0.00000000e+00]
 [ 0.00000000e+00  0.00000000e+00  0.00000000e+00  0.00000000e+00
   0.00000000e+00  1.00000000e+00]]
Param #6085: delta too small; RMS=3.0051e-06 mm
quads_tilt_fit #0.0007096868214630644
delta_local #[0.00033277]
R1 #[[ 0.99999946  0.          0.00104245  0.          0.          0.        ]
 [ 0.          0.99999946  0.          0.00104245  0.          0.        ]
 [-0.00104245  0.          0.99999946  0.          0.          0.        ]
 [ 0.         -0.00104245  0.          0.99999946  0.          0.        ]
 [ 0.          0.          0.          0.          1.          0.        ]
 [ 0.          0.          0.          0.          0.          1.        ]]
R2 #[[ 0.99999946  0.         -0.00104245  0.          0.          0.        ]
 [ 0.          0.99999946  0.         -0.00104245  0.          0.        ]
 [ 0.00104245  0.          0.99999946  0.          0.          0.        ]
 [ 0.          0.00104245  0.          0.99999946  0.          0.        ]
 [ 0.          0.          0.          0.          1.          0.        ]
 [ 0.          0.          0.          0.          0.          1.        ]]
Param #6085: delta OK; RMS=0.00099997 mm
quads_tilt_fit #-8.875699583189029e-05
delta_local #[1.e-06]
R1 #[[ 9.99999996e-01  0.00000000e+00 -8.77569957e-05  0.00000000e+00
   0.00000000e+00  0.00000000e+00]
 [ 0.00000000e+00  9.99999996e-01  0.00000000e+00 -8.77569957e-05
   0.00000000e+00  0.00000000e+00]
 [ 8.77569957e-05  0.00000000e+00  9.99999996e-01  0.00000000e+00
   0.00000000e+00  0.00000000e+00]
 [ 0.00000000e+00  8.77569957e-05  0.00000000e+00  9.99999996e-01
   0.00000000e+00  0.00000000e+00]
 [ 0.00000000e+00  0.00000000e+00  0.00000000e+00  0.00000000e+00
   1.00000000e+00  0.00000000e+00]
 [ 0.00000000e+00  0.00000000e+00  0.00000000e+00  0.00000000e+00
   0.00000000e+00  1.00000000e+00]]
R2 #[[ 9.99999996e-01  0.00000000e+00  8.77569957e-05  0.00000000e+00
   0.00000000e+00  0.00000000e+00]
 [ 0.00000000e+00  9.99999996e-01  0.00000000e+00  8.77569957e-05
   0.00000000e+00  0.00000000e+00]
 [-8.77569957e-05  0.00000000e+00  9.99999996e-01  0.00000000e+00
   0.00000000e+00  0.00000000e+00]
 [ 0.00000000e+00 -8.77569957e-05  0.00000000e+00  9.99999996e-01
   0.00000000e+00  0.00000000e+00]
 [ 0.00000000e+00  0.00000000e+00  0.00000000e+00  0.00000000e+00
   1.00000000e+00  0.00000000e+00]
 [ 0.00000000e+00  0.00000000e+00  0.00000000e+00  0.00000000e+00
   0.00000000e+00  1.00000000e+00]]
Param #6093: delta too small; RMS=5.4877e-06 mm
quads_tilt_fit #-8.875699583189029e-05
delta_local #[0.00018223]
R1 #[[ 9.99999996e-01  0.00000000e+00  9.34693045e-05  0.00000000e+00
   0.00000000e+00  0.00000000e+00]
 [ 0.00000000e+00  9.99999996e-01  0.00000000e+00  9.34693045e-05
   0.00000000e+00  0.00000000e+00]
 [-9.34693045e-05  0.00000000e+00  9.99999996e-01  0.00000000e+00
   0.00000000e+00  0.00000000e+00]
 [ 0.00000000e+00 -9.34693045e-05  0.00000000e+00  9.99999996e-01
   0.00000000e+00  0.00000000e+00]
 [ 0.00000000e+00  0.00000000e+00  0.00000000e+00  0.00000000e+00
   1.00000000e+00  0.00000000e+00]
 [ 0.00000000e+00  0.00000000e+00  0.00000000e+00  0.00000000e+00
   0.00000000e+00  1.00000000e+00]]
R2 #[[ 9.99999996e-01  0.00000000e+00 -9.34693045e-05  0.00000000e+00
   0.00000000e+00  0.00000000e+00]
 [ 0.00000000e+00  9.99999996e-01  0.00000000e+00 -9.34693045e-05
   0.00000000e+00  0.00000000e+00]
 [ 9.34693045e-05  0.00000000e+00  9.99999996e-01  0.00000000e+00
   0.00000000e+00  0.00000000e+00]
 [ 0.00000000e+00  9.34693045e-05  0.00000000e+00  9.99999996e-01
   0.00000000e+00  0.00000000e+00]
 [ 0.00000000e+00  0.00000000e+00  0.00000000e+00  0.00000000e+00
   1.00000000e+00  0.00000000e+00]
 [ 0.00000000e+00  0.00000000e+00  0.00000000e+00  0.00000000e+00
   0.00000000e+00  1.00000000e+00]]
Param #6093: delta OK; RMS=0.0010001 mm
quads_tilt_fit #-0.003187208558246866
delta_local #[1.e-06]
R1 #[[ 0.99999492  0.         -0.0031862   0.          0.          0.        ]
 [ 0.          0.99999492  0.         -0.0031862   0.          0.        ]
 [ 0.0031862   0.          0.99999492  0.          0.          0.        ]
 [ 0.          0.0031862   0.          0.99999492  0.          0.        ]
 [ 0.          0.          0.          0.          1.          0.        ]
 [ 0.          0.          0.          0.          0.          1.        ]]
R2 #[[ 0.99999492  0.          0.0031862   0.          0.          0.        ]
 [ 0.          0.99999492  0.          0.0031862   0.          0.        ]
 [-0.0031862   0.          0.99999492  0.          0.          0.        ]
 [ 0.         -0.0031862   0.          0.99999492  0.          0.        ]
 [ 0.          0.          0.          0.          1.          0.        ]
 [ 0.          0.          0.          0.          0.          1.        ]]
Param #6099: delta too small; RMS=6.373e-07 mm
quads_tilt_fit #-0.003187208558246866
delta_local #[0.00156912]
R1 #[[ 0.99999869  0.         -0.00161809  0.          0.          0.        ]
 [ 0.          0.99999869  0.         -0.00161809  0.          0.        ]
 [ 0.00161809  0.          0.99999869  0.          0.          0.        ]
 [ 0.          0.00161809  0.          0.99999869  0.          0.        ]
 [ 0.          0.          0.          0.          1.          0.        ]
 [ 0.          0.          0.          0.          0.          1.        ]]
R2 #[[ 0.99999869  0.          0.00161809  0.          0.          0.        ]
 [ 0.          0.99999869  0.          0.00161809  0.          0.        ]
 [-0.00161809  0.          0.99999869  0.          0.          0.        ]
 [ 0.         -0.00161809  0.          0.99999869  0.          0.        ]
 [ 0.          0.          0.          0.          1.          0.        ]
 [ 0.          0.          0.          0.          0.          1.        ]]
Param #6099: delta OK; RMS=0.00099998 mm
quads_tilt_fit #0.001598871615060549
delta_local #[1.e-06]
R1 #[[ 0.99999872  0.          0.00159987  0.          0.          0.        ]
 [ 0.          0.99999872  0.          0.00159987  0.          0.        ]
 [-0.00159987  0.          0.99999872  0.          0.          0.        ]
 [ 0.         -0.00159987  0.          0.99999872  0.          0.        ]
 [ 0.          0.          0.          0.          1.          0.        ]
 [ 0.          0.          0.          0.          0.          1.        ]]
R2 #[[ 0.99999872  0.         -0.00159987  0.          0.          0.        ]
 [ 0.          0.99999872  0.         -0.00159987  0.          0.        ]
 [ 0.00159987  0.          0.99999872  0.          0.          0.        ]
 [ 0.          0.00159987  0.          0.99999872  0.          0.        ]
 [ 0.          0.          0.          0.          1.          0.        ]
 [ 0.          0.          0.          0.          0.          1.        ]]
Param #6113: delta too small; RMS=8.712e-07 mm
quads_tilt_fit #0.001598871615060549
delta_local #[0.00114785]
R1 #[[ 0.99999623  0.          0.00274672  0.          0.          0.        ]
 [ 0.          0.99999623  0.          0.00274672  0.          0.        ]
 [-0.00274672  0.          0.99999623  0.          0.          0.        ]
 [ 0.         -0.00274672  0.          0.99999623  0.          0.        ]
 [ 0.          0.          0.          0.          1.          0.        ]
 [ 0.          0.          0.          0.          0.          1.        ]]
R2 #[[ 0.99999623  0.         -0.00274672  0.          0.          0.        ]
 [ 0.          0.99999623  0.         -0.00274672  0.          0.        ]
 [ 0.00274672  0.          0.99999623  0.          0.          0.        ]
 [ 0.          0.00274672  0.          0.99999623  0.          0.        ]
 [ 0.          0.          0.          0.          1.          0.        ]
 [ 0.          0.          0.          0.          0.          1.        ]]
Param #6113: delta OK; RMS=0.0009998 mm
quads_tilt_fit #-2.0122061765074078e-05
delta_local #[1.e-06]
R1 #[[ 1.00000000e+00  0.00000000e+00 -1.91220618e-05  0.00000000e+00
   0.00000000e+00  0.00000000e+00]
 [ 0.00000000e+00  1.00000000e+00  0.00000000e+00 -1.91220618e-05
   0.00000000e+00  0.00000000e+00]
 [ 1.91220618e-05  0.00000000e+00  1.00000000e+00  0.00000000e+00
   0.00000000e+00  0.00000000e+00]
 [ 0.00000000e+00  1.91220618e-05  0.00000000e+00  1.00000000e+00
   0.00000000e+00  0.00000000e+00]
 [ 0.00000000e+00  0.00000000e+00  0.00000000e+00  0.00000000e+00
   1.00000000e+00  0.00000000e+00]
 [ 0.00000000e+00  0.00000000e+00  0.00000000e+00  0.00000000e+00
   0.00000000e+00  1.00000000e+00]]
R2 #[[ 1.00000000e+00  0.00000000e+00  1.91220618e-05  0.00000000e+00
   0.00000000e+00  0.00000000e+00]
 [ 0.00000000e+00  1.00000000e+00  0.00000000e+00  1.91220618e-05
   0.00000000e+00  0.00000000e+00]
 [-1.91220618e-05  0.00000000e+00  1.00000000e+00  0.00000000e+00
   0.00000000e+00  0.00000000e+00]
 [ 0.00000000e+00 -1.91220618e-05  0.00000000e+00  1.00000000e+00
   0.00000000e+00  0.00000000e+00]
 [ 0.00000000e+00  0.00000000e+00  0.00000000e+00  0.00000000e+00
   1.00000000e+00  0.00000000e+00]
 [ 0.00000000e+00  0.00000000e+00  0.00000000e+00  0.00000000e+00
   0.00000000e+00  1.00000000e+00]]
Param #6119: delta too small; RMS=7.3743e-06 mm
quads_tilt_fit #-2.0122061765074078e-05
delta_local #[0.00013561]
R1 #[[ 9.99999993e-01  0.00000000e+00  1.15483551e-04  0.00000000e+00
   0.00000000e+00  0.00000000e+00]
 [ 0.00000000e+00  9.99999993e-01  0.00000000e+00  1.15483551e-04
   0.00000000e+00  0.00000000e+00]
 [-1.15483551e-04  0.00000000e+00  9.99999993e-01  0.00000000e+00
   0.00000000e+00  0.00000000e+00]
 [ 0.00000000e+00 -1.15483551e-04  0.00000000e+00  9.99999993e-01
   0.00000000e+00  0.00000000e+00]
 [ 0.00000000e+00  0.00000000e+00  0.00000000e+00  0.00000000e+00
   1.00000000e+00  0.00000000e+00]
 [ 0.00000000e+00  0.00000000e+00  0.00000000e+00  0.00000000e+00
   0.00000000e+00  1.00000000e+00]]
R2 #[[ 9.99999993e-01  0.00000000e+00 -1.15483551e-04  0.00000000e+00
   0.00000000e+00  0.00000000e+00]
 [ 0.00000000e+00  9.99999993e-01  0.00000000e+00 -1.15483551e-04
   0.00000000e+00  0.00000000e+00]
 [ 1.15483551e-04  0.00000000e+00  9.99999993e-01  0.00000000e+00
   0.00000000e+00  0.00000000e+00]
 [ 0.00000000e+00  1.15483551e-04  0.00000000e+00  9.99999993e-01
   0.00000000e+00  0.00000000e+00]
 [ 0.00000000e+00  0.00000000e+00  0.00000000e+00  0.00000000e+00
   1.00000000e+00  0.00000000e+00]
 [ 0.00000000e+00  0.00000000e+00  0.00000000e+00  0.00000000e+00
   0.00000000e+00  1.00000000e+00]]
Param #6119: delta OK; RMS=0.0010002 mm
quads_tilt_fit #-0.00019864185050059193
delta_local #[1.e-06]
R1 #[[ 9.99999980e-01  0.00000000e+00 -1.97641849e-04  0.00000000e+00
   0.00000000e+00  0.00000000e+00]
 [ 0.00000000e+00  9.99999980e-01  0.00000000e+00 -1.97641849e-04
   0.00000000e+00  0.00000000e+00]
 [ 1.97641849e-04  0.00000000e+00  9.99999980e-01  0.00000000e+00
   0.00000000e+00  0.00000000e+00]
 [ 0.00000000e+00  1.97641849e-04  0.00000000e+00  9.99999980e-01
   0.00000000e+00  0.00000000e+00]
 [ 0.00000000e+00  0.00000000e+00  0.00000000e+00  0.00000000e+00
   1.00000000e+00  0.00000000e+00]
 [ 0.00000000e+00  0.00000000e+00  0.00000000e+00  0.00000000e+00
   0.00000000e+00  1.00000000e+00]]
R2 #[[ 9.99999980e-01  0.00000000e+00  1.97641849e-04  0.00000000e+00
   0.00000000e+00  0.00000000e+00]
 [ 0.00000000e+00  9.99999980e-01  0.00000000e+00  1.97641849e-04
   0.00000000e+00  0.00000000e+00]
 [-1.97641849e-04  0.00000000e+00  9.99999980e-01  0.00000000e+00
   0.00000000e+00  0.00000000e+00]
 [ 0.00000000e+00 -1.97641849e-04  0.00000000e+00  9.99999980e-01
   0.00000000e+00  0.00000000e+00]
 [ 0.00000000e+00  0.00000000e+00  0.00000000e+00  0.00000000e+00
   1.00000000e+00  0.00000000e+00]
 [ 0.00000000e+00  0.00000000e+00  0.00000000e+00  0.00000000e+00
   0.00000000e+00  1.00000000e+00]]
Param #6127: delta too small; RMS=3.8765e-06 mm
quads_tilt_fit #-0.00019864185050059193
delta_local #[0.00025797]
R1 #[[ 9.99999998e-01  0.00000000e+00  5.93247969e-05  0.00000000e+00
   0.00000000e+00  0.00000000e+00]
 [ 0.00000000e+00  9.99999998e-01  0.00000000e+00  5.93247969e-05
   0.00000000e+00  0.00000000e+00]
 [-5.93247969e-05  0.00000000e+00  9.99999998e-01  0.00000000e+00
   0.00000000e+00  0.00000000e+00]
 [ 0.00000000e+00 -5.93247969e-05  0.00000000e+00  9.99999998e-01
   0.00000000e+00  0.00000000e+00]
 [ 0.00000000e+00  0.00000000e+00  0.00000000e+00  0.00000000e+00
   1.00000000e+00  0.00000000e+00]
 [ 0.00000000e+00  0.00000000e+00  0.00000000e+00  0.00000000e+00
   0.00000000e+00  1.00000000e+00]]
R2 #[[ 9.99999998e-01  0.00000000e+00 -5.93247969e-05  0.00000000e+00
   0.00000000e+00  0.00000000e+00]
 [ 0.00000000e+00  9.99999998e-01  0.00000000e+00 -5.93247969e-05
   0.00000000e+00  0.00000000e+00]
 [ 5.93247969e-05  0.00000000e+00  9.99999998e-01  0.00000000e+00
   0.00000000e+00  0.00000000e+00]
 [ 0.00000000e+00  5.93247969e-05  0.00000000e+00  9.99999998e-01
   0.00000000e+00  0.00000000e+00]
 [ 0.00000000e+00  0.00000000e+00  0.00000000e+00  0.00000000e+00
   1.00000000e+00  0.00000000e+00]
 [ 0.00000000e+00  0.00000000e+00  0.00000000e+00  0.00000000e+00
   0.00000000e+00  1.00000000e+00]]
Param #6127: delta OK; RMS=0.00099977 mm
quads_tilt_fit #-7.679091028663755e-06
delta_local #[1.e-06]
R1 #[[ 1.00000000e+00  0.00000000e+00 -6.67909103e-06  0.00000000e+00
   0.00000000e+00  0.00000000e+00]
 [ 0.00000000e+00  1.00000000e+00  0.00000000e+00 -6.67909103e-06
   0.00000000e+00  0.00000000e+00]
 [ 6.67909103e-06  0.00000000e+00  1.00000000e+00  0.00000000e+00
   0.00000000e+00  0.00000000e+00]
 [ 0.00000000e+00  6.67909103e-06  0.00000000e+00  1.00000000e+00
   0.00000000e+00  0.00000000e+00]
 [ 0.00000000e+00  0.00000000e+00  0.00000000e+00  0.00000000e+00
   1.00000000e+00  0.00000000e+00]
 [ 0.00000000e+00  0.00000000e+00  0.00000000e+00  0.00000000e+00
   0.00000000e+00  1.00000000e+00]]
R2 #[[ 1.00000000e+00  0.00000000e+00  6.67909103e-06  0.00000000e+00
   0.00000000e+00  0.00000000e+00]
 [ 0.00000000e+00  1.00000000e+00  0.00000000e+00  6.67909103e-06
   0.00000000e+00  0.00000000e+00]
 [-6.67909103e-06  0.00000000e+00  1.00000000e+00  0.00000000e+00
   0.00000000e+00  0.00000000e+00]
 [ 0.00000000e+00 -6.67909103e-06  0.00000000e+00  1.00000000e+00
   0.00000000e+00  0.00000000e+00]
 [ 0.00000000e+00  0.00000000e+00  0.00000000e+00  0.00000000e+00
   1.00000000e+00  0.00000000e+00]
 [ 0.00000000e+00  0.00000000e+00  0.00000000e+00  0.00000000e+00
   0.00000000e+00  1.00000000e+00]]
Param #6141: delta too small; RMS=2.688e-06 mm
quads_tilt_fit #-7.679091028663755e-06
delta_local #[0.00037203]
R1 #[[ 9.99999934e-01  0.00000000e+00  3.64347136e-04  0.00000000e+00
   0.00000000e+00  0.00000000e+00]
 [ 0.00000000e+00  9.99999934e-01  0.00000000e+00  3.64347136e-04
   0.00000000e+00  0.00000000e+00]
 [-3.64347136e-04  0.00000000e+00  9.99999934e-01  0.00000000e+00
   0.00000000e+00  0.00000000e+00]
 [ 0.00000000e+00 -3.64347136e-04  0.00000000e+00  9.99999934e-01
   0.00000000e+00  0.00000000e+00]
 [ 0.00000000e+00  0.00000000e+00  0.00000000e+00  0.00000000e+00
   1.00000000e+00  0.00000000e+00]
 [ 0.00000000e+00  0.00000000e+00  0.00000000e+00  0.00000000e+00
   0.00000000e+00  1.00000000e+00]]
R2 #[[ 9.99999934e-01  0.00000000e+00 -3.64347136e-04  0.00000000e+00
   0.00000000e+00  0.00000000e+00]
 [ 0.00000000e+00  9.99999934e-01  0.00000000e+00 -3.64347136e-04
   0.00000000e+00  0.00000000e+00]
 [ 3.64347136e-04  0.00000000e+00  9.99999934e-01  0.00000000e+00
   0.00000000e+00  0.00000000e+00]
 [ 0.00000000e+00  3.64347136e-04  0.00000000e+00  9.99999934e-01
   0.00000000e+00  0.00000000e+00]
 [ 0.00000000e+00  0.00000000e+00  0.00000000e+00  0.00000000e+00
   1.00000000e+00  0.00000000e+00]
 [ 0.00000000e+00  0.00000000e+00  0.00000000e+00  0.00000000e+00
   0.00000000e+00  1.00000000e+00]]
Param #6141: delta OK; RMS=0.001 mm
quads_tilt_fit #-3.9192380185681975e-05
delta_local #[1.e-06]
R1 #[[ 9.99999999e-01  0.00000000e+00 -3.81923802e-05  0.00000000e+00
   0.00000000e+00  0.00000000e+00]
 [ 0.00000000e+00  9.99999999e-01  0.00000000e+00 -3.81923802e-05
   0.00000000e+00  0.00000000e+00]
 [ 3.81923802e-05  0.00000000e+00  9.99999999e-01  0.00000000e+00
   0.00000000e+00  0.00000000e+00]
 [ 0.00000000e+00  3.81923802e-05  0.00000000e+00  9.99999999e-01
   0.00000000e+00  0.00000000e+00]
 [ 0.00000000e+00  0.00000000e+00  0.00000000e+00  0.00000000e+00
   1.00000000e+00  0.00000000e+00]
 [ 0.00000000e+00  0.00000000e+00  0.00000000e+00  0.00000000e+00
   0.00000000e+00  1.00000000e+00]]
R2 #[[ 9.99999999e-01  0.00000000e+00  3.81923802e-05  0.00000000e+00
   0.00000000e+00  0.00000000e+00]
 [ 0.00000000e+00  9.99999999e-01  0.00000000e+00  3.81923802e-05
   0.00000000e+00  0.00000000e+00]
 [-3.81923802e-05  0.00000000e+00  9.99999999e-01  0.00000000e+00
   0.00000000e+00  0.00000000e+00]
 [ 0.00000000e+00 -3.81923802e-05  0.00000000e+00  9.99999999e-01
   0.00000000e+00  0.00000000e+00]
 [ 0.00000000e+00  0.00000000e+00  0.00000000e+00  0.00000000e+00
   1.00000000e+00  0.00000000e+00]
 [ 0.00000000e+00  0.00000000e+00  0.00000000e+00  0.00000000e+00
   0.00000000e+00  1.00000000e+00]]
Param #6147: delta too small; RMS=4.6032e-06 mm
quads_tilt_fit #-3.9192380185681975e-05
delta_local #[0.00021724]
R1 #[[ 9.99999984e-01  0.00000000e+00  1.78046026e-04  0.00000000e+00
   0.00000000e+00  0.00000000e+00]
 [ 0.00000000e+00  9.99999984e-01  0.00000000e+00  1.78046026e-04
   0.00000000e+00  0.00000000e+00]
 [-1.78046026e-04  0.00000000e+00  9.99999984e-01  0.00000000e+00
   0.00000000e+00  0.00000000e+00]
 [ 0.00000000e+00 -1.78046026e-04  0.00000000e+00  9.99999984e-01
   0.00000000e+00  0.00000000e+00]
 [ 0.00000000e+00  0.00000000e+00  0.00000000e+00  0.00000000e+00
   1.00000000e+00  0.00000000e+00]
 [ 0.00000000e+00  0.00000000e+00  0.00000000e+00  0.00000000e+00
   0.00000000e+00  1.00000000e+00]]
R2 #[[ 9.99999984e-01  0.00000000e+00 -1.78046026e-04  0.00000000e+00
   0.00000000e+00  0.00000000e+00]
 [ 0.00000000e+00  9.99999984e-01  0.00000000e+00 -1.78046026e-04
   0.00000000e+00  0.00000000e+00]
 [ 1.78046026e-04  0.00000000e+00  9.99999984e-01  0.00000000e+00
   0.00000000e+00  0.00000000e+00]
 [ 0.00000000e+00  1.78046026e-04  0.00000000e+00  9.99999984e-01
   0.00000000e+00  0.00000000e+00]
 [ 0.00000000e+00  0.00000000e+00  0.00000000e+00  0.00000000e+00
   1.00000000e+00  0.00000000e+00]
 [ 0.00000000e+00  0.00000000e+00  0.00000000e+00  0.00000000e+00
   0.00000000e+00  1.00000000e+00]]
Param #6147: delta OK; RMS=0.00099994 mm
quads_tilt_fit #6.120137370969405e-05
delta_local #[1.e-06]
R1 #[[ 9.99999998e-01  0.00000000e+00  6.22013737e-05  0.00000000e+00
   0.00000000e+00  0.00000000e+00]
 [ 0.00000000e+00  9.99999998e-01  0.00000000e+00  6.22013737e-05
   0.00000000e+00  0.00000000e+00]
 [-6.22013737e-05  0.00000000e+00  9.99999998e-01  0.00000000e+00
   0.00000000e+00  0.00000000e+00]
 [ 0.00000000e+00 -6.22013737e-05  0.00000000e+00  9.99999998e-01
   0.00000000e+00  0.00000000e+00]
 [ 0.00000000e+00  0.00000000e+00  0.00000000e+00  0.00000000e+00
   1.00000000e+00  0.00000000e+00]
 [ 0.00000000e+00  0.00000000e+00  0.00000000e+00  0.00000000e+00
   0.00000000e+00  1.00000000e+00]]
R2 #[[ 9.99999998e-01  0.00000000e+00 -6.22013737e-05  0.00000000e+00
   0.00000000e+00  0.00000000e+00]
 [ 0.00000000e+00  9.99999998e-01  0.00000000e+00 -6.22013737e-05
   0.00000000e+00  0.00000000e+00]
 [ 6.22013737e-05  0.00000000e+00  9.99999998e-01  0.00000000e+00
   0.00000000e+00  0.00000000e+00]
 [ 0.00000000e+00  6.22013737e-05  0.00000000e+00  9.99999998e-01
   0.00000000e+00  0.00000000e+00]
 [ 0.00000000e+00  0.00000000e+00  0.00000000e+00  0.00000000e+00
   1.00000000e+00  0.00000000e+00]
 [ 0.00000000e+00  0.00000000e+00  0.00000000e+00  0.00000000e+00
   0.00000000e+00  1.00000000e+00]]
Param #6151: delta too small; RMS=4.13e-06 mm
quads_tilt_fit #6.120137370969405e-05
delta_local #[0.00024213]
R1 #[[ 9.99999954e-01  0.00000000e+00  3.03332829e-04  0.00000000e+00
   0.00000000e+00  0.00000000e+00]
 [ 0.00000000e+00  9.99999954e-01  0.00000000e+00  3.03332829e-04
   0.00000000e+00  0.00000000e+00]
 [-3.03332829e-04  0.00000000e+00  9.99999954e-01  0.00000000e+00
   0.00000000e+00  0.00000000e+00]
 [ 0.00000000e+00 -3.03332829e-04  0.00000000e+00  9.99999954e-01
   0.00000000e+00  0.00000000e+00]
 [ 0.00000000e+00  0.00000000e+00  0.00000000e+00  0.00000000e+00
   1.00000000e+00  0.00000000e+00]
 [ 0.00000000e+00  0.00000000e+00  0.00000000e+00  0.00000000e+00
   0.00000000e+00  1.00000000e+00]]
R2 #[[ 9.99999954e-01  0.00000000e+00 -3.03332829e-04  0.00000000e+00
   0.00000000e+00  0.00000000e+00]
 [ 0.00000000e+00  9.99999954e-01  0.00000000e+00 -3.03332829e-04
   0.00000000e+00  0.00000000e+00]
 [ 3.03332829e-04  0.00000000e+00  9.99999954e-01  0.00000000e+00
   0.00000000e+00  0.00000000e+00]
 [ 0.00000000e+00  3.03332829e-04  0.00000000e+00  9.99999954e-01
   0.00000000e+00  0.00000000e+00]
 [ 0.00000000e+00  0.00000000e+00  0.00000000e+00  0.00000000e+00
   1.00000000e+00  0.00000000e+00]
 [ 0.00000000e+00  0.00000000e+00  0.00000000e+00  0.00000000e+00
   0.00000000e+00  1.00000000e+00]]
Param #6151: delta OK; RMS=0.00099994 mm
quads_tilt_fit #-0.00034765969235677483
delta_local #[1.e-06]
R1 #[[ 9.99999940e-01  0.00000000e+00 -3.46659685e-04  0.00000000e+00
   0.00000000e+00  0.00000000e+00]
 [ 0.00000000e+00  9.99999940e-01  0.00000000e+00 -3.46659685e-04
   0.00000000e+00  0.00000000e+00]
 [ 3.46659685e-04  0.00000000e+00  9.99999940e-01  0.00000000e+00
   0.00000000e+00  0.00000000e+00]
 [ 0.00000000e+00  3.46659685e-04  0.00000000e+00  9.99999940e-01
   0.00000000e+00  0.00000000e+00]
 [ 0.00000000e+00  0.00000000e+00  0.00000000e+00  0.00000000e+00
   1.00000000e+00  0.00000000e+00]
 [ 0.00000000e+00  0.00000000e+00  0.00000000e+00  0.00000000e+00
   0.00000000e+00  1.00000000e+00]]
R2 #[[ 9.99999940e-01  0.00000000e+00  3.46659685e-04  0.00000000e+00
   0.00000000e+00  0.00000000e+00]
 [ 0.00000000e+00  9.99999940e-01  0.00000000e+00  3.46659685e-04
   0.00000000e+00  0.00000000e+00]
 [-3.46659685e-04  0.00000000e+00  9.99999940e-01  0.00000000e+00
   0.00000000e+00  0.00000000e+00]
 [ 0.00000000e+00 -3.46659685e-04  0.00000000e+00  9.99999940e-01
   0.00000000e+00  0.00000000e+00]
 [ 0.00000000e+00  0.00000000e+00  0.00000000e+00  0.00000000e+00
   1.00000000e+00  0.00000000e+00]
 [ 0.00000000e+00  0.00000000e+00  0.00000000e+00  0.00000000e+00
   0.00000000e+00  1.00000000e+00]]
Param #6157: delta too small; RMS=2.3915e-06 mm
quads_tilt_fit #-0.00034765969235677483
delta_local #[0.00041814]
R1 #[[ 9.99999998e-01  0.00000000e+00  7.04817837e-05  0.00000000e+00
   0.00000000e+00  0.00000000e+00]
 [ 0.00000000e+00  9.99999998e-01  0.00000000e+00  7.04817837e-05
   0.00000000e+00  0.00000000e+00]
 [-7.04817837e-05  0.00000000e+00  9.99999998e-01  0.00000000e+00
   0.00000000e+00  0.00000000e+00]
 [ 0.00000000e+00 -7.04817837e-05  0.00000000e+00  9.99999998e-01
   0.00000000e+00  0.00000000e+00]
 [ 0.00000000e+00  0.00000000e+00  0.00000000e+00  0.00000000e+00
   1.00000000e+00  0.00000000e+00]
 [ 0.00000000e+00  0.00000000e+00  0.00000000e+00  0.00000000e+00
   0.00000000e+00  1.00000000e+00]]
R2 #[[ 9.99999998e-01  0.00000000e+00 -7.04817837e-05  0.00000000e+00
   0.00000000e+00  0.00000000e+00]
 [ 0.00000000e+00  9.99999998e-01  0.00000000e+00 -7.04817837e-05
   0.00000000e+00  0.00000000e+00]
 [ 7.04817837e-05  0.00000000e+00  9.99999998e-01  0.00000000e+00
   0.00000000e+00  0.00000000e+00]
 [ 0.00000000e+00  7.04817837e-05  0.00000000e+00  9.99999998e-01
   0.00000000e+00  0.00000000e+00]
 [ 0.00000000e+00  0.00000000e+00  0.00000000e+00  0.00000000e+00
   1.00000000e+00  0.00000000e+00]
 [ 0.00000000e+00  0.00000000e+00  0.00000000e+00  0.00000000e+00
   0.00000000e+00  1.00000000e+00]]
Param #6157: delta OK; RMS=0.0010001 mm
quads_tilt_fit #-7.757060620908117e-05
delta_local #[1.e-06]
R1 #[[ 9.99999997e-01  0.00000000e+00 -7.65706061e-05  0.00000000e+00
   0.00000000e+00  0.00000000e+00]
 [ 0.00000000e+00  9.99999997e-01  0.00000000e+00 -7.65706061e-05
   0.00000000e+00  0.00000000e+00]
 [ 7.65706061e-05  0.00000000e+00  9.99999997e-01  0.00000000e+00
   0.00000000e+00  0.00000000e+00]
 [ 0.00000000e+00  7.65706061e-05  0.00000000e+00  9.99999997e-01
   0.00000000e+00  0.00000000e+00]
 [ 0.00000000e+00  0.00000000e+00  0.00000000e+00  0.00000000e+00
   1.00000000e+00  0.00000000e+00]
 [ 0.00000000e+00  0.00000000e+00  0.00000000e+00  0.00000000e+00
   0.00000000e+00  1.00000000e+00]]
R2 #[[ 9.99999997e-01  0.00000000e+00  7.65706061e-05  0.00000000e+00
   0.00000000e+00  0.00000000e+00]
 [ 0.00000000e+00  9.99999997e-01  0.00000000e+00  7.65706061e-05
   0.00000000e+00  0.00000000e+00]
 [-7.65706061e-05  0.00000000e+00  9.99999997e-01  0.00000000e+00
   0.00000000e+00  0.00000000e+00]
 [ 0.00000000e+00 -7.65706061e-05  0.00000000e+00  9.99999997e-01
   0.00000000e+00  0.00000000e+00]
 [ 0.00000000e+00  0.00000000e+00  0.00000000e+00  0.00000000e+00
   1.00000000e+00  0.00000000e+00]
 [ 0.00000000e+00  0.00000000e+00  0.00000000e+00  0.00000000e+00
   0.00000000e+00  1.00000000e+00]]
Param #6171: delta too small; RMS=2.3432e-06 mm
quads_tilt_fit #-7.757060620908117e-05
delta_local #[0.00042678]
R1 #[[ 9.99999939e-01  0.00000000e+00  3.49204560e-04  0.00000000e+00
   0.00000000e+00  0.00000000e+00]
 [ 0.00000000e+00  9.99999939e-01  0.00000000e+00  3.49204560e-04
   0.00000000e+00  0.00000000e+00]
 [-3.49204560e-04  0.00000000e+00  9.99999939e-01  0.00000000e+00
   0.00000000e+00  0.00000000e+00]
 [ 0.00000000e+00 -3.49204560e-04  0.00000000e+00  9.99999939e-01
   0.00000000e+00  0.00000000e+00]
 [ 0.00000000e+00  0.00000000e+00  0.00000000e+00  0.00000000e+00
   1.00000000e+00  0.00000000e+00]
 [ 0.00000000e+00  0.00000000e+00  0.00000000e+00  0.00000000e+00
   0.00000000e+00  1.00000000e+00]]
R2 #[[ 9.99999939e-01  0.00000000e+00 -3.49204560e-04  0.00000000e+00
   0.00000000e+00  0.00000000e+00]
 [ 0.00000000e+00  9.99999939e-01  0.00000000e+00 -3.49204560e-04
   0.00000000e+00  0.00000000e+00]
 [ 3.49204560e-04  0.00000000e+00  9.99999939e-01  0.00000000e+00
   0.00000000e+00  0.00000000e+00]
 [ 0.00000000e+00  3.49204560e-04  0.00000000e+00  9.99999939e-01
   0.00000000e+00  0.00000000e+00]
 [ 0.00000000e+00  0.00000000e+00  0.00000000e+00  0.00000000e+00
   1.00000000e+00  0.00000000e+00]
 [ 0.00000000e+00  0.00000000e+00  0.00000000e+00  0.00000000e+00
   0.00000000e+00  1.00000000e+00]]
Param #6171: delta OK; RMS=0.0010002 mm
quads_tilt_fit #0.00014598836655295953
delta_local #[1.e-06]
R1 #[[ 9.99999989e-01  0.00000000e+00  1.46988366e-04  0.00000000e+00
   0.00000000e+00  0.00000000e+00]
 [ 0.00000000e+00  9.99999989e-01  0.00000000e+00  1.46988366e-04
   0.00000000e+00  0.00000000e+00]
 [-1.46988366e-04  0.00000000e+00  9.99999989e-01  0.00000000e+00
   0.00000000e+00  0.00000000e+00]
 [ 0.00000000e+00 -1.46988366e-04  0.00000000e+00  9.99999989e-01
   0.00000000e+00  0.00000000e+00]
 [ 0.00000000e+00  0.00000000e+00  0.00000000e+00  0.00000000e+00
   1.00000000e+00  0.00000000e+00]
 [ 0.00000000e+00  0.00000000e+00  0.00000000e+00  0.00000000e+00
   0.00000000e+00  1.00000000e+00]]
R2 #[[ 9.99999989e-01  0.00000000e+00 -1.46988366e-04  0.00000000e+00
   0.00000000e+00  0.00000000e+00]
 [ 0.00000000e+00  9.99999989e-01  0.00000000e+00 -1.46988366e-04
   0.00000000e+00  0.00000000e+00]
 [ 1.46988366e-04  0.00000000e+00  9.99999989e-01  0.00000000e+00
   0.00000000e+00  0.00000000e+00]
 [ 0.00000000e+00  1.46988366e-04  0.00000000e+00  9.99999989e-01
   0.00000000e+00  0.00000000e+00]
 [ 0.00000000e+00  0.00000000e+00  0.00000000e+00  0.00000000e+00
   1.00000000e+00  0.00000000e+00]
 [ 0.00000000e+00  0.00000000e+00  0.00000000e+00  0.00000000e+00
   0.00000000e+00  1.00000000e+00]]
Param #6179: delta too small; RMS=2.2018e-06 mm
quads_tilt_fit #0.00014598836655295953
delta_local #[0.00045417]
R1 #[[ 9.99999820e-01  0.00000000e+00  6.00158784e-04  0.00000000e+00
   0.00000000e+00  0.00000000e+00]
 [ 0.00000000e+00  9.99999820e-01  0.00000000e+00  6.00158784e-04
   0.00000000e+00  0.00000000e+00]
 [-6.00158784e-04  0.00000000e+00  9.99999820e-01  0.00000000e+00
   0.00000000e+00  0.00000000e+00]
 [ 0.00000000e+00 -6.00158784e-04  0.00000000e+00  9.99999820e-01
   0.00000000e+00  0.00000000e+00]
 [ 0.00000000e+00  0.00000000e+00  0.00000000e+00  0.00000000e+00
   1.00000000e+00  0.00000000e+00]
 [ 0.00000000e+00  0.00000000e+00  0.00000000e+00  0.00000000e+00
   0.00000000e+00  1.00000000e+00]]
R2 #[[ 9.99999820e-01  0.00000000e+00 -6.00158784e-04  0.00000000e+00
   0.00000000e+00  0.00000000e+00]
 [ 0.00000000e+00  9.99999820e-01  0.00000000e+00 -6.00158784e-04
   0.00000000e+00  0.00000000e+00]
 [ 6.00158784e-04  0.00000000e+00  9.99999820e-01  0.00000000e+00
   0.00000000e+00  0.00000000e+00]
 [ 0.00000000e+00  6.00158784e-04  0.00000000e+00  9.99999820e-01
   0.00000000e+00  0.00000000e+00]
 [ 0.00000000e+00  0.00000000e+00  0.00000000e+00  0.00000000e+00
   1.00000000e+00  0.00000000e+00]
 [ 0.00000000e+00  0.00000000e+00  0.00000000e+00  0.00000000e+00
   0.00000000e+00  1.00000000e+00]]
Param #6179: delta OK; RMS=0.00099986 mm
quads_tilt_fit #0.000649143842492452
delta_local #[1.e-06]
R1 #[[ 9.99999789e-01  0.00000000e+00  6.50143797e-04  0.00000000e+00
   0.00000000e+00  0.00000000e+00]
 [ 0.00000000e+00  9.99999789e-01  0.00000000e+00  6.50143797e-04
   0.00000000e+00  0.00000000e+00]
 [-6.50143797e-04  0.00000000e+00  9.99999789e-01  0.00000000e+00
   0.00000000e+00  0.00000000e+00]
 [ 0.00000000e+00 -6.50143797e-04  0.00000000e+00  9.99999789e-01
   0.00000000e+00  0.00000000e+00]
 [ 0.00000000e+00  0.00000000e+00  0.00000000e+00  0.00000000e+00
   1.00000000e+00  0.00000000e+00]
 [ 0.00000000e+00  0.00000000e+00  0.00000000e+00  0.00000000e+00
   0.00000000e+00  1.00000000e+00]]
R2 #[[ 9.99999789e-01  0.00000000e+00 -6.50143797e-04  0.00000000e+00
   0.00000000e+00  0.00000000e+00]
 [ 0.00000000e+00  9.99999789e-01  0.00000000e+00 -6.50143797e-04
   0.00000000e+00  0.00000000e+00]
 [ 6.50143797e-04  0.00000000e+00  9.99999789e-01  0.00000000e+00
   0.00000000e+00  0.00000000e+00]
 [ 0.00000000e+00  6.50143797e-04  0.00000000e+00  9.99999789e-01
   0.00000000e+00  0.00000000e+00]
 [ 0.00000000e+00  0.00000000e+00  0.00000000e+00  0.00000000e+00
   1.00000000e+00  0.00000000e+00]
 [ 0.00000000e+00  0.00000000e+00  0.00000000e+00  0.00000000e+00
   0.00000000e+00  1.00000000e+00]]
Param #6185: delta too small; RMS=1.0416e-06 mm
quads_tilt_fit #0.000649143842492452
delta_local #[0.00096002]
R1 #[[ 0.99999871  0.          0.00160917  0.          0.          0.        ]
 [ 0.          0.99999871  0.          0.00160917  0.          0.        ]
 [-0.00160917  0.          0.99999871  0.          0.          0.        ]
 [ 0.         -0.00160917  0.          0.99999871  0.          0.        ]
 [ 0.          0.          0.          0.          1.          0.        ]
 [ 0.          0.          0.          0.          0.          1.        ]]
R2 #[[ 0.99999871  0.         -0.00160917  0.          0.          0.        ]
 [ 0.          0.99999871  0.         -0.00160917  0.          0.        ]
 [ 0.00160917  0.          0.99999871  0.          0.          0.        ]
 [ 0.          0.00160917  0.          0.99999871  0.          0.        ]
 [ 0.          0.          0.          0.          1.          0.        ]
 [ 0.          0.          0.          0.          0.          1.        ]]
Param #6185: delta OK; RMS=0.00099981 mm
quads_tilt_fit #-0.0011652484123045692
delta_local #[1.e-06]
R1 #[[ 0.99999932  0.         -0.00116425  0.          0.          0.        ]
 [ 0.          0.99999932  0.         -0.00116425  0.          0.        ]
 [ 0.00116425  0.          0.99999932  0.          0.          0.        ]
 [ 0.          0.00116425  0.          0.99999932  0.          0.        ]
 [ 0.          0.          0.          0.          1.          0.        ]
 [ 0.          0.          0.          0.          0.          1.        ]]
R2 #[[ 0.99999932  0.          0.00116425  0.          0.          0.        ]
 [ 0.          0.99999932  0.          0.00116425  0.          0.        ]
 [-0.00116425  0.          0.99999932  0.          0.          0.        ]
 [ 0.         -0.00116425  0.          0.99999932  0.          0.        ]
 [ 0.          0.          0.          0.          1.          0.        ]
 [ 0.          0.          0.          0.          0.          1.        ]]
Param #6213: delta too small; RMS=1.3723e-06 mm
quads_tilt_fit #-0.0011652484123045692
delta_local #[0.00072871]
R1 #[[ 9.99999905e-01  0.00000000e+00 -4.36538041e-04  0.00000000e+00
   0.00000000e+00  0.00000000e+00]
 [ 0.00000000e+00  9.99999905e-01  0.00000000e+00 -4.36538041e-04
   0.00000000e+00  0.00000000e+00]
 [ 4.36538041e-04  0.00000000e+00  9.99999905e-01  0.00000000e+00
   0.00000000e+00  0.00000000e+00]
 [ 0.00000000e+00  4.36538041e-04  0.00000000e+00  9.99999905e-01
   0.00000000e+00  0.00000000e+00]
 [ 0.00000000e+00  0.00000000e+00  0.00000000e+00  0.00000000e+00
   1.00000000e+00  0.00000000e+00]
 [ 0.00000000e+00  0.00000000e+00  0.00000000e+00  0.00000000e+00
   0.00000000e+00  1.00000000e+00]]
R2 #[[ 9.99999905e-01  0.00000000e+00  4.36538041e-04  0.00000000e+00
   0.00000000e+00  0.00000000e+00]
 [ 0.00000000e+00  9.99999905e-01  0.00000000e+00  4.36538041e-04
   0.00000000e+00  0.00000000e+00]
 [-4.36538041e-04  0.00000000e+00  9.99999905e-01  0.00000000e+00
   0.00000000e+00  0.00000000e+00]
 [ 0.00000000e+00 -4.36538041e-04  0.00000000e+00  9.99999905e-01
   0.00000000e+00  0.00000000e+00]
 [ 0.00000000e+00  0.00000000e+00  0.00000000e+00  0.00000000e+00
   1.00000000e+00  0.00000000e+00]
 [ 0.00000000e+00  0.00000000e+00  0.00000000e+00  0.00000000e+00
   0.00000000e+00  1.00000000e+00]]
Param #6213: delta OK; RMS=0.00099976 mm
quads_tilt_fit #-0.0004041601787074512
delta_local #[1.e-06]
R1 #[[ 9.99999919e-01  0.00000000e+00 -4.03160168e-04  0.00000000e+00
   0.00000000e+00  0.00000000e+00]
 [ 0.00000000e+00  9.99999919e-01  0.00000000e+00 -4.03160168e-04
   0.00000000e+00  0.00000000e+00]
 [ 4.03160168e-04  0.00000000e+00  9.99999919e-01  0.00000000e+00
   0.00000000e+00  0.00000000e+00]
 [ 0.00000000e+00  4.03160168e-04  0.00000000e+00  9.99999919e-01
   0.00000000e+00  0.00000000e+00]
 [ 0.00000000e+00  0.00000000e+00  0.00000000e+00  0.00000000e+00
   1.00000000e+00  0.00000000e+00]
 [ 0.00000000e+00  0.00000000e+00  0.00000000e+00  0.00000000e+00
   0.00000000e+00  1.00000000e+00]]
R2 #[[ 9.99999919e-01  0.00000000e+00  4.03160168e-04  0.00000000e+00
   0.00000000e+00  0.00000000e+00]
 [ 0.00000000e+00  9.99999919e-01  0.00000000e+00  4.03160168e-04
   0.00000000e+00  0.00000000e+00]
 [-4.03160168e-04  0.00000000e+00  9.99999919e-01  0.00000000e+00
   0.00000000e+00  0.00000000e+00]
 [ 0.00000000e+00 -4.03160168e-04  0.00000000e+00  9.99999919e-01
   0.00000000e+00  0.00000000e+00]
 [ 0.00000000e+00  0.00000000e+00  0.00000000e+00  0.00000000e+00
   1.00000000e+00  0.00000000e+00]
 [ 0.00000000e+00  0.00000000e+00  0.00000000e+00  0.00000000e+00
   0.00000000e+00  1.00000000e+00]]
Param #6219: delta too small; RMS=2.9594e-06 mm
quads_tilt_fit #-0.0004041601787074512
delta_local #[0.00033791]
R1 #[[ 9.99999998e-01  0.00000000e+00 -6.62526881e-05  0.00000000e+00
   0.00000000e+00  0.00000000e+00]
 [ 0.00000000e+00  9.99999998e-01  0.00000000e+00 -6.62526881e-05
   0.00000000e+00  0.00000000e+00]
 [ 6.62526881e-05  0.00000000e+00  9.99999998e-01  0.00000000e+00
   0.00000000e+00  0.00000000e+00]
 [ 0.00000000e+00  6.62526881e-05  0.00000000e+00  9.99999998e-01
   0.00000000e+00  0.00000000e+00]
 [ 0.00000000e+00  0.00000000e+00  0.00000000e+00  0.00000000e+00
   1.00000000e+00  0.00000000e+00]
 [ 0.00000000e+00  0.00000000e+00  0.00000000e+00  0.00000000e+00
   0.00000000e+00  1.00000000e+00]]
R2 #[[ 9.99999998e-01  0.00000000e+00  6.62526881e-05  0.00000000e+00
   0.00000000e+00  0.00000000e+00]
 [ 0.00000000e+00  9.99999998e-01  0.00000000e+00  6.62526881e-05
   0.00000000e+00  0.00000000e+00]
 [-6.62526881e-05  0.00000000e+00  9.99999998e-01  0.00000000e+00
   0.00000000e+00  0.00000000e+00]
 [ 0.00000000e+00 -6.62526881e-05  0.00000000e+00  9.99999998e-01
   0.00000000e+00  0.00000000e+00]
 [ 0.00000000e+00  0.00000000e+00  0.00000000e+00  0.00000000e+00
   1.00000000e+00  0.00000000e+00]
 [ 0.00000000e+00  0.00000000e+00  0.00000000e+00  0.00000000e+00
   0.00000000e+00  1.00000000e+00]]
Param #6219: delta OK; RMS=0.00099983 mm
quads_tilt_fit #0.00025731375091485895
delta_local #[1.e-06]
R1 #[[ 9.99999967e-01  0.00000000e+00  2.58313748e-04  0.00000000e+00
   0.00000000e+00  0.00000000e+00]
 [ 0.00000000e+00  9.99999967e-01  0.00000000e+00  2.58313748e-04
   0.00000000e+00  0.00000000e+00]
 [-2.58313748e-04  0.00000000e+00  9.99999967e-01  0.00000000e+00
   0.00000000e+00  0.00000000e+00]
 [ 0.00000000e+00 -2.58313748e-04  0.00000000e+00  9.99999967e-01
   0.00000000e+00  0.00000000e+00]
 [ 0.00000000e+00  0.00000000e+00  0.00000000e+00  0.00000000e+00
   1.00000000e+00  0.00000000e+00]
 [ 0.00000000e+00  0.00000000e+00  0.00000000e+00  0.00000000e+00
   0.00000000e+00  1.00000000e+00]]
R2 #[[ 9.99999967e-01  0.00000000e+00 -2.58313748e-04  0.00000000e+00
   0.00000000e+00  0.00000000e+00]
 [ 0.00000000e+00  9.99999967e-01  0.00000000e+00 -2.58313748e-04
   0.00000000e+00  0.00000000e+00]
 [ 2.58313748e-04  0.00000000e+00  9.99999967e-01  0.00000000e+00
   0.00000000e+00  0.00000000e+00]
 [ 0.00000000e+00  2.58313748e-04  0.00000000e+00  9.99999967e-01
   0.00000000e+00  0.00000000e+00]
 [ 0.00000000e+00  0.00000000e+00  0.00000000e+00  0.00000000e+00
   1.00000000e+00  0.00000000e+00]
 [ 0.00000000e+00  0.00000000e+00  0.00000000e+00  0.00000000e+00
   0.00000000e+00  1.00000000e+00]]
Param #6227: delta too small; RMS=3.3225e-06 mm
quads_tilt_fit #0.00025731375091485895
delta_local #[0.00030098]
R1 #[[ 9.99999844e-01  0.00000000e+00  5.58293440e-04  0.00000000e+00
   0.00000000e+00  0.00000000e+00]
 [ 0.00000000e+00  9.99999844e-01  0.00000000e+00  5.58293440e-04
   0.00000000e+00  0.00000000e+00]
 [-5.58293440e-04  0.00000000e+00  9.99999844e-01  0.00000000e+00
   0.00000000e+00  0.00000000e+00]
 [ 0.00000000e+00 -5.58293440e-04  0.00000000e+00  9.99999844e-01
   0.00000000e+00  0.00000000e+00]
 [ 0.00000000e+00  0.00000000e+00  0.00000000e+00  0.00000000e+00
   1.00000000e+00  0.00000000e+00]
 [ 0.00000000e+00  0.00000000e+00  0.00000000e+00  0.00000000e+00
   0.00000000e+00  1.00000000e+00]]
R2 #[[ 9.99999844e-01  0.00000000e+00 -5.58293440e-04  0.00000000e+00
   0.00000000e+00  0.00000000e+00]
 [ 0.00000000e+00  9.99999844e-01  0.00000000e+00 -5.58293440e-04
   0.00000000e+00  0.00000000e+00]
 [ 5.58293440e-04  0.00000000e+00  9.99999844e-01  0.00000000e+00
   0.00000000e+00  0.00000000e+00]
 [ 0.00000000e+00  5.58293440e-04  0.00000000e+00  9.99999844e-01
   0.00000000e+00  0.00000000e+00]
 [ 0.00000000e+00  0.00000000e+00  0.00000000e+00  0.00000000e+00
   1.00000000e+00  0.00000000e+00]
 [ 0.00000000e+00  0.00000000e+00  0.00000000e+00  0.00000000e+00
   0.00000000e+00  1.00000000e+00]]
Param #6227: delta OK; RMS=0.0010002 mm
quads_tilt_fit #-1.1510978354508224e-05
delta_local #[1.e-06]
R1 #[[ 1.00000000e+00  0.00000000e+00 -1.05109784e-05  0.00000000e+00
   0.00000000e+00  0.00000000e+00]
 [ 0.00000000e+00  1.00000000e+00  0.00000000e+00 -1.05109784e-05
   0.00000000e+00  0.00000000e+00]
 [ 1.05109784e-05  0.00000000e+00  1.00000000e+00  0.00000000e+00
   0.00000000e+00  0.00000000e+00]
 [ 0.00000000e+00  1.05109784e-05  0.00000000e+00  1.00000000e+00
   0.00000000e+00  0.00000000e+00]
 [ 0.00000000e+00  0.00000000e+00  0.00000000e+00  0.00000000e+00
   1.00000000e+00  0.00000000e+00]
 [ 0.00000000e+00  0.00000000e+00  0.00000000e+00  0.00000000e+00
   0.00000000e+00  1.00000000e+00]]
R2 #[[ 1.00000000e+00  0.00000000e+00  1.05109784e-05  0.00000000e+00
   0.00000000e+00  0.00000000e+00]
 [ 0.00000000e+00  1.00000000e+00  0.00000000e+00  1.05109784e-05
   0.00000000e+00  0.00000000e+00]
 [-1.05109784e-05  0.00000000e+00  1.00000000e+00  0.00000000e+00
   0.00000000e+00  0.00000000e+00]
 [ 0.00000000e+00 -1.05109784e-05  0.00000000e+00  1.00000000e+00
   0.00000000e+00  0.00000000e+00]
 [ 0.00000000e+00  0.00000000e+00  0.00000000e+00  0.00000000e+00
   1.00000000e+00  0.00000000e+00]
 [ 0.00000000e+00  0.00000000e+00  0.00000000e+00  0.00000000e+00
   0.00000000e+00  1.00000000e+00]]
Param #6241: delta too small; RMS=2.3434e-06 mm
quads_tilt_fit #-1.1510978354508224e-05
delta_local #[0.00042674]
R1 #[[ 9.99999914e-01  0.00000000e+00  4.15228227e-04  0.00000000e+00
   0.00000000e+00  0.00000000e+00]
 [ 0.00000000e+00  9.99999914e-01  0.00000000e+00  4.15228227e-04
   0.00000000e+00  0.00000000e+00]
 [-4.15228227e-04  0.00000000e+00  9.99999914e-01  0.00000000e+00
   0.00000000e+00  0.00000000e+00]
 [ 0.00000000e+00 -4.15228227e-04  0.00000000e+00  9.99999914e-01
   0.00000000e+00  0.00000000e+00]
 [ 0.00000000e+00  0.00000000e+00  0.00000000e+00  0.00000000e+00
   1.00000000e+00  0.00000000e+00]
 [ 0.00000000e+00  0.00000000e+00  0.00000000e+00  0.00000000e+00
   0.00000000e+00  1.00000000e+00]]
R2 #[[ 9.99999914e-01  0.00000000e+00 -4.15228227e-04  0.00000000e+00
   0.00000000e+00  0.00000000e+00]
 [ 0.00000000e+00  9.99999914e-01  0.00000000e+00 -4.15228227e-04
   0.00000000e+00  0.00000000e+00]
 [ 4.15228227e-04  0.00000000e+00  9.99999914e-01  0.00000000e+00
   0.00000000e+00  0.00000000e+00]
 [ 0.00000000e+00  4.15228227e-04  0.00000000e+00  9.99999914e-01
   0.00000000e+00  0.00000000e+00]
 [ 0.00000000e+00  0.00000000e+00  0.00000000e+00  0.00000000e+00
   1.00000000e+00  0.00000000e+00]
 [ 0.00000000e+00  0.00000000e+00  0.00000000e+00  0.00000000e+00
   0.00000000e+00  1.00000000e+00]]
Param #6241: delta OK; RMS=0.0010004 mm
quads_tilt_fit #3.1658043433631557e-05
delta_local #[1.e-06]
R1 #[[ 9.99999999e-01  0.00000000e+00  3.26580434e-05  0.00000000e+00
   0.00000000e+00  0.00000000e+00]
 [ 0.00000000e+00  9.99999999e-01  0.00000000e+00  3.26580434e-05
   0.00000000e+00  0.00000000e+00]
 [-3.26580434e-05  0.00000000e+00  9.99999999e-01  0.00000000e+00
   0.00000000e+00  0.00000000e+00]
 [ 0.00000000e+00 -3.26580434e-05  0.00000000e+00  9.99999999e-01
   0.00000000e+00  0.00000000e+00]
 [ 0.00000000e+00  0.00000000e+00  0.00000000e+00  0.00000000e+00
   1.00000000e+00  0.00000000e+00]
 [ 0.00000000e+00  0.00000000e+00  0.00000000e+00  0.00000000e+00
   0.00000000e+00  1.00000000e+00]]
R2 #[[ 9.99999999e-01  0.00000000e+00 -3.26580434e-05  0.00000000e+00
   0.00000000e+00  0.00000000e+00]
 [ 0.00000000e+00  9.99999999e-01  0.00000000e+00 -3.26580434e-05
   0.00000000e+00  0.00000000e+00]
 [ 3.26580434e-05  0.00000000e+00  9.99999999e-01  0.00000000e+00
   0.00000000e+00  0.00000000e+00]
 [ 0.00000000e+00  3.26580434e-05  0.00000000e+00  9.99999999e-01
   0.00000000e+00  0.00000000e+00]
 [ 0.00000000e+00  0.00000000e+00  0.00000000e+00  0.00000000e+00
   1.00000000e+00  0.00000000e+00]
 [ 0.00000000e+00  0.00000000e+00  0.00000000e+00  0.00000000e+00
   0.00000000e+00  1.00000000e+00]]
Param #6247: delta too small; RMS=3.7213e-06 mm
quads_tilt_fit #3.1658043433631557e-05
delta_local #[0.00026872]
R1 #[[ 9.99999955e-01  0.00000000e+00  3.00382731e-04  0.00000000e+00
   0.00000000e+00  0.00000000e+00]
 [ 0.00000000e+00  9.99999955e-01  0.00000000e+00  3.00382731e-04
   0.00000000e+00  0.00000000e+00]
 [-3.00382731e-04  0.00000000e+00  9.99999955e-01  0.00000000e+00
   0.00000000e+00  0.00000000e+00]
 [ 0.00000000e+00 -3.00382731e-04  0.00000000e+00  9.99999955e-01
   0.00000000e+00  0.00000000e+00]
 [ 0.00000000e+00  0.00000000e+00  0.00000000e+00  0.00000000e+00
   1.00000000e+00  0.00000000e+00]
 [ 0.00000000e+00  0.00000000e+00  0.00000000e+00  0.00000000e+00
   0.00000000e+00  1.00000000e+00]]
R2 #[[ 9.99999955e-01  0.00000000e+00 -3.00382731e-04  0.00000000e+00
   0.00000000e+00  0.00000000e+00]
 [ 0.00000000e+00  9.99999955e-01  0.00000000e+00 -3.00382731e-04
   0.00000000e+00  0.00000000e+00]
 [ 3.00382731e-04  0.00000000e+00  9.99999955e-01  0.00000000e+00
   0.00000000e+00  0.00000000e+00]
 [ 0.00000000e+00  3.00382731e-04  0.00000000e+00  9.99999955e-01
   0.00000000e+00  0.00000000e+00]
 [ 0.00000000e+00  0.00000000e+00  0.00000000e+00  0.00000000e+00
   1.00000000e+00  0.00000000e+00]
 [ 0.00000000e+00  0.00000000e+00  0.00000000e+00  0.00000000e+00
   0.00000000e+00  1.00000000e+00]]
Param #6247: delta OK; RMS=0.00099979 mm
quads_tilt_fit #8.888274670795451e-05
delta_local #[1.e-06]
R1 #[[ 9.99999996e-01  0.00000000e+00  8.98827466e-05  0.00000000e+00
   0.00000000e+00  0.00000000e+00]
 [ 0.00000000e+00  9.99999996e-01  0.00000000e+00  8.98827466e-05
   0.00000000e+00  0.00000000e+00]
 [-8.98827466e-05  0.00000000e+00  9.99999996e-01  0.00000000e+00
   0.00000000e+00  0.00000000e+00]
 [ 0.00000000e+00 -8.98827466e-05  0.00000000e+00  9.99999996e-01
   0.00000000e+00  0.00000000e+00]
 [ 0.00000000e+00  0.00000000e+00  0.00000000e+00  0.00000000e+00
   1.00000000e+00  0.00000000e+00]
 [ 0.00000000e+00  0.00000000e+00  0.00000000e+00  0.00000000e+00
   0.00000000e+00  1.00000000e+00]]
R2 #[[ 9.99999996e-01  0.00000000e+00 -8.98827466e-05  0.00000000e+00
   0.00000000e+00  0.00000000e+00]
 [ 0.00000000e+00  9.99999996e-01  0.00000000e+00 -8.98827466e-05
   0.00000000e+00  0.00000000e+00]
 [ 8.98827466e-05  0.00000000e+00  9.99999996e-01  0.00000000e+00
   0.00000000e+00  0.00000000e+00]
 [ 0.00000000e+00  8.98827466e-05  0.00000000e+00  9.99999996e-01
   0.00000000e+00  0.00000000e+00]
 [ 0.00000000e+00  0.00000000e+00  0.00000000e+00  0.00000000e+00
   1.00000000e+00  0.00000000e+00]
 [ 0.00000000e+00  0.00000000e+00  0.00000000e+00  0.00000000e+00
   0.00000000e+00  1.00000000e+00]]
Param #6251: delta too small; RMS=3.7281e-06 mm
quads_tilt_fit #8.888274670795451e-05
delta_local #[0.00026823]
R1 #[[ 9.99999936e-01  0.00000000e+00  3.57116335e-04  0.00000000e+00
   0.00000000e+00  0.00000000e+00]
 [ 0.00000000e+00  9.99999936e-01  0.00000000e+00  3.57116335e-04
   0.00000000e+00  0.00000000e+00]
 [-3.57116335e-04  0.00000000e+00  9.99999936e-01  0.00000000e+00
   0.00000000e+00  0.00000000e+00]
 [ 0.00000000e+00 -3.57116335e-04  0.00000000e+00  9.99999936e-01
   0.00000000e+00  0.00000000e+00]
 [ 0.00000000e+00  0.00000000e+00  0.00000000e+00  0.00000000e+00
   1.00000000e+00  0.00000000e+00]
 [ 0.00000000e+00  0.00000000e+00  0.00000000e+00  0.00000000e+00
   0.00000000e+00  1.00000000e+00]]
R2 #[[ 9.99999936e-01  0.00000000e+00 -3.57116335e-04  0.00000000e+00
   0.00000000e+00  0.00000000e+00]
 [ 0.00000000e+00  9.99999936e-01  0.00000000e+00 -3.57116335e-04
   0.00000000e+00  0.00000000e+00]
 [ 3.57116335e-04  0.00000000e+00  9.99999936e-01  0.00000000e+00
   0.00000000e+00  0.00000000e+00]
 [ 0.00000000e+00  3.57116335e-04  0.00000000e+00  9.99999936e-01
   0.00000000e+00  0.00000000e+00]
 [ 0.00000000e+00  0.00000000e+00  0.00000000e+00  0.00000000e+00
   1.00000000e+00  0.00000000e+00]
 [ 0.00000000e+00  0.00000000e+00  0.00000000e+00  0.00000000e+00
   0.00000000e+00  1.00000000e+00]]
Param #6251: delta OK; RMS=0.00099982 mm
quads_tilt_fit #-0.00019906972860275418
delta_local #[1.e-06]
R1 #[[ 9.99999980e-01  0.00000000e+00 -1.98069727e-04  0.00000000e+00
   0.00000000e+00  0.00000000e+00]
 [ 0.00000000e+00  9.99999980e-01  0.00000000e+00 -1.98069727e-04
   0.00000000e+00  0.00000000e+00]
 [ 1.98069727e-04  0.00000000e+00  9.99999980e-01  0.00000000e+00
   0.00000000e+00  0.00000000e+00]
 [ 0.00000000e+00  1.98069727e-04  0.00000000e+00  9.99999980e-01
   0.00000000e+00  0.00000000e+00]
 [ 0.00000000e+00  0.00000000e+00  0.00000000e+00  0.00000000e+00
   1.00000000e+00  0.00000000e+00]
 [ 0.00000000e+00  0.00000000e+00  0.00000000e+00  0.00000000e+00
   0.00000000e+00  1.00000000e+00]]
R2 #[[ 9.99999980e-01  0.00000000e+00  1.98069727e-04  0.00000000e+00
   0.00000000e+00  0.00000000e+00]
 [ 0.00000000e+00  9.99999980e-01  0.00000000e+00  1.98069727e-04
   0.00000000e+00  0.00000000e+00]
 [-1.98069727e-04  0.00000000e+00  9.99999980e-01  0.00000000e+00
   0.00000000e+00  0.00000000e+00]
 [ 0.00000000e+00 -1.98069727e-04  0.00000000e+00  9.99999980e-01
   0.00000000e+00  0.00000000e+00]
 [ 0.00000000e+00  0.00000000e+00  0.00000000e+00  0.00000000e+00
   1.00000000e+00  0.00000000e+00]
 [ 0.00000000e+00  0.00000000e+00  0.00000000e+00  0.00000000e+00
   0.00000000e+00  1.00000000e+00]]
Param #6257: delta too small; RMS=2.3517e-06 mm
quads_tilt_fit #-0.00019906972860275418
delta_local #[0.00042522]
R1 #[[ 9.99999974e-01  0.00000000e+00  2.26151492e-04  0.00000000e+00
   0.00000000e+00  0.00000000e+00]
 [ 0.00000000e+00  9.99999974e-01  0.00000000e+00  2.26151492e-04
   0.00000000e+00  0.00000000e+00]
 [-2.26151492e-04  0.00000000e+00  9.99999974e-01  0.00000000e+00
   0.00000000e+00  0.00000000e+00]
 [ 0.00000000e+00 -2.26151492e-04  0.00000000e+00  9.99999974e-01
   0.00000000e+00  0.00000000e+00]
 [ 0.00000000e+00  0.00000000e+00  0.00000000e+00  0.00000000e+00
   1.00000000e+00  0.00000000e+00]
 [ 0.00000000e+00  0.00000000e+00  0.00000000e+00  0.00000000e+00
   0.00000000e+00  1.00000000e+00]]
R2 #[[ 9.99999974e-01  0.00000000e+00 -2.26151492e-04  0.00000000e+00
   0.00000000e+00  0.00000000e+00]
 [ 0.00000000e+00  9.99999974e-01  0.00000000e+00 -2.26151492e-04
   0.00000000e+00  0.00000000e+00]
 [ 2.26151492e-04  0.00000000e+00  9.99999974e-01  0.00000000e+00
   0.00000000e+00  0.00000000e+00]
 [ 0.00000000e+00  2.26151492e-04  0.00000000e+00  9.99999974e-01
   0.00000000e+00  0.00000000e+00]
 [ 0.00000000e+00  0.00000000e+00  0.00000000e+00  0.00000000e+00
   1.00000000e+00  0.00000000e+00]
 [ 0.00000000e+00  0.00000000e+00  0.00000000e+00  0.00000000e+00
   0.00000000e+00  1.00000000e+00]]
Param #6257: delta OK; RMS=0.0010001 mm
quads_tilt_fit #6.743278578699594e-05
delta_local #[1.e-06]
R1 #[[ 9.99999998e-01  0.00000000e+00  6.84327857e-05  0.00000000e+00
   0.00000000e+00  0.00000000e+00]
 [ 0.00000000e+00  9.99999998e-01  0.00000000e+00  6.84327857e-05
   0.00000000e+00  0.00000000e+00]
 [-6.84327857e-05  0.00000000e+00  9.99999998e-01  0.00000000e+00
   0.00000000e+00  0.00000000e+00]
 [ 0.00000000e+00 -6.84327857e-05  0.00000000e+00  9.99999998e-01
   0.00000000e+00  0.00000000e+00]
 [ 0.00000000e+00  0.00000000e+00  0.00000000e+00  0.00000000e+00
   1.00000000e+00  0.00000000e+00]
 [ 0.00000000e+00  0.00000000e+00  0.00000000e+00  0.00000000e+00
   0.00000000e+00  1.00000000e+00]]
R2 #[[ 9.99999998e-01  0.00000000e+00 -6.84327857e-05  0.00000000e+00
   0.00000000e+00  0.00000000e+00]
 [ 0.00000000e+00  9.99999998e-01  0.00000000e+00 -6.84327857e-05
   0.00000000e+00  0.00000000e+00]
 [ 6.84327857e-05  0.00000000e+00  9.99999998e-01  0.00000000e+00
   0.00000000e+00  0.00000000e+00]
 [ 0.00000000e+00  6.84327857e-05  0.00000000e+00  9.99999998e-01
   0.00000000e+00  0.00000000e+00]
 [ 0.00000000e+00  0.00000000e+00  0.00000000e+00  0.00000000e+00
   1.00000000e+00  0.00000000e+00]
 [ 0.00000000e+00  0.00000000e+00  0.00000000e+00  0.00000000e+00
   0.00000000e+00  1.00000000e+00]]
Param #6271: delta too small; RMS=3.3026e-06 mm
quads_tilt_fit #6.743278578699594e-05
delta_local #[0.00030279]
R1 #[[ 9.99999931e-01  0.00000000e+00  3.70222359e-04  0.00000000e+00
   0.00000000e+00  0.00000000e+00]
 [ 0.00000000e+00  9.99999931e-01  0.00000000e+00  3.70222359e-04
   0.00000000e+00  0.00000000e+00]
 [-3.70222359e-04  0.00000000e+00  9.99999931e-01  0.00000000e+00
   0.00000000e+00  0.00000000e+00]
 [ 0.00000000e+00 -3.70222359e-04  0.00000000e+00  9.99999931e-01
   0.00000000e+00  0.00000000e+00]
 [ 0.00000000e+00  0.00000000e+00  0.00000000e+00  0.00000000e+00
   1.00000000e+00  0.00000000e+00]
 [ 0.00000000e+00  0.00000000e+00  0.00000000e+00  0.00000000e+00
   0.00000000e+00  1.00000000e+00]]
R2 #[[ 9.99999931e-01  0.00000000e+00 -3.70222359e-04  0.00000000e+00
   0.00000000e+00  0.00000000e+00]
 [ 0.00000000e+00  9.99999931e-01  0.00000000e+00 -3.70222359e-04
   0.00000000e+00  0.00000000e+00]
 [ 3.70222359e-04  0.00000000e+00  9.99999931e-01  0.00000000e+00
   0.00000000e+00  0.00000000e+00]
 [ 0.00000000e+00  3.70222359e-04  0.00000000e+00  9.99999931e-01
   0.00000000e+00  0.00000000e+00]
 [ 0.00000000e+00  0.00000000e+00  0.00000000e+00  0.00000000e+00
   1.00000000e+00  0.00000000e+00]
 [ 0.00000000e+00  0.00000000e+00  0.00000000e+00  0.00000000e+00
   0.00000000e+00  1.00000000e+00]]
Param #6271: delta OK; RMS=0.00099974 mm
quads_tilt_fit #-3.3718251650405936e-05
delta_local #[1.e-06]
R1 #[[ 9.99999999e-01  0.00000000e+00 -3.27182516e-05  0.00000000e+00
   0.00000000e+00  0.00000000e+00]
 [ 0.00000000e+00  9.99999999e-01  0.00000000e+00 -3.27182516e-05
   0.00000000e+00  0.00000000e+00]
 [ 3.27182516e-05  0.00000000e+00  9.99999999e-01  0.00000000e+00
   0.00000000e+00  0.00000000e+00]
 [ 0.00000000e+00  3.27182516e-05  0.00000000e+00  9.99999999e-01
   0.00000000e+00  0.00000000e+00]
 [ 0.00000000e+00  0.00000000e+00  0.00000000e+00  0.00000000e+00
   1.00000000e+00  0.00000000e+00]
 [ 0.00000000e+00  0.00000000e+00  0.00000000e+00  0.00000000e+00
   0.00000000e+00  1.00000000e+00]]
R2 #[[ 9.99999999e-01  0.00000000e+00  3.27182516e-05  0.00000000e+00
   0.00000000e+00  0.00000000e+00]
 [ 0.00000000e+00  9.99999999e-01  0.00000000e+00  3.27182516e-05
   0.00000000e+00  0.00000000e+00]
 [-3.27182516e-05  0.00000000e+00  9.99999999e-01  0.00000000e+00
   0.00000000e+00  0.00000000e+00]
 [ 0.00000000e+00 -3.27182516e-05  0.00000000e+00  9.99999999e-01
   0.00000000e+00  0.00000000e+00]
 [ 0.00000000e+00  0.00000000e+00  0.00000000e+00  0.00000000e+00
   1.00000000e+00  0.00000000e+00]
 [ 0.00000000e+00  0.00000000e+00  0.00000000e+00  0.00000000e+00
   0.00000000e+00  1.00000000e+00]]
Param #6279: delta too small; RMS=2.9472e-06 mm
quads_tilt_fit #-3.3718251650405936e-05
delta_local #[0.00033931]
R1 #[[ 9.99999953e-01  0.00000000e+00  3.05592455e-04  0.00000000e+00
   0.00000000e+00  0.00000000e+00]
 [ 0.00000000e+00  9.99999953e-01  0.00000000e+00  3.05592455e-04
   0.00000000e+00  0.00000000e+00]
 [-3.05592455e-04  0.00000000e+00  9.99999953e-01  0.00000000e+00
   0.00000000e+00  0.00000000e+00]
 [ 0.00000000e+00 -3.05592455e-04  0.00000000e+00  9.99999953e-01
   0.00000000e+00  0.00000000e+00]
 [ 0.00000000e+00  0.00000000e+00  0.00000000e+00  0.00000000e+00
   1.00000000e+00  0.00000000e+00]
 [ 0.00000000e+00  0.00000000e+00  0.00000000e+00  0.00000000e+00
   0.00000000e+00  1.00000000e+00]]
R2 #[[ 9.99999953e-01  0.00000000e+00 -3.05592455e-04  0.00000000e+00
   0.00000000e+00  0.00000000e+00]
 [ 0.00000000e+00  9.99999953e-01  0.00000000e+00 -3.05592455e-04
   0.00000000e+00  0.00000000e+00]
 [ 3.05592455e-04  0.00000000e+00  9.99999953e-01  0.00000000e+00
   0.00000000e+00  0.00000000e+00]
 [ 0.00000000e+00  3.05592455e-04  0.00000000e+00  9.99999953e-01
   0.00000000e+00  0.00000000e+00]
 [ 0.00000000e+00  0.00000000e+00  0.00000000e+00  0.00000000e+00
   1.00000000e+00  0.00000000e+00]
 [ 0.00000000e+00  0.00000000e+00  0.00000000e+00  0.00000000e+00
   0.00000000e+00  1.00000000e+00]]
Param #6279: delta OK; RMS=0.0010003 mm
quads_tilt_fit #0.0003210581271100387
delta_local #[1.e-06]
R1 #[[ 9.99999948e-01  0.00000000e+00  3.22058122e-04  0.00000000e+00
   0.00000000e+00  0.00000000e+00]
 [ 0.00000000e+00  9.99999948e-01  0.00000000e+00  3.22058122e-04
   0.00000000e+00  0.00000000e+00]
 [-3.22058122e-04  0.00000000e+00  9.99999948e-01  0.00000000e+00
   0.00000000e+00  0.00000000e+00]
 [ 0.00000000e+00 -3.22058122e-04  0.00000000e+00  9.99999948e-01
   0.00000000e+00  0.00000000e+00]
 [ 0.00000000e+00  0.00000000e+00  0.00000000e+00  0.00000000e+00
   1.00000000e+00  0.00000000e+00]
 [ 0.00000000e+00  0.00000000e+00  0.00000000e+00  0.00000000e+00
   0.00000000e+00  1.00000000e+00]]
R2 #[[ 9.99999948e-01  0.00000000e+00 -3.22058122e-04  0.00000000e+00
   0.00000000e+00  0.00000000e+00]
 [ 0.00000000e+00  9.99999948e-01  0.00000000e+00 -3.22058122e-04
   0.00000000e+00  0.00000000e+00]
 [ 3.22058122e-04  0.00000000e+00  9.99999948e-01  0.00000000e+00
   0.00000000e+00  0.00000000e+00]
 [ 0.00000000e+00  3.22058122e-04  0.00000000e+00  9.99999948e-01
   0.00000000e+00  0.00000000e+00]
 [ 0.00000000e+00  0.00000000e+00  0.00000000e+00  0.00000000e+00
   1.00000000e+00  0.00000000e+00]
 [ 0.00000000e+00  0.00000000e+00  0.00000000e+00  0.00000000e+00
   0.00000000e+00  1.00000000e+00]]
Param #6285: delta too small; RMS=1.3663e-06 mm
quads_tilt_fit #0.0003210581271100387
delta_local #[0.00073192]
R1 #[[ 0.99999945  0.          0.00105297  0.          0.          0.        ]
 [ 0.          0.99999945  0.          0.00105297  0.          0.        ]
 [-0.00105297  0.          0.99999945  0.          0.          0.        ]
 [ 0.         -0.00105297  0.          0.99999945  0.          0.        ]
 [ 0.          0.          0.          0.          1.          0.        ]
 [ 0.          0.          0.          0.          0.          1.        ]]
R2 #[[ 0.99999945  0.         -0.00105297  0.          0.          0.        ]
 [ 0.          0.99999945  0.         -0.00105297  0.          0.        ]
 [ 0.00105297  0.          0.99999945  0.          0.          0.        ]
 [ 0.          0.00105297  0.          0.99999945  0.          0.        ]
 [ 0.          0.          0.          0.          1.          0.        ]
 [ 0.          0.          0.          0.          0.          1.        ]]
Param #6285: delta OK; RMS=0.0010003 mm
quads_tilt_fit #-0.000192735124283514
delta_local #[1.e-06]
R1 #[[ 9.99999982e-01  0.00000000e+00 -1.91735123e-04  0.00000000e+00
   0.00000000e+00  0.00000000e+00]
 [ 0.00000000e+00  9.99999982e-01  0.00000000e+00 -1.91735123e-04
   0.00000000e+00  0.00000000e+00]
 [ 1.91735123e-04  0.00000000e+00  9.99999982e-01  0.00000000e+00
   0.00000000e+00  0.00000000e+00]
 [ 0.00000000e+00  1.91735123e-04  0.00000000e+00  9.99999982e-01
   0.00000000e+00  0.00000000e+00]
 [ 0.00000000e+00  0.00000000e+00  0.00000000e+00  0.00000000e+00
   1.00000000e+00  0.00000000e+00]
 [ 0.00000000e+00  0.00000000e+00  0.00000000e+00  0.00000000e+00
   0.00000000e+00  1.00000000e+00]]
R2 #[[ 9.99999982e-01  0.00000000e+00  1.91735123e-04  0.00000000e+00
   0.00000000e+00  0.00000000e+00]
 [ 0.00000000e+00  9.99999982e-01  0.00000000e+00  1.91735123e-04
   0.00000000e+00  0.00000000e+00]
 [-1.91735123e-04  0.00000000e+00  9.99999982e-01  0.00000000e+00
   0.00000000e+00  0.00000000e+00]
 [ 0.00000000e+00 -1.91735123e-04  0.00000000e+00  9.99999982e-01
   0.00000000e+00  0.00000000e+00]
 [ 0.00000000e+00  0.00000000e+00  0.00000000e+00  0.00000000e+00
   1.00000000e+00  0.00000000e+00]
 [ 0.00000000e+00  0.00000000e+00  0.00000000e+00  0.00000000e+00
   0.00000000e+00  1.00000000e+00]]
Param #6313: delta too small; RMS=1.028e-06 mm
quads_tilt_fit #-0.000192735124283514
delta_local #[0.00097275]
R1 #[[ 9.99999696e-01  0.00000000e+00  7.80012853e-04  0.00000000e+00
   0.00000000e+00  0.00000000e+00]
 [ 0.00000000e+00  9.99999696e-01  0.00000000e+00  7.80012853e-04
   0.00000000e+00  0.00000000e+00]
 [-7.80012853e-04  0.00000000e+00  9.99999696e-01  0.00000000e+00
   0.00000000e+00  0.00000000e+00]
 [ 0.00000000e+00 -7.80012853e-04  0.00000000e+00  9.99999696e-01
   0.00000000e+00  0.00000000e+00]
 [ 0.00000000e+00  0.00000000e+00  0.00000000e+00  0.00000000e+00
   1.00000000e+00  0.00000000e+00]
 [ 0.00000000e+00  0.00000000e+00  0.00000000e+00  0.00000000e+00
   0.00000000e+00  1.00000000e+00]]
R2 #[[ 9.99999696e-01  0.00000000e+00 -7.80012853e-04  0.00000000e+00
   0.00000000e+00  0.00000000e+00]
 [ 0.00000000e+00  9.99999696e-01  0.00000000e+00 -7.80012853e-04
   0.00000000e+00  0.00000000e+00]
 [ 7.80012853e-04  0.00000000e+00  9.99999696e-01  0.00000000e+00
   0.00000000e+00  0.00000000e+00]
 [ 0.00000000e+00  7.80012853e-04  0.00000000e+00  9.99999696e-01
   0.00000000e+00  0.00000000e+00]
 [ 0.00000000e+00  0.00000000e+00  0.00000000e+00  0.00000000e+00
   1.00000000e+00  0.00000000e+00]
 [ 0.00000000e+00  0.00000000e+00  0.00000000e+00  0.00000000e+00
   0.00000000e+00  1.00000000e+00]]
Param #6313: delta OK; RMS=0.00099972 mm
quads_tilt_fit #-9.835215274109402e-06
delta_local #[1.e-06]
R1 #[[ 1.00000000e+00  0.00000000e+00 -8.83521527e-06  0.00000000e+00
   0.00000000e+00  0.00000000e+00]
 [ 0.00000000e+00  1.00000000e+00  0.00000000e+00 -8.83521527e-06
   0.00000000e+00  0.00000000e+00]
 [ 8.83521527e-06  0.00000000e+00  1.00000000e+00  0.00000000e+00
   0.00000000e+00  0.00000000e+00]
 [ 0.00000000e+00  8.83521527e-06  0.00000000e+00  1.00000000e+00
   0.00000000e+00  0.00000000e+00]
 [ 0.00000000e+00  0.00000000e+00  0.00000000e+00  0.00000000e+00
   1.00000000e+00  0.00000000e+00]
 [ 0.00000000e+00  0.00000000e+00  0.00000000e+00  0.00000000e+00
   0.00000000e+00  1.00000000e+00]]
R2 #[[ 1.00000000e+00  0.00000000e+00  8.83521527e-06  0.00000000e+00
   0.00000000e+00  0.00000000e+00]
 [ 0.00000000e+00  1.00000000e+00  0.00000000e+00  8.83521527e-06
   0.00000000e+00  0.00000000e+00]
 [-8.83521527e-06  0.00000000e+00  1.00000000e+00  0.00000000e+00
   0.00000000e+00  0.00000000e+00]
 [ 0.00000000e+00 -8.83521527e-06  0.00000000e+00  1.00000000e+00
   0.00000000e+00  0.00000000e+00]
 [ 0.00000000e+00  0.00000000e+00  0.00000000e+00  0.00000000e+00
   1.00000000e+00  0.00000000e+00]
 [ 0.00000000e+00  0.00000000e+00  0.00000000e+00  0.00000000e+00
   0.00000000e+00  1.00000000e+00]]
Param #6319: delta too small; RMS=2.1663e-06 mm
quads_tilt_fit #-9.835215274109402e-06
delta_local #[0.00046161]
R1 #[[ 9.99999898e-01  0.00000000e+00  4.51779256e-04  0.00000000e+00
   0.00000000e+00  0.00000000e+00]
 [ 0.00000000e+00  9.99999898e-01  0.00000000e+00  4.51779256e-04
   0.00000000e+00  0.00000000e+00]
 [-4.51779256e-04  0.00000000e+00  9.99999898e-01  0.00000000e+00
   0.00000000e+00  0.00000000e+00]
 [ 0.00000000e+00 -4.51779256e-04  0.00000000e+00  9.99999898e-01
   0.00000000e+00  0.00000000e+00]
 [ 0.00000000e+00  0.00000000e+00  0.00000000e+00  0.00000000e+00
   1.00000000e+00  0.00000000e+00]
 [ 0.00000000e+00  0.00000000e+00  0.00000000e+00  0.00000000e+00
   0.00000000e+00  1.00000000e+00]]
R2 #[[ 9.99999898e-01  0.00000000e+00 -4.51779256e-04  0.00000000e+00
   0.00000000e+00  0.00000000e+00]
 [ 0.00000000e+00  9.99999898e-01  0.00000000e+00 -4.51779256e-04
   0.00000000e+00  0.00000000e+00]
 [ 4.51779256e-04  0.00000000e+00  9.99999898e-01  0.00000000e+00
   0.00000000e+00  0.00000000e+00]
 [ 0.00000000e+00  4.51779256e-04  0.00000000e+00  9.99999898e-01
   0.00000000e+00  0.00000000e+00]
 [ 0.00000000e+00  0.00000000e+00  0.00000000e+00  0.00000000e+00
   1.00000000e+00  0.00000000e+00]
 [ 0.00000000e+00  0.00000000e+00  0.00000000e+00  0.00000000e+00
   0.00000000e+00  1.00000000e+00]]
Param #6319: delta OK; RMS=0.00099977 mm
quads_tilt_fit #4.373516785897671e-05
delta_local #[1.e-06]
R1 #[[ 9.99999999e-01  0.00000000e+00  4.47351678e-05  0.00000000e+00
   0.00000000e+00  0.00000000e+00]
 [ 0.00000000e+00  9.99999999e-01  0.00000000e+00  4.47351678e-05
   0.00000000e+00  0.00000000e+00]
 [-4.47351678e-05  0.00000000e+00  9.99999999e-01  0.00000000e+00
   0.00000000e+00  0.00000000e+00]
 [ 0.00000000e+00 -4.47351678e-05  0.00000000e+00  9.99999999e-01
   0.00000000e+00  0.00000000e+00]
 [ 0.00000000e+00  0.00000000e+00  0.00000000e+00  0.00000000e+00
   1.00000000e+00  0.00000000e+00]
 [ 0.00000000e+00  0.00000000e+00  0.00000000e+00  0.00000000e+00
   0.00000000e+00  1.00000000e+00]]
R2 #[[ 9.99999999e-01  0.00000000e+00 -4.47351678e-05  0.00000000e+00
   0.00000000e+00  0.00000000e+00]
 [ 0.00000000e+00  9.99999999e-01  0.00000000e+00 -4.47351678e-05
   0.00000000e+00  0.00000000e+00]
 [ 4.47351678e-05  0.00000000e+00  9.99999999e-01  0.00000000e+00
   0.00000000e+00  0.00000000e+00]
 [ 0.00000000e+00  4.47351678e-05  0.00000000e+00  9.99999999e-01
   0.00000000e+00  0.00000000e+00]
 [ 0.00000000e+00  0.00000000e+00  0.00000000e+00  0.00000000e+00
   1.00000000e+00  0.00000000e+00]
 [ 0.00000000e+00  0.00000000e+00  0.00000000e+00  0.00000000e+00
   0.00000000e+00  1.00000000e+00]]
Param #6327: delta too small; RMS=2.2985e-06 mm
quads_tilt_fit #4.373516785897671e-05
delta_local #[0.00043507]
R1 #[[ 9.99999885e-01  0.00000000e+00  4.78806178e-04  0.00000000e+00
   0.00000000e+00  0.00000000e+00]
 [ 0.00000000e+00  9.99999885e-01  0.00000000e+00  4.78806178e-04
   0.00000000e+00  0.00000000e+00]
 [-4.78806178e-04  0.00000000e+00  9.99999885e-01  0.00000000e+00
   0.00000000e+00  0.00000000e+00]
 [ 0.00000000e+00 -4.78806178e-04  0.00000000e+00  9.99999885e-01
   0.00000000e+00  0.00000000e+00]
 [ 0.00000000e+00  0.00000000e+00  0.00000000e+00  0.00000000e+00
   1.00000000e+00  0.00000000e+00]
 [ 0.00000000e+00  0.00000000e+00  0.00000000e+00  0.00000000e+00
   0.00000000e+00  1.00000000e+00]]
R2 #[[ 9.99999885e-01  0.00000000e+00 -4.78806178e-04  0.00000000e+00
   0.00000000e+00  0.00000000e+00]
 [ 0.00000000e+00  9.99999885e-01  0.00000000e+00 -4.78806178e-04
   0.00000000e+00  0.00000000e+00]
 [ 4.78806178e-04  0.00000000e+00  9.99999885e-01  0.00000000e+00
   0.00000000e+00  0.00000000e+00]
 [ 0.00000000e+00  4.78806178e-04  0.00000000e+00  9.99999885e-01
   0.00000000e+00  0.00000000e+00]
 [ 0.00000000e+00  0.00000000e+00  0.00000000e+00  0.00000000e+00
   1.00000000e+00  0.00000000e+00]
 [ 0.00000000e+00  0.00000000e+00  0.00000000e+00  0.00000000e+00
   0.00000000e+00  1.00000000e+00]]
Param #6327: delta OK; RMS=0.0010002 mm
quads_tilt_fit #0.0005680403682977247
delta_local #[1.e-06]
R1 #[[ 9.99999838e-01  0.00000000e+00  5.69040338e-04  0.00000000e+00
   0.00000000e+00  0.00000000e+00]
 [ 0.00000000e+00  9.99999838e-01  0.00000000e+00  5.69040338e-04
   0.00000000e+00  0.00000000e+00]
 [-5.69040338e-04  0.00000000e+00  9.99999838e-01  0.00000000e+00
   0.00000000e+00  0.00000000e+00]
 [ 0.00000000e+00 -5.69040338e-04  0.00000000e+00  9.99999838e-01
   0.00000000e+00  0.00000000e+00]
 [ 0.00000000e+00  0.00000000e+00  0.00000000e+00  0.00000000e+00
   1.00000000e+00  0.00000000e+00]
 [ 0.00000000e+00  0.00000000e+00  0.00000000e+00  0.00000000e+00
   0.00000000e+00  1.00000000e+00]]
R2 #[[ 9.99999838e-01  0.00000000e+00 -5.69040338e-04  0.00000000e+00
   0.00000000e+00  0.00000000e+00]
 [ 0.00000000e+00  9.99999838e-01  0.00000000e+00 -5.69040338e-04
   0.00000000e+00  0.00000000e+00]
 [ 5.69040338e-04  0.00000000e+00  9.99999838e-01  0.00000000e+00
   0.00000000e+00  0.00000000e+00]
 [ 0.00000000e+00  5.69040338e-04  0.00000000e+00  9.99999838e-01
   0.00000000e+00  0.00000000e+00]
 [ 0.00000000e+00  0.00000000e+00  0.00000000e+00  0.00000000e+00
   1.00000000e+00  0.00000000e+00]
 [ 0.00000000e+00  0.00000000e+00  0.00000000e+00  0.00000000e+00
   0.00000000e+00  1.00000000e+00]]
Param #6341: delta too small; RMS=2.3918e-06 mm
quads_tilt_fit #0.0005680403682977247
delta_local #[0.00041809]
R1 #[[ 9.99999514e-01  0.00000000e+00  9.86127217e-04  0.00000000e+00
   0.00000000e+00  0.00000000e+00]
 [ 0.00000000e+00  9.99999514e-01  0.00000000e+00  9.86127217e-04
   0.00000000e+00  0.00000000e+00]
 [-9.86127217e-04  0.00000000e+00  9.99999514e-01  0.00000000e+00
   0.00000000e+00  0.00000000e+00]
 [ 0.00000000e+00 -9.86127217e-04  0.00000000e+00  9.99999514e-01
   0.00000000e+00  0.00000000e+00]
 [ 0.00000000e+00  0.00000000e+00  0.00000000e+00  0.00000000e+00
   1.00000000e+00  0.00000000e+00]
 [ 0.00000000e+00  0.00000000e+00  0.00000000e+00  0.00000000e+00
   0.00000000e+00  1.00000000e+00]]
R2 #[[ 9.99999514e-01  0.00000000e+00 -9.86127217e-04  0.00000000e+00
   0.00000000e+00  0.00000000e+00]
 [ 0.00000000e+00  9.99999514e-01  0.00000000e+00 -9.86127217e-04
   0.00000000e+00  0.00000000e+00]
 [ 9.86127217e-04  0.00000000e+00  9.99999514e-01  0.00000000e+00
   0.00000000e+00  0.00000000e+00]
 [ 0.00000000e+00  9.86127217e-04  0.00000000e+00  9.99999514e-01
   0.00000000e+00  0.00000000e+00]
 [ 0.00000000e+00  0.00000000e+00  0.00000000e+00  0.00000000e+00
   1.00000000e+00  0.00000000e+00]
 [ 0.00000000e+00  0.00000000e+00  0.00000000e+00  0.00000000e+00
   0.00000000e+00  1.00000000e+00]]
Param #6341: delta OK; RMS=0.00099979 mm
quads_tilt_fit #-0.00015448084144380553
delta_local #[1.e-06]
R1 #[[ 9.99999988e-01  0.00000000e+00 -1.53480841e-04  0.00000000e+00
   0.00000000e+00  0.00000000e+00]
 [ 0.00000000e+00  9.99999988e-01  0.00000000e+00 -1.53480841e-04
   0.00000000e+00  0.00000000e+00]
 [ 1.53480841e-04  0.00000000e+00  9.99999988e-01  0.00000000e+00
   0.00000000e+00  0.00000000e+00]
 [ 0.00000000e+00  1.53480841e-04  0.00000000e+00  9.99999988e-01
   0.00000000e+00  0.00000000e+00]
 [ 0.00000000e+00  0.00000000e+00  0.00000000e+00  0.00000000e+00
   1.00000000e+00  0.00000000e+00]
 [ 0.00000000e+00  0.00000000e+00  0.00000000e+00  0.00000000e+00
   0.00000000e+00  1.00000000e+00]]
R2 #[[ 9.99999988e-01  0.00000000e+00  1.53480841e-04  0.00000000e+00
   0.00000000e+00  0.00000000e+00]
 [ 0.00000000e+00  9.99999988e-01  0.00000000e+00  1.53480841e-04
   0.00000000e+00  0.00000000e+00]
 [-1.53480841e-04  0.00000000e+00  9.99999988e-01  0.00000000e+00
   0.00000000e+00  0.00000000e+00]
 [ 0.00000000e+00 -1.53480841e-04  0.00000000e+00  9.99999988e-01
   0.00000000e+00  0.00000000e+00]
 [ 0.00000000e+00  0.00000000e+00  0.00000000e+00  0.00000000e+00
   1.00000000e+00  0.00000000e+00]
 [ 0.00000000e+00  0.00000000e+00  0.00000000e+00  0.00000000e+00
   0.00000000e+00  1.00000000e+00]]
Param #6347: delta too small; RMS=4.115e-06 mm
quads_tilt_fit #-0.00015448084144380553
delta_local #[0.00024301]
R1 #[[ 9.99999996e-01  0.00000000e+00  8.85331539e-05  0.00000000e+00
   0.00000000e+00  0.00000000e+00]
 [ 0.00000000e+00  9.99999996e-01  0.00000000e+00  8.85331539e-05
   0.00000000e+00  0.00000000e+00]
 [-8.85331539e-05  0.00000000e+00  9.99999996e-01  0.00000000e+00
   0.00000000e+00  0.00000000e+00]
 [ 0.00000000e+00 -8.85331539e-05  0.00000000e+00  9.99999996e-01
   0.00000000e+00  0.00000000e+00]
 [ 0.00000000e+00  0.00000000e+00  0.00000000e+00  0.00000000e+00
   1.00000000e+00  0.00000000e+00]
 [ 0.00000000e+00  0.00000000e+00  0.00000000e+00  0.00000000e+00
   0.00000000e+00  1.00000000e+00]]
R2 #[[ 9.99999996e-01  0.00000000e+00 -8.85331539e-05  0.00000000e+00
   0.00000000e+00  0.00000000e+00]
 [ 0.00000000e+00  9.99999996e-01  0.00000000e+00 -8.85331539e-05
   0.00000000e+00  0.00000000e+00]
 [ 8.85331539e-05  0.00000000e+00  9.99999996e-01  0.00000000e+00
   0.00000000e+00  0.00000000e+00]
 [ 0.00000000e+00  8.85331539e-05  0.00000000e+00  9.99999996e-01
   0.00000000e+00  0.00000000e+00]
 [ 0.00000000e+00  0.00000000e+00  0.00000000e+00  0.00000000e+00
   1.00000000e+00  0.00000000e+00]
 [ 0.00000000e+00  0.00000000e+00  0.00000000e+00  0.00000000e+00
   0.00000000e+00  1.00000000e+00]]
Param #6347: delta OK; RMS=0.0010002 mm
quads_tilt_fit #3.7523283351361905e-05
delta_local #[1.e-06]
R1 #[[ 9.99999999e-01  0.00000000e+00  3.85232833e-05  0.00000000e+00
   0.00000000e+00  0.00000000e+00]
 [ 0.00000000e+00  9.99999999e-01  0.00000000e+00  3.85232833e-05
   0.00000000e+00  0.00000000e+00]
 [-3.85232833e-05  0.00000000e+00  9.99999999e-01  0.00000000e+00
   0.00000000e+00  0.00000000e+00]
 [ 0.00000000e+00 -3.85232833e-05  0.00000000e+00  9.99999999e-01
   0.00000000e+00  0.00000000e+00]
 [ 0.00000000e+00  0.00000000e+00  0.00000000e+00  0.00000000e+00
   1.00000000e+00  0.00000000e+00]
 [ 0.00000000e+00  0.00000000e+00  0.00000000e+00  0.00000000e+00
   0.00000000e+00  1.00000000e+00]]
R2 #[[ 9.99999999e-01  0.00000000e+00 -3.85232833e-05  0.00000000e+00
   0.00000000e+00  0.00000000e+00]
 [ 0.00000000e+00  9.99999999e-01  0.00000000e+00 -3.85232833e-05
   0.00000000e+00  0.00000000e+00]
 [ 3.85232833e-05  0.00000000e+00  9.99999999e-01  0.00000000e+00
   0.00000000e+00  0.00000000e+00]
 [ 0.00000000e+00  3.85232833e-05  0.00000000e+00  9.99999999e-01
   0.00000000e+00  0.00000000e+00]
 [ 0.00000000e+00  0.00000000e+00  0.00000000e+00  0.00000000e+00
   1.00000000e+00  0.00000000e+00]
 [ 0.00000000e+00  0.00000000e+00  0.00000000e+00  0.00000000e+00
   0.00000000e+00  1.00000000e+00]]
Param #6351: delta too small; RMS=4.58e-06 mm
quads_tilt_fit #3.7523283351361905e-05
delta_local #[0.00021834]
R1 #[[ 9.99999967e-01  0.00000000e+00  2.55863516e-04  0.00000000e+00
   0.00000000e+00  0.00000000e+00]
 [ 0.00000000e+00  9.99999967e-01  0.00000000e+00  2.55863516e-04
   0.00000000e+00  0.00000000e+00]
 [-2.55863516e-04  0.00000000e+00  9.99999967e-01  0.00000000e+00
   0.00000000e+00  0.00000000e+00]
 [ 0.00000000e+00 -2.55863516e-04  0.00000000e+00  9.99999967e-01
   0.00000000e+00  0.00000000e+00]
 [ 0.00000000e+00  0.00000000e+00  0.00000000e+00  0.00000000e+00
   1.00000000e+00  0.00000000e+00]
 [ 0.00000000e+00  0.00000000e+00  0.00000000e+00  0.00000000e+00
   0.00000000e+00  1.00000000e+00]]
R2 #[[ 9.99999967e-01  0.00000000e+00 -2.55863516e-04  0.00000000e+00
   0.00000000e+00  0.00000000e+00]
 [ 0.00000000e+00  9.99999967e-01  0.00000000e+00 -2.55863516e-04
   0.00000000e+00  0.00000000e+00]
 [ 2.55863516e-04  0.00000000e+00  9.99999967e-01  0.00000000e+00
   0.00000000e+00  0.00000000e+00]
 [ 0.00000000e+00  2.55863516e-04  0.00000000e+00  9.99999967e-01
   0.00000000e+00  0.00000000e+00]
 [ 0.00000000e+00  0.00000000e+00  0.00000000e+00  0.00000000e+00
   1.00000000e+00  0.00000000e+00]
 [ 0.00000000e+00  0.00000000e+00  0.00000000e+00  0.00000000e+00
   0.00000000e+00  1.00000000e+00]]
Param #6351: delta OK; RMS=0.0010002 mm
quads_tilt_fit #-0.00018887395685320143
delta_local #[1.e-06]
R1 #[[ 9.99999982e-01  0.00000000e+00 -1.87873956e-04  0.00000000e+00
   0.00000000e+00  0.00000000e+00]
 [ 0.00000000e+00  9.99999982e-01  0.00000000e+00 -1.87873956e-04
   0.00000000e+00  0.00000000e+00]
 [ 1.87873956e-04  0.00000000e+00  9.99999982e-01  0.00000000e+00
   0.00000000e+00  0.00000000e+00]
 [ 0.00000000e+00  1.87873956e-04  0.00000000e+00  9.99999982e-01
   0.00000000e+00  0.00000000e+00]
 [ 0.00000000e+00  0.00000000e+00  0.00000000e+00  0.00000000e+00
   1.00000000e+00  0.00000000e+00]
 [ 0.00000000e+00  0.00000000e+00  0.00000000e+00  0.00000000e+00
   0.00000000e+00  1.00000000e+00]]
R2 #[[ 9.99999982e-01  0.00000000e+00  1.87873956e-04  0.00000000e+00
   0.00000000e+00  0.00000000e+00]
 [ 0.00000000e+00  9.99999982e-01  0.00000000e+00  1.87873956e-04
   0.00000000e+00  0.00000000e+00]
 [-1.87873956e-04  0.00000000e+00  9.99999982e-01  0.00000000e+00
   0.00000000e+00  0.00000000e+00]
 [ 0.00000000e+00 -1.87873956e-04  0.00000000e+00  9.99999982e-01
   0.00000000e+00  0.00000000e+00]
 [ 0.00000000e+00  0.00000000e+00  0.00000000e+00  0.00000000e+00
   1.00000000e+00  0.00000000e+00]
 [ 0.00000000e+00  0.00000000e+00  0.00000000e+00  0.00000000e+00
   0.00000000e+00  1.00000000e+00]]
Param #6357: delta too small; RMS=2.6719e-06 mm
quads_tilt_fit #-0.00018887395685320143
delta_local #[0.00037427]
R1 #[[ 9.99999983e-01  0.00000000e+00  1.85394432e-04  0.00000000e+00
   0.00000000e+00  0.00000000e+00]
 [ 0.00000000e+00  9.99999983e-01  0.00000000e+00  1.85394432e-04
   0.00000000e+00  0.00000000e+00]
 [-1.85394432e-04  0.00000000e+00  9.99999983e-01  0.00000000e+00
   0.00000000e+00  0.00000000e+00]
 [ 0.00000000e+00 -1.85394432e-04  0.00000000e+00  9.99999983e-01
   0.00000000e+00  0.00000000e+00]
 [ 0.00000000e+00  0.00000000e+00  0.00000000e+00  0.00000000e+00
   1.00000000e+00  0.00000000e+00]
 [ 0.00000000e+00  0.00000000e+00  0.00000000e+00  0.00000000e+00
   0.00000000e+00  1.00000000e+00]]
R2 #[[ 9.99999983e-01  0.00000000e+00 -1.85394432e-04  0.00000000e+00
   0.00000000e+00  0.00000000e+00]
 [ 0.00000000e+00  9.99999983e-01  0.00000000e+00 -1.85394432e-04
   0.00000000e+00  0.00000000e+00]
 [ 1.85394432e-04  0.00000000e+00  9.99999983e-01  0.00000000e+00
   0.00000000e+00  0.00000000e+00]
 [ 0.00000000e+00  1.85394432e-04  0.00000000e+00  9.99999983e-01
   0.00000000e+00  0.00000000e+00]
 [ 0.00000000e+00  0.00000000e+00  0.00000000e+00  0.00000000e+00
   1.00000000e+00  0.00000000e+00]
 [ 0.00000000e+00  0.00000000e+00  0.00000000e+00  0.00000000e+00
   0.00000000e+00  1.00000000e+00]]
Param #6357: delta OK; RMS=0.00099969 mm
quads_tilt_fit #-0.001339151077660348
delta_local #[1.e-06]
R1 #[[ 0.9999991   0.         -0.00133815  0.          0.          0.        ]
 [ 0.          0.9999991   0.         -0.00133815  0.          0.        ]
 [ 0.00133815  0.          0.9999991   0.          0.          0.        ]
 [ 0.          0.00133815  0.          0.9999991   0.          0.        ]
 [ 0.          0.          0.          0.          1.          0.        ]
 [ 0.          0.          0.          0.          0.          1.        ]]
R2 #[[ 0.9999991   0.          0.00133815  0.          0.          0.        ]
 [ 0.          0.9999991   0.          0.00133815  0.          0.        ]
 [-0.00133815  0.          0.9999991   0.          0.          0.        ]
 [ 0.         -0.00133815  0.          0.9999991   0.          0.        ]
 [ 0.          0.          0.          0.          1.          0.        ]
 [ 0.          0.          0.          0.          0.          1.        ]]
Param #5108: delta too small; RMS=1.4915e-06 mm
quads_tilt_fit #-0.001339151077660348
delta_local #[0.00067045]
R1 #[[ 9.99999776e-01  0.00000000e+00 -6.68702395e-04  0.00000000e+00
   0.00000000e+00  0.00000000e+00]
 [ 0.00000000e+00  9.99999776e-01  0.00000000e+00 -6.68702395e-04
   0.00000000e+00  0.00000000e+00]
 [ 6.68702395e-04  0.00000000e+00  9.99999776e-01  0.00000000e+00
   0.00000000e+00  0.00000000e+00]
 [ 0.00000000e+00  6.68702395e-04  0.00000000e+00  9.99999776e-01
   0.00000000e+00  0.00000000e+00]
 [ 0.00000000e+00  0.00000000e+00  0.00000000e+00  0.00000000e+00
   1.00000000e+00  0.00000000e+00]
 [ 0.00000000e+00  0.00000000e+00  0.00000000e+00  0.00000000e+00
   0.00000000e+00  1.00000000e+00]]
R2 #[[ 9.99999776e-01  0.00000000e+00  6.68702395e-04  0.00000000e+00
   0.00000000e+00  0.00000000e+00]
 [ 0.00000000e+00  9.99999776e-01  0.00000000e+00  6.68702395e-04
   0.00000000e+00  0.00000000e+00]
 [-6.68702395e-04  0.00000000e+00  9.99999776e-01  0.00000000e+00
   0.00000000e+00  0.00000000e+00]
 [ 0.00000000e+00 -6.68702395e-04  0.00000000e+00  9.99999776e-01
   0.00000000e+00  0.00000000e+00]
 [ 0.00000000e+00  0.00000000e+00  0.00000000e+00  0.00000000e+00
   1.00000000e+00  0.00000000e+00]
 [ 0.00000000e+00  0.00000000e+00  0.00000000e+00  0.00000000e+00
   0.00000000e+00  1.00000000e+00]]
Param #5108: delta OK; RMS=0.0010004 mm
quads_tilt_fit #-7.169040015806199e-06
delta_local #[1.e-06]
R1 #[[ 1.00000000e+00  0.00000000e+00 -6.16904002e-06  0.00000000e+00
   0.00000000e+00  0.00000000e+00]
 [ 0.00000000e+00  1.00000000e+00  0.00000000e+00 -6.16904002e-06
   0.00000000e+00  0.00000000e+00]
 [ 6.16904002e-06  0.00000000e+00  1.00000000e+00  0.00000000e+00
   0.00000000e+00  0.00000000e+00]
 [ 0.00000000e+00  6.16904002e-06  0.00000000e+00  1.00000000e+00
   0.00000000e+00  0.00000000e+00]
 [ 0.00000000e+00  0.00000000e+00  0.00000000e+00  0.00000000e+00
   1.00000000e+00  0.00000000e+00]
 [ 0.00000000e+00  0.00000000e+00  0.00000000e+00  0.00000000e+00
   0.00000000e+00  1.00000000e+00]]
R2 #[[ 1.00000000e+00  0.00000000e+00  6.16904002e-06  0.00000000e+00
   0.00000000e+00  0.00000000e+00]
 [ 0.00000000e+00  1.00000000e+00  0.00000000e+00  6.16904002e-06
   0.00000000e+00  0.00000000e+00]
 [-6.16904002e-06  0.00000000e+00  1.00000000e+00  0.00000000e+00
   0.00000000e+00  0.00000000e+00]
 [ 0.00000000e+00 -6.16904002e-06  0.00000000e+00  1.00000000e+00
   0.00000000e+00  0.00000000e+00]
 [ 0.00000000e+00  0.00000000e+00  0.00000000e+00  0.00000000e+00
   1.00000000e+00  0.00000000e+00]
 [ 0.00000000e+00  0.00000000e+00  0.00000000e+00  0.00000000e+00
   0.00000000e+00  1.00000000e+00]]
Param #5120: delta too small; RMS=6.2258e-06 mm
quads_tilt_fit #-7.169040015806199e-06
delta_local #[0.00016062]
R1 #[[ 9.99999988e-01  0.00000000e+00  1.53452411e-04  0.00000000e+00
   0.00000000e+00  0.00000000e+00]
 [ 0.00000000e+00  9.99999988e-01  0.00000000e+00  1.53452411e-04
   0.00000000e+00  0.00000000e+00]
 [-1.53452411e-04  0.00000000e+00  9.99999988e-01  0.00000000e+00
   0.00000000e+00  0.00000000e+00]
 [ 0.00000000e+00 -1.53452411e-04  0.00000000e+00  9.99999988e-01
   0.00000000e+00  0.00000000e+00]
 [ 0.00000000e+00  0.00000000e+00  0.00000000e+00  0.00000000e+00
   1.00000000e+00  0.00000000e+00]
 [ 0.00000000e+00  0.00000000e+00  0.00000000e+00  0.00000000e+00
   0.00000000e+00  1.00000000e+00]]
R2 #[[ 9.99999988e-01  0.00000000e+00 -1.53452411e-04  0.00000000e+00
   0.00000000e+00  0.00000000e+00]
 [ 0.00000000e+00  9.99999988e-01  0.00000000e+00 -1.53452411e-04
   0.00000000e+00  0.00000000e+00]
 [ 1.53452411e-04  0.00000000e+00  9.99999988e-01  0.00000000e+00
   0.00000000e+00  0.00000000e+00]
 [ 0.00000000e+00  1.53452411e-04  0.00000000e+00  9.99999988e-01
   0.00000000e+00  0.00000000e+00]
 [ 0.00000000e+00  0.00000000e+00  0.00000000e+00  0.00000000e+00
   1.00000000e+00  0.00000000e+00]
 [ 0.00000000e+00  0.00000000e+00  0.00000000e+00  0.00000000e+00
   0.00000000e+00  1.00000000e+00]]
Param #5120: delta OK; RMS=0.00099989 mm
quads_tilt_fit #0.00015567688609283777
delta_local #[1.e-06]
R1 #[[ 9.99999988e-01  0.00000000e+00  1.56676885e-04  0.00000000e+00
   0.00000000e+00  0.00000000e+00]
 [ 0.00000000e+00  9.99999988e-01  0.00000000e+00  1.56676885e-04
   0.00000000e+00  0.00000000e+00]
 [-1.56676885e-04  0.00000000e+00  9.99999988e-01  0.00000000e+00
   0.00000000e+00  0.00000000e+00]
 [ 0.00000000e+00 -1.56676885e-04  0.00000000e+00  9.99999988e-01
   0.00000000e+00  0.00000000e+00]
 [ 0.00000000e+00  0.00000000e+00  0.00000000e+00  0.00000000e+00
   1.00000000e+00  0.00000000e+00]
 [ 0.00000000e+00  0.00000000e+00  0.00000000e+00  0.00000000e+00
   0.00000000e+00  1.00000000e+00]]
R2 #[[ 9.99999988e-01  0.00000000e+00 -1.56676885e-04  0.00000000e+00
   0.00000000e+00  0.00000000e+00]
 [ 0.00000000e+00  9.99999988e-01  0.00000000e+00 -1.56676885e-04
   0.00000000e+00  0.00000000e+00]
 [ 1.56676885e-04  0.00000000e+00  9.99999988e-01  0.00000000e+00
   0.00000000e+00  0.00000000e+00]
 [ 0.00000000e+00  1.56676885e-04  0.00000000e+00  9.99999988e-01
   0.00000000e+00  0.00000000e+00]
 [ 0.00000000e+00  0.00000000e+00  0.00000000e+00  0.00000000e+00
   1.00000000e+00  0.00000000e+00]
 [ 0.00000000e+00  0.00000000e+00  0.00000000e+00  0.00000000e+00
   0.00000000e+00  1.00000000e+00]]
Param #5124: delta too small; RMS=4.1127e-06 mm
quads_tilt_fit #0.00015567688609283777
delta_local #[0.00024315]
R1 #[[ 9.99999920e-01  0.00000000e+00  3.98823739e-04  0.00000000e+00
   0.00000000e+00  0.00000000e+00]
 [ 0.00000000e+00  9.99999920e-01  0.00000000e+00  3.98823739e-04
   0.00000000e+00  0.00000000e+00]
 [-3.98823739e-04  0.00000000e+00  9.99999920e-01  0.00000000e+00
   0.00000000e+00  0.00000000e+00]
 [ 0.00000000e+00 -3.98823739e-04  0.00000000e+00  9.99999920e-01
   0.00000000e+00  0.00000000e+00]
 [ 0.00000000e+00  0.00000000e+00  0.00000000e+00  0.00000000e+00
   1.00000000e+00  0.00000000e+00]
 [ 0.00000000e+00  0.00000000e+00  0.00000000e+00  0.00000000e+00
   0.00000000e+00  1.00000000e+00]]
R2 #[[ 9.99999920e-01  0.00000000e+00 -3.98823739e-04  0.00000000e+00
   0.00000000e+00  0.00000000e+00]
 [ 0.00000000e+00  9.99999920e-01  0.00000000e+00 -3.98823739e-04
   0.00000000e+00  0.00000000e+00]
 [ 3.98823739e-04  0.00000000e+00  9.99999920e-01  0.00000000e+00
   0.00000000e+00  0.00000000e+00]
 [ 0.00000000e+00  3.98823739e-04  0.00000000e+00  9.99999920e-01
   0.00000000e+00  0.00000000e+00]
 [ 0.00000000e+00  0.00000000e+00  0.00000000e+00  0.00000000e+00
   1.00000000e+00  0.00000000e+00]
 [ 0.00000000e+00  0.00000000e+00  0.00000000e+00  0.00000000e+00
   0.00000000e+00  1.00000000e+00]]
Param #5124: delta OK; RMS=0.0010002 mm
quads_tilt_fit #0.0005871954148010535
delta_local #[1.e-06]
R1 #[[ 9.99999827e-01  0.00000000e+00  5.88195381e-04  0.00000000e+00
   0.00000000e+00  0.00000000e+00]
 [ 0.00000000e+00  9.99999827e-01  0.00000000e+00  5.88195381e-04
   0.00000000e+00  0.00000000e+00]
 [-5.88195381e-04  0.00000000e+00  9.99999827e-01  0.00000000e+00
   0.00000000e+00  0.00000000e+00]
 [ 0.00000000e+00 -5.88195381e-04  0.00000000e+00  9.99999827e-01
   0.00000000e+00  0.00000000e+00]
 [ 0.00000000e+00  0.00000000e+00  0.00000000e+00  0.00000000e+00
   1.00000000e+00  0.00000000e+00]
 [ 0.00000000e+00  0.00000000e+00  0.00000000e+00  0.00000000e+00
   0.00000000e+00  1.00000000e+00]]
R2 #[[ 9.99999827e-01  0.00000000e+00 -5.88195381e-04  0.00000000e+00
   0.00000000e+00  0.00000000e+00]
 [ 0.00000000e+00  9.99999827e-01  0.00000000e+00 -5.88195381e-04
   0.00000000e+00  0.00000000e+00]
 [ 5.88195381e-04  0.00000000e+00  9.99999827e-01  0.00000000e+00
   0.00000000e+00  0.00000000e+00]
 [ 0.00000000e+00  5.88195381e-04  0.00000000e+00  9.99999827e-01
   0.00000000e+00  0.00000000e+00]
 [ 0.00000000e+00  0.00000000e+00  0.00000000e+00  0.00000000e+00
   1.00000000e+00  0.00000000e+00]
 [ 0.00000000e+00  0.00000000e+00  0.00000000e+00  0.00000000e+00
   0.00000000e+00  1.00000000e+00]]
Param #5138: delta too small; RMS=2.1875e-06 mm
quads_tilt_fit #0.0005871954148010535
delta_local #[0.00045715]
R1 #[[ 0.99999945  0.          0.00104434  0.          0.          0.        ]
 [ 0.          0.99999945  0.          0.00104434  0.          0.        ]
 [-0.00104434  0.          0.99999945  0.          0.          0.        ]
 [ 0.         -0.00104434  0.          0.99999945  0.          0.        ]
 [ 0.          0.          0.          0.          1.          0.        ]
 [ 0.          0.          0.          0.          0.          1.        ]]
R2 #[[ 0.99999945  0.         -0.00104434  0.          0.          0.        ]
 [ 0.          0.99999945  0.         -0.00104434  0.          0.        ]
 [ 0.00104434  0.          0.99999945  0.          0.          0.        ]
 [ 0.          0.00104434  0.          0.99999945  0.          0.        ]
 [ 0.          0.          0.          0.          1.          0.        ]
 [ 0.          0.          0.          0.          0.          1.        ]]
Param #5138: delta OK; RMS=0.0010003 mm
quads_tilt_fit #-0.0003408639615267515
delta_local #[1.e-06]
R1 #[[ 9.99999942e-01  0.00000000e+00 -3.39863955e-04  0.00000000e+00
   0.00000000e+00  0.00000000e+00]
 [ 0.00000000e+00  9.99999942e-01  0.00000000e+00 -3.39863955e-04
   0.00000000e+00  0.00000000e+00]
 [ 3.39863955e-04  0.00000000e+00  9.99999942e-01  0.00000000e+00
   0.00000000e+00  0.00000000e+00]
 [ 0.00000000e+00  3.39863955e-04  0.00000000e+00  9.99999942e-01
   0.00000000e+00  0.00000000e+00]
 [ 0.00000000e+00  0.00000000e+00  0.00000000e+00  0.00000000e+00
   1.00000000e+00  0.00000000e+00]
 [ 0.00000000e+00  0.00000000e+00  0.00000000e+00  0.00000000e+00
   0.00000000e+00  1.00000000e+00]]
R2 #[[ 9.99999942e-01  0.00000000e+00  3.39863955e-04  0.00000000e+00
   0.00000000e+00  0.00000000e+00]
 [ 0.00000000e+00  9.99999942e-01  0.00000000e+00  3.39863955e-04
   0.00000000e+00  0.00000000e+00]
 [-3.39863955e-04  0.00000000e+00  9.99999942e-01  0.00000000e+00
   0.00000000e+00  0.00000000e+00]
 [ 0.00000000e+00 -3.39863955e-04  0.00000000e+00  9.99999942e-01
   0.00000000e+00  0.00000000e+00]
 [ 0.00000000e+00  0.00000000e+00  0.00000000e+00  0.00000000e+00
   1.00000000e+00  0.00000000e+00]
 [ 0.00000000e+00  0.00000000e+00  0.00000000e+00  0.00000000e+00
   0.00000000e+00  1.00000000e+00]]
Param #5144: delta too small; RMS=3.2065e-06 mm
quads_tilt_fit #-0.0003408639615267515
delta_local #[0.00031186]
R1 #[[ 1.0000000e+00  0.0000000e+00 -2.9001494e-05  0.0000000e+00
   0.0000000e+00  0.0000000e+00]
 [ 0.0000000e+00  1.0000000e+00  0.0000000e+00 -2.9001494e-05
   0.0000000e+00  0.0000000e+00]
 [ 2.9001494e-05  0.0000000e+00  1.0000000e+00  0.0000000e+00
   0.0000000e+00  0.0000000e+00]
 [ 0.0000000e+00  2.9001494e-05  0.0000000e+00  1.0000000e+00
   0.0000000e+00  0.0000000e+00]
 [ 0.0000000e+00  0.0000000e+00  0.0000000e+00  0.0000000e+00
   1.0000000e+00  0.0000000e+00]
 [ 0.0000000e+00  0.0000000e+00  0.0000000e+00  0.0000000e+00
   0.0000000e+00  1.0000000e+00]]
R2 #[[ 1.0000000e+00  0.0000000e+00  2.9001494e-05  0.0000000e+00
   0.0000000e+00  0.0000000e+00]
 [ 0.0000000e+00  1.0000000e+00  0.0000000e+00  2.9001494e-05
   0.0000000e+00  0.0000000e+00]
 [-2.9001494e-05  0.0000000e+00  1.0000000e+00  0.0000000e+00
   0.0000000e+00  0.0000000e+00]
 [ 0.0000000e+00 -2.9001494e-05  0.0000000e+00  1.0000000e+00
   0.0000000e+00  0.0000000e+00]
 [ 0.0000000e+00  0.0000000e+00  0.0000000e+00  0.0000000e+00
   1.0000000e+00  0.0000000e+00]
 [ 0.0000000e+00  0.0000000e+00  0.0000000e+00  0.0000000e+00
   0.0000000e+00  1.0000000e+00]]
Param #5144: delta OK; RMS=0.00099972 mm
quads_tilt_fit #-0.00023034363746502346
delta_local #[1.e-06]
R1 #[[ 9.99999974e-01  0.00000000e+00 -2.29343635e-04  0.00000000e+00
   0.00000000e+00  0.00000000e+00]
 [ 0.00000000e+00  9.99999974e-01  0.00000000e+00 -2.29343635e-04
   0.00000000e+00  0.00000000e+00]
 [ 2.29343635e-04  0.00000000e+00  9.99999974e-01  0.00000000e+00
   0.00000000e+00  0.00000000e+00]
 [ 0.00000000e+00  2.29343635e-04  0.00000000e+00  9.99999974e-01
   0.00000000e+00  0.00000000e+00]
 [ 0.00000000e+00  0.00000000e+00  0.00000000e+00  0.00000000e+00
   1.00000000e+00  0.00000000e+00]
 [ 0.00000000e+00  0.00000000e+00  0.00000000e+00  0.00000000e+00
   0.00000000e+00  1.00000000e+00]]
R2 #[[ 9.99999974e-01  0.00000000e+00  2.29343635e-04  0.00000000e+00
   0.00000000e+00  0.00000000e+00]
 [ 0.00000000e+00  9.99999974e-01  0.00000000e+00  2.29343635e-04
   0.00000000e+00  0.00000000e+00]
 [-2.29343635e-04  0.00000000e+00  9.99999974e-01  0.00000000e+00
   0.00000000e+00  0.00000000e+00]
 [ 0.00000000e+00 -2.29343635e-04  0.00000000e+00  9.99999974e-01
   0.00000000e+00  0.00000000e+00]
 [ 0.00000000e+00  0.00000000e+00  0.00000000e+00  0.00000000e+00
   1.00000000e+00  0.00000000e+00]
 [ 0.00000000e+00  0.00000000e+00  0.00000000e+00  0.00000000e+00
   0.00000000e+00  1.00000000e+00]]
Param #5176: delta too small; RMS=2.6605e-06 mm
quads_tilt_fit #-0.00023034363746502346
delta_local #[0.00037587]
R1 #[[ 9.99999989e-01  0.00000000e+00  1.45524393e-04  0.00000000e+00
   0.00000000e+00  0.00000000e+00]
 [ 0.00000000e+00  9.99999989e-01  0.00000000e+00  1.45524393e-04
   0.00000000e+00  0.00000000e+00]
 [-1.45524393e-04  0.00000000e+00  9.99999989e-01  0.00000000e+00
   0.00000000e+00  0.00000000e+00]
 [ 0.00000000e+00 -1.45524393e-04  0.00000000e+00  9.99999989e-01
   0.00000000e+00  0.00000000e+00]
 [ 0.00000000e+00  0.00000000e+00  0.00000000e+00  0.00000000e+00
   1.00000000e+00  0.00000000e+00]
 [ 0.00000000e+00  0.00000000e+00  0.00000000e+00  0.00000000e+00
   0.00000000e+00  1.00000000e+00]]
R2 #[[ 9.99999989e-01  0.00000000e+00 -1.45524393e-04  0.00000000e+00
   0.00000000e+00  0.00000000e+00]
 [ 0.00000000e+00  9.99999989e-01  0.00000000e+00 -1.45524393e-04
   0.00000000e+00  0.00000000e+00]
 [ 1.45524393e-04  0.00000000e+00  9.99999989e-01  0.00000000e+00
   0.00000000e+00  0.00000000e+00]
 [ 0.00000000e+00  1.45524393e-04  0.00000000e+00  9.99999989e-01
   0.00000000e+00  0.00000000e+00]
 [ 0.00000000e+00  0.00000000e+00  0.00000000e+00  0.00000000e+00
   1.00000000e+00  0.00000000e+00]
 [ 0.00000000e+00  0.00000000e+00  0.00000000e+00  0.00000000e+00
   0.00000000e+00  1.00000000e+00]]
Param #5176: delta OK; RMS=0.0010003 mm
quads_tilt_fit #0.0002704693096570005
delta_local #[1.e-06]
R1 #[[ 9.99999963e-01  0.00000000e+00  2.71469306e-04  0.00000000e+00
   0.00000000e+00  0.00000000e+00]
 [ 0.00000000e+00  9.99999963e-01  0.00000000e+00  2.71469306e-04
   0.00000000e+00  0.00000000e+00]
 [-2.71469306e-04  0.00000000e+00  9.99999963e-01  0.00000000e+00
   0.00000000e+00  0.00000000e+00]
 [ 0.00000000e+00 -2.71469306e-04  0.00000000e+00  9.99999963e-01
   0.00000000e+00  0.00000000e+00]
 [ 0.00000000e+00  0.00000000e+00  0.00000000e+00  0.00000000e+00
   1.00000000e+00  0.00000000e+00]
 [ 0.00000000e+00  0.00000000e+00  0.00000000e+00  0.00000000e+00
   0.00000000e+00  1.00000000e+00]]
R2 #[[ 9.99999963e-01  0.00000000e+00 -2.71469306e-04  0.00000000e+00
   0.00000000e+00  0.00000000e+00]
 [ 0.00000000e+00  9.99999963e-01  0.00000000e+00 -2.71469306e-04
   0.00000000e+00  0.00000000e+00]
 [ 2.71469306e-04  0.00000000e+00  9.99999963e-01  0.00000000e+00
   0.00000000e+00  0.00000000e+00]
 [ 0.00000000e+00  2.71469306e-04  0.00000000e+00  9.99999963e-01
   0.00000000e+00  0.00000000e+00]
 [ 0.00000000e+00  0.00000000e+00  0.00000000e+00  0.00000000e+00
   1.00000000e+00  0.00000000e+00]
 [ 0.00000000e+00  0.00000000e+00  0.00000000e+00  0.00000000e+00
   0.00000000e+00  1.00000000e+00]]
Param #5182: delta too small; RMS=2.4627e-06 mm
quads_tilt_fit #0.0002704693096570005
delta_local #[0.00040606]
R1 #[[ 9.99999771e-01  0.00000000e+00  6.76527326e-04  0.00000000e+00
   0.00000000e+00  0.00000000e+00]
 [ 0.00000000e+00  9.99999771e-01  0.00000000e+00  6.76527326e-04
   0.00000000e+00  0.00000000e+00]
 [-6.76527326e-04  0.00000000e+00  9.99999771e-01  0.00000000e+00
   0.00000000e+00  0.00000000e+00]
 [ 0.00000000e+00 -6.76527326e-04  0.00000000e+00  9.99999771e-01
   0.00000000e+00  0.00000000e+00]
 [ 0.00000000e+00  0.00000000e+00  0.00000000e+00  0.00000000e+00
   1.00000000e+00  0.00000000e+00]
 [ 0.00000000e+00  0.00000000e+00  0.00000000e+00  0.00000000e+00
   0.00000000e+00  1.00000000e+00]]
R2 #[[ 9.99999771e-01  0.00000000e+00 -6.76527326e-04  0.00000000e+00
   0.00000000e+00  0.00000000e+00]
 [ 0.00000000e+00  9.99999771e-01  0.00000000e+00 -6.76527326e-04
   0.00000000e+00  0.00000000e+00]
 [ 6.76527326e-04  0.00000000e+00  9.99999771e-01  0.00000000e+00
   0.00000000e+00  0.00000000e+00]
 [ 0.00000000e+00  6.76527326e-04  0.00000000e+00  9.99999771e-01
   0.00000000e+00  0.00000000e+00]
 [ 0.00000000e+00  0.00000000e+00  0.00000000e+00  0.00000000e+00
   1.00000000e+00  0.00000000e+00]
 [ 0.00000000e+00  0.00000000e+00  0.00000000e+00  0.00000000e+00
   0.00000000e+00  1.00000000e+00]]
Param #5182: delta OK; RMS=0.0009998 mm
quads_tilt_fit #-0.00021551816107892146
delta_local #[1.e-06]
R1 #[[ 9.99999977e-01  0.00000000e+00 -2.14518159e-04  0.00000000e+00
   0.00000000e+00  0.00000000e+00]
 [ 0.00000000e+00  9.99999977e-01  0.00000000e+00 -2.14518159e-04
   0.00000000e+00  0.00000000e+00]
 [ 2.14518159e-04  0.00000000e+00  9.99999977e-01  0.00000000e+00
   0.00000000e+00  0.00000000e+00]
 [ 0.00000000e+00  2.14518159e-04  0.00000000e+00  9.99999977e-01
   0.00000000e+00  0.00000000e+00]
 [ 0.00000000e+00  0.00000000e+00  0.00000000e+00  0.00000000e+00
   1.00000000e+00  0.00000000e+00]
 [ 0.00000000e+00  0.00000000e+00  0.00000000e+00  0.00000000e+00
   0.00000000e+00  1.00000000e+00]]
R2 #[[ 9.99999977e-01  0.00000000e+00  2.14518159e-04  0.00000000e+00
   0.00000000e+00  0.00000000e+00]
 [ 0.00000000e+00  9.99999977e-01  0.00000000e+00  2.14518159e-04
   0.00000000e+00  0.00000000e+00]
 [-2.14518159e-04  0.00000000e+00  9.99999977e-01  0.00000000e+00
   0.00000000e+00  0.00000000e+00]
 [ 0.00000000e+00 -2.14518159e-04  0.00000000e+00  9.99999977e-01
   0.00000000e+00  0.00000000e+00]
 [ 0.00000000e+00  0.00000000e+00  0.00000000e+00  0.00000000e+00
   1.00000000e+00  0.00000000e+00]
 [ 0.00000000e+00  0.00000000e+00  0.00000000e+00  0.00000000e+00
   0.00000000e+00  1.00000000e+00]]
Param #5196: delta too small; RMS=1.279e-06 mm
quads_tilt_fit #-0.00021551816107892146
delta_local #[0.00078188]
R1 #[[ 9.99999840e-01  0.00000000e+00  5.66365135e-04  0.00000000e+00
   0.00000000e+00  0.00000000e+00]
 [ 0.00000000e+00  9.99999840e-01  0.00000000e+00  5.66365135e-04
   0.00000000e+00  0.00000000e+00]
 [-5.66365135e-04  0.00000000e+00  9.99999840e-01  0.00000000e+00
   0.00000000e+00  0.00000000e+00]
 [ 0.00000000e+00 -5.66365135e-04  0.00000000e+00  9.99999840e-01
   0.00000000e+00  0.00000000e+00]
 [ 0.00000000e+00  0.00000000e+00  0.00000000e+00  0.00000000e+00
   1.00000000e+00  0.00000000e+00]
 [ 0.00000000e+00  0.00000000e+00  0.00000000e+00  0.00000000e+00
   0.00000000e+00  1.00000000e+00]]
R2 #[[ 9.99999840e-01  0.00000000e+00 -5.66365135e-04  0.00000000e+00
   0.00000000e+00  0.00000000e+00]
 [ 0.00000000e+00  9.99999840e-01  0.00000000e+00 -5.66365135e-04
   0.00000000e+00  0.00000000e+00]
 [ 5.66365135e-04  0.00000000e+00  9.99999840e-01  0.00000000e+00
   0.00000000e+00  0.00000000e+00]
 [ 0.00000000e+00  5.66365135e-04  0.00000000e+00  9.99999840e-01
   0.00000000e+00  0.00000000e+00]
 [ 0.00000000e+00  0.00000000e+00  0.00000000e+00  0.00000000e+00
   1.00000000e+00  0.00000000e+00]
 [ 0.00000000e+00  0.00000000e+00  0.00000000e+00  0.00000000e+00
   0.00000000e+00  1.00000000e+00]]
Param #5196: delta OK; RMS=0.0010001 mm
quads_tilt_fit #-7.319515263045278e-05
delta_local #[1.e-06]
R1 #[[ 9.99999997e-01  0.00000000e+00 -7.21951526e-05  0.00000000e+00
   0.00000000e+00  0.00000000e+00]
 [ 0.00000000e+00  9.99999997e-01  0.00000000e+00 -7.21951526e-05
   0.00000000e+00  0.00000000e+00]
 [ 7.21951526e-05  0.00000000e+00  9.99999997e-01  0.00000000e+00
   0.00000000e+00  0.00000000e+00]
 [ 0.00000000e+00  7.21951526e-05  0.00000000e+00  9.99999997e-01
   0.00000000e+00  0.00000000e+00]
 [ 0.00000000e+00  0.00000000e+00  0.00000000e+00  0.00000000e+00
   1.00000000e+00  0.00000000e+00]
 [ 0.00000000e+00  0.00000000e+00  0.00000000e+00  0.00000000e+00
   0.00000000e+00  1.00000000e+00]]
R2 #[[ 9.99999997e-01  0.00000000e+00  7.21951526e-05  0.00000000e+00
   0.00000000e+00  0.00000000e+00]
 [ 0.00000000e+00  9.99999997e-01  0.00000000e+00  7.21951526e-05
   0.00000000e+00  0.00000000e+00]
 [-7.21951526e-05  0.00000000e+00  9.99999997e-01  0.00000000e+00
   0.00000000e+00  0.00000000e+00]
 [ 0.00000000e+00 -7.21951526e-05  0.00000000e+00  9.99999997e-01
   0.00000000e+00  0.00000000e+00]
 [ 0.00000000e+00  0.00000000e+00  0.00000000e+00  0.00000000e+00
   1.00000000e+00  0.00000000e+00]
 [ 0.00000000e+00  0.00000000e+00  0.00000000e+00  0.00000000e+00
   0.00000000e+00  1.00000000e+00]]
Param #5202: delta too small; RMS=3.4949e-06 mm
quads_tilt_fit #-7.319515263045278e-05
delta_local #[0.00028613]
R1 #[[ 9.99999977e-01  0.00000000e+00  2.12939274e-04  0.00000000e+00
   0.00000000e+00  0.00000000e+00]
 [ 0.00000000e+00  9.99999977e-01  0.00000000e+00  2.12939274e-04
   0.00000000e+00  0.00000000e+00]
 [-2.12939274e-04  0.00000000e+00  9.99999977e-01  0.00000000e+00
   0.00000000e+00  0.00000000e+00]
 [ 0.00000000e+00 -2.12939274e-04  0.00000000e+00  9.99999977e-01
   0.00000000e+00  0.00000000e+00]
 [ 0.00000000e+00  0.00000000e+00  0.00000000e+00  0.00000000e+00
   1.00000000e+00  0.00000000e+00]
 [ 0.00000000e+00  0.00000000e+00  0.00000000e+00  0.00000000e+00
   0.00000000e+00  1.00000000e+00]]
R2 #[[ 9.99999977e-01  0.00000000e+00 -2.12939274e-04  0.00000000e+00
   0.00000000e+00  0.00000000e+00]
 [ 0.00000000e+00  9.99999977e-01  0.00000000e+00 -2.12939274e-04
   0.00000000e+00  0.00000000e+00]
 [ 2.12939274e-04  0.00000000e+00  9.99999977e-01  0.00000000e+00
   0.00000000e+00  0.00000000e+00]
 [ 0.00000000e+00  2.12939274e-04  0.00000000e+00  9.99999977e-01
   0.00000000e+00  0.00000000e+00]
 [ 0.00000000e+00  0.00000000e+00  0.00000000e+00  0.00000000e+00
   1.00000000e+00  0.00000000e+00]
 [ 0.00000000e+00  0.00000000e+00  0.00000000e+00  0.00000000e+00
   0.00000000e+00  1.00000000e+00]]
Param #5202: delta OK; RMS=0.00099971 mm
quads_tilt_fit #0.0005456346393364872
delta_local #[1.e-06]
R1 #[[ 9.99999851e-01  0.00000000e+00  5.46634612e-04  0.00000000e+00
   0.00000000e+00  0.00000000e+00]
 [ 0.00000000e+00  9.99999851e-01  0.00000000e+00  5.46634612e-04
   0.00000000e+00  0.00000000e+00]
 [-5.46634612e-04  0.00000000e+00  9.99999851e-01  0.00000000e+00
   0.00000000e+00  0.00000000e+00]
 [ 0.00000000e+00 -5.46634612e-04  0.00000000e+00  9.99999851e-01
   0.00000000e+00  0.00000000e+00]
 [ 0.00000000e+00  0.00000000e+00  0.00000000e+00  0.00000000e+00
   1.00000000e+00  0.00000000e+00]
 [ 0.00000000e+00  0.00000000e+00  0.00000000e+00  0.00000000e+00
   0.00000000e+00  1.00000000e+00]]
R2 #[[ 9.99999851e-01  0.00000000e+00 -5.46634612e-04  0.00000000e+00
   0.00000000e+00  0.00000000e+00]
 [ 0.00000000e+00  9.99999851e-01  0.00000000e+00 -5.46634612e-04
   0.00000000e+00  0.00000000e+00]
 [ 5.46634612e-04  0.00000000e+00  9.99999851e-01  0.00000000e+00
   0.00000000e+00  0.00000000e+00]
 [ 0.00000000e+00  5.46634612e-04  0.00000000e+00  9.99999851e-01
   0.00000000e+00  0.00000000e+00]
 [ 0.00000000e+00  0.00000000e+00  0.00000000e+00  0.00000000e+00
   1.00000000e+00  0.00000000e+00]
 [ 0.00000000e+00  0.00000000e+00  0.00000000e+00  0.00000000e+00
   0.00000000e+00  1.00000000e+00]]
Param #5212: delta too small; RMS=1.1617e-06 mm
quads_tilt_fit #0.0005456346393364872
delta_local #[0.00086082]
R1 #[[ 0.99999901  0.          0.00140645  0.          0.          0.        ]
 [ 0.          0.99999901  0.          0.00140645  0.          0.        ]
 [-0.00140645  0.          0.99999901  0.          0.          0.        ]
 [ 0.         -0.00140645  0.          0.99999901  0.          0.        ]
 [ 0.          0.          0.          0.          1.          0.        ]
 [ 0.          0.          0.          0.          0.          1.        ]]
R2 #[[ 0.99999901  0.         -0.00140645  0.          0.          0.        ]
 [ 0.          0.99999901  0.         -0.00140645  0.          0.        ]
 [ 0.00140645  0.          0.99999901  0.          0.          0.        ]
 [ 0.          0.00140645  0.          0.99999901  0.          0.        ]
 [ 0.          0.          0.          0.          1.          0.        ]
 [ 0.          0.          0.          0.          0.          1.        ]]
Param #5212: delta OK; RMS=0.0010005 mm
quads_tilt_fit #-0.00013740067364711637
delta_local #[1.e-06]
R1 #[[ 9.99999991e-01  0.00000000e+00 -1.36400673e-04  0.00000000e+00
   0.00000000e+00  0.00000000e+00]
 [ 0.00000000e+00  9.99999991e-01  0.00000000e+00 -1.36400673e-04
   0.00000000e+00  0.00000000e+00]
 [ 1.36400673e-04  0.00000000e+00  9.99999991e-01  0.00000000e+00
   0.00000000e+00  0.00000000e+00]
 [ 0.00000000e+00  1.36400673e-04  0.00000000e+00  9.99999991e-01
   0.00000000e+00  0.00000000e+00]
 [ 0.00000000e+00  0.00000000e+00  0.00000000e+00  0.00000000e+00
   1.00000000e+00  0.00000000e+00]
 [ 0.00000000e+00  0.00000000e+00  0.00000000e+00  0.00000000e+00
   0.00000000e+00  1.00000000e+00]]
R2 #[[ 9.99999991e-01  0.00000000e+00  1.36400673e-04  0.00000000e+00
   0.00000000e+00  0.00000000e+00]
 [ 0.00000000e+00  9.99999991e-01  0.00000000e+00  1.36400673e-04
   0.00000000e+00  0.00000000e+00]
 [-1.36400673e-04  0.00000000e+00  9.99999991e-01  0.00000000e+00
   0.00000000e+00  0.00000000e+00]
 [ 0.00000000e+00 -1.36400673e-04  0.00000000e+00  9.99999991e-01
   0.00000000e+00  0.00000000e+00]
 [ 0.00000000e+00  0.00000000e+00  0.00000000e+00  0.00000000e+00
   1.00000000e+00  0.00000000e+00]
 [ 0.00000000e+00  0.00000000e+00  0.00000000e+00  0.00000000e+00
   0.00000000e+00  1.00000000e+00]]
Param #5226: delta too small; RMS=2.5817e-06 mm
quads_tilt_fit #-0.00013740067364711637
delta_local #[0.00038735]
R1 #[[ 9.99999969e-01  0.00000000e+00  2.49946639e-04  0.00000000e+00
   0.00000000e+00  0.00000000e+00]
 [ 0.00000000e+00  9.99999969e-01  0.00000000e+00  2.49946639e-04
   0.00000000e+00  0.00000000e+00]
 [-2.49946639e-04  0.00000000e+00  9.99999969e-01  0.00000000e+00
   0.00000000e+00  0.00000000e+00]
 [ 0.00000000e+00 -2.49946639e-04  0.00000000e+00  9.99999969e-01
   0.00000000e+00  0.00000000e+00]
 [ 0.00000000e+00  0.00000000e+00  0.00000000e+00  0.00000000e+00
   1.00000000e+00  0.00000000e+00]
 [ 0.00000000e+00  0.00000000e+00  0.00000000e+00  0.00000000e+00
   0.00000000e+00  1.00000000e+00]]
R2 #[[ 9.99999969e-01  0.00000000e+00 -2.49946639e-04  0.00000000e+00
   0.00000000e+00  0.00000000e+00]
 [ 0.00000000e+00  9.99999969e-01  0.00000000e+00 -2.49946639e-04
   0.00000000e+00  0.00000000e+00]
 [ 2.49946639e-04  0.00000000e+00  9.99999969e-01  0.00000000e+00
   0.00000000e+00  0.00000000e+00]
 [ 0.00000000e+00  2.49946639e-04  0.00000000e+00  9.99999969e-01
   0.00000000e+00  0.00000000e+00]
 [ 0.00000000e+00  0.00000000e+00  0.00000000e+00  0.00000000e+00
   1.00000000e+00  0.00000000e+00]
 [ 0.00000000e+00  0.00000000e+00  0.00000000e+00  0.00000000e+00
   0.00000000e+00  1.00000000e+00]]
Param #5226: delta OK; RMS=0.0010001 mm
quads_tilt_fit #6.989388756131767e-05
delta_local #[1.e-06]
R1 #[[ 9.99999997e-01  0.00000000e+00  7.08938875e-05  0.00000000e+00
   0.00000000e+00  0.00000000e+00]
 [ 0.00000000e+00  9.99999997e-01  0.00000000e+00  7.08938875e-05
   0.00000000e+00  0.00000000e+00]
 [-7.08938875e-05  0.00000000e+00  9.99999997e-01  0.00000000e+00
   0.00000000e+00  0.00000000e+00]
 [ 0.00000000e+00 -7.08938875e-05  0.00000000e+00  9.99999997e-01
   0.00000000e+00  0.00000000e+00]
 [ 0.00000000e+00  0.00000000e+00  0.00000000e+00  0.00000000e+00
   1.00000000e+00  0.00000000e+00]
 [ 0.00000000e+00  0.00000000e+00  0.00000000e+00  0.00000000e+00
   0.00000000e+00  1.00000000e+00]]
R2 #[[ 9.99999997e-01  0.00000000e+00 -7.08938875e-05  0.00000000e+00
   0.00000000e+00  0.00000000e+00]
 [ 0.00000000e+00  9.99999997e-01  0.00000000e+00 -7.08938875e-05
   0.00000000e+00  0.00000000e+00]
 [ 7.08938875e-05  0.00000000e+00  9.99999997e-01  0.00000000e+00
   0.00000000e+00  0.00000000e+00]
 [ 0.00000000e+00  7.08938875e-05  0.00000000e+00  9.99999997e-01
   0.00000000e+00  0.00000000e+00]
 [ 0.00000000e+00  0.00000000e+00  0.00000000e+00  0.00000000e+00
   1.00000000e+00  0.00000000e+00]
 [ 0.00000000e+00  0.00000000e+00  0.00000000e+00  0.00000000e+00
   0.00000000e+00  1.00000000e+00]]
Param #5232: delta too small; RMS=2.9508e-06 mm
quads_tilt_fit #6.989388756131767e-05
delta_local #[0.00033889]
R1 #[[ 9.99999916e-01  0.00000000e+00  4.08786785e-04  0.00000000e+00
   0.00000000e+00  0.00000000e+00]
 [ 0.00000000e+00  9.99999916e-01  0.00000000e+00  4.08786785e-04
   0.00000000e+00  0.00000000e+00]
 [-4.08786785e-04  0.00000000e+00  9.99999916e-01  0.00000000e+00
   0.00000000e+00  0.00000000e+00]
 [ 0.00000000e+00 -4.08786785e-04  0.00000000e+00  9.99999916e-01
   0.00000000e+00  0.00000000e+00]
 [ 0.00000000e+00  0.00000000e+00  0.00000000e+00  0.00000000e+00
   1.00000000e+00  0.00000000e+00]
 [ 0.00000000e+00  0.00000000e+00  0.00000000e+00  0.00000000e+00
   0.00000000e+00  1.00000000e+00]]
R2 #[[ 9.99999916e-01  0.00000000e+00 -4.08786785e-04  0.00000000e+00
   0.00000000e+00  0.00000000e+00]
 [ 0.00000000e+00  9.99999916e-01  0.00000000e+00 -4.08786785e-04
   0.00000000e+00  0.00000000e+00]
 [ 4.08786785e-04  0.00000000e+00  9.99999916e-01  0.00000000e+00
   0.00000000e+00  0.00000000e+00]
 [ 0.00000000e+00  4.08786785e-04  0.00000000e+00  9.99999916e-01
   0.00000000e+00  0.00000000e+00]
 [ 0.00000000e+00  0.00000000e+00  0.00000000e+00  0.00000000e+00
   1.00000000e+00  0.00000000e+00]
 [ 0.00000000e+00  0.00000000e+00  0.00000000e+00  0.00000000e+00
   0.00000000e+00  1.00000000e+00]]
Param #5232: delta OK; RMS=0.00099999 mm
quads_tilt_fit #-0.00047954789795139817
delta_local #[1.e-06]
R1 #[[ 9.99999885e-01  0.00000000e+00 -4.78547880e-04  0.00000000e+00
   0.00000000e+00  0.00000000e+00]
 [ 0.00000000e+00  9.99999885e-01  0.00000000e+00 -4.78547880e-04
   0.00000000e+00  0.00000000e+00]
 [ 4.78547880e-04  0.00000000e+00  9.99999885e-01  0.00000000e+00
   0.00000000e+00  0.00000000e+00]
 [ 0.00000000e+00  4.78547880e-04  0.00000000e+00  9.99999885e-01
   0.00000000e+00  0.00000000e+00]
 [ 0.00000000e+00  0.00000000e+00  0.00000000e+00  0.00000000e+00
   1.00000000e+00  0.00000000e+00]
 [ 0.00000000e+00  0.00000000e+00  0.00000000e+00  0.00000000e+00
   0.00000000e+00  1.00000000e+00]]
R2 #[[ 9.99999885e-01  0.00000000e+00  4.78547880e-04  0.00000000e+00
   0.00000000e+00  0.00000000e+00]
 [ 0.00000000e+00  9.99999885e-01  0.00000000e+00  4.78547880e-04
   0.00000000e+00  0.00000000e+00]
 [-4.78547880e-04  0.00000000e+00  9.99999885e-01  0.00000000e+00
   0.00000000e+00  0.00000000e+00]
 [ 0.00000000e+00 -4.78547880e-04  0.00000000e+00  9.99999885e-01
   0.00000000e+00  0.00000000e+00]
 [ 0.00000000e+00  0.00000000e+00  0.00000000e+00  0.00000000e+00
   1.00000000e+00  0.00000000e+00]
 [ 0.00000000e+00  0.00000000e+00  0.00000000e+00  0.00000000e+00
   0.00000000e+00  1.00000000e+00]]
Param #5264: delta too small; RMS=3.7791e-06 mm
quads_tilt_fit #-0.00047954789795139817
delta_local #[0.00026461]
R1 #[[ 9.99999977e-01  0.00000000e+00 -2.14937667e-04  0.00000000e+00
   0.00000000e+00  0.00000000e+00]
 [ 0.00000000e+00  9.99999977e-01  0.00000000e+00 -2.14937667e-04
   0.00000000e+00  0.00000000e+00]
 [ 2.14937667e-04  0.00000000e+00  9.99999977e-01  0.00000000e+00
   0.00000000e+00  0.00000000e+00]
 [ 0.00000000e+00  2.14937667e-04  0.00000000e+00  9.99999977e-01
   0.00000000e+00  0.00000000e+00]
 [ 0.00000000e+00  0.00000000e+00  0.00000000e+00  0.00000000e+00
   1.00000000e+00  0.00000000e+00]
 [ 0.00000000e+00  0.00000000e+00  0.00000000e+00  0.00000000e+00
   0.00000000e+00  1.00000000e+00]]
R2 #[[ 9.99999977e-01  0.00000000e+00  2.14937667e-04  0.00000000e+00
   0.00000000e+00  0.00000000e+00]
 [ 0.00000000e+00  9.99999977e-01  0.00000000e+00  2.14937667e-04
   0.00000000e+00  0.00000000e+00]
 [-2.14937667e-04  0.00000000e+00  9.99999977e-01  0.00000000e+00
   0.00000000e+00  0.00000000e+00]
 [ 0.00000000e+00 -2.14937667e-04  0.00000000e+00  9.99999977e-01
   0.00000000e+00  0.00000000e+00]
 [ 0.00000000e+00  0.00000000e+00  0.00000000e+00  0.00000000e+00
   1.00000000e+00  0.00000000e+00]
 [ 0.00000000e+00  0.00000000e+00  0.00000000e+00  0.00000000e+00
   0.00000000e+00  1.00000000e+00]]
Param #5264: delta OK; RMS=0.0010003 mm
quads_tilt_fit #0.0006909319336796914
delta_local #[1.e-06]
R1 #[[ 9.99999761e-01  0.00000000e+00  6.91931878e-04  0.00000000e+00
   0.00000000e+00  0.00000000e+00]
 [ 0.00000000e+00  9.99999761e-01  0.00000000e+00  6.91931878e-04
   0.00000000e+00  0.00000000e+00]
 [-6.91931878e-04  0.00000000e+00  9.99999761e-01  0.00000000e+00
   0.00000000e+00  0.00000000e+00]
 [ 0.00000000e+00 -6.91931878e-04  0.00000000e+00  9.99999761e-01
   0.00000000e+00  0.00000000e+00]
 [ 0.00000000e+00  0.00000000e+00  0.00000000e+00  0.00000000e+00
   1.00000000e+00  0.00000000e+00]
 [ 0.00000000e+00  0.00000000e+00  0.00000000e+00  0.00000000e+00
   0.00000000e+00  1.00000000e+00]]
R2 #[[ 9.99999761e-01  0.00000000e+00 -6.91931878e-04  0.00000000e+00
   0.00000000e+00  0.00000000e+00]
 [ 0.00000000e+00  9.99999761e-01  0.00000000e+00 -6.91931878e-04
   0.00000000e+00  0.00000000e+00]
 [ 6.91931878e-04  0.00000000e+00  9.99999761e-01  0.00000000e+00
   0.00000000e+00  0.00000000e+00]
 [ 0.00000000e+00  6.91931878e-04  0.00000000e+00  9.99999761e-01
   0.00000000e+00  0.00000000e+00]
 [ 0.00000000e+00  0.00000000e+00  0.00000000e+00  0.00000000e+00
   1.00000000e+00  0.00000000e+00]
 [ 0.00000000e+00  0.00000000e+00  0.00000000e+00  0.00000000e+00
   0.00000000e+00  1.00000000e+00]]
Param #5270: delta too small; RMS=2.5995e-06 mm
quads_tilt_fit #0.0006909319336796914
delta_local #[0.00038469]
R1 #[[ 0.99999942  0.          0.00107562  0.          0.          0.        ]
 [ 0.          0.99999942  0.          0.00107562  0.          0.        ]
 [-0.00107562  0.          0.99999942  0.          0.          0.        ]
 [ 0.         -0.00107562  0.          0.99999942  0.          0.        ]
 [ 0.          0.          0.          0.          1.          0.        ]
 [ 0.          0.          0.          0.          0.          1.        ]]
R2 #[[ 0.99999942  0.         -0.00107562  0.          0.          0.        ]
 [ 0.          0.99999942  0.         -0.00107562  0.          0.        ]
 [ 0.00107562  0.          0.99999942  0.          0.          0.        ]
 [ 0.          0.00107562  0.          0.99999942  0.          0.        ]
 [ 0.          0.          0.          0.          1.          0.        ]
 [ 0.          0.          0.          0.          0.          1.        ]]
Param #5270: delta OK; RMS=0.00099979 mm
quads_tilt_fit #-0.0005151404012598892
delta_local #[1.e-06]
R1 #[[ 9.99999868e-01  0.00000000e+00 -5.14140379e-04  0.00000000e+00
   0.00000000e+00  0.00000000e+00]
 [ 0.00000000e+00  9.99999868e-01  0.00000000e+00 -5.14140379e-04
   0.00000000e+00  0.00000000e+00]
 [ 5.14140379e-04  0.00000000e+00  9.99999868e-01  0.00000000e+00
   0.00000000e+00  0.00000000e+00]
 [ 0.00000000e+00  5.14140379e-04  0.00000000e+00  9.99999868e-01
   0.00000000e+00  0.00000000e+00]
 [ 0.00000000e+00  0.00000000e+00  0.00000000e+00  0.00000000e+00
   1.00000000e+00  0.00000000e+00]
 [ 0.00000000e+00  0.00000000e+00  0.00000000e+00  0.00000000e+00
   0.00000000e+00  1.00000000e+00]]
R2 #[[ 9.99999868e-01  0.00000000e+00  5.14140379e-04  0.00000000e+00
   0.00000000e+00  0.00000000e+00]
 [ 0.00000000e+00  9.99999868e-01  0.00000000e+00  5.14140379e-04
   0.00000000e+00  0.00000000e+00]
 [-5.14140379e-04  0.00000000e+00  9.99999868e-01  0.00000000e+00
   0.00000000e+00  0.00000000e+00]
 [ 0.00000000e+00 -5.14140379e-04  0.00000000e+00  9.99999868e-01
   0.00000000e+00  0.00000000e+00]
 [ 0.00000000e+00  0.00000000e+00  0.00000000e+00  0.00000000e+00
   1.00000000e+00  0.00000000e+00]
 [ 0.00000000e+00  0.00000000e+00  0.00000000e+00  0.00000000e+00
   0.00000000e+00  1.00000000e+00]]
Param #5286: delta too small; RMS=3.1018e-06 mm
quads_tilt_fit #-0.0005151404012598892
delta_local #[0.00032239]
R1 #[[ 9.99999981e-01  0.00000000e+00 -1.92747620e-04  0.00000000e+00
   0.00000000e+00  0.00000000e+00]
 [ 0.00000000e+00  9.99999981e-01  0.00000000e+00 -1.92747620e-04
   0.00000000e+00  0.00000000e+00]
 [ 1.92747620e-04  0.00000000e+00  9.99999981e-01  0.00000000e+00
   0.00000000e+00  0.00000000e+00]
 [ 0.00000000e+00  1.92747620e-04  0.00000000e+00  9.99999981e-01
   0.00000000e+00  0.00000000e+00]
 [ 0.00000000e+00  0.00000000e+00  0.00000000e+00  0.00000000e+00
   1.00000000e+00  0.00000000e+00]
 [ 0.00000000e+00  0.00000000e+00  0.00000000e+00  0.00000000e+00
   0.00000000e+00  1.00000000e+00]]
R2 #[[ 9.99999981e-01  0.00000000e+00  1.92747620e-04  0.00000000e+00
   0.00000000e+00  0.00000000e+00]
 [ 0.00000000e+00  9.99999981e-01  0.00000000e+00  1.92747620e-04
   0.00000000e+00  0.00000000e+00]
 [-1.92747620e-04  0.00000000e+00  9.99999981e-01  0.00000000e+00
   0.00000000e+00  0.00000000e+00]
 [ 0.00000000e+00 -1.92747620e-04  0.00000000e+00  9.99999981e-01
   0.00000000e+00  0.00000000e+00]
 [ 0.00000000e+00  0.00000000e+00  0.00000000e+00  0.00000000e+00
   1.00000000e+00  0.00000000e+00]
 [ 0.00000000e+00  0.00000000e+00  0.00000000e+00  0.00000000e+00
   0.00000000e+00  1.00000000e+00]]
Param #5286: delta OK; RMS=0.0010003 mm
quads_tilt_fit #0.00017832176018168345
delta_local #[1.e-06]
R1 #[[ 9.99999984e-01  0.00000000e+00  1.79321759e-04  0.00000000e+00
   0.00000000e+00  0.00000000e+00]
 [ 0.00000000e+00  9.99999984e-01  0.00000000e+00  1.79321759e-04
   0.00000000e+00  0.00000000e+00]
 [-1.79321759e-04  0.00000000e+00  9.99999984e-01  0.00000000e+00
   0.00000000e+00  0.00000000e+00]
 [ 0.00000000e+00 -1.79321759e-04  0.00000000e+00  9.99999984e-01
   0.00000000e+00  0.00000000e+00]
 [ 0.00000000e+00  0.00000000e+00  0.00000000e+00  0.00000000e+00
   1.00000000e+00  0.00000000e+00]
 [ 0.00000000e+00  0.00000000e+00  0.00000000e+00  0.00000000e+00
   0.00000000e+00  1.00000000e+00]]
R2 #[[ 9.99999984e-01  0.00000000e+00 -1.79321759e-04  0.00000000e+00
   0.00000000e+00  0.00000000e+00]
 [ 0.00000000e+00  9.99999984e-01  0.00000000e+00 -1.79321759e-04
   0.00000000e+00  0.00000000e+00]
 [ 1.79321759e-04  0.00000000e+00  9.99999984e-01  0.00000000e+00
   0.00000000e+00  0.00000000e+00]
 [ 0.00000000e+00  1.79321759e-04  0.00000000e+00  9.99999984e-01
   0.00000000e+00  0.00000000e+00]
 [ 0.00000000e+00  0.00000000e+00  0.00000000e+00  0.00000000e+00
   1.00000000e+00  0.00000000e+00]
 [ 0.00000000e+00  0.00000000e+00  0.00000000e+00  0.00000000e+00
   0.00000000e+00  1.00000000e+00]]
Param #5294: delta too small; RMS=5.53e-06 mm
quads_tilt_fit #0.00017832176018168345
delta_local #[0.00018083]
R1 #[[ 9.99999936e-01  0.00000000e+00  3.59155020e-04  0.00000000e+00
   0.00000000e+00  0.00000000e+00]
 [ 0.00000000e+00  9.99999936e-01  0.00000000e+00  3.59155020e-04
   0.00000000e+00  0.00000000e+00]
 [-3.59155020e-04  0.00000000e+00  9.99999936e-01  0.00000000e+00
   0.00000000e+00  0.00000000e+00]
 [ 0.00000000e+00 -3.59155020e-04  0.00000000e+00  9.99999936e-01
   0.00000000e+00  0.00000000e+00]
 [ 0.00000000e+00  0.00000000e+00  0.00000000e+00  0.00000000e+00
   1.00000000e+00  0.00000000e+00]
 [ 0.00000000e+00  0.00000000e+00  0.00000000e+00  0.00000000e+00
   0.00000000e+00  1.00000000e+00]]
R2 #[[ 9.99999936e-01  0.00000000e+00 -3.59155020e-04  0.00000000e+00
   0.00000000e+00  0.00000000e+00]
 [ 0.00000000e+00  9.99999936e-01  0.00000000e+00 -3.59155020e-04
   0.00000000e+00  0.00000000e+00]
 [ 3.59155020e-04  0.00000000e+00  9.99999936e-01  0.00000000e+00
   0.00000000e+00  0.00000000e+00]
 [ 0.00000000e+00  3.59155020e-04  0.00000000e+00  9.99999936e-01
   0.00000000e+00  0.00000000e+00]
 [ 0.00000000e+00  0.00000000e+00  0.00000000e+00  0.00000000e+00
   1.00000000e+00  0.00000000e+00]
 [ 0.00000000e+00  0.00000000e+00  0.00000000e+00  0.00000000e+00
   0.00000000e+00  1.00000000e+00]]
Param #5294: delta OK; RMS=0.00099974 mm
quads_tilt_fit #0.002753446501632493
delta_local #[1.e-06]
R1 #[[ 0.99999621  0.          0.00275444  0.          0.          0.        ]
 [ 0.          0.99999621  0.          0.00275444  0.          0.        ]
 [-0.00275444  0.          0.99999621  0.          0.          0.        ]
 [ 0.         -0.00275444  0.          0.99999621  0.          0.        ]
 [ 0.          0.          0.          0.          1.          0.        ]
 [ 0.          0.          0.          0.          0.          1.        ]]
R2 #[[ 0.99999621  0.         -0.00275444  0.          0.          0.        ]
 [ 0.          0.99999621  0.         -0.00275444  0.          0.        ]
 [ 0.00275444  0.          0.99999621  0.          0.          0.        ]
 [ 0.          0.00275444  0.          0.99999621  0.          0.        ]
 [ 0.          0.          0.          0.          1.          0.        ]
 [ 0.          0.          0.          0.          0.          1.        ]]
Param #5306: delta too small; RMS=1.5931e-06 mm
quads_tilt_fit #0.002753446501632493
delta_local #[0.00062772]
R1 #[[ 0.99999428  0.          0.00338116  0.          0.          0.        ]
 [ 0.          0.99999428  0.          0.00338116  0.          0.        ]
 [-0.00338116  0.          0.99999428  0.          0.          0.        ]
 [ 0.         -0.00338116  0.          0.99999428  0.          0.        ]
 [ 0.          0.          0.          0.          1.          0.        ]
 [ 0.          0.          0.          0.          0.          1.        ]]
R2 #[[ 0.99999428  0.         -0.00338116  0.          0.          0.        ]
 [ 0.          0.99999428  0.         -0.00338116  0.          0.        ]
 [ 0.00338116  0.          0.99999428  0.          0.          0.        ]
 [ 0.          0.00338116  0.          0.99999428  0.          0.        ]
 [ 0.          0.          0.          0.          1.          0.        ]
 [ 0.          0.          0.          0.          0.          1.        ]]
Param #5306: delta OK; RMS=0.001 mm
quads_tilt_fit #-0.0018773350972834742
delta_local #[1.e-06]
R1 #[[ 0.99999824  0.         -0.00187633  0.          0.          0.        ]
 [ 0.          0.99999824  0.         -0.00187633  0.          0.        ]
 [ 0.00187633  0.          0.99999824  0.          0.          0.        ]
 [ 0.          0.00187633  0.          0.99999824  0.          0.        ]
 [ 0.          0.          0.          0.          1.          0.        ]
 [ 0.          0.          0.          0.          0.          1.        ]]
R2 #[[ 0.99999824  0.          0.00187633  0.          0.          0.        ]
 [ 0.          0.99999824  0.          0.00187633  0.          0.        ]
 [-0.00187633  0.          0.99999824  0.          0.          0.        ]
 [ 0.         -0.00187633  0.          0.99999824  0.          0.        ]
 [ 0.          0.          0.          0.          1.          0.        ]
 [ 0.          0.          0.          0.          0.          1.        ]]
Param #5314: delta too small; RMS=2.4596e-06 mm
quads_tilt_fit #-0.0018773350972834742
delta_local #[0.00040656]
R1 #[[ 0.99999892  0.         -0.00147077  0.          0.          0.        ]
 [ 0.          0.99999892  0.         -0.00147077  0.          0.        ]
 [ 0.00147077  0.          0.99999892  0.          0.          0.        ]
 [ 0.          0.00147077  0.          0.99999892  0.          0.        ]
 [ 0.          0.          0.          0.          1.          0.        ]
 [ 0.          0.          0.          0.          0.          1.        ]]
R2 #[[ 0.99999892  0.          0.00147077  0.          0.          0.        ]
 [ 0.          0.99999892  0.          0.00147077  0.          0.        ]
 [-0.00147077  0.          0.99999892  0.          0.          0.        ]
 [ 0.         -0.00147077  0.          0.99999892  0.          0.        ]
 [ 0.          0.          0.          0.          1.          0.        ]
 [ 0.          0.          0.          0.          0.          1.        ]]
Param #5314: delta OK; RMS=0.0010003 mm
quads_tilt_fit #0.0024534813258525225
delta_local #[1.e-06]
R1 #[[ 0.99999699  0.          0.00245448  0.          0.          0.        ]
 [ 0.          0.99999699  0.          0.00245448  0.          0.        ]
 [-0.00245448  0.          0.99999699  0.          0.          0.        ]
 [ 0.         -0.00245448  0.          0.99999699  0.          0.        ]
 [ 0.          0.          0.          0.          1.          0.        ]
 [ 0.          0.          0.          0.          0.          1.        ]]
R2 #[[ 0.99999699  0.         -0.00245448  0.          0.          0.        ]
 [ 0.          0.99999699  0.         -0.00245448  0.          0.        ]
 [ 0.00245448  0.          0.99999699  0.          0.          0.        ]
 [ 0.          0.00245448  0.          0.99999699  0.          0.        ]
 [ 0.          0.          0.          0.          1.          0.        ]
 [ 0.          0.          0.          0.          0.          1.        ]]
Param #5325: delta too small; RMS=1.5698e-06 mm
quads_tilt_fit #0.0024534813258525225
delta_local #[0.00063702]
R1 #[[ 0.99999522  0.          0.0030905   0.          0.          0.        ]
 [ 0.          0.99999522  0.          0.0030905   0.          0.        ]
 [-0.0030905   0.          0.99999522  0.          0.          0.        ]
 [ 0.         -0.0030905   0.          0.99999522  0.          0.        ]
 [ 0.          0.          0.          0.          1.          0.        ]
 [ 0.          0.          0.          0.          0.          1.        ]]
R2 #[[ 0.99999522  0.         -0.0030905   0.          0.          0.        ]
 [ 0.          0.99999522  0.         -0.0030905   0.          0.        ]
 [ 0.0030905   0.          0.99999522  0.          0.          0.        ]
 [ 0.          0.0030905   0.          0.99999522  0.          0.        ]
 [ 0.          0.          0.          0.          1.          0.        ]
 [ 0.          0.          0.          0.          0.          1.        ]]
Param #5325: delta OK; RMS=0.00099964 mm
quads_tilt_fit #0.0026358930089401982
delta_local #[1.e-06]
R1 #[[ 0.99999652  0.          0.00263689  0.          0.          0.        ]
 [ 0.          0.99999652  0.          0.00263689  0.          0.        ]
 [-0.00263689  0.          0.99999652  0.          0.          0.        ]
 [ 0.         -0.00263689  0.          0.99999652  0.          0.        ]
 [ 0.          0.          0.          0.          1.          0.        ]
 [ 0.          0.          0.          0.          0.          1.        ]]
R2 #[[ 0.99999652  0.         -0.00263689  0.          0.          0.        ]
 [ 0.          0.99999652  0.         -0.00263689  0.          0.        ]
 [ 0.00263689  0.          0.99999652  0.          0.          0.        ]
 [ 0.          0.00263689  0.          0.99999652  0.          0.        ]
 [ 0.          0.          0.          0.          1.          0.        ]
 [ 0.          0.          0.          0.          0.          1.        ]]
Param #5333: delta too small; RMS=1.8614e-06 mm
quads_tilt_fit #0.0026358930089401982
delta_local #[0.00053724]
R1 #[[ 0.99999497  0.          0.00317313  0.          0.          0.        ]
 [ 0.          0.99999497  0.          0.00317313  0.          0.        ]
 [-0.00317313  0.          0.99999497  0.          0.          0.        ]
 [ 0.         -0.00317313  0.          0.99999497  0.          0.        ]
 [ 0.          0.          0.          0.          1.          0.        ]
 [ 0.          0.          0.          0.          0.          1.        ]]
R2 #[[ 0.99999497  0.         -0.00317313  0.          0.          0.        ]
 [ 0.          0.99999497  0.         -0.00317313  0.          0.        ]
 [ 0.00317313  0.          0.99999497  0.          0.          0.        ]
 [ 0.          0.00317313  0.          0.99999497  0.          0.        ]
 [ 0.          0.          0.          0.          1.          0.        ]
 [ 0.          0.          0.          0.          0.          1.        ]]
Param #5333: delta OK; RMS=0.0010002 mm
quads_tilt_fit #0.00019290536166498252
delta_local #[1.e-06]
R1 #[[ 9.99999981e-01  0.00000000e+00  1.93905360e-04  0.00000000e+00
   0.00000000e+00  0.00000000e+00]
 [ 0.00000000e+00  9.99999981e-01  0.00000000e+00  1.93905360e-04
   0.00000000e+00  0.00000000e+00]
 [-1.93905360e-04  0.00000000e+00  9.99999981e-01  0.00000000e+00
   0.00000000e+00  0.00000000e+00]
 [ 0.00000000e+00 -1.93905360e-04  0.00000000e+00  9.99999981e-01
   0.00000000e+00  0.00000000e+00]
 [ 0.00000000e+00  0.00000000e+00  0.00000000e+00  0.00000000e+00
   1.00000000e+00  0.00000000e+00]
 [ 0.00000000e+00  0.00000000e+00  0.00000000e+00  0.00000000e+00
   0.00000000e+00  1.00000000e+00]]
R2 #[[ 9.99999981e-01  0.00000000e+00 -1.93905360e-04  0.00000000e+00
   0.00000000e+00  0.00000000e+00]
 [ 0.00000000e+00  9.99999981e-01  0.00000000e+00 -1.93905360e-04
   0.00000000e+00  0.00000000e+00]
 [ 1.93905360e-04  0.00000000e+00  9.99999981e-01  0.00000000e+00
   0.00000000e+00  0.00000000e+00]
 [ 0.00000000e+00  1.93905360e-04  0.00000000e+00  9.99999981e-01
   0.00000000e+00  0.00000000e+00]
 [ 0.00000000e+00  0.00000000e+00  0.00000000e+00  0.00000000e+00
   1.00000000e+00  0.00000000e+00]
 [ 0.00000000e+00  0.00000000e+00  0.00000000e+00  0.00000000e+00
   0.00000000e+00  1.00000000e+00]]
Param #6575: delta too small; RMS=4.911e-06 mm
quads_tilt_fit #0.00019290536166498252
delta_local #[0.00020363]
R1 #[[ 9.99999921e-01  0.00000000e+00  3.96531456e-04  0.00000000e+00
   0.00000000e+00  0.00000000e+00]
 [ 0.00000000e+00  9.99999921e-01  0.00000000e+00  3.96531456e-04
   0.00000000e+00  0.00000000e+00]
 [-3.96531456e-04  0.00000000e+00  9.99999921e-01  0.00000000e+00
   0.00000000e+00  0.00000000e+00]
 [ 0.00000000e+00 -3.96531456e-04  0.00000000e+00  9.99999921e-01
   0.00000000e+00  0.00000000e+00]
 [ 0.00000000e+00  0.00000000e+00  0.00000000e+00  0.00000000e+00
   1.00000000e+00  0.00000000e+00]
 [ 0.00000000e+00  0.00000000e+00  0.00000000e+00  0.00000000e+00
   0.00000000e+00  1.00000000e+00]]
R2 #[[ 9.99999921e-01  0.00000000e+00 -3.96531456e-04  0.00000000e+00
   0.00000000e+00  0.00000000e+00]
 [ 0.00000000e+00  9.99999921e-01  0.00000000e+00 -3.96531456e-04
   0.00000000e+00  0.00000000e+00]
 [ 3.96531456e-04  0.00000000e+00  9.99999921e-01  0.00000000e+00
   0.00000000e+00  0.00000000e+00]
 [ 0.00000000e+00  3.96531456e-04  0.00000000e+00  9.99999921e-01
   0.00000000e+00  0.00000000e+00]
 [ 0.00000000e+00  0.00000000e+00  0.00000000e+00  0.00000000e+00
   1.00000000e+00  0.00000000e+00]
 [ 0.00000000e+00  0.00000000e+00  0.00000000e+00  0.00000000e+00
   0.00000000e+00  1.00000000e+00]]
Param #6575: delta OK; RMS=0.00099999 mm
quads_tilt_fit #-0.00011105202418771422
delta_local #[1.e-06]
R1 #[[ 9.99999994e-01  0.00000000e+00 -1.10052024e-04  0.00000000e+00
   0.00000000e+00  0.00000000e+00]
 [ 0.00000000e+00  9.99999994e-01  0.00000000e+00 -1.10052024e-04
   0.00000000e+00  0.00000000e+00]
 [ 1.10052024e-04  0.00000000e+00  9.99999994e-01  0.00000000e+00
   0.00000000e+00  0.00000000e+00]
 [ 0.00000000e+00  1.10052024e-04  0.00000000e+00  9.99999994e-01
   0.00000000e+00  0.00000000e+00]
 [ 0.00000000e+00  0.00000000e+00  0.00000000e+00  0.00000000e+00
   1.00000000e+00  0.00000000e+00]
 [ 0.00000000e+00  0.00000000e+00  0.00000000e+00  0.00000000e+00
   0.00000000e+00  1.00000000e+00]]
R2 #[[ 9.99999994e-01  0.00000000e+00  1.10052024e-04  0.00000000e+00
   0.00000000e+00  0.00000000e+00]
 [ 0.00000000e+00  9.99999994e-01  0.00000000e+00  1.10052024e-04
   0.00000000e+00  0.00000000e+00]
 [-1.10052024e-04  0.00000000e+00  9.99999994e-01  0.00000000e+00
   0.00000000e+00  0.00000000e+00]
 [ 0.00000000e+00 -1.10052024e-04  0.00000000e+00  9.99999994e-01
   0.00000000e+00  0.00000000e+00]
 [ 0.00000000e+00  0.00000000e+00  0.00000000e+00  0.00000000e+00
   1.00000000e+00  0.00000000e+00]
 [ 0.00000000e+00  0.00000000e+00  0.00000000e+00  0.00000000e+00
   0.00000000e+00  1.00000000e+00]]
Param #6579: delta too small; RMS=2.7582e-06 mm
quads_tilt_fit #-0.00011105202418771422
delta_local #[0.00036256]
R1 #[[ 9.99999968e-01  0.00000000e+00  2.51506766e-04  0.00000000e+00
   0.00000000e+00  0.00000000e+00]
 [ 0.00000000e+00  9.99999968e-01  0.00000000e+00  2.51506766e-04
   0.00000000e+00  0.00000000e+00]
 [-2.51506766e-04  0.00000000e+00  9.99999968e-01  0.00000000e+00
   0.00000000e+00  0.00000000e+00]
 [ 0.00000000e+00 -2.51506766e-04  0.00000000e+00  9.99999968e-01
   0.00000000e+00  0.00000000e+00]
 [ 0.00000000e+00  0.00000000e+00  0.00000000e+00  0.00000000e+00
   1.00000000e+00  0.00000000e+00]
 [ 0.00000000e+00  0.00000000e+00  0.00000000e+00  0.00000000e+00
   0.00000000e+00  1.00000000e+00]]
R2 #[[ 9.99999968e-01  0.00000000e+00 -2.51506766e-04  0.00000000e+00
   0.00000000e+00  0.00000000e+00]
 [ 0.00000000e+00  9.99999968e-01  0.00000000e+00 -2.51506766e-04
   0.00000000e+00  0.00000000e+00]
 [ 2.51506766e-04  0.00000000e+00  9.99999968e-01  0.00000000e+00
   0.00000000e+00  0.00000000e+00]
 [ 0.00000000e+00  2.51506766e-04  0.00000000e+00  9.99999968e-01
   0.00000000e+00  0.00000000e+00]
 [ 0.00000000e+00  0.00000000e+00  0.00000000e+00  0.00000000e+00
   1.00000000e+00  0.00000000e+00]
 [ 0.00000000e+00  0.00000000e+00  0.00000000e+00  0.00000000e+00
   0.00000000e+00  1.00000000e+00]]
Param #6579: delta OK; RMS=0.001 mm
quads_tilt_fit #-0.0001263269806870831
delta_local #[1.e-06]
R1 #[[ 9.99999992e-01  0.00000000e+00 -1.25326980e-04  0.00000000e+00
   0.00000000e+00  0.00000000e+00]
 [ 0.00000000e+00  9.99999992e-01  0.00000000e+00 -1.25326980e-04
   0.00000000e+00  0.00000000e+00]
 [ 1.25326980e-04  0.00000000e+00  9.99999992e-01  0.00000000e+00
   0.00000000e+00  0.00000000e+00]
 [ 0.00000000e+00  1.25326980e-04  0.00000000e+00  9.99999992e-01
   0.00000000e+00  0.00000000e+00]
 [ 0.00000000e+00  0.00000000e+00  0.00000000e+00  0.00000000e+00
   1.00000000e+00  0.00000000e+00]
 [ 0.00000000e+00  0.00000000e+00  0.00000000e+00  0.00000000e+00
   0.00000000e+00  1.00000000e+00]]
R2 #[[ 9.99999992e-01  0.00000000e+00  1.25326980e-04  0.00000000e+00
   0.00000000e+00  0.00000000e+00]
 [ 0.00000000e+00  9.99999992e-01  0.00000000e+00  1.25326980e-04
   0.00000000e+00  0.00000000e+00]
 [-1.25326980e-04  0.00000000e+00  9.99999992e-01  0.00000000e+00
   0.00000000e+00  0.00000000e+00]
 [ 0.00000000e+00 -1.25326980e-04  0.00000000e+00  9.99999992e-01
   0.00000000e+00  0.00000000e+00]
 [ 0.00000000e+00  0.00000000e+00  0.00000000e+00  0.00000000e+00
   1.00000000e+00  0.00000000e+00]
 [ 0.00000000e+00  0.00000000e+00  0.00000000e+00  0.00000000e+00
   0.00000000e+00  1.00000000e+00]]
Param #6593: delta too small; RMS=2.2995e-06 mm
quads_tilt_fit #-0.0001263269806870831
delta_local #[0.00043487]
R1 #[[ 9.99999952e-01  0.00000000e+00  3.08543927e-04  0.00000000e+00
   0.00000000e+00  0.00000000e+00]
 [ 0.00000000e+00  9.99999952e-01  0.00000000e+00  3.08543927e-04
   0.00000000e+00  0.00000000e+00]
 [-3.08543927e-04  0.00000000e+00  9.99999952e-01  0.00000000e+00
   0.00000000e+00  0.00000000e+00]
 [ 0.00000000e+00 -3.08543927e-04  0.00000000e+00  9.99999952e-01
   0.00000000e+00  0.00000000e+00]
 [ 0.00000000e+00  0.00000000e+00  0.00000000e+00  0.00000000e+00
   1.00000000e+00  0.00000000e+00]
 [ 0.00000000e+00  0.00000000e+00  0.00000000e+00  0.00000000e+00
   0.00000000e+00  1.00000000e+00]]
R2 #[[ 9.99999952e-01  0.00000000e+00 -3.08543927e-04  0.00000000e+00
   0.00000000e+00  0.00000000e+00]
 [ 0.00000000e+00  9.99999952e-01  0.00000000e+00 -3.08543927e-04
   0.00000000e+00  0.00000000e+00]
 [ 3.08543927e-04  0.00000000e+00  9.99999952e-01  0.00000000e+00
   0.00000000e+00  0.00000000e+00]
 [ 0.00000000e+00  3.08543927e-04  0.00000000e+00  9.99999952e-01
   0.00000000e+00  0.00000000e+00]
 [ 0.00000000e+00  0.00000000e+00  0.00000000e+00  0.00000000e+00
   1.00000000e+00  0.00000000e+00]
 [ 0.00000000e+00  0.00000000e+00  0.00000000e+00  0.00000000e+00
   0.00000000e+00  1.00000000e+00]]
Param #6593: delta OK; RMS=0.0010001 mm
quads_tilt_fit #0.000216152906111844
delta_local #[1.e-06]
R1 #[[ 9.99999976e-01  0.00000000e+00  2.17152904e-04  0.00000000e+00
   0.00000000e+00  0.00000000e+00]
 [ 0.00000000e+00  9.99999976e-01  0.00000000e+00  2.17152904e-04
   0.00000000e+00  0.00000000e+00]
 [-2.17152904e-04  0.00000000e+00  9.99999976e-01  0.00000000e+00
   0.00000000e+00  0.00000000e+00]
 [ 0.00000000e+00 -2.17152904e-04  0.00000000e+00  9.99999976e-01
   0.00000000e+00  0.00000000e+00]
 [ 0.00000000e+00  0.00000000e+00  0.00000000e+00  0.00000000e+00
   1.00000000e+00  0.00000000e+00]
 [ 0.00000000e+00  0.00000000e+00  0.00000000e+00  0.00000000e+00
   0.00000000e+00  1.00000000e+00]]
R2 #[[ 9.99999976e-01  0.00000000e+00 -2.17152904e-04  0.00000000e+00
   0.00000000e+00  0.00000000e+00]
 [ 0.00000000e+00  9.99999976e-01  0.00000000e+00 -2.17152904e-04
   0.00000000e+00  0.00000000e+00]
 [ 2.17152904e-04  0.00000000e+00  9.99999976e-01  0.00000000e+00
   0.00000000e+00  0.00000000e+00]
 [ 0.00000000e+00  2.17152904e-04  0.00000000e+00  9.99999976e-01
   0.00000000e+00  0.00000000e+00]
 [ 0.00000000e+00  0.00000000e+00  0.00000000e+00  0.00000000e+00
   1.00000000e+00  0.00000000e+00]
 [ 0.00000000e+00  0.00000000e+00  0.00000000e+00  0.00000000e+00
   0.00000000e+00  1.00000000e+00]]
Param #6599: delta too small; RMS=3.2783e-06 mm
quads_tilt_fit #0.000216152906111844
delta_local #[0.00030504]
R1 #[[ 9.99999864e-01  0.00000000e+00  5.21191619e-04  0.00000000e+00
   0.00000000e+00  0.00000000e+00]
 [ 0.00000000e+00  9.99999864e-01  0.00000000e+00  5.21191619e-04
   0.00000000e+00  0.00000000e+00]
 [-5.21191619e-04  0.00000000e+00  9.99999864e-01  0.00000000e+00
   0.00000000e+00  0.00000000e+00]
 [ 0.00000000e+00 -5.21191619e-04  0.00000000e+00  9.99999864e-01
   0.00000000e+00  0.00000000e+00]
 [ 0.00000000e+00  0.00000000e+00  0.00000000e+00  0.00000000e+00
   1.00000000e+00  0.00000000e+00]
 [ 0.00000000e+00  0.00000000e+00  0.00000000e+00  0.00000000e+00
   0.00000000e+00  1.00000000e+00]]
R2 #[[ 9.99999864e-01  0.00000000e+00 -5.21191619e-04  0.00000000e+00
   0.00000000e+00  0.00000000e+00]
 [ 0.00000000e+00  9.99999864e-01  0.00000000e+00 -5.21191619e-04
   0.00000000e+00  0.00000000e+00]
 [ 5.21191619e-04  0.00000000e+00  9.99999864e-01  0.00000000e+00
   0.00000000e+00  0.00000000e+00]
 [ 0.00000000e+00  5.21191619e-04  0.00000000e+00  9.99999864e-01
   0.00000000e+00  0.00000000e+00]
 [ 0.00000000e+00  0.00000000e+00  0.00000000e+00  0.00000000e+00
   1.00000000e+00  0.00000000e+00]
 [ 0.00000000e+00  0.00000000e+00  0.00000000e+00  0.00000000e+00
   0.00000000e+00  1.00000000e+00]]
Param #6599: delta OK; RMS=0.00099978 mm
quads_tilt_fit #0.00017576466631212428
delta_local #[1.e-06]
R1 #[[ 9.99999984e-01  0.00000000e+00  1.76764665e-04  0.00000000e+00
   0.00000000e+00  0.00000000e+00]
 [ 0.00000000e+00  9.99999984e-01  0.00000000e+00  1.76764665e-04
   0.00000000e+00  0.00000000e+00]
 [-1.76764665e-04  0.00000000e+00  9.99999984e-01  0.00000000e+00
   0.00000000e+00  0.00000000e+00]
 [ 0.00000000e+00 -1.76764665e-04  0.00000000e+00  9.99999984e-01
   0.00000000e+00  0.00000000e+00]
 [ 0.00000000e+00  0.00000000e+00  0.00000000e+00  0.00000000e+00
   1.00000000e+00  0.00000000e+00]
 [ 0.00000000e+00  0.00000000e+00  0.00000000e+00  0.00000000e+00
   0.00000000e+00  1.00000000e+00]]
R2 #[[ 9.99999984e-01  0.00000000e+00 -1.76764665e-04  0.00000000e+00
   0.00000000e+00  0.00000000e+00]
 [ 0.00000000e+00  9.99999984e-01  0.00000000e+00 -1.76764665e-04
   0.00000000e+00  0.00000000e+00]
 [ 1.76764665e-04  0.00000000e+00  9.99999984e-01  0.00000000e+00
   0.00000000e+00  0.00000000e+00]
 [ 0.00000000e+00  1.76764665e-04  0.00000000e+00  9.99999984e-01
   0.00000000e+00  0.00000000e+00]
 [ 0.00000000e+00  0.00000000e+00  0.00000000e+00  0.00000000e+00
   1.00000000e+00  0.00000000e+00]
 [ 0.00000000e+00  0.00000000e+00  0.00000000e+00  0.00000000e+00
   0.00000000e+00  1.00000000e+00]]
Param #6631: delta too small; RMS=3.9698e-06 mm
quads_tilt_fit #0.00017576466631212428
delta_local #[0.0002519]
R1 #[[ 9.99999909e-01  0.00000000e+00  4.27667175e-04  0.00000000e+00
   0.00000000e+00  0.00000000e+00]
 [ 0.00000000e+00  9.99999909e-01  0.00000000e+00  4.27667175e-04
   0.00000000e+00  0.00000000e+00]
 [-4.27667175e-04  0.00000000e+00  9.99999909e-01  0.00000000e+00
   0.00000000e+00  0.00000000e+00]
 [ 0.00000000e+00 -4.27667175e-04  0.00000000e+00  9.99999909e-01
   0.00000000e+00  0.00000000e+00]
 [ 0.00000000e+00  0.00000000e+00  0.00000000e+00  0.00000000e+00
   1.00000000e+00  0.00000000e+00]
 [ 0.00000000e+00  0.00000000e+00  0.00000000e+00  0.00000000e+00
   0.00000000e+00  1.00000000e+00]]
R2 #[[ 9.99999909e-01  0.00000000e+00 -4.27667175e-04  0.00000000e+00
   0.00000000e+00  0.00000000e+00]
 [ 0.00000000e+00  9.99999909e-01  0.00000000e+00 -4.27667175e-04
   0.00000000e+00  0.00000000e+00]
 [ 4.27667175e-04  0.00000000e+00  9.99999909e-01  0.00000000e+00
   0.00000000e+00  0.00000000e+00]
 [ 0.00000000e+00  4.27667175e-04  0.00000000e+00  9.99999909e-01
   0.00000000e+00  0.00000000e+00]
 [ 0.00000000e+00  0.00000000e+00  0.00000000e+00  0.00000000e+00
   1.00000000e+00  0.00000000e+00]
 [ 0.00000000e+00  0.00000000e+00  0.00000000e+00  0.00000000e+00
   0.00000000e+00  1.00000000e+00]]
Param #6631: delta OK; RMS=0.00099966 mm
quads_tilt_fit #-8.822200388725393e-06
delta_local #[1.e-06]
R1 #[[ 1.00000000e+00  0.00000000e+00 -7.82220039e-06  0.00000000e+00
   0.00000000e+00  0.00000000e+00]
 [ 0.00000000e+00  1.00000000e+00  0.00000000e+00 -7.82220039e-06
   0.00000000e+00  0.00000000e+00]
 [ 7.82220039e-06  0.00000000e+00  1.00000000e+00  0.00000000e+00
   0.00000000e+00  0.00000000e+00]
 [ 0.00000000e+00  7.82220039e-06  0.00000000e+00  1.00000000e+00
   0.00000000e+00  0.00000000e+00]
 [ 0.00000000e+00  0.00000000e+00  0.00000000e+00  0.00000000e+00
   1.00000000e+00  0.00000000e+00]
 [ 0.00000000e+00  0.00000000e+00  0.00000000e+00  0.00000000e+00
   0.00000000e+00  1.00000000e+00]]
R2 #[[ 1.00000000e+00  0.00000000e+00  7.82220039e-06  0.00000000e+00
   0.00000000e+00  0.00000000e+00]
 [ 0.00000000e+00  1.00000000e+00  0.00000000e+00  7.82220039e-06
   0.00000000e+00  0.00000000e+00]
 [-7.82220039e-06  0.00000000e+00  1.00000000e+00  0.00000000e+00
   0.00000000e+00  0.00000000e+00]
 [ 0.00000000e+00 -7.82220039e-06  0.00000000e+00  1.00000000e+00
   0.00000000e+00  0.00000000e+00]
 [ 0.00000000e+00  0.00000000e+00  0.00000000e+00  0.00000000e+00
   1.00000000e+00  0.00000000e+00]
 [ 0.00000000e+00  0.00000000e+00  0.00000000e+00  0.00000000e+00
   0.00000000e+00  1.00000000e+00]]
Param #6637: delta too small; RMS=3.4863e-06 mm
quads_tilt_fit #-8.822200388725393e-06
delta_local #[0.00028684]
R1 #[[ 9.99999961e-01  0.00000000e+00  2.78015963e-04  0.00000000e+00
   0.00000000e+00  0.00000000e+00]
 [ 0.00000000e+00  9.99999961e-01  0.00000000e+00  2.78015963e-04
   0.00000000e+00  0.00000000e+00]
 [-2.78015963e-04  0.00000000e+00  9.99999961e-01  0.00000000e+00
   0.00000000e+00  0.00000000e+00]
 [ 0.00000000e+00 -2.78015963e-04  0.00000000e+00  9.99999961e-01
   0.00000000e+00  0.00000000e+00]
 [ 0.00000000e+00  0.00000000e+00  0.00000000e+00  0.00000000e+00
   1.00000000e+00  0.00000000e+00]
 [ 0.00000000e+00  0.00000000e+00  0.00000000e+00  0.00000000e+00
   0.00000000e+00  1.00000000e+00]]
R2 #[[ 9.99999961e-01  0.00000000e+00 -2.78015963e-04  0.00000000e+00
   0.00000000e+00  0.00000000e+00]
 [ 0.00000000e+00  9.99999961e-01  0.00000000e+00 -2.78015963e-04
   0.00000000e+00  0.00000000e+00]
 [ 2.78015963e-04  0.00000000e+00  9.99999961e-01  0.00000000e+00
   0.00000000e+00  0.00000000e+00]
 [ 0.00000000e+00  2.78015963e-04  0.00000000e+00  9.99999961e-01
   0.00000000e+00  0.00000000e+00]
 [ 0.00000000e+00  0.00000000e+00  0.00000000e+00  0.00000000e+00
   1.00000000e+00  0.00000000e+00]
 [ 0.00000000e+00  0.00000000e+00  0.00000000e+00  0.00000000e+00
   0.00000000e+00  1.00000000e+00]]
Param #6637: delta OK; RMS=0.0010003 mm
quads_tilt_fit #5.1055455928159015e-05
delta_local #[1.e-06]
R1 #[[ 9.99999999e-01  0.00000000e+00  5.20554559e-05  0.00000000e+00
   0.00000000e+00  0.00000000e+00]
 [ 0.00000000e+00  9.99999999e-01  0.00000000e+00  5.20554559e-05
   0.00000000e+00  0.00000000e+00]
 [-5.20554559e-05  0.00000000e+00  9.99999999e-01  0.00000000e+00
   0.00000000e+00  0.00000000e+00]
 [ 0.00000000e+00 -5.20554559e-05  0.00000000e+00  9.99999999e-01
   0.00000000e+00  0.00000000e+00]
 [ 0.00000000e+00  0.00000000e+00  0.00000000e+00  0.00000000e+00
   1.00000000e+00  0.00000000e+00]
 [ 0.00000000e+00  0.00000000e+00  0.00000000e+00  0.00000000e+00
   0.00000000e+00  1.00000000e+00]]
R2 #[[ 9.99999999e-01  0.00000000e+00 -5.20554559e-05  0.00000000e+00
   0.00000000e+00  0.00000000e+00]
 [ 0.00000000e+00  9.99999999e-01  0.00000000e+00 -5.20554559e-05
   0.00000000e+00  0.00000000e+00]
 [ 5.20554559e-05  0.00000000e+00  9.99999999e-01  0.00000000e+00
   0.00000000e+00  0.00000000e+00]
 [ 0.00000000e+00  5.20554559e-05  0.00000000e+00  9.99999999e-01
   0.00000000e+00  0.00000000e+00]
 [ 0.00000000e+00  0.00000000e+00  0.00000000e+00  0.00000000e+00
   1.00000000e+00  0.00000000e+00]
 [ 0.00000000e+00  0.00000000e+00  0.00000000e+00  0.00000000e+00
   0.00000000e+00  1.00000000e+00]]
Param #6651: delta too small; RMS=1.1873e-06 mm
quads_tilt_fit #5.1055455928159015e-05
delta_local #[0.00084223]
R1 #[[ 9.99999601e-01  0.00000000e+00  8.93289015e-04  0.00000000e+00
   0.00000000e+00  0.00000000e+00]
 [ 0.00000000e+00  9.99999601e-01  0.00000000e+00  8.93289015e-04
   0.00000000e+00  0.00000000e+00]
 [-8.93289015e-04  0.00000000e+00  9.99999601e-01  0.00000000e+00
   0.00000000e+00  0.00000000e+00]
 [ 0.00000000e+00 -8.93289015e-04  0.00000000e+00  9.99999601e-01
   0.00000000e+00  0.00000000e+00]
 [ 0.00000000e+00  0.00000000e+00  0.00000000e+00  0.00000000e+00
   1.00000000e+00  0.00000000e+00]
 [ 0.00000000e+00  0.00000000e+00  0.00000000e+00  0.00000000e+00
   0.00000000e+00  1.00000000e+00]]
R2 #[[ 9.99999601e-01  0.00000000e+00 -8.93289015e-04  0.00000000e+00
   0.00000000e+00  0.00000000e+00]
 [ 0.00000000e+00  9.99999601e-01  0.00000000e+00 -8.93289015e-04
   0.00000000e+00  0.00000000e+00]
 [ 8.93289015e-04  0.00000000e+00  9.99999601e-01  0.00000000e+00
   0.00000000e+00  0.00000000e+00]
 [ 0.00000000e+00  8.93289015e-04  0.00000000e+00  9.99999601e-01
   0.00000000e+00  0.00000000e+00]
 [ 0.00000000e+00  0.00000000e+00  0.00000000e+00  0.00000000e+00
   1.00000000e+00  0.00000000e+00]
 [ 0.00000000e+00  0.00000000e+00  0.00000000e+00  0.00000000e+00
   0.00000000e+00  1.00000000e+00]]
Param #6651: delta OK; RMS=0.001 mm
quads_tilt_fit #-1.029318411449665e-05
delta_local #[1.e-06]
R1 #[[ 1.00000000e+00  0.00000000e+00 -9.29318411e-06  0.00000000e+00
   0.00000000e+00  0.00000000e+00]
 [ 0.00000000e+00  1.00000000e+00  0.00000000e+00 -9.29318411e-06
   0.00000000e+00  0.00000000e+00]
 [ 9.29318411e-06  0.00000000e+00  1.00000000e+00  0.00000000e+00
   0.00000000e+00  0.00000000e+00]
 [ 0.00000000e+00  9.29318411e-06  0.00000000e+00  1.00000000e+00
   0.00000000e+00  0.00000000e+00]
 [ 0.00000000e+00  0.00000000e+00  0.00000000e+00  0.00000000e+00
   1.00000000e+00  0.00000000e+00]
 [ 0.00000000e+00  0.00000000e+00  0.00000000e+00  0.00000000e+00
   0.00000000e+00  1.00000000e+00]]
R2 #[[ 1.00000000e+00  0.00000000e+00  9.29318411e-06  0.00000000e+00
   0.00000000e+00  0.00000000e+00]
 [ 0.00000000e+00  1.00000000e+00  0.00000000e+00  9.29318411e-06
   0.00000000e+00  0.00000000e+00]
 [-9.29318411e-06  0.00000000e+00  1.00000000e+00  0.00000000e+00
   0.00000000e+00  0.00000000e+00]
 [ 0.00000000e+00 -9.29318411e-06  0.00000000e+00  1.00000000e+00
   0.00000000e+00  0.00000000e+00]
 [ 0.00000000e+00  0.00000000e+00  0.00000000e+00  0.00000000e+00
   1.00000000e+00  0.00000000e+00]
 [ 0.00000000e+00  0.00000000e+00  0.00000000e+00  0.00000000e+00
   0.00000000e+00  1.00000000e+00]]
Param #6657: delta too small; RMS=3.6342e-06 mm
quads_tilt_fit #-1.029318411449665e-05
delta_local #[0.00027517]
R1 #[[ 9.99999965e-01  0.00000000e+00  2.64873367e-04  0.00000000e+00
   0.00000000e+00  0.00000000e+00]
 [ 0.00000000e+00  9.99999965e-01  0.00000000e+00  2.64873367e-04
   0.00000000e+00  0.00000000e+00]
 [-2.64873367e-04  0.00000000e+00  9.99999965e-01  0.00000000e+00
   0.00000000e+00  0.00000000e+00]
 [ 0.00000000e+00 -2.64873367e-04  0.00000000e+00  9.99999965e-01
   0.00000000e+00  0.00000000e+00]
 [ 0.00000000e+00  0.00000000e+00  0.00000000e+00  0.00000000e+00
   1.00000000e+00  0.00000000e+00]
 [ 0.00000000e+00  0.00000000e+00  0.00000000e+00  0.00000000e+00
   0.00000000e+00  1.00000000e+00]]
R2 #[[ 9.99999965e-01  0.00000000e+00 -2.64873367e-04  0.00000000e+00
   0.00000000e+00  0.00000000e+00]
 [ 0.00000000e+00  9.99999965e-01  0.00000000e+00 -2.64873367e-04
   0.00000000e+00  0.00000000e+00]
 [ 2.64873367e-04  0.00000000e+00  9.99999965e-01  0.00000000e+00
   0.00000000e+00  0.00000000e+00]
 [ 0.00000000e+00  2.64873367e-04  0.00000000e+00  9.99999965e-01
   0.00000000e+00  0.00000000e+00]
 [ 0.00000000e+00  0.00000000e+00  0.00000000e+00  0.00000000e+00
   1.00000000e+00  0.00000000e+00]
 [ 0.00000000e+00  0.00000000e+00  0.00000000e+00  0.00000000e+00
   0.00000000e+00  1.00000000e+00]]
Param #6657: delta OK; RMS=0.0010001 mm
quads_tilt_fit #-0.0005825963472407867
delta_local #[1.e-06]
R1 #[[ 9.99999831e-01  0.00000000e+00 -5.81596314e-04  0.00000000e+00
   0.00000000e+00  0.00000000e+00]
 [ 0.00000000e+00  9.99999831e-01  0.00000000e+00 -5.81596314e-04
   0.00000000e+00  0.00000000e+00]
 [ 5.81596314e-04  0.00000000e+00  9.99999831e-01  0.00000000e+00
   0.00000000e+00  0.00000000e+00]
 [ 0.00000000e+00  5.81596314e-04  0.00000000e+00  9.99999831e-01
   0.00000000e+00  0.00000000e+00]
 [ 0.00000000e+00  0.00000000e+00  0.00000000e+00  0.00000000e+00
   1.00000000e+00  0.00000000e+00]
 [ 0.00000000e+00  0.00000000e+00  0.00000000e+00  0.00000000e+00
   0.00000000e+00  1.00000000e+00]]
R2 #[[ 9.99999831e-01  0.00000000e+00  5.81596314e-04  0.00000000e+00
   0.00000000e+00  0.00000000e+00]
 [ 0.00000000e+00  9.99999831e-01  0.00000000e+00  5.81596314e-04
   0.00000000e+00  0.00000000e+00]
 [-5.81596314e-04  0.00000000e+00  9.99999831e-01  0.00000000e+00
   0.00000000e+00  0.00000000e+00]
 [ 0.00000000e+00 -5.81596314e-04  0.00000000e+00  9.99999831e-01
   0.00000000e+00  0.00000000e+00]
 [ 0.00000000e+00  0.00000000e+00  0.00000000e+00  0.00000000e+00
   1.00000000e+00  0.00000000e+00]
 [ 0.00000000e+00  0.00000000e+00  0.00000000e+00  0.00000000e+00
   0.00000000e+00  1.00000000e+00]]
Param #6667: delta too small; RMS=1.4496e-06 mm
quads_tilt_fit #-0.0005825963472407867
delta_local #[0.00068984]
R1 #[[ 9.99999994e-01  0.00000000e+00  1.07240626e-04  0.00000000e+00
   0.00000000e+00  0.00000000e+00]
 [ 0.00000000e+00  9.99999994e-01  0.00000000e+00  1.07240626e-04
   0.00000000e+00  0.00000000e+00]
 [-1.07240626e-04  0.00000000e+00  9.99999994e-01  0.00000000e+00
   0.00000000e+00  0.00000000e+00]
 [ 0.00000000e+00 -1.07240626e-04  0.00000000e+00  9.99999994e-01
   0.00000000e+00  0.00000000e+00]
 [ 0.00000000e+00  0.00000000e+00  0.00000000e+00  0.00000000e+00
   1.00000000e+00  0.00000000e+00]
 [ 0.00000000e+00  0.00000000e+00  0.00000000e+00  0.00000000e+00
   0.00000000e+00  1.00000000e+00]]
R2 #[[ 9.99999994e-01  0.00000000e+00 -1.07240626e-04  0.00000000e+00
   0.00000000e+00  0.00000000e+00]
 [ 0.00000000e+00  9.99999994e-01  0.00000000e+00 -1.07240626e-04
   0.00000000e+00  0.00000000e+00]
 [ 1.07240626e-04  0.00000000e+00  9.99999994e-01  0.00000000e+00
   0.00000000e+00  0.00000000e+00]
 [ 0.00000000e+00  1.07240626e-04  0.00000000e+00  9.99999994e-01
   0.00000000e+00  0.00000000e+00]
 [ 0.00000000e+00  0.00000000e+00  0.00000000e+00  0.00000000e+00
   1.00000000e+00  0.00000000e+00]
 [ 0.00000000e+00  0.00000000e+00  0.00000000e+00  0.00000000e+00
   0.00000000e+00  1.00000000e+00]]
Param #6667: delta OK; RMS=0.00099989 mm
quads_tilt_fit #-1.380287391476182e-05
delta_local #[1.e-06]
R1 #[[ 1.00000000e+00  0.00000000e+00 -1.28028739e-05  0.00000000e+00
   0.00000000e+00  0.00000000e+00]
 [ 0.00000000e+00  1.00000000e+00  0.00000000e+00 -1.28028739e-05
   0.00000000e+00  0.00000000e+00]
 [ 1.28028739e-05  0.00000000e+00  1.00000000e+00  0.00000000e+00
   0.00000000e+00  0.00000000e+00]
 [ 0.00000000e+00  1.28028739e-05  0.00000000e+00  1.00000000e+00
   0.00000000e+00  0.00000000e+00]
 [ 0.00000000e+00  0.00000000e+00  0.00000000e+00  0.00000000e+00
   1.00000000e+00  0.00000000e+00]
 [ 0.00000000e+00  0.00000000e+00  0.00000000e+00  0.00000000e+00
   0.00000000e+00  1.00000000e+00]]
R2 #[[ 1.00000000e+00  0.00000000e+00  1.28028739e-05  0.00000000e+00
   0.00000000e+00  0.00000000e+00]
 [ 0.00000000e+00  1.00000000e+00  0.00000000e+00  1.28028739e-05
   0.00000000e+00  0.00000000e+00]
 [-1.28028739e-05  0.00000000e+00  1.00000000e+00  0.00000000e+00
   0.00000000e+00  0.00000000e+00]
 [ 0.00000000e+00 -1.28028739e-05  0.00000000e+00  1.00000000e+00
   0.00000000e+00  0.00000000e+00]
 [ 0.00000000e+00  0.00000000e+00  0.00000000e+00  0.00000000e+00
   1.00000000e+00  0.00000000e+00]
 [ 0.00000000e+00  0.00000000e+00  0.00000000e+00  0.00000000e+00
   0.00000000e+00  1.00000000e+00]]
Param #6681: delta too small; RMS=3.0029e-06 mm
quads_tilt_fit #-1.380287391476182e-05
delta_local #[0.00033301]
R1 #[[ 9.99999949e-01  0.00000000e+00  3.19203056e-04  0.00000000e+00
   0.00000000e+00  0.00000000e+00]
 [ 0.00000000e+00  9.99999949e-01  0.00000000e+00  3.19203056e-04
   0.00000000e+00  0.00000000e+00]
 [-3.19203056e-04  0.00000000e+00  9.99999949e-01  0.00000000e+00
   0.00000000e+00  0.00000000e+00]
 [ 0.00000000e+00 -3.19203056e-04  0.00000000e+00  9.99999949e-01
   0.00000000e+00  0.00000000e+00]
 [ 0.00000000e+00  0.00000000e+00  0.00000000e+00  0.00000000e+00
   1.00000000e+00  0.00000000e+00]
 [ 0.00000000e+00  0.00000000e+00  0.00000000e+00  0.00000000e+00
   0.00000000e+00  1.00000000e+00]]
R2 #[[ 9.99999949e-01  0.00000000e+00 -3.19203056e-04  0.00000000e+00
   0.00000000e+00  0.00000000e+00]
 [ 0.00000000e+00  9.99999949e-01  0.00000000e+00 -3.19203056e-04
   0.00000000e+00  0.00000000e+00]
 [ 3.19203056e-04  0.00000000e+00  9.99999949e-01  0.00000000e+00
   0.00000000e+00  0.00000000e+00]
 [ 0.00000000e+00  3.19203056e-04  0.00000000e+00  9.99999949e-01
   0.00000000e+00  0.00000000e+00]
 [ 0.00000000e+00  0.00000000e+00  0.00000000e+00  0.00000000e+00
   1.00000000e+00  0.00000000e+00]
 [ 0.00000000e+00  0.00000000e+00  0.00000000e+00  0.00000000e+00
   0.00000000e+00  1.00000000e+00]]
Param #6681: delta OK; RMS=0.00099992 mm
quads_tilt_fit #-2.3450512150966328e-05
delta_local #[1.e-06]
R1 #[[ 1.00000000e+00  0.00000000e+00 -2.24505121e-05  0.00000000e+00
   0.00000000e+00  0.00000000e+00]
 [ 0.00000000e+00  1.00000000e+00  0.00000000e+00 -2.24505121e-05
   0.00000000e+00  0.00000000e+00]
 [ 2.24505121e-05  0.00000000e+00  1.00000000e+00  0.00000000e+00
   0.00000000e+00  0.00000000e+00]
 [ 0.00000000e+00  2.24505121e-05  0.00000000e+00  1.00000000e+00
   0.00000000e+00  0.00000000e+00]
 [ 0.00000000e+00  0.00000000e+00  0.00000000e+00  0.00000000e+00
   1.00000000e+00  0.00000000e+00]
 [ 0.00000000e+00  0.00000000e+00  0.00000000e+00  0.00000000e+00
   0.00000000e+00  1.00000000e+00]]
R2 #[[ 1.00000000e+00  0.00000000e+00  2.24505121e-05  0.00000000e+00
   0.00000000e+00  0.00000000e+00]
 [ 0.00000000e+00  1.00000000e+00  0.00000000e+00  2.24505121e-05
   0.00000000e+00  0.00000000e+00]
 [-2.24505121e-05  0.00000000e+00  1.00000000e+00  0.00000000e+00
   0.00000000e+00  0.00000000e+00]
 [ 0.00000000e+00 -2.24505121e-05  0.00000000e+00  1.00000000e+00
   0.00000000e+00  0.00000000e+00]
 [ 0.00000000e+00  0.00000000e+00  0.00000000e+00  0.00000000e+00
   1.00000000e+00  0.00000000e+00]
 [ 0.00000000e+00  0.00000000e+00  0.00000000e+00  0.00000000e+00
   0.00000000e+00  1.00000000e+00]]
Param #6687: delta too small; RMS=3.0876e-06 mm
quads_tilt_fit #-2.3450512150966328e-05
delta_local #[0.00032388]
R1 #[[ 9.99999955e-01  0.00000000e+00  3.00428814e-04  0.00000000e+00
   0.00000000e+00  0.00000000e+00]
 [ 0.00000000e+00  9.99999955e-01  0.00000000e+00  3.00428814e-04
   0.00000000e+00  0.00000000e+00]
 [-3.00428814e-04  0.00000000e+00  9.99999955e-01  0.00000000e+00
   0.00000000e+00  0.00000000e+00]
 [ 0.00000000e+00 -3.00428814e-04  0.00000000e+00  9.99999955e-01
   0.00000000e+00  0.00000000e+00]
 [ 0.00000000e+00  0.00000000e+00  0.00000000e+00  0.00000000e+00
   1.00000000e+00  0.00000000e+00]
 [ 0.00000000e+00  0.00000000e+00  0.00000000e+00  0.00000000e+00
   0.00000000e+00  1.00000000e+00]]
R2 #[[ 9.99999955e-01  0.00000000e+00 -3.00428814e-04  0.00000000e+00
   0.00000000e+00  0.00000000e+00]
 [ 0.00000000e+00  9.99999955e-01  0.00000000e+00 -3.00428814e-04
   0.00000000e+00  0.00000000e+00]
 [ 3.00428814e-04  0.00000000e+00  9.99999955e-01  0.00000000e+00
   0.00000000e+00  0.00000000e+00]
 [ 0.00000000e+00  3.00428814e-04  0.00000000e+00  9.99999955e-01
   0.00000000e+00  0.00000000e+00]
 [ 0.00000000e+00  0.00000000e+00  0.00000000e+00  0.00000000e+00
   1.00000000e+00  0.00000000e+00]
 [ 0.00000000e+00  0.00000000e+00  0.00000000e+00  0.00000000e+00
   0.00000000e+00  1.00000000e+00]]
Param #6687: delta OK; RMS=0.0010001 mm
quads_tilt_fit #-9.907279713496843e-06
delta_local #[1.e-06]
R1 #[[ 1.00000000e+00  0.00000000e+00 -8.90727971e-06  0.00000000e+00
   0.00000000e+00  0.00000000e+00]
 [ 0.00000000e+00  1.00000000e+00  0.00000000e+00 -8.90727971e-06
   0.00000000e+00  0.00000000e+00]
 [ 8.90727971e-06  0.00000000e+00  1.00000000e+00  0.00000000e+00
   0.00000000e+00  0.00000000e+00]
 [ 0.00000000e+00  8.90727971e-06  0.00000000e+00  1.00000000e+00
   0.00000000e+00  0.00000000e+00]
 [ 0.00000000e+00  0.00000000e+00  0.00000000e+00  0.00000000e+00
   1.00000000e+00  0.00000000e+00]
 [ 0.00000000e+00  0.00000000e+00  0.00000000e+00  0.00000000e+00
   0.00000000e+00  1.00000000e+00]]
R2 #[[ 1.00000000e+00  0.00000000e+00  8.90727971e-06  0.00000000e+00
   0.00000000e+00  0.00000000e+00]
 [ 0.00000000e+00  1.00000000e+00  0.00000000e+00  8.90727971e-06
   0.00000000e+00  0.00000000e+00]
 [-8.90727971e-06  0.00000000e+00  1.00000000e+00  0.00000000e+00
   0.00000000e+00  0.00000000e+00]
 [ 0.00000000e+00 -8.90727971e-06  0.00000000e+00  1.00000000e+00
   0.00000000e+00  0.00000000e+00]
 [ 0.00000000e+00  0.00000000e+00  0.00000000e+00  0.00000000e+00
   1.00000000e+00  0.00000000e+00]
 [ 0.00000000e+00  0.00000000e+00  0.00000000e+00  0.00000000e+00
   0.00000000e+00  1.00000000e+00]]
Param #6719: delta too small; RMS=3.6982e-06 mm
quads_tilt_fit #-9.907279713496843e-06
delta_local #[0.0002704]
R1 #[[ 9.99999966e-01  0.00000000e+00  2.60495845e-04  0.00000000e+00
   0.00000000e+00  0.00000000e+00]
 [ 0.00000000e+00  9.99999966e-01  0.00000000e+00  2.60495845e-04
   0.00000000e+00  0.00000000e+00]
 [-2.60495845e-04  0.00000000e+00  9.99999966e-01  0.00000000e+00
   0.00000000e+00  0.00000000e+00]
 [ 0.00000000e+00 -2.60495845e-04  0.00000000e+00  9.99999966e-01
   0.00000000e+00  0.00000000e+00]
 [ 0.00000000e+00  0.00000000e+00  0.00000000e+00  0.00000000e+00
   1.00000000e+00  0.00000000e+00]
 [ 0.00000000e+00  0.00000000e+00  0.00000000e+00  0.00000000e+00
   0.00000000e+00  1.00000000e+00]]
R2 #[[ 9.99999966e-01  0.00000000e+00 -2.60495845e-04  0.00000000e+00
   0.00000000e+00  0.00000000e+00]
 [ 0.00000000e+00  9.99999966e-01  0.00000000e+00 -2.60495845e-04
   0.00000000e+00  0.00000000e+00]
 [ 2.60495845e-04  0.00000000e+00  9.99999966e-01  0.00000000e+00
   0.00000000e+00  0.00000000e+00]
 [ 0.00000000e+00  2.60495845e-04  0.00000000e+00  9.99999966e-01
   0.00000000e+00  0.00000000e+00]
 [ 0.00000000e+00  0.00000000e+00  0.00000000e+00  0.00000000e+00
   1.00000000e+00  0.00000000e+00]
 [ 0.00000000e+00  0.00000000e+00  0.00000000e+00  0.00000000e+00
   0.00000000e+00  1.00000000e+00]]
Param #6719: delta OK; RMS=0.00099971 mm
quads_tilt_fit #0.00015687990588759032
delta_local #[1.e-06]
R1 #[[ 9.99999988e-01  0.00000000e+00  1.57879905e-04  0.00000000e+00
   0.00000000e+00  0.00000000e+00]
 [ 0.00000000e+00  9.99999988e-01  0.00000000e+00  1.57879905e-04
   0.00000000e+00  0.00000000e+00]
 [-1.57879905e-04  0.00000000e+00  9.99999988e-01  0.00000000e+00
   0.00000000e+00  0.00000000e+00]
 [ 0.00000000e+00 -1.57879905e-04  0.00000000e+00  9.99999988e-01
   0.00000000e+00  0.00000000e+00]
 [ 0.00000000e+00  0.00000000e+00  0.00000000e+00  0.00000000e+00
   1.00000000e+00  0.00000000e+00]
 [ 0.00000000e+00  0.00000000e+00  0.00000000e+00  0.00000000e+00
   0.00000000e+00  1.00000000e+00]]
R2 #[[ 9.99999988e-01  0.00000000e+00 -1.57879905e-04  0.00000000e+00
   0.00000000e+00  0.00000000e+00]
 [ 0.00000000e+00  9.99999988e-01  0.00000000e+00 -1.57879905e-04
   0.00000000e+00  0.00000000e+00]
 [ 1.57879905e-04  0.00000000e+00  9.99999988e-01  0.00000000e+00
   0.00000000e+00  0.00000000e+00]
 [ 0.00000000e+00  1.57879905e-04  0.00000000e+00  9.99999988e-01
   0.00000000e+00  0.00000000e+00]
 [ 0.00000000e+00  0.00000000e+00  0.00000000e+00  0.00000000e+00
   1.00000000e+00  0.00000000e+00]
 [ 0.00000000e+00  0.00000000e+00  0.00000000e+00  0.00000000e+00
   0.00000000e+00  1.00000000e+00]]
Param #6725: delta too small; RMS=2.4873e-06 mm
quads_tilt_fit #0.00015687990588759032
delta_local #[0.00040205]
R1 #[[ 9.99999844e-01  0.00000000e+00  5.58928887e-04  0.00000000e+00
   0.00000000e+00  0.00000000e+00]
 [ 0.00000000e+00  9.99999844e-01  0.00000000e+00  5.58928887e-04
   0.00000000e+00  0.00000000e+00]
 [-5.58928887e-04  0.00000000e+00  9.99999844e-01  0.00000000e+00
   0.00000000e+00  0.00000000e+00]
 [ 0.00000000e+00 -5.58928887e-04  0.00000000e+00  9.99999844e-01
   0.00000000e+00  0.00000000e+00]
 [ 0.00000000e+00  0.00000000e+00  0.00000000e+00  0.00000000e+00
   1.00000000e+00  0.00000000e+00]
 [ 0.00000000e+00  0.00000000e+00  0.00000000e+00  0.00000000e+00
   0.00000000e+00  1.00000000e+00]]
R2 #[[ 9.99999844e-01  0.00000000e+00 -5.58928887e-04  0.00000000e+00
   0.00000000e+00  0.00000000e+00]
 [ 0.00000000e+00  9.99999844e-01  0.00000000e+00 -5.58928887e-04
   0.00000000e+00  0.00000000e+00]
 [ 5.58928887e-04  0.00000000e+00  9.99999844e-01  0.00000000e+00
   0.00000000e+00  0.00000000e+00]
 [ 0.00000000e+00  5.58928887e-04  0.00000000e+00  9.99999844e-01
   0.00000000e+00  0.00000000e+00]
 [ 0.00000000e+00  0.00000000e+00  0.00000000e+00  0.00000000e+00
   1.00000000e+00  0.00000000e+00]
 [ 0.00000000e+00  0.00000000e+00  0.00000000e+00  0.00000000e+00
   0.00000000e+00  1.00000000e+00]]
Param #6725: delta OK; RMS=0.0010002 mm
quads_tilt_fit #-0.00013797561729403943
delta_local #[1.e-06]
R1 #[[ 9.99999991e-01  0.00000000e+00 -1.36975617e-04  0.00000000e+00
   0.00000000e+00  0.00000000e+00]
 [ 0.00000000e+00  9.99999991e-01  0.00000000e+00 -1.36975617e-04
   0.00000000e+00  0.00000000e+00]
 [ 1.36975617e-04  0.00000000e+00  9.99999991e-01  0.00000000e+00
   0.00000000e+00  0.00000000e+00]
 [ 0.00000000e+00  1.36975617e-04  0.00000000e+00  9.99999991e-01
   0.00000000e+00  0.00000000e+00]
 [ 0.00000000e+00  0.00000000e+00  0.00000000e+00  0.00000000e+00
   1.00000000e+00  0.00000000e+00]
 [ 0.00000000e+00  0.00000000e+00  0.00000000e+00  0.00000000e+00
   0.00000000e+00  1.00000000e+00]]
R2 #[[ 9.99999991e-01  0.00000000e+00  1.36975617e-04  0.00000000e+00
   0.00000000e+00  0.00000000e+00]
 [ 0.00000000e+00  9.99999991e-01  0.00000000e+00  1.36975617e-04
   0.00000000e+00  0.00000000e+00]
 [-1.36975617e-04  0.00000000e+00  9.99999991e-01  0.00000000e+00
   0.00000000e+00  0.00000000e+00]
 [ 0.00000000e+00 -1.36975617e-04  0.00000000e+00  9.99999991e-01
   0.00000000e+00  0.00000000e+00]
 [ 0.00000000e+00  0.00000000e+00  0.00000000e+00  0.00000000e+00
   1.00000000e+00  0.00000000e+00]
 [ 0.00000000e+00  0.00000000e+00  0.00000000e+00  0.00000000e+00
   0.00000000e+00  1.00000000e+00]]
Param #6739: delta too small; RMS=4.7732e-06 mm
quads_tilt_fit #-0.00013797561729403943
delta_local #[0.0002095]
R1 #[[ 9.99999997e-01  0.00000000e+00  7.15275709e-05  0.00000000e+00
   0.00000000e+00  0.00000000e+00]
 [ 0.00000000e+00  9.99999997e-01  0.00000000e+00  7.15275709e-05
   0.00000000e+00  0.00000000e+00]
 [-7.15275709e-05  0.00000000e+00  9.99999997e-01  0.00000000e+00
   0.00000000e+00  0.00000000e+00]
 [ 0.00000000e+00 -7.15275709e-05  0.00000000e+00  9.99999997e-01
   0.00000000e+00  0.00000000e+00]
 [ 0.00000000e+00  0.00000000e+00  0.00000000e+00  0.00000000e+00
   1.00000000e+00  0.00000000e+00]
 [ 0.00000000e+00  0.00000000e+00  0.00000000e+00  0.00000000e+00
   0.00000000e+00  1.00000000e+00]]
R2 #[[ 9.99999997e-01  0.00000000e+00 -7.15275709e-05  0.00000000e+00
   0.00000000e+00  0.00000000e+00]
 [ 0.00000000e+00  9.99999997e-01  0.00000000e+00 -7.15275709e-05
   0.00000000e+00  0.00000000e+00]
 [ 7.15275709e-05  0.00000000e+00  9.99999997e-01  0.00000000e+00
   0.00000000e+00  0.00000000e+00]
 [ 0.00000000e+00  7.15275709e-05  0.00000000e+00  9.99999997e-01
   0.00000000e+00  0.00000000e+00]
 [ 0.00000000e+00  0.00000000e+00  0.00000000e+00  0.00000000e+00
   1.00000000e+00  0.00000000e+00]
 [ 0.00000000e+00  0.00000000e+00  0.00000000e+00  0.00000000e+00
   0.00000000e+00  1.00000000e+00]]
Param #6739: delta OK; RMS=0.00099964 mm
quads_tilt_fit #7.661424160850066e-05
delta_local #[1.e-06]
R1 #[[ 9.99999997e-01  0.00000000e+00  7.76142415e-05  0.00000000e+00
   0.00000000e+00  0.00000000e+00]
 [ 0.00000000e+00  9.99999997e-01  0.00000000e+00  7.76142415e-05
   0.00000000e+00  0.00000000e+00]
 [-7.76142415e-05  0.00000000e+00  9.99999997e-01  0.00000000e+00
   0.00000000e+00  0.00000000e+00]
 [ 0.00000000e+00 -7.76142415e-05  0.00000000e+00  9.99999997e-01
   0.00000000e+00  0.00000000e+00]
 [ 0.00000000e+00  0.00000000e+00  0.00000000e+00  0.00000000e+00
   1.00000000e+00  0.00000000e+00]
 [ 0.00000000e+00  0.00000000e+00  0.00000000e+00  0.00000000e+00
   0.00000000e+00  1.00000000e+00]]
R2 #[[ 9.99999997e-01  0.00000000e+00 -7.76142415e-05  0.00000000e+00
   0.00000000e+00  0.00000000e+00]
 [ 0.00000000e+00  9.99999997e-01  0.00000000e+00 -7.76142415e-05
   0.00000000e+00  0.00000000e+00]
 [ 7.76142415e-05  0.00000000e+00  9.99999997e-01  0.00000000e+00
   0.00000000e+00  0.00000000e+00]
 [ 0.00000000e+00  7.76142415e-05  0.00000000e+00  9.99999997e-01
   0.00000000e+00  0.00000000e+00]
 [ 0.00000000e+00  0.00000000e+00  0.00000000e+00  0.00000000e+00
   1.00000000e+00  0.00000000e+00]
 [ 0.00000000e+00  0.00000000e+00  0.00000000e+00  0.00000000e+00
   0.00000000e+00  1.00000000e+00]]
Param #6747: delta too small; RMS=8.3142e-06 mm
quads_tilt_fit #7.661424160850066e-05
delta_local #[0.00012028]
R1 #[[ 9.99999981e-01  0.00000000e+00  1.96890999e-04  0.00000000e+00
   0.00000000e+00  0.00000000e+00]
 [ 0.00000000e+00  9.99999981e-01  0.00000000e+00  1.96890999e-04
   0.00000000e+00  0.00000000e+00]
 [-1.96890999e-04  0.00000000e+00  9.99999981e-01  0.00000000e+00
   0.00000000e+00  0.00000000e+00]
 [ 0.00000000e+00 -1.96890999e-04  0.00000000e+00  9.99999981e-01
   0.00000000e+00  0.00000000e+00]
 [ 0.00000000e+00  0.00000000e+00  0.00000000e+00  0.00000000e+00
   1.00000000e+00  0.00000000e+00]
 [ 0.00000000e+00  0.00000000e+00  0.00000000e+00  0.00000000e+00
   0.00000000e+00  1.00000000e+00]]
R2 #[[ 9.99999981e-01  0.00000000e+00 -1.96890999e-04  0.00000000e+00
   0.00000000e+00  0.00000000e+00]
 [ 0.00000000e+00  9.99999981e-01  0.00000000e+00 -1.96890999e-04
   0.00000000e+00  0.00000000e+00]
 [ 1.96890999e-04  0.00000000e+00  9.99999981e-01  0.00000000e+00
   0.00000000e+00  0.00000000e+00]
 [ 0.00000000e+00  1.96890999e-04  0.00000000e+00  9.99999981e-01
   0.00000000e+00  0.00000000e+00]
 [ 0.00000000e+00  0.00000000e+00  0.00000000e+00  0.00000000e+00
   1.00000000e+00  0.00000000e+00]
 [ 0.00000000e+00  0.00000000e+00  0.00000000e+00  0.00000000e+00
   0.00000000e+00  1.00000000e+00]]
Param #6747: delta OK; RMS=0.0010004 mm
quads_tilt_fit #0.0015360848293411665
delta_local #[1.e-06]
R1 #[[ 0.99999882  0.          0.00153708  0.          0.          0.        ]
 [ 0.          0.99999882  0.          0.00153708  0.          0.        ]
 [-0.00153708  0.          0.99999882  0.          0.          0.        ]
 [ 0.         -0.00153708  0.          0.99999882  0.          0.        ]
 [ 0.          0.          0.          0.          1.          0.        ]
 [ 0.          0.          0.          0.          0.          1.        ]]
R2 #[[ 0.99999882  0.         -0.00153708  0.          0.          0.        ]
 [ 0.          0.99999882  0.         -0.00153708  0.          0.        ]
 [ 0.00153708  0.          0.99999882  0.          0.          0.        ]
 [ 0.          0.00153708  0.          0.99999882  0.          0.        ]
 [ 0.          0.          0.          0.          1.          0.        ]
 [ 0.          0.          0.          0.          0.          1.        ]]
Param #6759: delta too small; RMS=1.7808e-06 mm
quads_tilt_fit #0.0015360848293411665
delta_local #[0.00056156]
R1 #[[ 0.9999978   0.          0.00209764  0.          0.          0.        ]
 [ 0.          0.9999978   0.          0.00209764  0.          0.        ]
 [-0.00209764  0.          0.9999978   0.          0.          0.        ]
 [ 0.         -0.00209764  0.          0.9999978   0.          0.        ]
 [ 0.          0.          0.          0.          1.          0.        ]
 [ 0.          0.          0.          0.          0.          1.        ]]
R2 #[[ 0.9999978   0.         -0.00209764  0.          0.          0.        ]
 [ 0.          0.9999978   0.         -0.00209764  0.          0.        ]
 [ 0.00209764  0.          0.9999978   0.          0.          0.        ]
 [ 0.          0.00209764  0.          0.9999978   0.          0.        ]
 [ 0.          0.          0.          0.          1.          0.        ]
 [ 0.          0.          0.          0.          0.          1.        ]]
Param #6759: delta OK; RMS=0.00099975 mm
quads_tilt_fit #-0.002394740659169961
delta_local #[1.e-06]
R1 #[[ 0.99999714  0.         -0.00239374  0.          0.          0.        ]
 [ 0.          0.99999714  0.         -0.00239374  0.          0.        ]
 [ 0.00239374  0.          0.99999714  0.          0.          0.        ]
 [ 0.          0.00239374  0.          0.99999714  0.          0.        ]
 [ 0.          0.          0.          0.          1.          0.        ]
 [ 0.          0.          0.          0.          0.          1.        ]]
R2 #[[ 0.99999714  0.          0.00239374  0.          0.          0.        ]
 [ 0.          0.99999714  0.          0.00239374  0.          0.        ]
 [-0.00239374  0.          0.99999714  0.          0.          0.        ]
 [ 0.         -0.00239374  0.          0.99999714  0.          0.        ]
 [ 0.          0.          0.          0.          1.          0.        ]
 [ 0.          0.          0.          0.          0.          1.        ]]
Param #6767: delta too small; RMS=2.0648e-06 mm
quads_tilt_fit #-0.002394740659169961
delta_local #[0.00048431]
R1 #[[ 0.99999818  0.         -0.00191043  0.          0.          0.        ]
 [ 0.          0.99999818  0.         -0.00191043  0.          0.        ]
 [ 0.00191043  0.          0.99999818  0.          0.          0.        ]
 [ 0.          0.00191043  0.          0.99999818  0.          0.        ]
 [ 0.          0.          0.          0.          1.          0.        ]
 [ 0.          0.          0.          0.          0.          1.        ]]
R2 #[[ 0.99999818  0.          0.00191043  0.          0.          0.        ]
 [ 0.          0.99999818  0.          0.00191043  0.          0.        ]
 [-0.00191043  0.          0.99999818  0.          0.          0.        ]
 [ 0.         -0.00191043  0.          0.99999818  0.          0.        ]
 [ 0.          0.          0.          0.          1.          0.        ]
 [ 0.          0.          0.          0.          0.          1.        ]]
Param #6767: delta OK; RMS=0.001 mm
quads_tilt_fit #-0.0003250263233526555
delta_local #[1.e-06]
R1 #[[ 9.99999948e-01  0.00000000e+00 -3.24026318e-04  0.00000000e+00
   0.00000000e+00  0.00000000e+00]
 [ 0.00000000e+00  9.99999948e-01  0.00000000e+00 -3.24026318e-04
   0.00000000e+00  0.00000000e+00]
 [ 3.24026318e-04  0.00000000e+00  9.99999948e-01  0.00000000e+00
   0.00000000e+00  0.00000000e+00]
 [ 0.00000000e+00  3.24026318e-04  0.00000000e+00  9.99999948e-01
   0.00000000e+00  0.00000000e+00]
 [ 0.00000000e+00  0.00000000e+00  0.00000000e+00  0.00000000e+00
   1.00000000e+00  0.00000000e+00]
 [ 0.00000000e+00  0.00000000e+00  0.00000000e+00  0.00000000e+00
   0.00000000e+00  1.00000000e+00]]
R2 #[[ 9.99999948e-01  0.00000000e+00  3.24026318e-04  0.00000000e+00
   0.00000000e+00  0.00000000e+00]
 [ 0.00000000e+00  9.99999948e-01  0.00000000e+00  3.24026318e-04
   0.00000000e+00  0.00000000e+00]
 [-3.24026318e-04  0.00000000e+00  9.99999948e-01  0.00000000e+00
   0.00000000e+00  0.00000000e+00]
 [ 0.00000000e+00 -3.24026318e-04  0.00000000e+00  9.99999948e-01
   0.00000000e+00  0.00000000e+00]
 [ 0.00000000e+00  0.00000000e+00  0.00000000e+00  0.00000000e+00
   1.00000000e+00  0.00000000e+00]
 [ 0.00000000e+00  0.00000000e+00  0.00000000e+00  0.00000000e+00
   0.00000000e+00  1.00000000e+00]]
Param #6778: delta too small; RMS=1.477e-06 mm
quads_tilt_fit #-0.0003250263233526555
delta_local #[0.00067707]
R1 #[[ 9.99999938e-01  0.00000000e+00  3.52039325e-04  0.00000000e+00
   0.00000000e+00  0.00000000e+00]
 [ 0.00000000e+00  9.99999938e-01  0.00000000e+00  3.52039325e-04
   0.00000000e+00  0.00000000e+00]
 [-3.52039325e-04  0.00000000e+00  9.99999938e-01  0.00000000e+00
   0.00000000e+00  0.00000000e+00]
 [ 0.00000000e+00 -3.52039325e-04  0.00000000e+00  9.99999938e-01
   0.00000000e+00  0.00000000e+00]
 [ 0.00000000e+00  0.00000000e+00  0.00000000e+00  0.00000000e+00
   1.00000000e+00  0.00000000e+00]
 [ 0.00000000e+00  0.00000000e+00  0.00000000e+00  0.00000000e+00
   0.00000000e+00  1.00000000e+00]]
R2 #[[ 9.99999938e-01  0.00000000e+00 -3.52039325e-04  0.00000000e+00
   0.00000000e+00  0.00000000e+00]
 [ 0.00000000e+00  9.99999938e-01  0.00000000e+00 -3.52039325e-04
   0.00000000e+00  0.00000000e+00]
 [ 3.52039325e-04  0.00000000e+00  9.99999938e-01  0.00000000e+00
   0.00000000e+00  0.00000000e+00]
 [ 0.00000000e+00  3.52039325e-04  0.00000000e+00  9.99999938e-01
   0.00000000e+00  0.00000000e+00]
 [ 0.00000000e+00  0.00000000e+00  0.00000000e+00  0.00000000e+00
   1.00000000e+00  0.00000000e+00]
 [ 0.00000000e+00  0.00000000e+00  0.00000000e+00  0.00000000e+00
   0.00000000e+00  1.00000000e+00]]
Param #6778: delta OK; RMS=0.001 mm
quads_tilt_fit #0.002174059809489447
delta_local #[1.e-06]
R1 #[[ 0.99999763  0.          0.00217506  0.          0.          0.        ]
 [ 0.          0.99999763  0.          0.00217506  0.          0.        ]
 [-0.00217506  0.          0.99999763  0.          0.          0.        ]
 [ 0.         -0.00217506  0.          0.99999763  0.          0.        ]
 [ 0.          0.          0.          0.          1.          0.        ]
 [ 0.          0.          0.          0.          0.          1.        ]]
R2 #[[ 0.99999763  0.         -0.00217506  0.          0.          0.        ]
 [ 0.          0.99999763  0.         -0.00217506  0.          0.        ]
 [ 0.00217506  0.          0.99999763  0.          0.          0.        ]
 [ 0.          0.00217506  0.          0.99999763  0.          0.        ]
 [ 0.          0.          0.          0.          1.          0.        ]
 [ 0.          0.          0.          0.          0.          1.        ]]
Param #6786: delta too small; RMS=2.022e-06 mm
quads_tilt_fit #0.002174059809489447
delta_local #[0.00049457]
R1 #[[ 0.99999644  0.          0.00266863  0.          0.          0.        ]
 [ 0.          0.99999644  0.          0.00266863  0.          0.        ]
 [-0.00266863  0.          0.99999644  0.          0.          0.        ]
 [ 0.         -0.00266863  0.          0.99999644  0.          0.        ]
 [ 0.          0.          0.          0.          1.          0.        ]
 [ 0.          0.          0.          0.          0.          1.        ]]
R2 #[[ 0.99999644  0.         -0.00266863  0.          0.          0.        ]
 [ 0.          0.99999644  0.         -0.00266863  0.          0.        ]
 [ 0.00266863  0.          0.99999644  0.          0.          0.        ]
 [ 0.          0.00266863  0.          0.99999644  0.          0.        ]
 [ 0.          0.          0.          0.          1.          0.        ]
 [ 0.          0.          0.          0.          0.          1.        ]]
Param #6786: delta OK; RMS=0.0010005 mm
quads_tilt_fit #0.0001054993568301328
delta_local #[1.e-06]
R1 #[[ 9.99999994e-01  0.00000000e+00  1.06499357e-04  0.00000000e+00
   0.00000000e+00  0.00000000e+00]
 [ 0.00000000e+00  9.99999994e-01  0.00000000e+00  1.06499357e-04
   0.00000000e+00  0.00000000e+00]
 [-1.06499357e-04  0.00000000e+00  9.99999994e-01  0.00000000e+00
   0.00000000e+00  0.00000000e+00]
 [ 0.00000000e+00 -1.06499357e-04  0.00000000e+00  9.99999994e-01
   0.00000000e+00  0.00000000e+00]
 [ 0.00000000e+00  0.00000000e+00  0.00000000e+00  0.00000000e+00
   1.00000000e+00  0.00000000e+00]
 [ 0.00000000e+00  0.00000000e+00  0.00000000e+00  0.00000000e+00
   0.00000000e+00  1.00000000e+00]]
R2 #[[ 9.99999994e-01  0.00000000e+00 -1.06499357e-04  0.00000000e+00
   0.00000000e+00  0.00000000e+00]
 [ 0.00000000e+00  9.99999994e-01  0.00000000e+00 -1.06499357e-04
   0.00000000e+00  0.00000000e+00]
 [ 1.06499357e-04  0.00000000e+00  9.99999994e-01  0.00000000e+00
   0.00000000e+00  0.00000000e+00]
 [ 0.00000000e+00  1.06499357e-04  0.00000000e+00  9.99999994e-01
   0.00000000e+00  0.00000000e+00]
 [ 0.00000000e+00  0.00000000e+00  0.00000000e+00  0.00000000e+00
   1.00000000e+00  0.00000000e+00]
 [ 0.00000000e+00  0.00000000e+00  0.00000000e+00  0.00000000e+00
   0.00000000e+00  1.00000000e+00]]
Param #6473: delta too small; RMS=4.7455e-06 mm
quads_tilt_fit #0.0001054993568301328
delta_local #[0.00021073]
R1 #[[ 9.99999950e-01  0.00000000e+00  3.16225795e-04  0.00000000e+00
   0.00000000e+00  0.00000000e+00]
 [ 0.00000000e+00  9.99999950e-01  0.00000000e+00  3.16225795e-04
   0.00000000e+00  0.00000000e+00]
 [-3.16225795e-04  0.00000000e+00  9.99999950e-01  0.00000000e+00
   0.00000000e+00  0.00000000e+00]
 [ 0.00000000e+00 -3.16225795e-04  0.00000000e+00  9.99999950e-01
   0.00000000e+00  0.00000000e+00]
 [ 0.00000000e+00  0.00000000e+00  0.00000000e+00  0.00000000e+00
   1.00000000e+00  0.00000000e+00]
 [ 0.00000000e+00  0.00000000e+00  0.00000000e+00  0.00000000e+00
   0.00000000e+00  1.00000000e+00]]
R2 #[[ 9.99999950e-01  0.00000000e+00 -3.16225795e-04  0.00000000e+00
   0.00000000e+00  0.00000000e+00]
 [ 0.00000000e+00  9.99999950e-01  0.00000000e+00 -3.16225795e-04
   0.00000000e+00  0.00000000e+00]
 [ 3.16225795e-04  0.00000000e+00  9.99999950e-01  0.00000000e+00
   0.00000000e+00  0.00000000e+00]
 [ 0.00000000e+00  3.16225795e-04  0.00000000e+00  9.99999950e-01
   0.00000000e+00  0.00000000e+00]
 [ 0.00000000e+00  0.00000000e+00  0.00000000e+00  0.00000000e+00
   1.00000000e+00  0.00000000e+00]
 [ 0.00000000e+00  0.00000000e+00  0.00000000e+00  0.00000000e+00
   0.00000000e+00  1.00000000e+00]]
Param #6473: delta OK; RMS=0.00099967 mm
quads_tilt_fit #-7.805885926222835e-05
delta_local #[1.e-06]
R1 #[[ 9.99999997e-01  0.00000000e+00 -7.70588592e-05  0.00000000e+00
   0.00000000e+00  0.00000000e+00]
 [ 0.00000000e+00  9.99999997e-01  0.00000000e+00 -7.70588592e-05
   0.00000000e+00  0.00000000e+00]
 [ 7.70588592e-05  0.00000000e+00  9.99999997e-01  0.00000000e+00
   0.00000000e+00  0.00000000e+00]
 [ 0.00000000e+00  7.70588592e-05  0.00000000e+00  9.99999997e-01
   0.00000000e+00  0.00000000e+00]
 [ 0.00000000e+00  0.00000000e+00  0.00000000e+00  0.00000000e+00
   1.00000000e+00  0.00000000e+00]
 [ 0.00000000e+00  0.00000000e+00  0.00000000e+00  0.00000000e+00
   0.00000000e+00  1.00000000e+00]]
R2 #[[ 9.99999997e-01  0.00000000e+00  7.70588592e-05  0.00000000e+00
   0.00000000e+00  0.00000000e+00]
 [ 0.00000000e+00  9.99999997e-01  0.00000000e+00  7.70588592e-05
   0.00000000e+00  0.00000000e+00]
 [-7.70588592e-05  0.00000000e+00  9.99999997e-01  0.00000000e+00
   0.00000000e+00  0.00000000e+00]
 [ 0.00000000e+00 -7.70588592e-05  0.00000000e+00  9.99999997e-01
   0.00000000e+00  0.00000000e+00]
 [ 0.00000000e+00  0.00000000e+00  0.00000000e+00  0.00000000e+00
   1.00000000e+00  0.00000000e+00]
 [ 0.00000000e+00  0.00000000e+00  0.00000000e+00  0.00000000e+00
   0.00000000e+00  1.00000000e+00]]
Param #6475: delta too small; RMS=5.0203e-06 mm
quads_tilt_fit #-7.805885926222835e-05
delta_local #[0.00019919]
R1 #[[ 9.99999993e-01  0.00000000e+00  1.21134398e-04  0.00000000e+00
   0.00000000e+00  0.00000000e+00]
 [ 0.00000000e+00  9.99999993e-01  0.00000000e+00  1.21134398e-04
   0.00000000e+00  0.00000000e+00]
 [-1.21134398e-04  0.00000000e+00  9.99999993e-01  0.00000000e+00
   0.00000000e+00  0.00000000e+00]
 [ 0.00000000e+00 -1.21134398e-04  0.00000000e+00  9.99999993e-01
   0.00000000e+00  0.00000000e+00]
 [ 0.00000000e+00  0.00000000e+00  0.00000000e+00  0.00000000e+00
   1.00000000e+00  0.00000000e+00]
 [ 0.00000000e+00  0.00000000e+00  0.00000000e+00  0.00000000e+00
   0.00000000e+00  1.00000000e+00]]
R2 #[[ 9.99999993e-01  0.00000000e+00 -1.21134398e-04  0.00000000e+00
   0.00000000e+00  0.00000000e+00]
 [ 0.00000000e+00  9.99999993e-01  0.00000000e+00 -1.21134398e-04
   0.00000000e+00  0.00000000e+00]
 [ 1.21134398e-04  0.00000000e+00  9.99999993e-01  0.00000000e+00
   0.00000000e+00  0.00000000e+00]
 [ 0.00000000e+00  1.21134398e-04  0.00000000e+00  9.99999993e-01
   0.00000000e+00  0.00000000e+00]
 [ 0.00000000e+00  0.00000000e+00  0.00000000e+00  0.00000000e+00
   1.00000000e+00  0.00000000e+00]
 [ 0.00000000e+00  0.00000000e+00  0.00000000e+00  0.00000000e+00
   0.00000000e+00  1.00000000e+00]]
Param #6475: delta OK; RMS=0.0010003 mm
quads_tilt_fit #-0.00015668402506440612
delta_local #[1.e-06]
R1 #[[ 9.99999988e-01  0.00000000e+00 -1.55684024e-04  0.00000000e+00
   0.00000000e+00  0.00000000e+00]
 [ 0.00000000e+00  9.99999988e-01  0.00000000e+00 -1.55684024e-04
   0.00000000e+00  0.00000000e+00]
 [ 1.55684024e-04  0.00000000e+00  9.99999988e-01  0.00000000e+00
   0.00000000e+00  0.00000000e+00]
 [ 0.00000000e+00  1.55684024e-04  0.00000000e+00  9.99999988e-01
   0.00000000e+00  0.00000000e+00]
 [ 0.00000000e+00  0.00000000e+00  0.00000000e+00  0.00000000e+00
   1.00000000e+00  0.00000000e+00]
 [ 0.00000000e+00  0.00000000e+00  0.00000000e+00  0.00000000e+00
   0.00000000e+00  1.00000000e+00]]
R2 #[[ 9.99999988e-01  0.00000000e+00  1.55684024e-04  0.00000000e+00
   0.00000000e+00  0.00000000e+00]
 [ 0.00000000e+00  9.99999988e-01  0.00000000e+00  1.55684024e-04
   0.00000000e+00  0.00000000e+00]
 [-1.55684024e-04  0.00000000e+00  9.99999988e-01  0.00000000e+00
   0.00000000e+00  0.00000000e+00]
 [ 0.00000000e+00 -1.55684024e-04  0.00000000e+00  9.99999988e-01
   0.00000000e+00  0.00000000e+00]
 [ 0.00000000e+00  0.00000000e+00  0.00000000e+00  0.00000000e+00
   1.00000000e+00  0.00000000e+00]
 [ 0.00000000e+00  0.00000000e+00  0.00000000e+00  0.00000000e+00
   0.00000000e+00  1.00000000e+00]]
Param #6481: delta too small; RMS=1.0212e-06 mm
quads_tilt_fit #-0.00015668402506440612
delta_local #[0.0009792]
R1 #[[ 9.99999662e-01  0.00000000e+00  8.22519332e-04  0.00000000e+00
   0.00000000e+00  0.00000000e+00]
 [ 0.00000000e+00  9.99999662e-01  0.00000000e+00  8.22519332e-04
   0.00000000e+00  0.00000000e+00]
 [-8.22519332e-04  0.00000000e+00  9.99999662e-01  0.00000000e+00
   0.00000000e+00  0.00000000e+00]
 [ 0.00000000e+00 -8.22519332e-04  0.00000000e+00  9.99999662e-01
   0.00000000e+00  0.00000000e+00]
 [ 0.00000000e+00  0.00000000e+00  0.00000000e+00  0.00000000e+00
   1.00000000e+00  0.00000000e+00]
 [ 0.00000000e+00  0.00000000e+00  0.00000000e+00  0.00000000e+00
   0.00000000e+00  1.00000000e+00]]
R2 #[[ 9.99999662e-01  0.00000000e+00 -8.22519332e-04  0.00000000e+00
   0.00000000e+00  0.00000000e+00]
 [ 0.00000000e+00  9.99999662e-01  0.00000000e+00 -8.22519332e-04
   0.00000000e+00  0.00000000e+00]
 [ 8.22519332e-04  0.00000000e+00  9.99999662e-01  0.00000000e+00
   0.00000000e+00  0.00000000e+00]
 [ 0.00000000e+00  8.22519332e-04  0.00000000e+00  9.99999662e-01
   0.00000000e+00  0.00000000e+00]
 [ 0.00000000e+00  0.00000000e+00  0.00000000e+00  0.00000000e+00
   1.00000000e+00  0.00000000e+00]
 [ 0.00000000e+00  0.00000000e+00  0.00000000e+00  0.00000000e+00
   0.00000000e+00  1.00000000e+00]]
Param #6481: delta OK; RMS=0.00099963 mm
quads_tilt_fit #-0.0013112507035449078
delta_local #[1.e-06]
R1 #[[ 0.99999914  0.         -0.00131025  0.          0.          0.        ]
 [ 0.          0.99999914  0.         -0.00131025  0.          0.        ]
 [ 0.00131025  0.          0.99999914  0.          0.          0.        ]
 [ 0.          0.00131025  0.          0.99999914  0.          0.        ]
 [ 0.          0.          0.          0.          1.          0.        ]
 [ 0.          0.          0.          0.          0.          1.        ]]
R2 #[[ 0.99999914  0.          0.00131025  0.          0.          0.        ]
 [ 0.          0.99999914  0.          0.00131025  0.          0.        ]
 [-0.00131025  0.          0.99999914  0.          0.          0.        ]
 [ 0.         -0.00131025  0.          0.99999914  0.          0.        ]
 [ 0.          0.          0.          0.          1.          0.        ]
 [ 0.          0.          0.          0.          0.          1.        ]]
Param #6497: delta too small; RMS=9.3489e-07 mm
quads_tilt_fit #-0.0013112507035449078
delta_local #[0.00106964]
R1 #[[ 9.99999971e-01  0.00000000e+00 -2.41610130e-04  0.00000000e+00
   0.00000000e+00  0.00000000e+00]
 [ 0.00000000e+00  9.99999971e-01  0.00000000e+00 -2.41610130e-04
   0.00000000e+00  0.00000000e+00]
 [ 2.41610130e-04  0.00000000e+00  9.99999971e-01  0.00000000e+00
   0.00000000e+00  0.00000000e+00]
 [ 0.00000000e+00  2.41610130e-04  0.00000000e+00  9.99999971e-01
   0.00000000e+00  0.00000000e+00]
 [ 0.00000000e+00  0.00000000e+00  0.00000000e+00  0.00000000e+00
   1.00000000e+00  0.00000000e+00]
 [ 0.00000000e+00  0.00000000e+00  0.00000000e+00  0.00000000e+00
   0.00000000e+00  1.00000000e+00]]
R2 #[[ 9.99999971e-01  0.00000000e+00  2.41610130e-04  0.00000000e+00
   0.00000000e+00  0.00000000e+00]
 [ 0.00000000e+00  9.99999971e-01  0.00000000e+00  2.41610130e-04
   0.00000000e+00  0.00000000e+00]
 [-2.41610130e-04  0.00000000e+00  9.99999971e-01  0.00000000e+00
   0.00000000e+00  0.00000000e+00]
 [ 0.00000000e+00 -2.41610130e-04  0.00000000e+00  9.99999971e-01
   0.00000000e+00  0.00000000e+00]
 [ 0.00000000e+00  0.00000000e+00  0.00000000e+00  0.00000000e+00
   1.00000000e+00  0.00000000e+00]
 [ 0.00000000e+00  0.00000000e+00  0.00000000e+00  0.00000000e+00
   0.00000000e+00  1.00000000e+00]]
Param #6497: delta OK; RMS=0.0009999 mm
quads_tilt_fit #-9.23709975659291e-05
delta_local #[1.e-06]
R1 #[[ 9.99999996e-01  0.00000000e+00 -9.13709974e-05  0.00000000e+00
   0.00000000e+00  0.00000000e+00]
 [ 0.00000000e+00  9.99999996e-01  0.00000000e+00 -9.13709974e-05
   0.00000000e+00  0.00000000e+00]
 [ 9.13709974e-05  0.00000000e+00  9.99999996e-01  0.00000000e+00
   0.00000000e+00  0.00000000e+00]
 [ 0.00000000e+00  9.13709974e-05  0.00000000e+00  9.99999996e-01
   0.00000000e+00  0.00000000e+00]
 [ 0.00000000e+00  0.00000000e+00  0.00000000e+00  0.00000000e+00
   1.00000000e+00  0.00000000e+00]
 [ 0.00000000e+00  0.00000000e+00  0.00000000e+00  0.00000000e+00
   0.00000000e+00  1.00000000e+00]]
R2 #[[ 9.99999996e-01  0.00000000e+00  9.13709974e-05  0.00000000e+00
   0.00000000e+00  0.00000000e+00]
 [ 0.00000000e+00  9.99999996e-01  0.00000000e+00  9.13709974e-05
   0.00000000e+00  0.00000000e+00]
 [-9.13709974e-05  0.00000000e+00  9.99999996e-01  0.00000000e+00
   0.00000000e+00  0.00000000e+00]
 [ 0.00000000e+00 -9.13709974e-05  0.00000000e+00  9.99999996e-01
   0.00000000e+00  0.00000000e+00]
 [ 0.00000000e+00  0.00000000e+00  0.00000000e+00  0.00000000e+00
   1.00000000e+00  0.00000000e+00]
 [ 0.00000000e+00  0.00000000e+00  0.00000000e+00  0.00000000e+00
   0.00000000e+00  1.00000000e+00]]
Param #6507: delta too small; RMS=4.0327e-06 mm
quads_tilt_fit #-9.23709975659291e-05
delta_local #[0.00024797]
R1 #[[ 9.99999988e-01  0.00000000e+00  1.55603121e-04  0.00000000e+00
   0.00000000e+00  0.00000000e+00]
 [ 0.00000000e+00  9.99999988e-01  0.00000000e+00  1.55603121e-04
   0.00000000e+00  0.00000000e+00]
 [-1.55603121e-04  0.00000000e+00  9.99999988e-01  0.00000000e+00
   0.00000000e+00  0.00000000e+00]
 [ 0.00000000e+00 -1.55603121e-04  0.00000000e+00  9.99999988e-01
   0.00000000e+00  0.00000000e+00]
 [ 0.00000000e+00  0.00000000e+00  0.00000000e+00  0.00000000e+00
   1.00000000e+00  0.00000000e+00]
 [ 0.00000000e+00  0.00000000e+00  0.00000000e+00  0.00000000e+00
   0.00000000e+00  1.00000000e+00]]
R2 #[[ 9.99999988e-01  0.00000000e+00 -1.55603121e-04  0.00000000e+00
   0.00000000e+00  0.00000000e+00]
 [ 0.00000000e+00  9.99999988e-01  0.00000000e+00 -1.55603121e-04
   0.00000000e+00  0.00000000e+00]
 [ 1.55603121e-04  0.00000000e+00  9.99999988e-01  0.00000000e+00
   0.00000000e+00  0.00000000e+00]
 [ 0.00000000e+00  1.55603121e-04  0.00000000e+00  9.99999988e-01
   0.00000000e+00  0.00000000e+00]
 [ 0.00000000e+00  0.00000000e+00  0.00000000e+00  0.00000000e+00
   1.00000000e+00  0.00000000e+00]
 [ 0.00000000e+00  0.00000000e+00  0.00000000e+00  0.00000000e+00
   0.00000000e+00  1.00000000e+00]]
Param #6507: delta OK; RMS=0.0010001 mm
quads_tilt_fit #0.00024104331465437526
delta_local #[1.e-06]
R1 #[[ 9.99999971e-01  0.00000000e+00  2.42043312e-04  0.00000000e+00
   0.00000000e+00  0.00000000e+00]
 [ 0.00000000e+00  9.99999971e-01  0.00000000e+00  2.42043312e-04
   0.00000000e+00  0.00000000e+00]
 [-2.42043312e-04  0.00000000e+00  9.99999971e-01  0.00000000e+00
   0.00000000e+00  0.00000000e+00]
 [ 0.00000000e+00 -2.42043312e-04  0.00000000e+00  9.99999971e-01
   0.00000000e+00  0.00000000e+00]
 [ 0.00000000e+00  0.00000000e+00  0.00000000e+00  0.00000000e+00
   1.00000000e+00  0.00000000e+00]
 [ 0.00000000e+00  0.00000000e+00  0.00000000e+00  0.00000000e+00
   0.00000000e+00  1.00000000e+00]]
R2 #[[ 9.99999971e-01  0.00000000e+00 -2.42043312e-04  0.00000000e+00
   0.00000000e+00  0.00000000e+00]
 [ 0.00000000e+00  9.99999971e-01  0.00000000e+00 -2.42043312e-04
   0.00000000e+00  0.00000000e+00]
 [ 2.42043312e-04  0.00000000e+00  9.99999971e-01  0.00000000e+00
   0.00000000e+00  0.00000000e+00]
 [ 0.00000000e+00  2.42043312e-04  0.00000000e+00  9.99999971e-01
   0.00000000e+00  0.00000000e+00]
 [ 0.00000000e+00  0.00000000e+00  0.00000000e+00  0.00000000e+00
   1.00000000e+00  0.00000000e+00]
 [ 0.00000000e+00  0.00000000e+00  0.00000000e+00  0.00000000e+00
   0.00000000e+00  1.00000000e+00]]
Param #6517: delta too small; RMS=2.4768e-06 mm
quads_tilt_fit #0.00024104331465437526
delta_local #[0.00040375]
R1 #[[ 9.99999792e-01  0.00000000e+00  6.44797206e-04  0.00000000e+00
   0.00000000e+00  0.00000000e+00]
 [ 0.00000000e+00  9.99999792e-01  0.00000000e+00  6.44797206e-04
   0.00000000e+00  0.00000000e+00]
 [-6.44797206e-04  0.00000000e+00  9.99999792e-01  0.00000000e+00
   0.00000000e+00  0.00000000e+00]
 [ 0.00000000e+00 -6.44797206e-04  0.00000000e+00  9.99999792e-01
   0.00000000e+00  0.00000000e+00]
 [ 0.00000000e+00  0.00000000e+00  0.00000000e+00  0.00000000e+00
   1.00000000e+00  0.00000000e+00]
 [ 0.00000000e+00  0.00000000e+00  0.00000000e+00  0.00000000e+00
   0.00000000e+00  1.00000000e+00]]
R2 #[[ 9.99999792e-01  0.00000000e+00 -6.44797206e-04  0.00000000e+00
   0.00000000e+00  0.00000000e+00]
 [ 0.00000000e+00  9.99999792e-01  0.00000000e+00 -6.44797206e-04
   0.00000000e+00  0.00000000e+00]
 [ 6.44797206e-04  0.00000000e+00  9.99999792e-01  0.00000000e+00
   0.00000000e+00  0.00000000e+00]
 [ 0.00000000e+00  6.44797206e-04  0.00000000e+00  9.99999792e-01
   0.00000000e+00  0.00000000e+00]
 [ 0.00000000e+00  0.00000000e+00  0.00000000e+00  0.00000000e+00
   1.00000000e+00  0.00000000e+00]
 [ 0.00000000e+00  0.00000000e+00  0.00000000e+00  0.00000000e+00
   0.00000000e+00  1.00000000e+00]]
Param #6517: delta OK; RMS=0.00099974 mm
quads_tilt_fit #-0.0004196184887903549
delta_local #[1.e-06]
R1 #[[ 9.99999912e-01  0.00000000e+00 -4.18618477e-04  0.00000000e+00
   0.00000000e+00  0.00000000e+00]
 [ 0.00000000e+00  9.99999912e-01  0.00000000e+00 -4.18618477e-04
   0.00000000e+00  0.00000000e+00]
 [ 4.18618477e-04  0.00000000e+00  9.99999912e-01  0.00000000e+00
   0.00000000e+00  0.00000000e+00]
 [ 0.00000000e+00  4.18618477e-04  0.00000000e+00  9.99999912e-01
   0.00000000e+00  0.00000000e+00]
 [ 0.00000000e+00  0.00000000e+00  0.00000000e+00  0.00000000e+00
   1.00000000e+00  0.00000000e+00]
 [ 0.00000000e+00  0.00000000e+00  0.00000000e+00  0.00000000e+00
   0.00000000e+00  1.00000000e+00]]
R2 #[[ 9.99999912e-01  0.00000000e+00  4.18618477e-04  0.00000000e+00
   0.00000000e+00  0.00000000e+00]
 [ 0.00000000e+00  9.99999912e-01  0.00000000e+00  4.18618477e-04
   0.00000000e+00  0.00000000e+00]
 [-4.18618477e-04  0.00000000e+00  9.99999912e-01  0.00000000e+00
   0.00000000e+00  0.00000000e+00]
 [ 0.00000000e+00 -4.18618477e-04  0.00000000e+00  9.99999912e-01
   0.00000000e+00  0.00000000e+00]
 [ 0.00000000e+00  0.00000000e+00  0.00000000e+00  0.00000000e+00
   1.00000000e+00  0.00000000e+00]
 [ 0.00000000e+00  0.00000000e+00  0.00000000e+00  0.00000000e+00
   0.00000000e+00  1.00000000e+00]]
Param #6541: delta too small; RMS=2.3906e-06 mm
quads_tilt_fit #-0.0004196184887903549
delta_local #[0.00041831]
R1 #[[ 1.00000000e+00  0.00000000e+00 -1.31344608e-06  0.00000000e+00
   0.00000000e+00  0.00000000e+00]
 [ 0.00000000e+00  1.00000000e+00  0.00000000e+00 -1.31344608e-06
   0.00000000e+00  0.00000000e+00]
 [ 1.31344608e-06  0.00000000e+00  1.00000000e+00  0.00000000e+00
   0.00000000e+00  0.00000000e+00]
 [ 0.00000000e+00  1.31344608e-06  0.00000000e+00  1.00000000e+00
   0.00000000e+00  0.00000000e+00]
 [ 0.00000000e+00  0.00000000e+00  0.00000000e+00  0.00000000e+00
   1.00000000e+00  0.00000000e+00]
 [ 0.00000000e+00  0.00000000e+00  0.00000000e+00  0.00000000e+00
   0.00000000e+00  1.00000000e+00]]
R2 #[[ 1.00000000e+00  0.00000000e+00  1.31344608e-06  0.00000000e+00
   0.00000000e+00  0.00000000e+00]
 [ 0.00000000e+00  1.00000000e+00  0.00000000e+00  1.31344608e-06
   0.00000000e+00  0.00000000e+00]
 [-1.31344608e-06  0.00000000e+00  1.00000000e+00  0.00000000e+00
   0.00000000e+00  0.00000000e+00]
 [ 0.00000000e+00 -1.31344608e-06  0.00000000e+00  1.00000000e+00
   0.00000000e+00  0.00000000e+00]
 [ 0.00000000e+00  0.00000000e+00  0.00000000e+00  0.00000000e+00
   1.00000000e+00  0.00000000e+00]
 [ 0.00000000e+00  0.00000000e+00  0.00000000e+00  0.00000000e+00
   0.00000000e+00  1.00000000e+00]]
Param #6541: delta OK; RMS=0.00099972 mm
quads_tilt_fit #2.879735114049605e-05
delta_local #[1.e-06]
R1 #[[ 1.00000000e+00  0.00000000e+00  2.97973511e-05  0.00000000e+00
   0.00000000e+00  0.00000000e+00]
 [ 0.00000000e+00  1.00000000e+00  0.00000000e+00  2.97973511e-05
   0.00000000e+00  0.00000000e+00]
 [-2.97973511e-05  0.00000000e+00  1.00000000e+00  0.00000000e+00
   0.00000000e+00  0.00000000e+00]
 [ 0.00000000e+00 -2.97973511e-05  0.00000000e+00  1.00000000e+00
   0.00000000e+00  0.00000000e+00]
 [ 0.00000000e+00  0.00000000e+00  0.00000000e+00  0.00000000e+00
   1.00000000e+00  0.00000000e+00]
 [ 0.00000000e+00  0.00000000e+00  0.00000000e+00  0.00000000e+00
   0.00000000e+00  1.00000000e+00]]
R2 #[[ 1.00000000e+00  0.00000000e+00 -2.97973511e-05  0.00000000e+00
   0.00000000e+00  0.00000000e+00]
 [ 0.00000000e+00  1.00000000e+00  0.00000000e+00 -2.97973511e-05
   0.00000000e+00  0.00000000e+00]
 [ 2.97973511e-05  0.00000000e+00  1.00000000e+00  0.00000000e+00
   0.00000000e+00  0.00000000e+00]
 [ 0.00000000e+00  2.97973511e-05  0.00000000e+00  1.00000000e+00
   0.00000000e+00  0.00000000e+00]
 [ 0.00000000e+00  0.00000000e+00  0.00000000e+00  0.00000000e+00
   1.00000000e+00  0.00000000e+00]
 [ 0.00000000e+00  0.00000000e+00  0.00000000e+00  0.00000000e+00
   0.00000000e+00  1.00000000e+00]]
Param #6551: delta too small; RMS=5.5386e-06 mm
quads_tilt_fit #2.879735114049605e-05
delta_local #[0.00018055]
R1 #[[ 9.99999978e-01  0.00000000e+00  2.09347118e-04  0.00000000e+00
   0.00000000e+00  0.00000000e+00]
 [ 0.00000000e+00  9.99999978e-01  0.00000000e+00  2.09347118e-04
   0.00000000e+00  0.00000000e+00]
 [-2.09347118e-04  0.00000000e+00  9.99999978e-01  0.00000000e+00
   0.00000000e+00  0.00000000e+00]
 [ 0.00000000e+00 -2.09347118e-04  0.00000000e+00  9.99999978e-01
   0.00000000e+00  0.00000000e+00]
 [ 0.00000000e+00  0.00000000e+00  0.00000000e+00  0.00000000e+00
   1.00000000e+00  0.00000000e+00]
 [ 0.00000000e+00  0.00000000e+00  0.00000000e+00  0.00000000e+00
   0.00000000e+00  1.00000000e+00]]
R2 #[[ 9.99999978e-01  0.00000000e+00 -2.09347118e-04  0.00000000e+00
   0.00000000e+00  0.00000000e+00]
 [ 0.00000000e+00  9.99999978e-01  0.00000000e+00 -2.09347118e-04
   0.00000000e+00  0.00000000e+00]
 [ 2.09347118e-04  0.00000000e+00  9.99999978e-01  0.00000000e+00
   0.00000000e+00  0.00000000e+00]
 [ 0.00000000e+00  2.09347118e-04  0.00000000e+00  9.99999978e-01
   0.00000000e+00  0.00000000e+00]
 [ 0.00000000e+00  0.00000000e+00  0.00000000e+00  0.00000000e+00
   1.00000000e+00  0.00000000e+00]
 [ 0.00000000e+00  0.00000000e+00  0.00000000e+00  0.00000000e+00
   0.00000000e+00  1.00000000e+00]]
Param #6551: delta OK; RMS=0.0010002 mm
quads_tilt_fit #0.0004407430401615771
delta_local #[1.e-06]
R1 #[[ 9.99999902e-01  0.00000000e+00  4.41743026e-04  0.00000000e+00
   0.00000000e+00  0.00000000e+00]
 [ 0.00000000e+00  9.99999902e-01  0.00000000e+00  4.41743026e-04
   0.00000000e+00  0.00000000e+00]
 [-4.41743026e-04  0.00000000e+00  9.99999902e-01  0.00000000e+00
   0.00000000e+00  0.00000000e+00]
 [ 0.00000000e+00 -4.41743026e-04  0.00000000e+00  9.99999902e-01
   0.00000000e+00  0.00000000e+00]
 [ 0.00000000e+00  0.00000000e+00  0.00000000e+00  0.00000000e+00
   1.00000000e+00  0.00000000e+00]
 [ 0.00000000e+00  0.00000000e+00  0.00000000e+00  0.00000000e+00
   0.00000000e+00  1.00000000e+00]]
R2 #[[ 9.99999902e-01  0.00000000e+00 -4.41743026e-04  0.00000000e+00
   0.00000000e+00  0.00000000e+00]
 [ 0.00000000e+00  9.99999902e-01  0.00000000e+00 -4.41743026e-04
   0.00000000e+00  0.00000000e+00]
 [ 4.41743026e-04  0.00000000e+00  9.99999902e-01  0.00000000e+00
   0.00000000e+00  0.00000000e+00]
 [ 0.00000000e+00  4.41743026e-04  0.00000000e+00  9.99999902e-01
   0.00000000e+00  0.00000000e+00]
 [ 0.00000000e+00  0.00000000e+00  0.00000000e+00  0.00000000e+00
   1.00000000e+00  0.00000000e+00]
 [ 0.00000000e+00  0.00000000e+00  0.00000000e+00  0.00000000e+00
   0.00000000e+00  1.00000000e+00]]
Param #6563: delta too small; RMS=3.0833e-06 mm
quads_tilt_fit #0.0004407430401615771
delta_local #[0.00032433]
R1 #[[ 9.99999707e-01  0.00000000e+00  7.65072755e-04  0.00000000e+00
   0.00000000e+00  0.00000000e+00]
 [ 0.00000000e+00  9.99999707e-01  0.00000000e+00  7.65072755e-04
   0.00000000e+00  0.00000000e+00]
 [-7.65072755e-04  0.00000000e+00  9.99999707e-01  0.00000000e+00
   0.00000000e+00  0.00000000e+00]
 [ 0.00000000e+00 -7.65072755e-04  0.00000000e+00  9.99999707e-01
   0.00000000e+00  0.00000000e+00]
 [ 0.00000000e+00  0.00000000e+00  0.00000000e+00  0.00000000e+00
   1.00000000e+00  0.00000000e+00]
 [ 0.00000000e+00  0.00000000e+00  0.00000000e+00  0.00000000e+00
   0.00000000e+00  1.00000000e+00]]
R2 #[[ 9.99999707e-01  0.00000000e+00 -7.65072755e-04  0.00000000e+00
   0.00000000e+00  0.00000000e+00]
 [ 0.00000000e+00  9.99999707e-01  0.00000000e+00 -7.65072755e-04
   0.00000000e+00  0.00000000e+00]
 [ 7.65072755e-04  0.00000000e+00  9.99999707e-01  0.00000000e+00
   0.00000000e+00  0.00000000e+00]
 [ 0.00000000e+00  7.65072755e-04  0.00000000e+00  9.99999707e-01
   0.00000000e+00  0.00000000e+00]
 [ 0.00000000e+00  0.00000000e+00  0.00000000e+00  0.00000000e+00
   1.00000000e+00  0.00000000e+00]
 [ 0.00000000e+00  0.00000000e+00  0.00000000e+00  0.00000000e+00
   0.00000000e+00  1.00000000e+00]]
Param #6563: delta OK; RMS=0.00099981 mm
quads_tilt_fit #-0.0021359933687116915
delta_local #[1.e-06]
R1 #[[ 0.99999772  0.         -0.00213499  0.          0.          0.        ]
 [ 0.          0.99999772  0.         -0.00213499  0.          0.        ]
 [ 0.00213499  0.          0.99999772  0.          0.          0.        ]
 [ 0.          0.00213499  0.          0.99999772  0.          0.        ]
 [ 0.          0.          0.          0.          1.          0.        ]
 [ 0.          0.          0.          0.          0.          1.        ]]
R2 #[[ 0.99999772  0.          0.00213499  0.          0.          0.        ]
 [ 0.          0.99999772  0.          0.00213499  0.          0.        ]
 [-0.00213499  0.          0.99999772  0.          0.          0.        ]
 [ 0.         -0.00213499  0.          0.99999772  0.          0.        ]
 [ 0.          0.          0.          0.          1.          0.        ]
 [ 0.          0.          0.          0.          0.          1.        ]]
Param #6571: delta too small; RMS=1.5169e-06 mm
quads_tilt_fit #-0.0021359933687116915
delta_local #[0.00065922]
R1 #[[ 0.99999891  0.         -0.00147677  0.          0.          0.        ]
 [ 0.          0.99999891  0.         -0.00147677  0.          0.        ]
 [ 0.00147677  0.          0.99999891  0.          0.          0.        ]
 [ 0.          0.00147677  0.          0.99999891  0.          0.        ]
 [ 0.          0.          0.          0.          1.          0.        ]
 [ 0.          0.          0.          0.          0.          1.        ]]
R2 #[[ 0.99999891  0.          0.00147677  0.          0.          0.        ]
 [ 0.          0.99999891  0.          0.00147677  0.          0.        ]
 [-0.00147677  0.          0.99999891  0.          0.          0.        ]
 [ 0.         -0.00147677  0.          0.99999891  0.          0.        ]
 [ 0.          0.          0.          0.          1.          0.        ]
 [ 0.          0.          0.          0.          0.          1.        ]]
Param #6571: delta OK; RMS=0.0010001 mm
quads_tilt_fit #3.728435867396283e-05
delta_local #[1.e-06]
R1 #[[ 9.99999999e-01  0.00000000e+00  3.82843587e-05  0.00000000e+00
   0.00000000e+00  0.00000000e+00]
 [ 0.00000000e+00  9.99999999e-01  0.00000000e+00  3.82843587e-05
   0.00000000e+00  0.00000000e+00]
 [-3.82843587e-05  0.00000000e+00  9.99999999e-01  0.00000000e+00
   0.00000000e+00  0.00000000e+00]
 [ 0.00000000e+00 -3.82843587e-05  0.00000000e+00  9.99999999e-01
   0.00000000e+00  0.00000000e+00]
 [ 0.00000000e+00  0.00000000e+00  0.00000000e+00  0.00000000e+00
   1.00000000e+00  0.00000000e+00]
 [ 0.00000000e+00  0.00000000e+00  0.00000000e+00  0.00000000e+00
   0.00000000e+00  1.00000000e+00]]
R2 #[[ 9.99999999e-01  0.00000000e+00 -3.82843587e-05  0.00000000e+00
   0.00000000e+00  0.00000000e+00]
 [ 0.00000000e+00  9.99999999e-01  0.00000000e+00 -3.82843587e-05
   0.00000000e+00  0.00000000e+00]
 [ 3.82843587e-05  0.00000000e+00  9.99999999e-01  0.00000000e+00
   0.00000000e+00  0.00000000e+00]
 [ 0.00000000e+00  3.82843587e-05  0.00000000e+00  9.99999999e-01
   0.00000000e+00  0.00000000e+00]
 [ 0.00000000e+00  0.00000000e+00  0.00000000e+00  0.00000000e+00
   1.00000000e+00  0.00000000e+00]
 [ 0.00000000e+00  0.00000000e+00  0.00000000e+00  0.00000000e+00
   0.00000000e+00  1.00000000e+00]]
Param #5483: delta too small; RMS=2.3633e-06 mm
quads_tilt_fit #3.728435867396283e-05
delta_local #[0.00042315]
R1 #[[ 9.99999894e-01  0.00000000e+00  4.60429427e-04  0.00000000e+00
   0.00000000e+00  0.00000000e+00]
 [ 0.00000000e+00  9.99999894e-01  0.00000000e+00  4.60429427e-04
   0.00000000e+00  0.00000000e+00]
 [-4.60429427e-04  0.00000000e+00  9.99999894e-01  0.00000000e+00
   0.00000000e+00  0.00000000e+00]
 [ 0.00000000e+00 -4.60429427e-04  0.00000000e+00  9.99999894e-01
   0.00000000e+00  0.00000000e+00]
 [ 0.00000000e+00  0.00000000e+00  0.00000000e+00  0.00000000e+00
   1.00000000e+00  0.00000000e+00]
 [ 0.00000000e+00  0.00000000e+00  0.00000000e+00  0.00000000e+00
   0.00000000e+00  1.00000000e+00]]
R2 #[[ 9.99999894e-01  0.00000000e+00 -4.60429427e-04  0.00000000e+00
   0.00000000e+00  0.00000000e+00]
 [ 0.00000000e+00  9.99999894e-01  0.00000000e+00 -4.60429427e-04
   0.00000000e+00  0.00000000e+00]
 [ 4.60429427e-04  0.00000000e+00  9.99999894e-01  0.00000000e+00
   0.00000000e+00  0.00000000e+00]
 [ 0.00000000e+00  4.60429427e-04  0.00000000e+00  9.99999894e-01
   0.00000000e+00  0.00000000e+00]
 [ 0.00000000e+00  0.00000000e+00  0.00000000e+00  0.00000000e+00
   1.00000000e+00  0.00000000e+00]
 [ 0.00000000e+00  0.00000000e+00  0.00000000e+00  0.00000000e+00
   0.00000000e+00  1.00000000e+00]]
Param #5483: delta OK; RMS=0.00099988 mm
