quads_tilt_fit #8.341795797863234e-05
delta_local #[1.e-06]
R1 #[[ 9.99999996e-01  0.00000000e+00  8.44179579e-05  0.00000000e+00
   0.00000000e+00  0.00000000e+00]
 [ 0.00000000e+00  9.99999996e-01  0.00000000e+00  8.44179579e-05
   0.00000000e+00  0.00000000e+00]
 [-8.44179579e-05  0.00000000e+00  9.99999996e-01  0.00000000e+00
   0.00000000e+00  0.00000000e+00]
 [ 0.00000000e+00 -8.44179579e-05  0.00000000e+00  9.99999996e-01
   0.00000000e+00  0.00000000e+00]
 [ 0.00000000e+00  0.00000000e+00  0.00000000e+00  0.00000000e+00
   1.00000000e+00  0.00000000e+00]
 [ 0.00000000e+00  0.00000000e+00  0.00000000e+00  0.00000000e+00
   0.00000000e+00  1.00000000e+00]]
R2 #[[ 9.99999996e-01  0.00000000e+00 -8.44179579e-05  0.00000000e+00
   0.00000000e+00  0.00000000e+00]
 [ 0.00000000e+00  9.99999996e-01  0.00000000e+00 -8.44179579e-05
   0.00000000e+00  0.00000000e+00]
 [ 8.44179579e-05  0.00000000e+00  9.99999996e-01  0.00000000e+00
   0.00000000e+00  0.00000000e+00]
 [ 0.00000000e+00  8.44179579e-05  0.00000000e+00  9.99999996e-01
   0.00000000e+00  0.00000000e+00]
 [ 0.00000000e+00  0.00000000e+00  0.00000000e+00  0.00000000e+00
   1.00000000e+00  0.00000000e+00]
 [ 0.00000000e+00  0.00000000e+00  0.00000000e+00  0.00000000e+00
   0.00000000e+00  1.00000000e+00]]
Param #42: delta too small; RMS=8.7481e-07 mm
quads_tilt_fit #8.341795797863234e-05
delta_local #[0.00114311]
R1 #[[ 0.99999925  0.          0.00122653  0.          0.          0.        ]
 [ 0.          0.99999925  0.          0.00122653  0.          0.        ]
 [-0.00122653  0.          0.99999925  0.          0.          0.        ]
 [ 0.         -0.00122653  0.          0.99999925  0.          0.        ]
 [ 0.          0.          0.          0.          1.          0.        ]
 [ 0.          0.          0.          0.          0.          1.        ]]
R2 #[[ 0.99999925  0.         -0.00122653  0.          0.          0.        ]
 [ 0.          0.99999925  0.         -0.00122653  0.          0.        ]
 [ 0.00122653  0.          0.99999925  0.          0.          0.        ]
 [ 0.          0.00122653  0.          0.99999925  0.          0.        ]
 [ 0.          0.          0.          0.          1.          0.        ]
 [ 0.          0.          0.          0.          0.          1.        ]]
Param #42: delta OK; RMS=0.001 mm
quads_tilt_fit #8.794586785469565e-05
delta_local #[1.e-06]
R1 #[[ 9.99999996e-01  0.00000000e+00  8.89458677e-05  0.00000000e+00
   0.00000000e+00  0.00000000e+00]
 [ 0.00000000e+00  9.99999996e-01  0.00000000e+00  8.89458677e-05
   0.00000000e+00  0.00000000e+00]
 [-8.89458677e-05  0.00000000e+00  9.99999996e-01  0.00000000e+00
   0.00000000e+00  0.00000000e+00]
 [ 0.00000000e+00 -8.89458677e-05  0.00000000e+00  9.99999996e-01
   0.00000000e+00  0.00000000e+00]
 [ 0.00000000e+00  0.00000000e+00  0.00000000e+00  0.00000000e+00
   1.00000000e+00  0.00000000e+00]
 [ 0.00000000e+00  0.00000000e+00  0.00000000e+00  0.00000000e+00
   0.00000000e+00  1.00000000e+00]]
R2 #[[ 9.99999996e-01  0.00000000e+00 -8.89458677e-05  0.00000000e+00
   0.00000000e+00  0.00000000e+00]
 [ 0.00000000e+00  9.99999996e-01  0.00000000e+00 -8.89458677e-05
   0.00000000e+00  0.00000000e+00]
 [ 8.89458677e-05  0.00000000e+00  9.99999996e-01  0.00000000e+00
   0.00000000e+00  0.00000000e+00]
 [ 0.00000000e+00  8.89458677e-05  0.00000000e+00  9.99999996e-01
   0.00000000e+00  0.00000000e+00]
 [ 0.00000000e+00  0.00000000e+00  0.00000000e+00  0.00000000e+00
   1.00000000e+00  0.00000000e+00]
 [ 0.00000000e+00  0.00000000e+00  0.00000000e+00  0.00000000e+00
   0.00000000e+00  1.00000000e+00]]
Param #51: delta too small; RMS=6.5766e-07 mm
quads_tilt_fit #8.794586785469565e-05
delta_local #[0.00152054]
R1 #[[ 0.99999871  0.          0.00160849  0.          0.          0.        ]
 [ 0.          0.99999871  0.          0.00160849  0.          0.        ]
 [-0.00160849  0.          0.99999871  0.          0.          0.        ]
 [ 0.         -0.00160849  0.          0.99999871  0.          0.        ]
 [ 0.          0.          0.          0.          1.          0.        ]
 [ 0.          0.          0.          0.          0.          1.        ]]
R2 #[[ 0.99999871  0.         -0.00160849  0.          0.          0.        ]
 [ 0.          0.99999871  0.         -0.00160849  0.          0.        ]
 [ 0.00160849  0.          0.99999871  0.          0.          0.        ]
 [ 0.          0.00160849  0.          0.99999871  0.          0.        ]
 [ 0.          0.          0.          0.          1.          0.        ]
 [ 0.          0.          0.          0.          0.          1.        ]]
Param #51: delta OK; RMS=0.001 mm
quads_tilt_fit #0.0001905134067302374
delta_local #[1.e-06]
R1 #[[ 9.99999982e-01  0.00000000e+00  1.91513406e-04  0.00000000e+00
   0.00000000e+00  0.00000000e+00]
 [ 0.00000000e+00  9.99999982e-01  0.00000000e+00  1.91513406e-04
   0.00000000e+00  0.00000000e+00]
 [-1.91513406e-04  0.00000000e+00  9.99999982e-01  0.00000000e+00
   0.00000000e+00  0.00000000e+00]
 [ 0.00000000e+00 -1.91513406e-04  0.00000000e+00  9.99999982e-01
   0.00000000e+00  0.00000000e+00]
 [ 0.00000000e+00  0.00000000e+00  0.00000000e+00  0.00000000e+00
   1.00000000e+00  0.00000000e+00]
 [ 0.00000000e+00  0.00000000e+00  0.00000000e+00  0.00000000e+00
   0.00000000e+00  1.00000000e+00]]
R2 #[[ 9.99999982e-01  0.00000000e+00 -1.91513406e-04  0.00000000e+00
   0.00000000e+00  0.00000000e+00]
 [ 0.00000000e+00  9.99999982e-01  0.00000000e+00 -1.91513406e-04
   0.00000000e+00  0.00000000e+00]
 [ 1.91513406e-04  0.00000000e+00  9.99999982e-01  0.00000000e+00
   0.00000000e+00  0.00000000e+00]
 [ 0.00000000e+00  1.91513406e-04  0.00000000e+00  9.99999982e-01
   0.00000000e+00  0.00000000e+00]
 [ 0.00000000e+00  0.00000000e+00  0.00000000e+00  0.00000000e+00
   1.00000000e+00  0.00000000e+00]
 [ 0.00000000e+00  0.00000000e+00  0.00000000e+00  0.00000000e+00
   0.00000000e+00  1.00000000e+00]]
Param #105: delta too small; RMS=6.6078e-07 mm
quads_tilt_fit #0.0001905134067302374
delta_local #[0.00151337]
R1 #[[ 0.99999855  0.          0.00170388  0.          0.          0.        ]
 [ 0.          0.99999855  0.          0.00170388  0.          0.        ]
 [-0.00170388  0.          0.99999855  0.          0.          0.        ]
 [ 0.         -0.00170388  0.          0.99999855  0.          0.        ]
 [ 0.          0.          0.          0.          1.          0.        ]
 [ 0.          0.          0.          0.          0.          1.        ]]
R2 #[[ 0.99999855  0.         -0.00170388  0.          0.          0.        ]
 [ 0.          0.99999855  0.         -0.00170388  0.          0.        ]
 [ 0.00170388  0.          0.99999855  0.          0.          0.        ]
 [ 0.          0.00170388  0.          0.99999855  0.          0.        ]
 [ 0.          0.          0.          0.          1.          0.        ]
 [ 0.          0.          0.          0.          0.          1.        ]]
Param #105: delta OK; RMS=0.001 mm
quads_tilt_fit #0.0001040716252472472
delta_local #[1.e-06]
R1 #[[ 9.99999994e-01  0.00000000e+00  1.05071625e-04  0.00000000e+00
   0.00000000e+00  0.00000000e+00]
 [ 0.00000000e+00  9.99999994e-01  0.00000000e+00  1.05071625e-04
   0.00000000e+00  0.00000000e+00]
 [-1.05071625e-04  0.00000000e+00  9.99999994e-01  0.00000000e+00
   0.00000000e+00  0.00000000e+00]
 [ 0.00000000e+00 -1.05071625e-04  0.00000000e+00  9.99999994e-01
   0.00000000e+00  0.00000000e+00]
 [ 0.00000000e+00  0.00000000e+00  0.00000000e+00  0.00000000e+00
   1.00000000e+00  0.00000000e+00]
 [ 0.00000000e+00  0.00000000e+00  0.00000000e+00  0.00000000e+00
   0.00000000e+00  1.00000000e+00]]
R2 #[[ 9.99999994e-01  0.00000000e+00 -1.05071625e-04  0.00000000e+00
   0.00000000e+00  0.00000000e+00]
 [ 0.00000000e+00  9.99999994e-01  0.00000000e+00 -1.05071625e-04
   0.00000000e+00  0.00000000e+00]
 [ 1.05071625e-04  0.00000000e+00  9.99999994e-01  0.00000000e+00
   0.00000000e+00  0.00000000e+00]
 [ 0.00000000e+00  1.05071625e-04  0.00000000e+00  9.99999994e-01
   0.00000000e+00  0.00000000e+00]
 [ 0.00000000e+00  0.00000000e+00  0.00000000e+00  0.00000000e+00
   1.00000000e+00  0.00000000e+00]
 [ 0.00000000e+00  0.00000000e+00  0.00000000e+00  0.00000000e+00
   0.00000000e+00  1.00000000e+00]]
Param #114: delta too small; RMS=8.7349e-07 mm
quads_tilt_fit #0.0001040716252472472
delta_local #[0.00114483]
R1 #[[ 0.99999922  0.          0.0012489   0.          0.          0.        ]
 [ 0.          0.99999922  0.          0.0012489   0.          0.        ]
 [-0.0012489   0.          0.99999922  0.          0.          0.        ]
 [ 0.         -0.0012489   0.          0.99999922  0.          0.        ]
 [ 0.          0.          0.          0.          1.          0.        ]
 [ 0.          0.          0.          0.          0.          1.        ]]
R2 #[[ 0.99999922  0.         -0.0012489   0.          0.          0.        ]
 [ 0.          0.99999922  0.         -0.0012489   0.          0.        ]
 [ 0.0012489   0.          0.99999922  0.          0.          0.        ]
 [ 0.          0.0012489   0.          0.99999922  0.          0.        ]
 [ 0.          0.          0.          0.          1.          0.        ]
 [ 0.          0.          0.          0.          0.          1.        ]]
Param #114: delta OK; RMS=0.001 mm
quads_tilt_fit #3.319867534698165e-05
delta_local #[1.e-06]
R1 #[[ 9.99999999e-01  0.00000000e+00  3.41986753e-05  0.00000000e+00
   0.00000000e+00  0.00000000e+00]
 [ 0.00000000e+00  9.99999999e-01  0.00000000e+00  3.41986753e-05
   0.00000000e+00  0.00000000e+00]
 [-3.41986753e-05  0.00000000e+00  9.99999999e-01  0.00000000e+00
   0.00000000e+00  0.00000000e+00]
 [ 0.00000000e+00 -3.41986753e-05  0.00000000e+00  9.99999999e-01
   0.00000000e+00  0.00000000e+00]
 [ 0.00000000e+00  0.00000000e+00  0.00000000e+00  0.00000000e+00
   1.00000000e+00  0.00000000e+00]
 [ 0.00000000e+00  0.00000000e+00  0.00000000e+00  0.00000000e+00
   0.00000000e+00  1.00000000e+00]]
R2 #[[ 9.99999999e-01  0.00000000e+00 -3.41986753e-05  0.00000000e+00
   0.00000000e+00  0.00000000e+00]
 [ 0.00000000e+00  9.99999999e-01  0.00000000e+00 -3.41986753e-05
   0.00000000e+00  0.00000000e+00]
 [ 3.41986753e-05  0.00000000e+00  9.99999999e-01  0.00000000e+00
   0.00000000e+00  0.00000000e+00]
 [ 0.00000000e+00  3.41986753e-05  0.00000000e+00  9.99999999e-01
   0.00000000e+00  0.00000000e+00]
 [ 0.00000000e+00  0.00000000e+00  0.00000000e+00  0.00000000e+00
   1.00000000e+00  0.00000000e+00]
 [ 0.00000000e+00  0.00000000e+00  0.00000000e+00  0.00000000e+00
   0.00000000e+00  1.00000000e+00]]
Param #120: delta too small; RMS=9.4483e-07 mm
quads_tilt_fit #3.319867534698165e-05
delta_local #[0.00105839]
R1 #[[ 0.9999994   0.          0.00109159  0.          0.          0.        ]
 [ 0.          0.9999994   0.          0.00109159  0.          0.        ]
 [-0.00109159  0.          0.9999994   0.          0.          0.        ]
 [ 0.         -0.00109159  0.          0.9999994   0.          0.        ]
 [ 0.          0.          0.          0.          1.          0.        ]
 [ 0.          0.          0.          0.          0.          1.        ]]
R2 #[[ 0.9999994   0.         -0.00109159  0.          0.          0.        ]
 [ 0.          0.9999994   0.         -0.00109159  0.          0.        ]
 [ 0.00109159  0.          0.9999994   0.          0.          0.        ]
 [ 0.          0.00109159  0.          0.9999994   0.          0.        ]
 [ 0.          0.          0.          0.          1.          0.        ]
 [ 0.          0.          0.          0.          0.          1.        ]]
Param #120: delta OK; RMS=0.001 mm
quads_tilt_fit #0.00012110140458277775
delta_local #[1.e-06]
R1 #[[ 9.99999993e-01  0.00000000e+00  1.22101404e-04  0.00000000e+00
   0.00000000e+00  0.00000000e+00]
 [ 0.00000000e+00  9.99999993e-01  0.00000000e+00  1.22101404e-04
   0.00000000e+00  0.00000000e+00]
 [-1.22101404e-04  0.00000000e+00  9.99999993e-01  0.00000000e+00
   0.00000000e+00  0.00000000e+00]
 [ 0.00000000e+00 -1.22101404e-04  0.00000000e+00  9.99999993e-01
   0.00000000e+00  0.00000000e+00]
 [ 0.00000000e+00  0.00000000e+00  0.00000000e+00  0.00000000e+00
   1.00000000e+00  0.00000000e+00]
 [ 0.00000000e+00  0.00000000e+00  0.00000000e+00  0.00000000e+00
   0.00000000e+00  1.00000000e+00]]
R2 #[[ 9.99999993e-01  0.00000000e+00 -1.22101404e-04  0.00000000e+00
   0.00000000e+00  0.00000000e+00]
 [ 0.00000000e+00  9.99999993e-01  0.00000000e+00 -1.22101404e-04
   0.00000000e+00  0.00000000e+00]
 [ 1.22101404e-04  0.00000000e+00  9.99999993e-01  0.00000000e+00
   0.00000000e+00  0.00000000e+00]
 [ 0.00000000e+00  1.22101404e-04  0.00000000e+00  9.99999993e-01
   0.00000000e+00  0.00000000e+00]
 [ 0.00000000e+00  0.00000000e+00  0.00000000e+00  0.00000000e+00
   1.00000000e+00  0.00000000e+00]
 [ 0.00000000e+00  0.00000000e+00  0.00000000e+00  0.00000000e+00
   0.00000000e+00  1.00000000e+00]]
Param #127: delta too small; RMS=5.7533e-07 mm
quads_tilt_fit #0.00012110140458277775
delta_local #[0.00173812]
R1 #[[ 0.99999827  0.          0.00185922  0.          0.          0.        ]
 [ 0.          0.99999827  0.          0.00185922  0.          0.        ]
 [-0.00185922  0.          0.99999827  0.          0.          0.        ]
 [ 0.         -0.00185922  0.          0.99999827  0.          0.        ]
 [ 0.          0.          0.          0.          1.          0.        ]
 [ 0.          0.          0.          0.          0.          1.        ]]
R2 #[[ 0.99999827  0.         -0.00185922  0.          0.          0.        ]
 [ 0.          0.99999827  0.         -0.00185922  0.          0.        ]
 [ 0.00185922  0.          0.99999827  0.          0.          0.        ]
 [ 0.          0.00185922  0.          0.99999827  0.          0.        ]
 [ 0.          0.          0.          0.          1.          0.        ]
 [ 0.          0.          0.          0.          0.          1.        ]]
Param #127: delta OK; RMS=0.001 mm
quads_tilt_fit #-4.229139737893909e-05
delta_local #[1.e-06]
R1 #[[ 9.99999999e-01  0.00000000e+00 -4.12913974e-05  0.00000000e+00
   0.00000000e+00  0.00000000e+00]
 [ 0.00000000e+00  9.99999999e-01  0.00000000e+00 -4.12913974e-05
   0.00000000e+00  0.00000000e+00]
 [ 4.12913974e-05  0.00000000e+00  9.99999999e-01  0.00000000e+00
   0.00000000e+00  0.00000000e+00]
 [ 0.00000000e+00  4.12913974e-05  0.00000000e+00  9.99999999e-01
   0.00000000e+00  0.00000000e+00]
 [ 0.00000000e+00  0.00000000e+00  0.00000000e+00  0.00000000e+00
   1.00000000e+00  0.00000000e+00]
 [ 0.00000000e+00  0.00000000e+00  0.00000000e+00  0.00000000e+00
   0.00000000e+00  1.00000000e+00]]
R2 #[[ 9.99999999e-01  0.00000000e+00  4.12913974e-05  0.00000000e+00
   0.00000000e+00  0.00000000e+00]
 [ 0.00000000e+00  9.99999999e-01  0.00000000e+00  4.12913974e-05
   0.00000000e+00  0.00000000e+00]
 [-4.12913974e-05  0.00000000e+00  9.99999999e-01  0.00000000e+00
   0.00000000e+00  0.00000000e+00]
 [ 0.00000000e+00 -4.12913974e-05  0.00000000e+00  9.99999999e-01
   0.00000000e+00  0.00000000e+00]
 [ 0.00000000e+00  0.00000000e+00  0.00000000e+00  0.00000000e+00
   1.00000000e+00  0.00000000e+00]
 [ 0.00000000e+00  0.00000000e+00  0.00000000e+00  0.00000000e+00
   0.00000000e+00  1.00000000e+00]]
Param #172: delta too small; RMS=5.7371e-07 mm
quads_tilt_fit #-4.229139737893909e-05
delta_local #[0.00174305]
R1 #[[ 0.99999855  0.          0.00170076  0.          0.          0.        ]
 [ 0.          0.99999855  0.          0.00170076  0.          0.        ]
 [-0.00170076  0.          0.99999855  0.          0.          0.        ]
 [ 0.         -0.00170076  0.          0.99999855  0.          0.        ]
 [ 0.          0.          0.          0.          1.          0.        ]
 [ 0.          0.          0.          0.          0.          1.        ]]
R2 #[[ 0.99999855  0.         -0.00170076  0.          0.          0.        ]
 [ 0.          0.99999855  0.         -0.00170076  0.          0.        ]
 [ 0.00170076  0.          0.99999855  0.          0.          0.        ]
 [ 0.          0.00170076  0.          0.99999855  0.          0.        ]
 [ 0.          0.          0.          0.          1.          0.        ]
 [ 0.          0.          0.          0.          0.          1.        ]]
Param #172: delta OK; RMS=0.001 mm
quads_tilt_fit #4.228662595920882e-05
delta_local #[1.e-06]
R1 #[[ 9.99999999e-01  0.00000000e+00  4.32866259e-05  0.00000000e+00
   0.00000000e+00  0.00000000e+00]
 [ 0.00000000e+00  9.99999999e-01  0.00000000e+00  4.32866259e-05
   0.00000000e+00  0.00000000e+00]
 [-4.32866259e-05  0.00000000e+00  9.99999999e-01  0.00000000e+00
   0.00000000e+00  0.00000000e+00]
 [ 0.00000000e+00 -4.32866259e-05  0.00000000e+00  9.99999999e-01
   0.00000000e+00  0.00000000e+00]
 [ 0.00000000e+00  0.00000000e+00  0.00000000e+00  0.00000000e+00
   1.00000000e+00  0.00000000e+00]
 [ 0.00000000e+00  0.00000000e+00  0.00000000e+00  0.00000000e+00
   0.00000000e+00  1.00000000e+00]]
R2 #[[ 9.99999999e-01  0.00000000e+00 -4.32866259e-05  0.00000000e+00
   0.00000000e+00  0.00000000e+00]
 [ 0.00000000e+00  9.99999999e-01  0.00000000e+00 -4.32866259e-05
   0.00000000e+00  0.00000000e+00]
 [ 4.32866259e-05  0.00000000e+00  9.99999999e-01  0.00000000e+00
   0.00000000e+00  0.00000000e+00]
 [ 0.00000000e+00  4.32866259e-05  0.00000000e+00  9.99999999e-01
   0.00000000e+00  0.00000000e+00]
 [ 0.00000000e+00  0.00000000e+00  0.00000000e+00  0.00000000e+00
   1.00000000e+00  0.00000000e+00]
 [ 0.00000000e+00  0.00000000e+00  0.00000000e+00  0.00000000e+00
   0.00000000e+00  1.00000000e+00]]
Param #179: delta too small; RMS=9.5077e-07 mm
quads_tilt_fit #4.228662595920882e-05
delta_local #[0.00105178]
R1 #[[ 0.9999994   0.          0.00109406  0.          0.          0.        ]
 [ 0.          0.9999994   0.          0.00109406  0.          0.        ]
 [-0.00109406  0.          0.9999994   0.          0.          0.        ]
 [ 0.         -0.00109406  0.          0.9999994   0.          0.        ]
 [ 0.          0.          0.          0.          1.          0.        ]
 [ 0.          0.          0.          0.          0.          1.        ]]
R2 #[[ 0.9999994   0.         -0.00109406  0.          0.          0.        ]
 [ 0.          0.9999994   0.         -0.00109406  0.          0.        ]
 [ 0.00109406  0.          0.9999994   0.          0.          0.        ]
 [ 0.          0.00109406  0.          0.9999994   0.          0.        ]
 [ 0.          0.          0.          0.          1.          0.        ]
 [ 0.          0.          0.          0.          0.          1.        ]]
Param #179: delta OK; RMS=0.001 mm
quads_tilt_fit #4.915848624194839e-05
delta_local #[1.e-06]
R1 #[[ 9.99999999e-01  0.00000000e+00  5.01584862e-05  0.00000000e+00
   0.00000000e+00  0.00000000e+00]
 [ 0.00000000e+00  9.99999999e-01  0.00000000e+00  5.01584862e-05
   0.00000000e+00  0.00000000e+00]
 [-5.01584862e-05  0.00000000e+00  9.99999999e-01  0.00000000e+00
   0.00000000e+00  0.00000000e+00]
 [ 0.00000000e+00 -5.01584862e-05  0.00000000e+00  9.99999999e-01
   0.00000000e+00  0.00000000e+00]
 [ 0.00000000e+00  0.00000000e+00  0.00000000e+00  0.00000000e+00
   1.00000000e+00  0.00000000e+00]
 [ 0.00000000e+00  0.00000000e+00  0.00000000e+00  0.00000000e+00
   0.00000000e+00  1.00000000e+00]]
R2 #[[ 9.99999999e-01  0.00000000e+00 -5.01584862e-05  0.00000000e+00
   0.00000000e+00  0.00000000e+00]
 [ 0.00000000e+00  9.99999999e-01  0.00000000e+00 -5.01584862e-05
   0.00000000e+00  0.00000000e+00]
 [ 5.01584862e-05  0.00000000e+00  9.99999999e-01  0.00000000e+00
   0.00000000e+00  0.00000000e+00]
 [ 0.00000000e+00  5.01584862e-05  0.00000000e+00  9.99999999e-01
   0.00000000e+00  0.00000000e+00]
 [ 0.00000000e+00  0.00000000e+00  0.00000000e+00  0.00000000e+00
   1.00000000e+00  0.00000000e+00]
 [ 0.00000000e+00  0.00000000e+00  0.00000000e+00  0.00000000e+00
   0.00000000e+00  1.00000000e+00]]
Param #185: delta too small; RMS=8.7963e-07 mm
quads_tilt_fit #4.915848624194839e-05
delta_local #[0.00113684]
R1 #[[ 0.9999993  0.         0.001186   0.         0.         0.       ]
 [ 0.         0.9999993  0.         0.001186   0.         0.       ]
 [-0.001186   0.         0.9999993  0.         0.         0.       ]
 [ 0.        -0.001186   0.         0.9999993  0.         0.       ]
 [ 0.         0.         0.         0.         1.         0.       ]
 [ 0.         0.         0.         0.         0.         1.       ]]
R2 #[[ 0.9999993  0.        -0.001186   0.         0.         0.       ]
 [ 0.         0.9999993  0.        -0.001186   0.         0.       ]
 [ 0.001186   0.         0.9999993  0.         0.         0.       ]
 [ 0.         0.001186   0.         0.9999993  0.         0.       ]
 [ 0.         0.         0.         0.         1.         0.       ]
 [ 0.         0.         0.         0.         0.         1.       ]]
Param #185: delta OK; RMS=0.001 mm
quads_tilt_fit #0.0002596977222202189
delta_local #[1.e-06]
R1 #[[ 9.99999966e-01  0.00000000e+00  2.60697719e-04  0.00000000e+00
   0.00000000e+00  0.00000000e+00]
 [ 0.00000000e+00  9.99999966e-01  0.00000000e+00  2.60697719e-04
   0.00000000e+00  0.00000000e+00]
 [-2.60697719e-04  0.00000000e+00  9.99999966e-01  0.00000000e+00
   0.00000000e+00  0.00000000e+00]
 [ 0.00000000e+00 -2.60697719e-04  0.00000000e+00  9.99999966e-01
   0.00000000e+00  0.00000000e+00]
 [ 0.00000000e+00  0.00000000e+00  0.00000000e+00  0.00000000e+00
   1.00000000e+00  0.00000000e+00]
 [ 0.00000000e+00  0.00000000e+00  0.00000000e+00  0.00000000e+00
   0.00000000e+00  1.00000000e+00]]
R2 #[[ 9.99999966e-01  0.00000000e+00 -2.60697719e-04  0.00000000e+00
   0.00000000e+00  0.00000000e+00]
 [ 0.00000000e+00  9.99999966e-01  0.00000000e+00 -2.60697719e-04
   0.00000000e+00  0.00000000e+00]
 [ 2.60697719e-04  0.00000000e+00  9.99999966e-01  0.00000000e+00
   0.00000000e+00  0.00000000e+00]
 [ 0.00000000e+00  2.60697719e-04  0.00000000e+00  9.99999966e-01
   0.00000000e+00  0.00000000e+00]
 [ 0.00000000e+00  0.00000000e+00  0.00000000e+00  0.00000000e+00
   1.00000000e+00  0.00000000e+00]
 [ 0.00000000e+00  0.00000000e+00  0.00000000e+00  0.00000000e+00
   0.00000000e+00  1.00000000e+00]]
Param #194: delta too small; RMS=6.7085e-07 mm
quads_tilt_fit #0.0002596977222202189
delta_local #[0.00149066]
R1 #[[ 0.99999847  0.          0.00175035  0.          0.          0.        ]
 [ 0.          0.99999847  0.          0.00175035  0.          0.        ]
 [-0.00175035  0.          0.99999847  0.          0.          0.        ]
 [ 0.         -0.00175035  0.          0.99999847  0.          0.        ]
 [ 0.          0.          0.          0.          1.          0.        ]
 [ 0.          0.          0.          0.          0.          1.        ]]
R2 #[[ 0.99999847  0.         -0.00175035  0.          0.          0.        ]
 [ 0.          0.99999847  0.         -0.00175035  0.          0.        ]
 [ 0.00175035  0.          0.99999847  0.          0.          0.        ]
 [ 0.          0.00175035  0.          0.99999847  0.          0.        ]
 [ 0.          0.          0.          0.          1.          0.        ]
 [ 0.          0.          0.          0.          0.          1.        ]]
Param #194: delta OK; RMS=0.001 mm
quads_tilt_fit #0.00034346079735092267
delta_local #[1.e-06]
R1 #[[ 9.99999941e-01  0.00000000e+00  3.44460791e-04  0.00000000e+00
   0.00000000e+00  0.00000000e+00]
 [ 0.00000000e+00  9.99999941e-01  0.00000000e+00  3.44460791e-04
   0.00000000e+00  0.00000000e+00]
 [-3.44460791e-04  0.00000000e+00  9.99999941e-01  0.00000000e+00
   0.00000000e+00  0.00000000e+00]
 [ 0.00000000e+00 -3.44460791e-04  0.00000000e+00  9.99999941e-01
   0.00000000e+00  0.00000000e+00]
 [ 0.00000000e+00  0.00000000e+00  0.00000000e+00  0.00000000e+00
   1.00000000e+00  0.00000000e+00]
 [ 0.00000000e+00  0.00000000e+00  0.00000000e+00  0.00000000e+00
   0.00000000e+00  1.00000000e+00]]
R2 #[[ 9.99999941e-01  0.00000000e+00 -3.44460791e-04  0.00000000e+00
   0.00000000e+00  0.00000000e+00]
 [ 0.00000000e+00  9.99999941e-01  0.00000000e+00 -3.44460791e-04
   0.00000000e+00  0.00000000e+00]
 [ 3.44460791e-04  0.00000000e+00  9.99999941e-01  0.00000000e+00
   0.00000000e+00  0.00000000e+00]
 [ 0.00000000e+00  3.44460791e-04  0.00000000e+00  9.99999941e-01
   0.00000000e+00  0.00000000e+00]
 [ 0.00000000e+00  0.00000000e+00  0.00000000e+00  0.00000000e+00
   1.00000000e+00  0.00000000e+00]
 [ 0.00000000e+00  0.00000000e+00  0.00000000e+00  0.00000000e+00
   0.00000000e+00  1.00000000e+00]]
Param #255: delta too small; RMS=6.6435e-07 mm
quads_tilt_fit #0.00034346079735092267
delta_local #[0.00150523]
R1 #[[ 0.99999829  0.          0.00184869  0.          0.          0.        ]
 [ 0.          0.99999829  0.          0.00184869  0.          0.        ]
 [-0.00184869  0.          0.99999829  0.          0.          0.        ]
 [ 0.         -0.00184869  0.          0.99999829  0.          0.        ]
 [ 0.          0.          0.          0.          1.          0.        ]
 [ 0.          0.          0.          0.          0.          1.        ]]
R2 #[[ 0.99999829  0.         -0.00184869  0.          0.          0.        ]
 [ 0.          0.99999829  0.         -0.00184869  0.          0.        ]
 [ 0.00184869  0.          0.99999829  0.          0.          0.        ]
 [ 0.          0.00184869  0.          0.99999829  0.          0.        ]
 [ 0.          0.          0.          0.          1.          0.        ]
 [ 0.          0.          0.          0.          0.          1.        ]]
Param #255: delta OK; RMS=0.001 mm
quads_tilt_fit #6.239405005644135e-05
delta_local #[1.e-06]
R1 #[[ 9.99999998e-01  0.00000000e+00  6.33940500e-05  0.00000000e+00
   0.00000000e+00  0.00000000e+00]
 [ 0.00000000e+00  9.99999998e-01  0.00000000e+00  6.33940500e-05
   0.00000000e+00  0.00000000e+00]
 [-6.33940500e-05  0.00000000e+00  9.99999998e-01  0.00000000e+00
   0.00000000e+00  0.00000000e+00]
 [ 0.00000000e+00 -6.33940500e-05  0.00000000e+00  9.99999998e-01
   0.00000000e+00  0.00000000e+00]
 [ 0.00000000e+00  0.00000000e+00  0.00000000e+00  0.00000000e+00
   1.00000000e+00  0.00000000e+00]
 [ 0.00000000e+00  0.00000000e+00  0.00000000e+00  0.00000000e+00
   0.00000000e+00  1.00000000e+00]]
R2 #[[ 9.99999998e-01  0.00000000e+00 -6.33940500e-05  0.00000000e+00
   0.00000000e+00  0.00000000e+00]
 [ 0.00000000e+00  9.99999998e-01  0.00000000e+00 -6.33940500e-05
   0.00000000e+00  0.00000000e+00]
 [ 6.33940500e-05  0.00000000e+00  9.99999998e-01  0.00000000e+00
   0.00000000e+00  0.00000000e+00]
 [ 0.00000000e+00  6.33940500e-05  0.00000000e+00  9.99999998e-01
   0.00000000e+00  0.00000000e+00]
 [ 0.00000000e+00  0.00000000e+00  0.00000000e+00  0.00000000e+00
   1.00000000e+00  0.00000000e+00]
 [ 0.00000000e+00  0.00000000e+00  0.00000000e+00  0.00000000e+00
   0.00000000e+00  1.00000000e+00]]
Param #264: delta too small; RMS=8.6098e-07 mm
quads_tilt_fit #6.239405005644135e-05
delta_local #[0.00116147]
R1 #[[ 0.99999925  0.          0.00122387  0.          0.          0.        ]
 [ 0.          0.99999925  0.          0.00122387  0.          0.        ]
 [-0.00122387  0.          0.99999925  0.          0.          0.        ]
 [ 0.         -0.00122387  0.          0.99999925  0.          0.        ]
 [ 0.          0.          0.          0.          1.          0.        ]
 [ 0.          0.          0.          0.          0.          1.        ]]
R2 #[[ 0.99999925  0.         -0.00122387  0.          0.          0.        ]
 [ 0.          0.99999925  0.         -0.00122387  0.          0.        ]
 [ 0.00122387  0.          0.99999925  0.          0.          0.        ]
 [ 0.          0.00122387  0.          0.99999925  0.          0.        ]
 [ 0.          0.          0.          0.          1.          0.        ]
 [ 0.          0.          0.          0.          0.          1.        ]]
Param #264: delta OK; RMS=0.001 mm
quads_tilt_fit #6.266008727622792e-05
delta_local #[1.e-06]
R1 #[[ 9.99999998e-01  0.00000000e+00  6.36600872e-05  0.00000000e+00
   0.00000000e+00  0.00000000e+00]
 [ 0.00000000e+00  9.99999998e-01  0.00000000e+00  6.36600872e-05
   0.00000000e+00  0.00000000e+00]
 [-6.36600872e-05  0.00000000e+00  9.99999998e-01  0.00000000e+00
   0.00000000e+00  0.00000000e+00]
 [ 0.00000000e+00 -6.36600872e-05  0.00000000e+00  9.99999998e-01
   0.00000000e+00  0.00000000e+00]
 [ 0.00000000e+00  0.00000000e+00  0.00000000e+00  0.00000000e+00
   1.00000000e+00  0.00000000e+00]
 [ 0.00000000e+00  0.00000000e+00  0.00000000e+00  0.00000000e+00
   0.00000000e+00  1.00000000e+00]]
R2 #[[ 9.99999998e-01  0.00000000e+00 -6.36600872e-05  0.00000000e+00
   0.00000000e+00  0.00000000e+00]
 [ 0.00000000e+00  9.99999998e-01  0.00000000e+00 -6.36600872e-05
   0.00000000e+00  0.00000000e+00]
 [ 6.36600872e-05  0.00000000e+00  9.99999998e-01  0.00000000e+00
   0.00000000e+00  0.00000000e+00]
 [ 0.00000000e+00  6.36600872e-05  0.00000000e+00  9.99999998e-01
   0.00000000e+00  0.00000000e+00]
 [ 0.00000000e+00  0.00000000e+00  0.00000000e+00  0.00000000e+00
   1.00000000e+00  0.00000000e+00]
 [ 0.00000000e+00  0.00000000e+00  0.00000000e+00  0.00000000e+00
   0.00000000e+00  1.00000000e+00]]
Param #270: delta too small; RMS=9.6309e-07 mm
quads_tilt_fit #6.266008727622792e-05
delta_local #[0.00103833]
R1 #[[ 0.99999939  0.          0.00110099  0.          0.          0.        ]
 [ 0.          0.99999939  0.          0.00110099  0.          0.        ]
 [-0.00110099  0.          0.99999939  0.          0.          0.        ]
 [ 0.         -0.00110099  0.          0.99999939  0.          0.        ]
 [ 0.          0.          0.          0.          1.          0.        ]
 [ 0.          0.          0.          0.          0.          1.        ]]
R2 #[[ 0.99999939  0.         -0.00110099  0.          0.          0.        ]
 [ 0.          0.99999939  0.         -0.00110099  0.          0.        ]
 [ 0.00110099  0.          0.99999939  0.          0.          0.        ]
 [ 0.          0.00110099  0.          0.99999939  0.          0.        ]
 [ 0.          0.          0.          0.          1.          0.        ]
 [ 0.          0.          0.          0.          0.          1.        ]]
Param #270: delta OK; RMS=0.001 mm
quads_tilt_fit #-6.881331764741165e-05
delta_local #[1.e-06]
R1 #[[ 9.99999998e-01  0.00000000e+00 -6.78133176e-05  0.00000000e+00
   0.00000000e+00  0.00000000e+00]
 [ 0.00000000e+00  9.99999998e-01  0.00000000e+00 -6.78133176e-05
   0.00000000e+00  0.00000000e+00]
 [ 6.78133176e-05  0.00000000e+00  9.99999998e-01  0.00000000e+00
   0.00000000e+00  0.00000000e+00]
 [ 0.00000000e+00  6.78133176e-05  0.00000000e+00  9.99999998e-01
   0.00000000e+00  0.00000000e+00]
 [ 0.00000000e+00  0.00000000e+00  0.00000000e+00  0.00000000e+00
   1.00000000e+00  0.00000000e+00]
 [ 0.00000000e+00  0.00000000e+00  0.00000000e+00  0.00000000e+00
   0.00000000e+00  1.00000000e+00]]
R2 #[[ 9.99999998e-01  0.00000000e+00  6.78133176e-05  0.00000000e+00
   0.00000000e+00  0.00000000e+00]
 [ 0.00000000e+00  9.99999998e-01  0.00000000e+00  6.78133176e-05
   0.00000000e+00  0.00000000e+00]
 [-6.78133176e-05  0.00000000e+00  9.99999998e-01  0.00000000e+00
   0.00000000e+00  0.00000000e+00]
 [ 0.00000000e+00 -6.78133176e-05  0.00000000e+00  9.99999998e-01
   0.00000000e+00  0.00000000e+00]
 [ 0.00000000e+00  0.00000000e+00  0.00000000e+00  0.00000000e+00
   1.00000000e+00  0.00000000e+00]
 [ 0.00000000e+00  0.00000000e+00  0.00000000e+00  0.00000000e+00
   0.00000000e+00  1.00000000e+00]]
Param #277: delta too small; RMS=5.7511e-07 mm
quads_tilt_fit #-6.881331764741165e-05
delta_local #[0.0017388]
R1 #[[ 0.99999861  0.          0.00166999  0.          0.          0.        ]
 [ 0.          0.99999861  0.          0.00166999  0.          0.        ]
 [-0.00166999  0.          0.99999861  0.          0.          0.        ]
 [ 0.         -0.00166999  0.          0.99999861  0.          0.        ]
 [ 0.          0.          0.          0.          1.          0.        ]
 [ 0.          0.          0.          0.          0.          1.        ]]
R2 #[[ 0.99999861  0.         -0.00166999  0.          0.          0.        ]
 [ 0.          0.99999861  0.         -0.00166999  0.          0.        ]
 [ 0.00166999  0.          0.99999861  0.          0.          0.        ]
 [ 0.          0.00166999  0.          0.99999861  0.          0.        ]
 [ 0.          0.          0.          0.          1.          0.        ]
 [ 0.          0.          0.          0.          0.          1.        ]]
Param #277: delta OK; RMS=0.001 mm
quads_tilt_fit #0.00026796912179544977
delta_local #[1.e-06]
R1 #[[ 9.99999964e-01  0.00000000e+00  2.68969119e-04  0.00000000e+00
   0.00000000e+00  0.00000000e+00]
 [ 0.00000000e+00  9.99999964e-01  0.00000000e+00  2.68969119e-04
   0.00000000e+00  0.00000000e+00]
 [-2.68969119e-04  0.00000000e+00  9.99999964e-01  0.00000000e+00
   0.00000000e+00  0.00000000e+00]
 [ 0.00000000e+00 -2.68969119e-04  0.00000000e+00  9.99999964e-01
   0.00000000e+00  0.00000000e+00]
 [ 0.00000000e+00  0.00000000e+00  0.00000000e+00  0.00000000e+00
   1.00000000e+00  0.00000000e+00]
 [ 0.00000000e+00  0.00000000e+00  0.00000000e+00  0.00000000e+00
   0.00000000e+00  1.00000000e+00]]
R2 #[[ 9.99999964e-01  0.00000000e+00 -2.68969119e-04  0.00000000e+00
   0.00000000e+00  0.00000000e+00]
 [ 0.00000000e+00  9.99999964e-01  0.00000000e+00 -2.68969119e-04
   0.00000000e+00  0.00000000e+00]
 [ 2.68969119e-04  0.00000000e+00  9.99999964e-01  0.00000000e+00
   0.00000000e+00  0.00000000e+00]
 [ 0.00000000e+00  2.68969119e-04  0.00000000e+00  9.99999964e-01
   0.00000000e+00  0.00000000e+00]
 [ 0.00000000e+00  0.00000000e+00  0.00000000e+00  0.00000000e+00
   1.00000000e+00  0.00000000e+00]
 [ 0.00000000e+00  0.00000000e+00  0.00000000e+00  0.00000000e+00
   0.00000000e+00  1.00000000e+00]]
Param #313: delta too small; RMS=5.7023e-07 mm
quads_tilt_fit #0.00026796912179544977
delta_local #[0.00175367]
R1 #[[ 0.99999796  0.          0.00202164  0.          0.          0.        ]
 [ 0.          0.99999796  0.          0.00202164  0.          0.        ]
 [-0.00202164  0.          0.99999796  0.          0.          0.        ]
 [ 0.         -0.00202164  0.          0.99999796  0.          0.        ]
 [ 0.          0.          0.          0.          1.          0.        ]
 [ 0.          0.          0.          0.          0.          1.        ]]
R2 #[[ 0.99999796  0.         -0.00202164  0.          0.          0.        ]
 [ 0.          0.99999796  0.         -0.00202164  0.          0.        ]
 [ 0.00202164  0.          0.99999796  0.          0.          0.        ]
 [ 0.          0.00202164  0.          0.99999796  0.          0.        ]
 [ 0.          0.          0.          0.          1.          0.        ]
 [ 0.          0.          0.          0.          0.          1.        ]]
Param #313: delta OK; RMS=0.001 mm
quads_tilt_fit #0.00015586365502978417
delta_local #[1.e-06]
R1 #[[ 9.99999988e-01  0.00000000e+00  1.56863654e-04  0.00000000e+00
   0.00000000e+00  0.00000000e+00]
 [ 0.00000000e+00  9.99999988e-01  0.00000000e+00  1.56863654e-04
   0.00000000e+00  0.00000000e+00]
 [-1.56863654e-04  0.00000000e+00  9.99999988e-01  0.00000000e+00
   0.00000000e+00  0.00000000e+00]
 [ 0.00000000e+00 -1.56863654e-04  0.00000000e+00  9.99999988e-01
   0.00000000e+00  0.00000000e+00]
 [ 0.00000000e+00  0.00000000e+00  0.00000000e+00  0.00000000e+00
   1.00000000e+00  0.00000000e+00]
 [ 0.00000000e+00  0.00000000e+00  0.00000000e+00  0.00000000e+00
   0.00000000e+00  1.00000000e+00]]
R2 #[[ 9.99999988e-01  0.00000000e+00 -1.56863654e-04  0.00000000e+00
   0.00000000e+00  0.00000000e+00]
 [ 0.00000000e+00  9.99999988e-01  0.00000000e+00 -1.56863654e-04
   0.00000000e+00  0.00000000e+00]
 [ 1.56863654e-04  0.00000000e+00  9.99999988e-01  0.00000000e+00
   0.00000000e+00  0.00000000e+00]
 [ 0.00000000e+00  1.56863654e-04  0.00000000e+00  9.99999988e-01
   0.00000000e+00  0.00000000e+00]
 [ 0.00000000e+00  0.00000000e+00  0.00000000e+00  0.00000000e+00
   1.00000000e+00  0.00000000e+00]
 [ 0.00000000e+00  0.00000000e+00  0.00000000e+00  0.00000000e+00
   0.00000000e+00  1.00000000e+00]]
Param #320: delta too small; RMS=9.4362e-07 mm
quads_tilt_fit #0.00015586365502978417
delta_local #[0.00105974]
R1 #[[ 0.99999926  0.          0.00121561  0.          0.          0.        ]
 [ 0.          0.99999926  0.          0.00121561  0.          0.        ]
 [-0.00121561  0.          0.99999926  0.          0.          0.        ]
 [ 0.         -0.00121561  0.          0.99999926  0.          0.        ]
 [ 0.          0.          0.          0.          1.          0.        ]
 [ 0.          0.          0.          0.          0.          1.        ]]
R2 #[[ 0.99999926  0.         -0.00121561  0.          0.          0.        ]
 [ 0.          0.99999926  0.         -0.00121561  0.          0.        ]
 [ 0.00121561  0.          0.99999926  0.          0.          0.        ]
 [ 0.          0.00121561  0.          0.99999926  0.          0.        ]
 [ 0.          0.          0.          0.          1.          0.        ]
 [ 0.          0.          0.          0.          0.          1.        ]]
Param #320: delta OK; RMS=0.001 mm
quads_tilt_fit #7.695374562909187e-05
delta_local #[1.e-06]
R1 #[[ 9.99999997e-01  0.00000000e+00  7.79537456e-05  0.00000000e+00
   0.00000000e+00  0.00000000e+00]
 [ 0.00000000e+00  9.99999997e-01  0.00000000e+00  7.79537456e-05
   0.00000000e+00  0.00000000e+00]
 [-7.79537456e-05  0.00000000e+00  9.99999997e-01  0.00000000e+00
   0.00000000e+00  0.00000000e+00]
 [ 0.00000000e+00 -7.79537456e-05  0.00000000e+00  9.99999997e-01
   0.00000000e+00  0.00000000e+00]
 [ 0.00000000e+00  0.00000000e+00  0.00000000e+00  0.00000000e+00
   1.00000000e+00  0.00000000e+00]
 [ 0.00000000e+00  0.00000000e+00  0.00000000e+00  0.00000000e+00
   0.00000000e+00  1.00000000e+00]]
R2 #[[ 9.99999997e-01  0.00000000e+00 -7.79537456e-05  0.00000000e+00
   0.00000000e+00  0.00000000e+00]
 [ 0.00000000e+00  9.99999997e-01  0.00000000e+00 -7.79537456e-05
   0.00000000e+00  0.00000000e+00]
 [ 7.79537456e-05  0.00000000e+00  9.99999997e-01  0.00000000e+00
   0.00000000e+00  0.00000000e+00]
 [ 0.00000000e+00  7.79537456e-05  0.00000000e+00  9.99999997e-01
   0.00000000e+00  0.00000000e+00]
 [ 0.00000000e+00  0.00000000e+00  0.00000000e+00  0.00000000e+00
   1.00000000e+00  0.00000000e+00]
 [ 0.00000000e+00  0.00000000e+00  0.00000000e+00  0.00000000e+00
   0.00000000e+00  1.00000000e+00]]
Param #326: delta too small; RMS=8.7111e-07 mm
quads_tilt_fit #7.695374562909187e-05
delta_local #[0.00114796]
R1 #[[ 0.99999925  0.          0.00122491  0.          0.          0.        ]
 [ 0.          0.99999925  0.          0.00122491  0.          0.        ]
 [-0.00122491  0.          0.99999925  0.          0.          0.        ]
 [ 0.         -0.00122491  0.          0.99999925  0.          0.        ]
 [ 0.          0.          0.          0.          1.          0.        ]
 [ 0.          0.          0.          0.          0.          1.        ]]
R2 #[[ 0.99999925  0.         -0.00122491  0.          0.          0.        ]
 [ 0.          0.99999925  0.         -0.00122491  0.          0.        ]
 [ 0.00122491  0.          0.99999925  0.          0.          0.        ]
 [ 0.          0.00122491  0.          0.99999925  0.          0.        ]
 [ 0.          0.          0.          0.          1.          0.        ]
 [ 0.          0.          0.          0.          0.          1.        ]]
Param #326: delta OK; RMS=0.001 mm
quads_tilt_fit #0.00012688273113537976
delta_local #[1.e-06]
R1 #[[ 9.99999992e-01  0.00000000e+00  1.27882731e-04  0.00000000e+00
   0.00000000e+00  0.00000000e+00]
 [ 0.00000000e+00  9.99999992e-01  0.00000000e+00  1.27882731e-04
   0.00000000e+00  0.00000000e+00]
 [-1.27882731e-04  0.00000000e+00  9.99999992e-01  0.00000000e+00
   0.00000000e+00  0.00000000e+00]
 [ 0.00000000e+00 -1.27882731e-04  0.00000000e+00  9.99999992e-01
   0.00000000e+00  0.00000000e+00]
 [ 0.00000000e+00  0.00000000e+00  0.00000000e+00  0.00000000e+00
   1.00000000e+00  0.00000000e+00]
 [ 0.00000000e+00  0.00000000e+00  0.00000000e+00  0.00000000e+00
   0.00000000e+00  1.00000000e+00]]
R2 #[[ 9.99999992e-01  0.00000000e+00 -1.27882731e-04  0.00000000e+00
   0.00000000e+00  0.00000000e+00]
 [ 0.00000000e+00  9.99999992e-01  0.00000000e+00 -1.27882731e-04
   0.00000000e+00  0.00000000e+00]
 [ 1.27882731e-04  0.00000000e+00  9.99999992e-01  0.00000000e+00
   0.00000000e+00  0.00000000e+00]
 [ 0.00000000e+00  1.27882731e-04  0.00000000e+00  9.99999992e-01
   0.00000000e+00  0.00000000e+00]
 [ 0.00000000e+00  0.00000000e+00  0.00000000e+00  0.00000000e+00
   1.00000000e+00  0.00000000e+00]
 [ 0.00000000e+00  0.00000000e+00  0.00000000e+00  0.00000000e+00
   0.00000000e+00  1.00000000e+00]]
Param #335: delta too small; RMS=6.6623e-07 mm
quads_tilt_fit #0.00012688273113537976
delta_local #[0.00150098]
R1 #[[ 0.99999868  0.          0.00162787  0.          0.          0.        ]
 [ 0.          0.99999868  0.          0.00162787  0.          0.        ]
 [-0.00162787  0.          0.99999868  0.          0.          0.        ]
 [ 0.         -0.00162787  0.          0.99999868  0.          0.        ]
 [ 0.          0.          0.          0.          1.          0.        ]
 [ 0.          0.          0.          0.          0.          1.        ]]
R2 #[[ 0.99999868  0.         -0.00162787  0.          0.          0.        ]
 [ 0.          0.99999868  0.         -0.00162787  0.          0.        ]
 [ 0.00162787  0.          0.99999868  0.          0.          0.        ]
 [ 0.          0.00162787  0.          0.99999868  0.          0.        ]
 [ 0.          0.          0.          0.          1.          0.        ]
 [ 0.          0.          0.          0.          0.          1.        ]]
Param #335: delta OK; RMS=0.001 mm
quads_tilt_fit #6.830716182658873e-05
delta_local #[1.e-06]
R1 #[[ 9.99999998e-01  0.00000000e+00  6.93071618e-05  0.00000000e+00
   0.00000000e+00  0.00000000e+00]
 [ 0.00000000e+00  9.99999998e-01  0.00000000e+00  6.93071618e-05
   0.00000000e+00  0.00000000e+00]
 [-6.93071618e-05  0.00000000e+00  9.99999998e-01  0.00000000e+00
   0.00000000e+00  0.00000000e+00]
 [ 0.00000000e+00 -6.93071618e-05  0.00000000e+00  9.99999998e-01
   0.00000000e+00  0.00000000e+00]
 [ 0.00000000e+00  0.00000000e+00  0.00000000e+00  0.00000000e+00
   1.00000000e+00  0.00000000e+00]
 [ 0.00000000e+00  0.00000000e+00  0.00000000e+00  0.00000000e+00
   0.00000000e+00  1.00000000e+00]]
R2 #[[ 9.99999998e-01  0.00000000e+00 -6.93071618e-05  0.00000000e+00
   0.00000000e+00  0.00000000e+00]
 [ 0.00000000e+00  9.99999998e-01  0.00000000e+00 -6.93071618e-05
   0.00000000e+00  0.00000000e+00]
 [ 6.93071618e-05  0.00000000e+00  9.99999998e-01  0.00000000e+00
   0.00000000e+00  0.00000000e+00]
 [ 0.00000000e+00  6.93071618e-05  0.00000000e+00  9.99999998e-01
   0.00000000e+00  0.00000000e+00]
 [ 0.00000000e+00  0.00000000e+00  0.00000000e+00  0.00000000e+00
   1.00000000e+00  0.00000000e+00]
 [ 0.00000000e+00  0.00000000e+00  0.00000000e+00  0.00000000e+00
   0.00000000e+00  1.00000000e+00]]
Param #389: delta too small; RMS=6.6199e-07 mm
quads_tilt_fit #6.830716182658873e-05
delta_local #[0.00151061]
R1 #[[ 0.99999875  0.          0.00157891  0.          0.          0.        ]
 [ 0.          0.99999875  0.          0.00157891  0.          0.        ]
 [-0.00157891  0.          0.99999875  0.          0.          0.        ]
 [ 0.         -0.00157891  0.          0.99999875  0.          0.        ]
 [ 0.          0.          0.          0.          1.          0.        ]
 [ 0.          0.          0.          0.          0.          1.        ]]
R2 #[[ 0.99999875  0.         -0.00157891  0.          0.          0.        ]
 [ 0.          0.99999875  0.         -0.00157891  0.          0.        ]
 [ 0.00157891  0.          0.99999875  0.          0.          0.        ]
 [ 0.          0.00157891  0.          0.99999875  0.          0.        ]
 [ 0.          0.          0.          0.          1.          0.        ]
 [ 0.          0.          0.          0.          0.          1.        ]]
Param #389: delta OK; RMS=0.001 mm
quads_tilt_fit #7.088469778498918e-05
delta_local #[1.e-06]
R1 #[[ 9.99999997e-01  0.00000000e+00  7.18846977e-05  0.00000000e+00
   0.00000000e+00  0.00000000e+00]
 [ 0.00000000e+00  9.99999997e-01  0.00000000e+00  7.18846977e-05
   0.00000000e+00  0.00000000e+00]
 [-7.18846977e-05  0.00000000e+00  9.99999997e-01  0.00000000e+00
   0.00000000e+00  0.00000000e+00]
 [ 0.00000000e+00 -7.18846977e-05  0.00000000e+00  9.99999997e-01
   0.00000000e+00  0.00000000e+00]
 [ 0.00000000e+00  0.00000000e+00  0.00000000e+00  0.00000000e+00
   1.00000000e+00  0.00000000e+00]
 [ 0.00000000e+00  0.00000000e+00  0.00000000e+00  0.00000000e+00
   0.00000000e+00  1.00000000e+00]]
R2 #[[ 9.99999997e-01  0.00000000e+00 -7.18846977e-05  0.00000000e+00
   0.00000000e+00  0.00000000e+00]
 [ 0.00000000e+00  9.99999997e-01  0.00000000e+00 -7.18846977e-05
   0.00000000e+00  0.00000000e+00]
 [ 7.18846977e-05  0.00000000e+00  9.99999997e-01  0.00000000e+00
   0.00000000e+00  0.00000000e+00]
 [ 0.00000000e+00  7.18846977e-05  0.00000000e+00  9.99999997e-01
   0.00000000e+00  0.00000000e+00]
 [ 0.00000000e+00  0.00000000e+00  0.00000000e+00  0.00000000e+00
   1.00000000e+00  0.00000000e+00]
 [ 0.00000000e+00  0.00000000e+00  0.00000000e+00  0.00000000e+00
   0.00000000e+00  1.00000000e+00]]
Param #398: delta too small; RMS=8.712e-07 mm
quads_tilt_fit #7.088469778498918e-05
delta_local #[0.00114784]
R1 #[[ 0.99999926  0.          0.00121873  0.          0.          0.        ]
 [ 0.          0.99999926  0.          0.00121873  0.          0.        ]
 [-0.00121873  0.          0.99999926  0.          0.          0.        ]
 [ 0.         -0.00121873  0.          0.99999926  0.          0.        ]
 [ 0.          0.          0.          0.          1.          0.        ]
 [ 0.          0.          0.          0.          0.          1.        ]]
R2 #[[ 0.99999926  0.         -0.00121873  0.          0.          0.        ]
 [ 0.          0.99999926  0.         -0.00121873  0.          0.        ]
 [ 0.00121873  0.          0.99999926  0.          0.          0.        ]
 [ 0.          0.00121873  0.          0.99999926  0.          0.        ]
 [ 0.          0.          0.          0.          1.          0.        ]
 [ 0.          0.          0.          0.          0.          1.        ]]
Param #398: delta OK; RMS=0.001 mm
quads_tilt_fit #8.79478745474734e-05
delta_local #[1.e-06]
R1 #[[ 9.99999996e-01  0.00000000e+00  8.89478744e-05  0.00000000e+00
   0.00000000e+00  0.00000000e+00]
 [ 0.00000000e+00  9.99999996e-01  0.00000000e+00  8.89478744e-05
   0.00000000e+00  0.00000000e+00]
 [-8.89478744e-05  0.00000000e+00  9.99999996e-01  0.00000000e+00
   0.00000000e+00  0.00000000e+00]
 [ 0.00000000e+00 -8.89478744e-05  0.00000000e+00  9.99999996e-01
   0.00000000e+00  0.00000000e+00]
 [ 0.00000000e+00  0.00000000e+00  0.00000000e+00  0.00000000e+00
   1.00000000e+00  0.00000000e+00]
 [ 0.00000000e+00  0.00000000e+00  0.00000000e+00  0.00000000e+00
   0.00000000e+00  1.00000000e+00]]
R2 #[[ 9.99999996e-01  0.00000000e+00 -8.89478744e-05  0.00000000e+00
   0.00000000e+00  0.00000000e+00]
 [ 0.00000000e+00  9.99999996e-01  0.00000000e+00 -8.89478744e-05
   0.00000000e+00  0.00000000e+00]
 [ 8.89478744e-05  0.00000000e+00  9.99999996e-01  0.00000000e+00
   0.00000000e+00  0.00000000e+00]
 [ 0.00000000e+00  8.89478744e-05  0.00000000e+00  9.99999996e-01
   0.00000000e+00  0.00000000e+00]
 [ 0.00000000e+00  0.00000000e+00  0.00000000e+00  0.00000000e+00
   1.00000000e+00  0.00000000e+00]
 [ 0.00000000e+00  0.00000000e+00  0.00000000e+00  0.00000000e+00
   0.00000000e+00  1.00000000e+00]]
Param #404: delta too small; RMS=9.432e-07 mm
quads_tilt_fit #8.79478745474734e-05
delta_local #[0.00106022]
R1 #[[ 0.99999934  0.          0.00114816  0.          0.          0.        ]
 [ 0.          0.99999934  0.          0.00114816  0.          0.        ]
 [-0.00114816  0.          0.99999934  0.          0.          0.        ]
 [ 0.         -0.00114816  0.          0.99999934  0.          0.        ]
 [ 0.          0.          0.          0.          1.          0.        ]
 [ 0.          0.          0.          0.          0.          1.        ]]
R2 #[[ 0.99999934  0.         -0.00114816  0.          0.          0.        ]
 [ 0.          0.99999934  0.         -0.00114816  0.          0.        ]
 [ 0.00114816  0.          0.99999934  0.          0.          0.        ]
 [ 0.          0.00114816  0.          0.99999934  0.          0.        ]
 [ 0.          0.          0.          0.          1.          0.        ]
 [ 0.          0.          0.          0.          0.          1.        ]]
Param #404: delta OK; RMS=0.001 mm
quads_tilt_fit #0.0002043645839470528
delta_local #[1.e-06]
R1 #[[ 9.99999979e-01  0.00000000e+00  2.05364583e-04  0.00000000e+00
   0.00000000e+00  0.00000000e+00]
 [ 0.00000000e+00  9.99999979e-01  0.00000000e+00  2.05364583e-04
   0.00000000e+00  0.00000000e+00]
 [-2.05364583e-04  0.00000000e+00  9.99999979e-01  0.00000000e+00
   0.00000000e+00  0.00000000e+00]
 [ 0.00000000e+00 -2.05364583e-04  0.00000000e+00  9.99999979e-01
   0.00000000e+00  0.00000000e+00]
 [ 0.00000000e+00  0.00000000e+00  0.00000000e+00  0.00000000e+00
   1.00000000e+00  0.00000000e+00]
 [ 0.00000000e+00  0.00000000e+00  0.00000000e+00  0.00000000e+00
   0.00000000e+00  1.00000000e+00]]
R2 #[[ 9.99999979e-01  0.00000000e+00 -2.05364583e-04  0.00000000e+00
   0.00000000e+00  0.00000000e+00]
 [ 0.00000000e+00  9.99999979e-01  0.00000000e+00 -2.05364583e-04
   0.00000000e+00  0.00000000e+00]
 [ 2.05364583e-04  0.00000000e+00  9.99999979e-01  0.00000000e+00
   0.00000000e+00  0.00000000e+00]
 [ 0.00000000e+00  2.05364583e-04  0.00000000e+00  9.99999979e-01
   0.00000000e+00  0.00000000e+00]
 [ 0.00000000e+00  0.00000000e+00  0.00000000e+00  0.00000000e+00
   1.00000000e+00  0.00000000e+00]
 [ 0.00000000e+00  0.00000000e+00  0.00000000e+00  0.00000000e+00
   0.00000000e+00  1.00000000e+00]]
Param #411: delta too small; RMS=5.71e-07 mm
quads_tilt_fit #0.0002043645839470528
delta_local #[0.00175131]
R1 #[[ 0.99999809  0.          0.00195567  0.          0.          0.        ]
 [ 0.          0.99999809  0.          0.00195567  0.          0.        ]
 [-0.00195567  0.          0.99999809  0.          0.          0.        ]
 [ 0.         -0.00195567  0.          0.99999809  0.          0.        ]
 [ 0.          0.          0.          0.          1.          0.        ]
 [ 0.          0.          0.          0.          0.          1.        ]]
R2 #[[ 0.99999809  0.         -0.00195567  0.          0.          0.        ]
 [ 0.          0.99999809  0.         -0.00195567  0.          0.        ]
 [ 0.00195567  0.          0.99999809  0.          0.          0.        ]
 [ 0.          0.00195567  0.          0.99999809  0.          0.        ]
 [ 0.          0.          0.          0.          1.          0.        ]
 [ 0.          0.          0.          0.          0.          1.        ]]
Param #411: delta OK; RMS=0.001 mm
quads_tilt_fit #-4.3630622337461635e-05
delta_local #[1.e-06]
R1 #[[ 9.99999999e-01  0.00000000e+00 -4.26306223e-05  0.00000000e+00
   0.00000000e+00  0.00000000e+00]
 [ 0.00000000e+00  9.99999999e-01  0.00000000e+00 -4.26306223e-05
   0.00000000e+00  0.00000000e+00]
 [ 4.26306223e-05  0.00000000e+00  9.99999999e-01  0.00000000e+00
   0.00000000e+00  0.00000000e+00]
 [ 0.00000000e+00  4.26306223e-05  0.00000000e+00  9.99999999e-01
   0.00000000e+00  0.00000000e+00]
 [ 0.00000000e+00  0.00000000e+00  0.00000000e+00  0.00000000e+00
   1.00000000e+00  0.00000000e+00]
 [ 0.00000000e+00  0.00000000e+00  0.00000000e+00  0.00000000e+00
   0.00000000e+00  1.00000000e+00]]
R2 #[[ 9.99999999e-01  0.00000000e+00  4.26306223e-05  0.00000000e+00
   0.00000000e+00  0.00000000e+00]
 [ 0.00000000e+00  9.99999999e-01  0.00000000e+00  4.26306223e-05
   0.00000000e+00  0.00000000e+00]
 [-4.26306223e-05  0.00000000e+00  9.99999999e-01  0.00000000e+00
   0.00000000e+00  0.00000000e+00]
 [ 0.00000000e+00 -4.26306223e-05  0.00000000e+00  9.99999999e-01
   0.00000000e+00  0.00000000e+00]
 [ 0.00000000e+00  0.00000000e+00  0.00000000e+00  0.00000000e+00
   1.00000000e+00  0.00000000e+00]
 [ 0.00000000e+00  0.00000000e+00  0.00000000e+00  0.00000000e+00
   0.00000000e+00  1.00000000e+00]]
Param #458: delta too small; RMS=5.7017e-07 mm
quads_tilt_fit #-4.3630622337461635e-05
delta_local #[0.00175386]
R1 #[[ 0.99999854  0.          0.00171023  0.          0.          0.        ]
 [ 0.          0.99999854  0.          0.00171023  0.          0.        ]
 [-0.00171023  0.          0.99999854  0.          0.          0.        ]
 [ 0.         -0.00171023  0.          0.99999854  0.          0.        ]
 [ 0.          0.          0.          0.          1.          0.        ]
 [ 0.          0.          0.          0.          0.          1.        ]]
R2 #[[ 0.99999854  0.         -0.00171023  0.          0.          0.        ]
 [ 0.          0.99999854  0.         -0.00171023  0.          0.        ]
 [ 0.00171023  0.          0.99999854  0.          0.          0.        ]
 [ 0.          0.00171023  0.          0.99999854  0.          0.        ]
 [ 0.          0.          0.          0.          1.          0.        ]
 [ 0.          0.          0.          0.          0.          1.        ]]
Param #458: delta OK; RMS=0.001 mm
quads_tilt_fit #0.00010080429562776571
delta_local #[1.e-06]
R1 #[[ 9.99999995e-01  0.00000000e+00  1.01804295e-04  0.00000000e+00
   0.00000000e+00  0.00000000e+00]
 [ 0.00000000e+00  9.99999995e-01  0.00000000e+00  1.01804295e-04
   0.00000000e+00  0.00000000e+00]
 [-1.01804295e-04  0.00000000e+00  9.99999995e-01  0.00000000e+00
   0.00000000e+00  0.00000000e+00]
 [ 0.00000000e+00 -1.01804295e-04  0.00000000e+00  9.99999995e-01
   0.00000000e+00  0.00000000e+00]
 [ 0.00000000e+00  0.00000000e+00  0.00000000e+00  0.00000000e+00
   1.00000000e+00  0.00000000e+00]
 [ 0.00000000e+00  0.00000000e+00  0.00000000e+00  0.00000000e+00
   0.00000000e+00  1.00000000e+00]]
R2 #[[ 9.99999995e-01  0.00000000e+00 -1.01804295e-04  0.00000000e+00
   0.00000000e+00  0.00000000e+00]
 [ 0.00000000e+00  9.99999995e-01  0.00000000e+00 -1.01804295e-04
   0.00000000e+00  0.00000000e+00]
 [ 1.01804295e-04  0.00000000e+00  9.99999995e-01  0.00000000e+00
   0.00000000e+00  0.00000000e+00]
 [ 0.00000000e+00  1.01804295e-04  0.00000000e+00  9.99999995e-01
   0.00000000e+00  0.00000000e+00]
 [ 0.00000000e+00  0.00000000e+00  0.00000000e+00  0.00000000e+00
   1.00000000e+00  0.00000000e+00]
 [ 0.00000000e+00  0.00000000e+00  0.00000000e+00  0.00000000e+00
   0.00000000e+00  1.00000000e+00]]
Param #465: delta too small; RMS=9.4305e-07 mm
quads_tilt_fit #0.00010080429562776571
delta_local #[0.00106039]
R1 #[[ 0.99999933  0.          0.0011612   0.          0.          0.        ]
 [ 0.          0.99999933  0.          0.0011612   0.          0.        ]
 [-0.0011612   0.          0.99999933  0.          0.          0.        ]
 [ 0.         -0.0011612   0.          0.99999933  0.          0.        ]
 [ 0.          0.          0.          0.          1.          0.        ]
 [ 0.          0.          0.          0.          0.          1.        ]]
R2 #[[ 0.99999933  0.         -0.0011612   0.          0.          0.        ]
 [ 0.          0.99999933  0.         -0.0011612   0.          0.        ]
 [ 0.0011612   0.          0.99999933  0.          0.          0.        ]
 [ 0.          0.0011612   0.          0.99999933  0.          0.        ]
 [ 0.          0.          0.          0.          1.          0.        ]
 [ 0.          0.          0.          0.          0.          1.        ]]
Param #465: delta OK; RMS=0.001 mm
quads_tilt_fit #7.52094942517132e-05
delta_local #[1.e-06]
R1 #[[ 9.99999997e-01  0.00000000e+00  7.62094942e-05  0.00000000e+00
   0.00000000e+00  0.00000000e+00]
 [ 0.00000000e+00  9.99999997e-01  0.00000000e+00  7.62094942e-05
   0.00000000e+00  0.00000000e+00]
 [-7.62094942e-05  0.00000000e+00  9.99999997e-01  0.00000000e+00
   0.00000000e+00  0.00000000e+00]
 [ 0.00000000e+00 -7.62094942e-05  0.00000000e+00  9.99999997e-01
   0.00000000e+00  0.00000000e+00]
 [ 0.00000000e+00  0.00000000e+00  0.00000000e+00  0.00000000e+00
   1.00000000e+00  0.00000000e+00]
 [ 0.00000000e+00  0.00000000e+00  0.00000000e+00  0.00000000e+00
   0.00000000e+00  1.00000000e+00]]
R2 #[[ 9.99999997e-01  0.00000000e+00 -7.62094942e-05  0.00000000e+00
   0.00000000e+00  0.00000000e+00]
 [ 0.00000000e+00  9.99999997e-01  0.00000000e+00 -7.62094942e-05
   0.00000000e+00  0.00000000e+00]
 [ 7.62094942e-05  0.00000000e+00  9.99999997e-01  0.00000000e+00
   0.00000000e+00  0.00000000e+00]
 [ 0.00000000e+00  7.62094942e-05  0.00000000e+00  9.99999997e-01
   0.00000000e+00  0.00000000e+00]
 [ 0.00000000e+00  0.00000000e+00  0.00000000e+00  0.00000000e+00
   1.00000000e+00  0.00000000e+00]
 [ 0.00000000e+00  0.00000000e+00  0.00000000e+00  0.00000000e+00
   0.00000000e+00  1.00000000e+00]]
Param #471: delta too small; RMS=8.7071e-07 mm
quads_tilt_fit #7.52094942517132e-05
delta_local #[0.00114849]
R1 #[[ 0.99999925  0.          0.0012237   0.          0.          0.        ]
 [ 0.          0.99999925  0.          0.0012237   0.          0.        ]
 [-0.0012237   0.          0.99999925  0.          0.          0.        ]
 [ 0.         -0.0012237   0.          0.99999925  0.          0.        ]
 [ 0.          0.          0.          0.          1.          0.        ]
 [ 0.          0.          0.          0.          0.          1.        ]]
R2 #[[ 0.99999925  0.         -0.0012237   0.          0.          0.        ]
 [ 0.          0.99999925  0.         -0.0012237   0.          0.        ]
 [ 0.0012237   0.          0.99999925  0.          0.          0.        ]
 [ 0.          0.0012237   0.          0.99999925  0.          0.        ]
 [ 0.          0.          0.          0.          1.          0.        ]
 [ 0.          0.          0.          0.          0.          1.        ]]
Param #471: delta OK; RMS=0.001 mm
quads_tilt_fit #0.0003973420849817044
delta_local #[1.e-06]
R1 #[[ 9.99999921e-01  0.00000000e+00  3.98342074e-04  0.00000000e+00
   0.00000000e+00  0.00000000e+00]
 [ 0.00000000e+00  9.99999921e-01  0.00000000e+00  3.98342074e-04
   0.00000000e+00  0.00000000e+00]
 [-3.98342074e-04  0.00000000e+00  9.99999921e-01  0.00000000e+00
   0.00000000e+00  0.00000000e+00]
 [ 0.00000000e+00 -3.98342074e-04  0.00000000e+00  9.99999921e-01
   0.00000000e+00  0.00000000e+00]
 [ 0.00000000e+00  0.00000000e+00  0.00000000e+00  0.00000000e+00
   1.00000000e+00  0.00000000e+00]
 [ 0.00000000e+00  0.00000000e+00  0.00000000e+00  0.00000000e+00
   0.00000000e+00  1.00000000e+00]]
R2 #[[ 9.99999921e-01  0.00000000e+00 -3.98342074e-04  0.00000000e+00
   0.00000000e+00  0.00000000e+00]
 [ 0.00000000e+00  9.99999921e-01  0.00000000e+00 -3.98342074e-04
   0.00000000e+00  0.00000000e+00]
 [ 3.98342074e-04  0.00000000e+00  9.99999921e-01  0.00000000e+00
   0.00000000e+00  0.00000000e+00]
 [ 0.00000000e+00  3.98342074e-04  0.00000000e+00  9.99999921e-01
   0.00000000e+00  0.00000000e+00]
 [ 0.00000000e+00  0.00000000e+00  0.00000000e+00  0.00000000e+00
   1.00000000e+00  0.00000000e+00]
 [ 0.00000000e+00  0.00000000e+00  0.00000000e+00  0.00000000e+00
   0.00000000e+00  1.00000000e+00]]
Param #480: delta too small; RMS=6.6249e-07 mm
quads_tilt_fit #0.0003973420849817044
delta_local #[0.00150946]
R1 #[[ 0.99999818  0.          0.0019068   0.          0.          0.        ]
 [ 0.          0.99999818  0.          0.0019068   0.          0.        ]
 [-0.0019068   0.          0.99999818  0.          0.          0.        ]
 [ 0.         -0.0019068   0.          0.99999818  0.          0.        ]
 [ 0.          0.          0.          0.          1.          0.        ]
 [ 0.          0.          0.          0.          0.          1.        ]]
R2 #[[ 0.99999818  0.         -0.0019068   0.          0.          0.        ]
 [ 0.          0.99999818  0.         -0.0019068   0.          0.        ]
 [ 0.0019068   0.          0.99999818  0.          0.          0.        ]
 [ 0.          0.0019068   0.          0.99999818  0.          0.        ]
 [ 0.          0.          0.          0.          1.          0.        ]
 [ 0.          0.          0.          0.          0.          1.        ]]
Param #480: delta OK; RMS=0.001 mm
quads_tilt_fit #0.0002750042825060415
delta_local #[1.e-06]
R1 #[[ 9.99999962e-01  0.00000000e+00  2.76004279e-04  0.00000000e+00
   0.00000000e+00  0.00000000e+00]
 [ 0.00000000e+00  9.99999962e-01  0.00000000e+00  2.76004279e-04
   0.00000000e+00  0.00000000e+00]
 [-2.76004279e-04  0.00000000e+00  9.99999962e-01  0.00000000e+00
   0.00000000e+00  0.00000000e+00]
 [ 0.00000000e+00 -2.76004279e-04  0.00000000e+00  9.99999962e-01
   0.00000000e+00  0.00000000e+00]
 [ 0.00000000e+00  0.00000000e+00  0.00000000e+00  0.00000000e+00
   1.00000000e+00  0.00000000e+00]
 [ 0.00000000e+00  0.00000000e+00  0.00000000e+00  0.00000000e+00
   0.00000000e+00  1.00000000e+00]]
R2 #[[ 9.99999962e-01  0.00000000e+00 -2.76004279e-04  0.00000000e+00
   0.00000000e+00  0.00000000e+00]
 [ 0.00000000e+00  9.99999962e-01  0.00000000e+00 -2.76004279e-04
   0.00000000e+00  0.00000000e+00]
 [ 2.76004279e-04  0.00000000e+00  9.99999962e-01  0.00000000e+00
   0.00000000e+00  0.00000000e+00]
 [ 0.00000000e+00  2.76004279e-04  0.00000000e+00  9.99999962e-01
   0.00000000e+00  0.00000000e+00]
 [ 0.00000000e+00  0.00000000e+00  0.00000000e+00  0.00000000e+00
   1.00000000e+00  0.00000000e+00]
 [ 0.00000000e+00  0.00000000e+00  0.00000000e+00  0.00000000e+00
   0.00000000e+00  1.00000000e+00]]
Param #541: delta too small; RMS=6.6168e-07 mm
quads_tilt_fit #0.0002750042825060415
delta_local #[0.00151131]
R1 #[[ 0.9999984   0.          0.00178631  0.          0.          0.        ]
 [ 0.          0.9999984   0.          0.00178631  0.          0.        ]
 [-0.00178631  0.          0.9999984   0.          0.          0.        ]
 [ 0.         -0.00178631  0.          0.9999984   0.          0.        ]
 [ 0.          0.          0.          0.          1.          0.        ]
 [ 0.          0.          0.          0.          0.          1.        ]]
R2 #[[ 0.9999984   0.         -0.00178631  0.          0.          0.        ]
 [ 0.          0.9999984   0.         -0.00178631  0.          0.        ]
 [ 0.00178631  0.          0.9999984   0.          0.          0.        ]
 [ 0.          0.00178631  0.          0.9999984   0.          0.        ]
 [ 0.          0.          0.          0.          1.          0.        ]
 [ 0.          0.          0.          0.          0.          1.        ]]
Param #541: delta OK; RMS=0.001 mm
quads_tilt_fit #4.4720730300761385e-05
delta_local #[1.e-06]
R1 #[[ 9.99999999e-01  0.00000000e+00  4.57207303e-05  0.00000000e+00
   0.00000000e+00  0.00000000e+00]
 [ 0.00000000e+00  9.99999999e-01  0.00000000e+00  4.57207303e-05
   0.00000000e+00  0.00000000e+00]
 [-4.57207303e-05  0.00000000e+00  9.99999999e-01  0.00000000e+00
   0.00000000e+00  0.00000000e+00]
 [ 0.00000000e+00 -4.57207303e-05  0.00000000e+00  9.99999999e-01
   0.00000000e+00  0.00000000e+00]
 [ 0.00000000e+00  0.00000000e+00  0.00000000e+00  0.00000000e+00
   1.00000000e+00  0.00000000e+00]
 [ 0.00000000e+00  0.00000000e+00  0.00000000e+00  0.00000000e+00
   0.00000000e+00  1.00000000e+00]]
R2 #[[ 9.99999999e-01  0.00000000e+00 -4.57207303e-05  0.00000000e+00
   0.00000000e+00  0.00000000e+00]
 [ 0.00000000e+00  9.99999999e-01  0.00000000e+00 -4.57207303e-05
   0.00000000e+00  0.00000000e+00]
 [ 4.57207303e-05  0.00000000e+00  9.99999999e-01  0.00000000e+00
   0.00000000e+00  0.00000000e+00]
 [ 0.00000000e+00  4.57207303e-05  0.00000000e+00  9.99999999e-01
   0.00000000e+00  0.00000000e+00]
 [ 0.00000000e+00  0.00000000e+00  0.00000000e+00  0.00000000e+00
   1.00000000e+00  0.00000000e+00]
 [ 0.00000000e+00  0.00000000e+00  0.00000000e+00  0.00000000e+00
   0.00000000e+00  1.00000000e+00]]
Param #550: delta too small; RMS=8.5369e-07 mm
quads_tilt_fit #4.4720730300761385e-05
delta_local #[0.00117138]
R1 #[[ 0.99999926  0.          0.0012161   0.          0.          0.        ]
 [ 0.          0.99999926  0.          0.0012161   0.          0.        ]
 [-0.0012161   0.          0.99999926  0.          0.          0.        ]
 [ 0.         -0.0012161   0.          0.99999926  0.          0.        ]
 [ 0.          0.          0.          0.          1.          0.        ]
 [ 0.          0.          0.          0.          0.          1.        ]]
R2 #[[ 0.99999926  0.         -0.0012161   0.          0.          0.        ]
 [ 0.          0.99999926  0.         -0.0012161   0.          0.        ]
 [ 0.0012161   0.          0.99999926  0.          0.          0.        ]
 [ 0.          0.0012161   0.          0.99999926  0.          0.        ]
 [ 0.          0.          0.          0.          1.          0.        ]
 [ 0.          0.          0.          0.          0.          1.        ]]
Param #550: delta OK; RMS=0.001 mm
quads_tilt_fit #2.7931660646783875e-05
delta_local #[1.e-06]
R1 #[[ 1.00000000e+00  0.00000000e+00  2.89316606e-05  0.00000000e+00
   0.00000000e+00  0.00000000e+00]
 [ 0.00000000e+00  1.00000000e+00  0.00000000e+00  2.89316606e-05
   0.00000000e+00  0.00000000e+00]
 [-2.89316606e-05  0.00000000e+00  1.00000000e+00  0.00000000e+00
   0.00000000e+00  0.00000000e+00]
 [ 0.00000000e+00 -2.89316606e-05  0.00000000e+00  1.00000000e+00
   0.00000000e+00  0.00000000e+00]
 [ 0.00000000e+00  0.00000000e+00  0.00000000e+00  0.00000000e+00
   1.00000000e+00  0.00000000e+00]
 [ 0.00000000e+00  0.00000000e+00  0.00000000e+00  0.00000000e+00
   0.00000000e+00  1.00000000e+00]]
R2 #[[ 1.00000000e+00  0.00000000e+00 -2.89316606e-05  0.00000000e+00
   0.00000000e+00  0.00000000e+00]
 [ 0.00000000e+00  1.00000000e+00  0.00000000e+00 -2.89316606e-05
   0.00000000e+00  0.00000000e+00]
 [ 2.89316606e-05  0.00000000e+00  1.00000000e+00  0.00000000e+00
   0.00000000e+00  0.00000000e+00]
 [ 0.00000000e+00  2.89316606e-05  0.00000000e+00  1.00000000e+00
   0.00000000e+00  0.00000000e+00]
 [ 0.00000000e+00  0.00000000e+00  0.00000000e+00  0.00000000e+00
   1.00000000e+00  0.00000000e+00]
 [ 0.00000000e+00  0.00000000e+00  0.00000000e+00  0.00000000e+00
   0.00000000e+00  1.00000000e+00]]
Param #556: delta too small; RMS=9.5439e-07 mm
quads_tilt_fit #2.7931660646783875e-05
delta_local #[0.00104779]
R1 #[[ 0.99999942  0.          0.00107572  0.          0.          0.        ]
 [ 0.          0.99999942  0.          0.00107572  0.          0.        ]
 [-0.00107572  0.          0.99999942  0.          0.          0.        ]
 [ 0.         -0.00107572  0.          0.99999942  0.          0.        ]
 [ 0.          0.          0.          0.          1.          0.        ]
 [ 0.          0.          0.          0.          0.          1.        ]]
R2 #[[ 0.99999942  0.         -0.00107572  0.          0.          0.        ]
 [ 0.          0.99999942  0.         -0.00107572  0.          0.        ]
 [ 0.00107572  0.          0.99999942  0.          0.          0.        ]
 [ 0.          0.00107572  0.          0.99999942  0.          0.        ]
 [ 0.          0.          0.          0.          1.          0.        ]
 [ 0.          0.          0.          0.          0.          1.        ]]
Param #556: delta OK; RMS=0.001 mm
quads_tilt_fit #-7.892373356388184e-05
delta_local #[1.e-06]
R1 #[[ 9.99999997e-01  0.00000000e+00 -7.79237335e-05  0.00000000e+00
   0.00000000e+00  0.00000000e+00]
 [ 0.00000000e+00  9.99999997e-01  0.00000000e+00 -7.79237335e-05
   0.00000000e+00  0.00000000e+00]
 [ 7.79237335e-05  0.00000000e+00  9.99999997e-01  0.00000000e+00
   0.00000000e+00  0.00000000e+00]
 [ 0.00000000e+00  7.79237335e-05  0.00000000e+00  9.99999997e-01
   0.00000000e+00  0.00000000e+00]
 [ 0.00000000e+00  0.00000000e+00  0.00000000e+00  0.00000000e+00
   1.00000000e+00  0.00000000e+00]
 [ 0.00000000e+00  0.00000000e+00  0.00000000e+00  0.00000000e+00
   0.00000000e+00  1.00000000e+00]]
R2 #[[ 9.99999997e-01  0.00000000e+00  7.79237335e-05  0.00000000e+00
   0.00000000e+00  0.00000000e+00]
 [ 0.00000000e+00  9.99999997e-01  0.00000000e+00  7.79237335e-05
   0.00000000e+00  0.00000000e+00]
 [-7.79237335e-05  0.00000000e+00  9.99999997e-01  0.00000000e+00
   0.00000000e+00  0.00000000e+00]
 [ 0.00000000e+00 -7.79237335e-05  0.00000000e+00  9.99999997e-01
   0.00000000e+00  0.00000000e+00]
 [ 0.00000000e+00  0.00000000e+00  0.00000000e+00  0.00000000e+00
   1.00000000e+00  0.00000000e+00]
 [ 0.00000000e+00  0.00000000e+00  0.00000000e+00  0.00000000e+00
   0.00000000e+00  1.00000000e+00]]
Param #563: delta too small; RMS=5.7025e-07 mm
quads_tilt_fit #-7.892373356388184e-05
delta_local #[0.00175361]
R1 #[[ 0.9999986   0.          0.00167469  0.          0.          0.        ]
 [ 0.          0.9999986   0.          0.00167469  0.          0.        ]
 [-0.00167469  0.          0.9999986   0.          0.          0.        ]
 [ 0.         -0.00167469  0.          0.9999986   0.          0.        ]
 [ 0.          0.          0.          0.          1.          0.        ]
 [ 0.          0.          0.          0.          0.          1.        ]]
R2 #[[ 0.9999986   0.         -0.00167469  0.          0.          0.        ]
 [ 0.          0.9999986   0.         -0.00167469  0.          0.        ]
 [ 0.00167469  0.          0.9999986   0.          0.          0.        ]
 [ 0.          0.00167469  0.          0.9999986   0.          0.        ]
 [ 0.          0.          0.          0.          1.          0.        ]
 [ 0.          0.          0.          0.          0.          1.        ]]
Param #563: delta OK; RMS=0.001 mm
quads_tilt_fit #0.0002494025823295973
delta_local #[1.e-06]
R1 #[[ 9.99999969e-01  0.00000000e+00  2.50402580e-04  0.00000000e+00
   0.00000000e+00  0.00000000e+00]
 [ 0.00000000e+00  9.99999969e-01  0.00000000e+00  2.50402580e-04
   0.00000000e+00  0.00000000e+00]
 [-2.50402580e-04  0.00000000e+00  9.99999969e-01  0.00000000e+00
   0.00000000e+00  0.00000000e+00]
 [ 0.00000000e+00 -2.50402580e-04  0.00000000e+00  9.99999969e-01
   0.00000000e+00  0.00000000e+00]
 [ 0.00000000e+00  0.00000000e+00  0.00000000e+00  0.00000000e+00
   1.00000000e+00  0.00000000e+00]
 [ 0.00000000e+00  0.00000000e+00  0.00000000e+00  0.00000000e+00
   0.00000000e+00  1.00000000e+00]]
R2 #[[ 9.99999969e-01  0.00000000e+00 -2.50402580e-04  0.00000000e+00
   0.00000000e+00  0.00000000e+00]
 [ 0.00000000e+00  9.99999969e-01  0.00000000e+00 -2.50402580e-04
   0.00000000e+00  0.00000000e+00]
 [ 2.50402580e-04  0.00000000e+00  9.99999969e-01  0.00000000e+00
   0.00000000e+00  0.00000000e+00]
 [ 0.00000000e+00  2.50402580e-04  0.00000000e+00  9.99999969e-01
   0.00000000e+00  0.00000000e+00]
 [ 0.00000000e+00  0.00000000e+00  0.00000000e+00  0.00000000e+00
   1.00000000e+00  0.00000000e+00]
 [ 0.00000000e+00  0.00000000e+00  0.00000000e+00  0.00000000e+00
   0.00000000e+00  1.00000000e+00]]
Param #599: delta too small; RMS=5.7476e-07 mm
quads_tilt_fit #0.0002494025823295973
delta_local #[0.00173986]
R1 #[[ 0.99999802  0.          0.00198926  0.          0.          0.        ]
 [ 0.          0.99999802  0.          0.00198926  0.          0.        ]
 [-0.00198926  0.          0.99999802  0.          0.          0.        ]
 [ 0.         -0.00198926  0.          0.99999802  0.          0.        ]
 [ 0.          0.          0.          0.          1.          0.        ]
 [ 0.          0.          0.          0.          0.          1.        ]]
R2 #[[ 0.99999802  0.         -0.00198926  0.          0.          0.        ]
 [ 0.          0.99999802  0.         -0.00198926  0.          0.        ]
 [ 0.00198926  0.          0.99999802  0.          0.          0.        ]
 [ 0.          0.00198926  0.          0.99999802  0.          0.        ]
 [ 0.          0.          0.          0.          1.          0.        ]
 [ 0.          0.          0.          0.          0.          1.        ]]
Param #599: delta OK; RMS=0.001 mm
quads_tilt_fit #0.00011872861191841068
delta_local #[1.e-06]
R1 #[[ 9.99999993e-01  0.00000000e+00  1.19728612e-04  0.00000000e+00
   0.00000000e+00  0.00000000e+00]
 [ 0.00000000e+00  9.99999993e-01  0.00000000e+00  1.19728612e-04
   0.00000000e+00  0.00000000e+00]
 [-1.19728612e-04  0.00000000e+00  9.99999993e-01  0.00000000e+00
   0.00000000e+00  0.00000000e+00]
 [ 0.00000000e+00 -1.19728612e-04  0.00000000e+00  9.99999993e-01
   0.00000000e+00  0.00000000e+00]
 [ 0.00000000e+00  0.00000000e+00  0.00000000e+00  0.00000000e+00
   1.00000000e+00  0.00000000e+00]
 [ 0.00000000e+00  0.00000000e+00  0.00000000e+00  0.00000000e+00
   0.00000000e+00  1.00000000e+00]]
R2 #[[ 9.99999993e-01  0.00000000e+00 -1.19728612e-04  0.00000000e+00
   0.00000000e+00  0.00000000e+00]
 [ 0.00000000e+00  9.99999993e-01  0.00000000e+00 -1.19728612e-04
   0.00000000e+00  0.00000000e+00]
 [ 1.19728612e-04  0.00000000e+00  9.99999993e-01  0.00000000e+00
   0.00000000e+00  0.00000000e+00]
 [ 0.00000000e+00  1.19728612e-04  0.00000000e+00  9.99999993e-01
   0.00000000e+00  0.00000000e+00]
 [ 0.00000000e+00  0.00000000e+00  0.00000000e+00  0.00000000e+00
   1.00000000e+00  0.00000000e+00]
 [ 0.00000000e+00  0.00000000e+00  0.00000000e+00  0.00000000e+00
   0.00000000e+00  1.00000000e+00]]
Param #606: delta too small; RMS=9.478e-07 mm
quads_tilt_fit #0.00011872861191841068
delta_local #[0.00105508]
R1 #[[ 0.99999931  0.          0.00117381  0.          0.          0.        ]
 [ 0.          0.99999931  0.          0.00117381  0.          0.        ]
 [-0.00117381  0.          0.99999931  0.          0.          0.        ]
 [ 0.         -0.00117381  0.          0.99999931  0.          0.        ]
 [ 0.          0.          0.          0.          1.          0.        ]
 [ 0.          0.          0.          0.          0.          1.        ]]
R2 #[[ 0.99999931  0.         -0.00117381  0.          0.          0.        ]
 [ 0.          0.99999931  0.         -0.00117381  0.          0.        ]
 [ 0.00117381  0.          0.99999931  0.          0.          0.        ]
 [ 0.          0.00117381  0.          0.99999931  0.          0.        ]
 [ 0.          0.          0.          0.          1.          0.        ]
 [ 0.          0.          0.          0.          0.          1.        ]]
Param #606: delta OK; RMS=0.001 mm
quads_tilt_fit #9.260324323024052e-05
delta_local #[1.e-06]
R1 #[[ 9.99999996e-01  0.00000000e+00  9.36032431e-05  0.00000000e+00
   0.00000000e+00  0.00000000e+00]
 [ 0.00000000e+00  9.99999996e-01  0.00000000e+00  9.36032431e-05
   0.00000000e+00  0.00000000e+00]
 [-9.36032431e-05  0.00000000e+00  9.99999996e-01  0.00000000e+00
   0.00000000e+00  0.00000000e+00]
 [ 0.00000000e+00 -9.36032431e-05  0.00000000e+00  9.99999996e-01
   0.00000000e+00  0.00000000e+00]
 [ 0.00000000e+00  0.00000000e+00  0.00000000e+00  0.00000000e+00
   1.00000000e+00  0.00000000e+00]
 [ 0.00000000e+00  0.00000000e+00  0.00000000e+00  0.00000000e+00
   0.00000000e+00  1.00000000e+00]]
R2 #[[ 9.99999996e-01  0.00000000e+00 -9.36032431e-05  0.00000000e+00
   0.00000000e+00  0.00000000e+00]
 [ 0.00000000e+00  9.99999996e-01  0.00000000e+00 -9.36032431e-05
   0.00000000e+00  0.00000000e+00]
 [ 9.36032431e-05  0.00000000e+00  9.99999996e-01  0.00000000e+00
   0.00000000e+00  0.00000000e+00]
 [ 0.00000000e+00  9.36032431e-05  0.00000000e+00  9.99999996e-01
   0.00000000e+00  0.00000000e+00]
 [ 0.00000000e+00  0.00000000e+00  0.00000000e+00  0.00000000e+00
   1.00000000e+00  0.00000000e+00]
 [ 0.00000000e+00  0.00000000e+00  0.00000000e+00  0.00000000e+00
   0.00000000e+00  1.00000000e+00]]
Param #612: delta too small; RMS=8.7545e-07 mm
quads_tilt_fit #9.260324323024052e-05
delta_local #[0.00114227]
R1 #[[ 0.99999924  0.          0.00123487  0.          0.          0.        ]
 [ 0.          0.99999924  0.          0.00123487  0.          0.        ]
 [-0.00123487  0.          0.99999924  0.          0.          0.        ]
 [ 0.         -0.00123487  0.          0.99999924  0.          0.        ]
 [ 0.          0.          0.          0.          1.          0.        ]
 [ 0.          0.          0.          0.          0.          1.        ]]
R2 #[[ 0.99999924  0.         -0.00123487  0.          0.          0.        ]
 [ 0.          0.99999924  0.         -0.00123487  0.          0.        ]
 [ 0.00123487  0.          0.99999924  0.          0.          0.        ]
 [ 0.          0.00123487  0.          0.99999924  0.          0.        ]
 [ 0.          0.          0.          0.          1.          0.        ]
 [ 0.          0.          0.          0.          0.          1.        ]]
Param #612: delta OK; RMS=0.001 mm
quads_tilt_fit #0.00012138062831658098
delta_local #[1.e-06]
R1 #[[ 9.99999993e-01  0.00000000e+00  1.22380628e-04  0.00000000e+00
   0.00000000e+00  0.00000000e+00]
 [ 0.00000000e+00  9.99999993e-01  0.00000000e+00  1.22380628e-04
   0.00000000e+00  0.00000000e+00]
 [-1.22380628e-04  0.00000000e+00  9.99999993e-01  0.00000000e+00
   0.00000000e+00  0.00000000e+00]
 [ 0.00000000e+00 -1.22380628e-04  0.00000000e+00  9.99999993e-01
   0.00000000e+00  0.00000000e+00]
 [ 0.00000000e+00  0.00000000e+00  0.00000000e+00  0.00000000e+00
   1.00000000e+00  0.00000000e+00]
 [ 0.00000000e+00  0.00000000e+00  0.00000000e+00  0.00000000e+00
   0.00000000e+00  1.00000000e+00]]
R2 #[[ 9.99999993e-01  0.00000000e+00 -1.22380628e-04  0.00000000e+00
   0.00000000e+00  0.00000000e+00]
 [ 0.00000000e+00  9.99999993e-01  0.00000000e+00 -1.22380628e-04
   0.00000000e+00  0.00000000e+00]
 [ 1.22380628e-04  0.00000000e+00  9.99999993e-01  0.00000000e+00
   0.00000000e+00  0.00000000e+00]
 [ 0.00000000e+00  1.22380628e-04  0.00000000e+00  9.99999993e-01
   0.00000000e+00  0.00000000e+00]
 [ 0.00000000e+00  0.00000000e+00  0.00000000e+00  0.00000000e+00
   1.00000000e+00  0.00000000e+00]
 [ 0.00000000e+00  0.00000000e+00  0.00000000e+00  0.00000000e+00
   0.00000000e+00  1.00000000e+00]]
Param #621: delta too small; RMS=6.6148e-07 mm
quads_tilt_fit #0.00012138062831658098
delta_local #[0.00151177]
R1 #[[ 0.99999867  0.          0.00163315  0.          0.          0.        ]
 [ 0.          0.99999867  0.          0.00163315  0.          0.        ]
 [-0.00163315  0.          0.99999867  0.          0.          0.        ]
 [ 0.         -0.00163315  0.          0.99999867  0.          0.        ]
 [ 0.          0.          0.          0.          1.          0.        ]
 [ 0.          0.          0.          0.          0.          1.        ]]
R2 #[[ 0.99999867  0.         -0.00163315  0.          0.          0.        ]
 [ 0.          0.99999867  0.         -0.00163315  0.          0.        ]
 [ 0.00163315  0.          0.99999867  0.          0.          0.        ]
 [ 0.          0.00163315  0.          0.99999867  0.          0.        ]
 [ 0.          0.          0.          0.          1.          0.        ]
 [ 0.          0.          0.          0.          0.          1.        ]]
Param #621: delta OK; RMS=0.001 mm
quads_tilt_fit #5.480594207687158e-05
delta_local #[1.e-06]
R1 #[[ 9.99999998e-01  0.00000000e+00  5.58059420e-05  0.00000000e+00
   0.00000000e+00  0.00000000e+00]
 [ 0.00000000e+00  9.99999998e-01  0.00000000e+00  5.58059420e-05
   0.00000000e+00  0.00000000e+00]
 [-5.58059420e-05  0.00000000e+00  9.99999998e-01  0.00000000e+00
   0.00000000e+00  0.00000000e+00]
 [ 0.00000000e+00 -5.58059420e-05  0.00000000e+00  9.99999998e-01
   0.00000000e+00  0.00000000e+00]
 [ 0.00000000e+00  0.00000000e+00  0.00000000e+00  0.00000000e+00
   1.00000000e+00  0.00000000e+00]
 [ 0.00000000e+00  0.00000000e+00  0.00000000e+00  0.00000000e+00
   0.00000000e+00  1.00000000e+00]]
R2 #[[ 9.99999998e-01  0.00000000e+00 -5.58059420e-05  0.00000000e+00
   0.00000000e+00  0.00000000e+00]
 [ 0.00000000e+00  9.99999998e-01  0.00000000e+00 -5.58059420e-05
   0.00000000e+00  0.00000000e+00]
 [ 5.58059420e-05  0.00000000e+00  9.99999998e-01  0.00000000e+00
   0.00000000e+00  0.00000000e+00]
 [ 0.00000000e+00  5.58059420e-05  0.00000000e+00  9.99999998e-01
   0.00000000e+00  0.00000000e+00]
 [ 0.00000000e+00  0.00000000e+00  0.00000000e+00  0.00000000e+00
   1.00000000e+00  0.00000000e+00]
 [ 0.00000000e+00  0.00000000e+00  0.00000000e+00  0.00000000e+00
   0.00000000e+00  1.00000000e+00]]
Param #677: delta too small; RMS=6.6794e-07 mm
quads_tilt_fit #5.480594207687158e-05
delta_local #[0.00149714]
R1 #[[ 0.9999988   0.          0.00155195  0.          0.          0.        ]
 [ 0.          0.9999988   0.          0.00155195  0.          0.        ]
 [-0.00155195  0.          0.9999988   0.          0.          0.        ]
 [ 0.         -0.00155195  0.          0.9999988   0.          0.        ]
 [ 0.          0.          0.          0.          1.          0.        ]
 [ 0.          0.          0.          0.          0.          1.        ]]
R2 #[[ 0.9999988   0.         -0.00155195  0.          0.          0.        ]
 [ 0.          0.9999988   0.         -0.00155195  0.          0.        ]
 [ 0.00155195  0.          0.9999988   0.          0.          0.        ]
 [ 0.          0.00155195  0.          0.9999988   0.          0.        ]
 [ 0.          0.          0.          0.          1.          0.        ]
 [ 0.          0.          0.          0.          0.          1.        ]]
Param #677: delta OK; RMS=0.001 mm
quads_tilt_fit #4.553372315560719e-05
delta_local #[1.e-06]
R1 #[[ 9.99999999e-01  0.00000000e+00  4.65337231e-05  0.00000000e+00
   0.00000000e+00  0.00000000e+00]
 [ 0.00000000e+00  9.99999999e-01  0.00000000e+00  4.65337231e-05
   0.00000000e+00  0.00000000e+00]
 [-4.65337231e-05  0.00000000e+00  9.99999999e-01  0.00000000e+00
   0.00000000e+00  0.00000000e+00]
 [ 0.00000000e+00 -4.65337231e-05  0.00000000e+00  9.99999999e-01
   0.00000000e+00  0.00000000e+00]
 [ 0.00000000e+00  0.00000000e+00  0.00000000e+00  0.00000000e+00
   1.00000000e+00  0.00000000e+00]
 [ 0.00000000e+00  0.00000000e+00  0.00000000e+00  0.00000000e+00
   0.00000000e+00  1.00000000e+00]]
R2 #[[ 9.99999999e-01  0.00000000e+00 -4.65337231e-05  0.00000000e+00
   0.00000000e+00  0.00000000e+00]
 [ 0.00000000e+00  9.99999999e-01  0.00000000e+00 -4.65337231e-05
   0.00000000e+00  0.00000000e+00]
 [ 4.65337231e-05  0.00000000e+00  9.99999999e-01  0.00000000e+00
   0.00000000e+00  0.00000000e+00]
 [ 0.00000000e+00  4.65337231e-05  0.00000000e+00  9.99999999e-01
   0.00000000e+00  0.00000000e+00]
 [ 0.00000000e+00  0.00000000e+00  0.00000000e+00  0.00000000e+00
   1.00000000e+00  0.00000000e+00]
 [ 0.00000000e+00  0.00000000e+00  0.00000000e+00  0.00000000e+00
   0.00000000e+00  1.00000000e+00]]
Param #686: delta too small; RMS=8.7097e-07 mm
quads_tilt_fit #4.553372315560719e-05
delta_local #[0.00114814]
R1 #[[ 0.99999929  0.          0.00119367  0.          0.          0.        ]
 [ 0.          0.99999929  0.          0.00119367  0.          0.        ]
 [-0.00119367  0.          0.99999929  0.          0.          0.        ]
 [ 0.         -0.00119367  0.          0.99999929  0.          0.        ]
 [ 0.          0.          0.          0.          1.          0.        ]
 [ 0.          0.          0.          0.          0.          1.        ]]
R2 #[[ 0.99999929  0.         -0.00119367  0.          0.          0.        ]
 [ 0.          0.99999929  0.         -0.00119367  0.          0.        ]
 [ 0.00119367  0.          0.99999929  0.          0.          0.        ]
 [ 0.          0.00119367  0.          0.99999929  0.          0.        ]
 [ 0.          0.          0.          0.          1.          0.        ]
 [ 0.          0.          0.          0.          0.          1.        ]]
Param #686: delta OK; RMS=0.001 mm
quads_tilt_fit #1.2102466698212101e-05
delta_local #[1.e-06]
R1 #[[ 1.00000000e+00  0.00000000e+00  1.31024667e-05  0.00000000e+00
   0.00000000e+00  0.00000000e+00]
 [ 0.00000000e+00  1.00000000e+00  0.00000000e+00  1.31024667e-05
   0.00000000e+00  0.00000000e+00]
 [-1.31024667e-05  0.00000000e+00  1.00000000e+00  0.00000000e+00
   0.00000000e+00  0.00000000e+00]
 [ 0.00000000e+00 -1.31024667e-05  0.00000000e+00  1.00000000e+00
   0.00000000e+00  0.00000000e+00]
 [ 0.00000000e+00  0.00000000e+00  0.00000000e+00  0.00000000e+00
   1.00000000e+00  0.00000000e+00]
 [ 0.00000000e+00  0.00000000e+00  0.00000000e+00  0.00000000e+00
   0.00000000e+00  1.00000000e+00]]
R2 #[[ 1.00000000e+00  0.00000000e+00 -1.31024667e-05  0.00000000e+00
   0.00000000e+00  0.00000000e+00]
 [ 0.00000000e+00  1.00000000e+00  0.00000000e+00 -1.31024667e-05
   0.00000000e+00  0.00000000e+00]
 [ 1.31024667e-05  0.00000000e+00  1.00000000e+00  0.00000000e+00
   0.00000000e+00  0.00000000e+00]
 [ 0.00000000e+00  1.31024667e-05  0.00000000e+00  1.00000000e+00
   0.00000000e+00  0.00000000e+00]
 [ 0.00000000e+00  0.00000000e+00  0.00000000e+00  0.00000000e+00
   1.00000000e+00  0.00000000e+00]
 [ 0.00000000e+00  0.00000000e+00  0.00000000e+00  0.00000000e+00
   0.00000000e+00  1.00000000e+00]]
Param #692: delta too small; RMS=9.4419e-07 mm
quads_tilt_fit #1.2102466698212101e-05
delta_local #[0.00105911]
R1 #[[ 0.99999943  0.          0.00107122  0.          0.          0.        ]
 [ 0.          0.99999943  0.          0.00107122  0.          0.        ]
 [-0.00107122  0.          0.99999943  0.          0.          0.        ]
 [ 0.         -0.00107122  0.          0.99999943  0.          0.        ]
 [ 0.          0.          0.          0.          1.          0.        ]
 [ 0.          0.          0.          0.          0.          1.        ]]
R2 #[[ 0.99999943  0.         -0.00107122  0.          0.          0.        ]
 [ 0.          0.99999943  0.         -0.00107122  0.          0.        ]
 [ 0.00107122  0.          0.99999943  0.          0.          0.        ]
 [ 0.          0.00107122  0.          0.99999943  0.          0.        ]
 [ 0.          0.          0.          0.          1.          0.        ]
 [ 0.          0.          0.          0.          0.          1.        ]]
Param #692: delta OK; RMS=0.001 mm
quads_tilt_fit #8.550748582574824e-05
delta_local #[1.e-06]
R1 #[[ 9.99999996e-01  0.00000000e+00  8.65074857e-05  0.00000000e+00
   0.00000000e+00  0.00000000e+00]
 [ 0.00000000e+00  9.99999996e-01  0.00000000e+00  8.65074857e-05
   0.00000000e+00  0.00000000e+00]
 [-8.65074857e-05  0.00000000e+00  9.99999996e-01  0.00000000e+00
   0.00000000e+00  0.00000000e+00]
 [ 0.00000000e+00 -8.65074857e-05  0.00000000e+00  9.99999996e-01
   0.00000000e+00  0.00000000e+00]
 [ 0.00000000e+00  0.00000000e+00  0.00000000e+00  0.00000000e+00
   1.00000000e+00  0.00000000e+00]
 [ 0.00000000e+00  0.00000000e+00  0.00000000e+00  0.00000000e+00
   0.00000000e+00  1.00000000e+00]]
R2 #[[ 9.99999996e-01  0.00000000e+00 -8.65074857e-05  0.00000000e+00
   0.00000000e+00  0.00000000e+00]
 [ 0.00000000e+00  9.99999996e-01  0.00000000e+00 -8.65074857e-05
   0.00000000e+00  0.00000000e+00]
 [ 8.65074857e-05  0.00000000e+00  9.99999996e-01  0.00000000e+00
   0.00000000e+00  0.00000000e+00]
 [ 0.00000000e+00  8.65074857e-05  0.00000000e+00  9.99999996e-01
   0.00000000e+00  0.00000000e+00]
 [ 0.00000000e+00  0.00000000e+00  0.00000000e+00  0.00000000e+00
   1.00000000e+00  0.00000000e+00]
 [ 0.00000000e+00  0.00000000e+00  0.00000000e+00  0.00000000e+00
   0.00000000e+00  1.00000000e+00]]
Param #699: delta too small; RMS=5.7025e-07 mm
quads_tilt_fit #8.550748582574824e-05
delta_local #[0.00175361]
R1 #[[ 0.99999831  0.          0.00183912  0.          0.          0.        ]
 [ 0.          0.99999831  0.          0.00183912  0.          0.        ]
 [-0.00183912  0.          0.99999831  0.          0.          0.        ]
 [ 0.         -0.00183912  0.          0.99999831  0.          0.        ]
 [ 0.          0.          0.          0.          1.          0.        ]
 [ 0.          0.          0.          0.          0.          1.        ]]
R2 #[[ 0.99999831  0.         -0.00183912  0.          0.          0.        ]
 [ 0.          0.99999831  0.         -0.00183912  0.          0.        ]
 [ 0.00183912  0.          0.99999831  0.          0.          0.        ]
 [ 0.          0.00183912  0.          0.99999831  0.          0.        ]
 [ 0.          0.          0.          0.          1.          0.        ]
 [ 0.          0.          0.          0.          0.          1.        ]]
Param #699: delta OK; RMS=0.001 mm
quads_tilt_fit #7.438388389364179e-05
delta_local #[1.e-06]
R1 #[[ 9.99999997e-01  0.00000000e+00  7.53838838e-05  0.00000000e+00
   0.00000000e+00  0.00000000e+00]
 [ 0.00000000e+00  9.99999997e-01  0.00000000e+00  7.53838838e-05
   0.00000000e+00  0.00000000e+00]
 [-7.53838838e-05  0.00000000e+00  9.99999997e-01  0.00000000e+00
   0.00000000e+00  0.00000000e+00]
 [ 0.00000000e+00 -7.53838838e-05  0.00000000e+00  9.99999997e-01
   0.00000000e+00  0.00000000e+00]
 [ 0.00000000e+00  0.00000000e+00  0.00000000e+00  0.00000000e+00
   1.00000000e+00  0.00000000e+00]
 [ 0.00000000e+00  0.00000000e+00  0.00000000e+00  0.00000000e+00
   0.00000000e+00  1.00000000e+00]]
R2 #[[ 9.99999997e-01  0.00000000e+00 -7.53838838e-05  0.00000000e+00
   0.00000000e+00  0.00000000e+00]
 [ 0.00000000e+00  9.99999997e-01  0.00000000e+00 -7.53838838e-05
   0.00000000e+00  0.00000000e+00]
 [ 7.53838838e-05  0.00000000e+00  9.99999997e-01  0.00000000e+00
   0.00000000e+00  0.00000000e+00]
 [ 0.00000000e+00  7.53838838e-05  0.00000000e+00  9.99999997e-01
   0.00000000e+00  0.00000000e+00]
 [ 0.00000000e+00  0.00000000e+00  0.00000000e+00  0.00000000e+00
   1.00000000e+00  0.00000000e+00]
 [ 0.00000000e+00  0.00000000e+00  0.00000000e+00  0.00000000e+00
   0.00000000e+00  1.00000000e+00]]
Param #735: delta too small; RMS=5.7297e-07 mm
quads_tilt_fit #7.438388389364179e-05
delta_local #[0.00174529]
R1 #[[ 0.99999834  0.          0.00181968  0.          0.          0.        ]
 [ 0.          0.99999834  0.          0.00181968  0.          0.        ]
 [-0.00181968  0.          0.99999834  0.          0.          0.        ]
 [ 0.         -0.00181968  0.          0.99999834  0.          0.        ]
 [ 0.          0.          0.          0.          1.          0.        ]
 [ 0.          0.          0.          0.          0.          1.        ]]
R2 #[[ 0.99999834  0.         -0.00181968  0.          0.          0.        ]
 [ 0.          0.99999834  0.         -0.00181968  0.          0.        ]
 [ 0.00181968  0.          0.99999834  0.          0.          0.        ]
 [ 0.          0.00181968  0.          0.99999834  0.          0.        ]
 [ 0.          0.          0.          0.          1.          0.        ]
 [ 0.          0.          0.          0.          0.          1.        ]]
Param #735: delta OK; RMS=0.001 mm
quads_tilt_fit #2.3570379553126558e-05
delta_local #[1.e-06]
R1 #[[ 1.00000000e+00  0.00000000e+00  2.45703796e-05  0.00000000e+00
   0.00000000e+00  0.00000000e+00]
 [ 0.00000000e+00  1.00000000e+00  0.00000000e+00  2.45703796e-05
   0.00000000e+00  0.00000000e+00]
 [-2.45703796e-05  0.00000000e+00  1.00000000e+00  0.00000000e+00
   0.00000000e+00  0.00000000e+00]
 [ 0.00000000e+00 -2.45703796e-05  0.00000000e+00  1.00000000e+00
   0.00000000e+00  0.00000000e+00]
 [ 0.00000000e+00  0.00000000e+00  0.00000000e+00  0.00000000e+00
   1.00000000e+00  0.00000000e+00]
 [ 0.00000000e+00  0.00000000e+00  0.00000000e+00  0.00000000e+00
   0.00000000e+00  1.00000000e+00]]
R2 #[[ 1.00000000e+00  0.00000000e+00 -2.45703796e-05  0.00000000e+00
   0.00000000e+00  0.00000000e+00]
 [ 0.00000000e+00  1.00000000e+00  0.00000000e+00 -2.45703796e-05
   0.00000000e+00  0.00000000e+00]
 [ 2.45703796e-05  0.00000000e+00  1.00000000e+00  0.00000000e+00
   0.00000000e+00  0.00000000e+00]
 [ 0.00000000e+00  2.45703796e-05  0.00000000e+00  1.00000000e+00
   0.00000000e+00  0.00000000e+00]
 [ 0.00000000e+00  0.00000000e+00  0.00000000e+00  0.00000000e+00
   1.00000000e+00  0.00000000e+00]
 [ 0.00000000e+00  0.00000000e+00  0.00000000e+00  0.00000000e+00
   0.00000000e+00  1.00000000e+00]]
Param #742: delta too small; RMS=9.4387e-07 mm
quads_tilt_fit #2.3570379553126558e-05
delta_local #[0.00105947]
R1 #[[ 0.99999941  0.          0.00108304  0.          0.          0.        ]
 [ 0.          0.99999941  0.          0.00108304  0.          0.        ]
 [-0.00108304  0.          0.99999941  0.          0.          0.        ]
 [ 0.         -0.00108304  0.          0.99999941  0.          0.        ]
 [ 0.          0.          0.          0.          1.          0.        ]
 [ 0.          0.          0.          0.          0.          1.        ]]
R2 #[[ 0.99999941  0.         -0.00108304  0.          0.          0.        ]
 [ 0.          0.99999941  0.         -0.00108304  0.          0.        ]
 [ 0.00108304  0.          0.99999941  0.          0.          0.        ]
 [ 0.          0.00108304  0.          0.99999941  0.          0.        ]
 [ 0.          0.          0.          0.          1.          0.        ]
 [ 0.          0.          0.          0.          0.          1.        ]]
Param #742: delta OK; RMS=0.001 mm
quads_tilt_fit #6.497453192022537e-05
delta_local #[1.e-06]
R1 #[[ 9.99999998e-01  0.00000000e+00  6.59745319e-05  0.00000000e+00
   0.00000000e+00  0.00000000e+00]
 [ 0.00000000e+00  9.99999998e-01  0.00000000e+00  6.59745319e-05
   0.00000000e+00  0.00000000e+00]
 [-6.59745319e-05  0.00000000e+00  9.99999998e-01  0.00000000e+00
   0.00000000e+00  0.00000000e+00]
 [ 0.00000000e+00 -6.59745319e-05  0.00000000e+00  9.99999998e-01
   0.00000000e+00  0.00000000e+00]
 [ 0.00000000e+00  0.00000000e+00  0.00000000e+00  0.00000000e+00
   1.00000000e+00  0.00000000e+00]
 [ 0.00000000e+00  0.00000000e+00  0.00000000e+00  0.00000000e+00
   0.00000000e+00  1.00000000e+00]]
R2 #[[ 9.99999998e-01  0.00000000e+00 -6.59745319e-05  0.00000000e+00
   0.00000000e+00  0.00000000e+00]
 [ 0.00000000e+00  9.99999998e-01  0.00000000e+00 -6.59745319e-05
   0.00000000e+00  0.00000000e+00]
 [ 6.59745319e-05  0.00000000e+00  9.99999998e-01  0.00000000e+00
   0.00000000e+00  0.00000000e+00]
 [ 0.00000000e+00  6.59745319e-05  0.00000000e+00  9.99999998e-01
   0.00000000e+00  0.00000000e+00]
 [ 0.00000000e+00  0.00000000e+00  0.00000000e+00  0.00000000e+00
   1.00000000e+00  0.00000000e+00]
 [ 0.00000000e+00  0.00000000e+00  0.00000000e+00  0.00000000e+00
   0.00000000e+00  1.00000000e+00]]
Param #748: delta too small; RMS=8.7241e-07 mm
quads_tilt_fit #6.497453192022537e-05
delta_local #[0.00114626]
R1 #[[ 0.99999927  0.          0.00121123  0.          0.          0.        ]
 [ 0.          0.99999927  0.          0.00121123  0.          0.        ]
 [-0.00121123  0.          0.99999927  0.          0.          0.        ]
 [ 0.         -0.00121123  0.          0.99999927  0.          0.        ]
 [ 0.          0.          0.          0.          1.          0.        ]
 [ 0.          0.          0.          0.          0.          1.        ]]
R2 #[[ 0.99999927  0.         -0.00121123  0.          0.          0.        ]
 [ 0.          0.99999927  0.         -0.00121123  0.          0.        ]
 [ 0.00121123  0.          0.99999927  0.          0.          0.        ]
 [ 0.          0.00121123  0.          0.99999927  0.          0.        ]
 [ 0.          0.          0.          0.          1.          0.        ]
 [ 0.          0.          0.          0.          0.          1.        ]]
Param #748: delta OK; RMS=0.001 mm
quads_tilt_fit #0.0001517523555367347
delta_local #[1.e-06]
R1 #[[ 9.99999988e-01  0.00000000e+00  1.52752355e-04  0.00000000e+00
   0.00000000e+00  0.00000000e+00]
 [ 0.00000000e+00  9.99999988e-01  0.00000000e+00  1.52752355e-04
   0.00000000e+00  0.00000000e+00]
 [-1.52752355e-04  0.00000000e+00  9.99999988e-01  0.00000000e+00
   0.00000000e+00  0.00000000e+00]
 [ 0.00000000e+00 -1.52752355e-04  0.00000000e+00  9.99999988e-01
   0.00000000e+00  0.00000000e+00]
 [ 0.00000000e+00  0.00000000e+00  0.00000000e+00  0.00000000e+00
   1.00000000e+00  0.00000000e+00]
 [ 0.00000000e+00  0.00000000e+00  0.00000000e+00  0.00000000e+00
   0.00000000e+00  1.00000000e+00]]
R2 #[[ 9.99999988e-01  0.00000000e+00 -1.52752355e-04  0.00000000e+00
   0.00000000e+00  0.00000000e+00]
 [ 0.00000000e+00  9.99999988e-01  0.00000000e+00 -1.52752355e-04
   0.00000000e+00  0.00000000e+00]
 [ 1.52752355e-04  0.00000000e+00  9.99999988e-01  0.00000000e+00
   0.00000000e+00  0.00000000e+00]
 [ 0.00000000e+00  1.52752355e-04  0.00000000e+00  9.99999988e-01
   0.00000000e+00  0.00000000e+00]
 [ 0.00000000e+00  0.00000000e+00  0.00000000e+00  0.00000000e+00
   1.00000000e+00  0.00000000e+00]
 [ 0.00000000e+00  0.00000000e+00  0.00000000e+00  0.00000000e+00
   0.00000000e+00  1.00000000e+00]]
Param #757: delta too small; RMS=6.6078e-07 mm
quads_tilt_fit #0.0001517523555367347
delta_local #[0.00151336]
R1 #[[ 0.99999861  0.          0.00166511  0.          0.          0.        ]
 [ 0.          0.99999861  0.          0.00166511  0.          0.        ]
 [-0.00166511  0.          0.99999861  0.          0.          0.        ]
 [ 0.         -0.00166511  0.          0.99999861  0.          0.        ]
 [ 0.          0.          0.          0.          1.          0.        ]
 [ 0.          0.          0.          0.          0.          1.        ]]
R2 #[[ 0.99999861  0.         -0.00166511  0.          0.          0.        ]
 [ 0.          0.99999861  0.         -0.00166511  0.          0.        ]
 [ 0.00166511  0.          0.99999861  0.          0.          0.        ]
 [ 0.          0.00166511  0.          0.99999861  0.          0.        ]
 [ 0.          0.          0.          0.          1.          0.        ]
 [ 0.          0.          0.          0.          0.          1.        ]]
Param #757: delta OK; RMS=0.001 mm
quads_tilt_fit #9.429461693292693e-05
delta_local #[1.e-06]
R1 #[[ 9.99999995e-01  0.00000000e+00  9.52946168e-05  0.00000000e+00
   0.00000000e+00  0.00000000e+00]
 [ 0.00000000e+00  9.99999995e-01  0.00000000e+00  9.52946168e-05
   0.00000000e+00  0.00000000e+00]
 [-9.52946168e-05  0.00000000e+00  9.99999995e-01  0.00000000e+00
   0.00000000e+00  0.00000000e+00]
 [ 0.00000000e+00 -9.52946168e-05  0.00000000e+00  9.99999995e-01
   0.00000000e+00  0.00000000e+00]
 [ 0.00000000e+00  0.00000000e+00  0.00000000e+00  0.00000000e+00
   1.00000000e+00  0.00000000e+00]
 [ 0.00000000e+00  0.00000000e+00  0.00000000e+00  0.00000000e+00
   0.00000000e+00  1.00000000e+00]]
R2 #[[ 9.99999995e-01  0.00000000e+00 -9.52946168e-05  0.00000000e+00
   0.00000000e+00  0.00000000e+00]
 [ 0.00000000e+00  9.99999995e-01  0.00000000e+00 -9.52946168e-05
   0.00000000e+00  0.00000000e+00]
 [ 9.52946168e-05  0.00000000e+00  9.99999995e-01  0.00000000e+00
   0.00000000e+00  0.00000000e+00]
 [ 0.00000000e+00  9.52946168e-05  0.00000000e+00  9.99999995e-01
   0.00000000e+00  0.00000000e+00]
 [ 0.00000000e+00  0.00000000e+00  0.00000000e+00  0.00000000e+00
   1.00000000e+00  0.00000000e+00]
 [ 0.00000000e+00  0.00000000e+00  0.00000000e+00  0.00000000e+00
   0.00000000e+00  1.00000000e+00]]
Param #813: delta too small; RMS=6.6213e-07 mm
quads_tilt_fit #9.429461693292693e-05
delta_local #[0.00151027]
R1 #[[ 0.99999871  0.          0.00160457  0.          0.          0.        ]
 [ 0.          0.99999871  0.          0.00160457  0.          0.        ]
 [-0.00160457  0.          0.99999871  0.          0.          0.        ]
 [ 0.         -0.00160457  0.          0.99999871  0.          0.        ]
 [ 0.          0.          0.          0.          1.          0.        ]
 [ 0.          0.          0.          0.          0.          1.        ]]
R2 #[[ 0.99999871  0.         -0.00160457  0.          0.          0.        ]
 [ 0.          0.99999871  0.         -0.00160457  0.          0.        ]
 [ 0.00160457  0.          0.99999871  0.          0.          0.        ]
 [ 0.          0.00160457  0.          0.99999871  0.          0.        ]
 [ 0.          0.          0.          0.          1.          0.        ]
 [ 0.          0.          0.          0.          0.          1.        ]]
Param #813: delta OK; RMS=0.001 mm
quads_tilt_fit #8.521545798009505e-05
delta_local #[1.e-06]
R1 #[[ 9.99999996e-01  0.00000000e+00  8.62154579e-05  0.00000000e+00
   0.00000000e+00  0.00000000e+00]
 [ 0.00000000e+00  9.99999996e-01  0.00000000e+00  8.62154579e-05
   0.00000000e+00  0.00000000e+00]
 [-8.62154579e-05  0.00000000e+00  9.99999996e-01  0.00000000e+00
   0.00000000e+00  0.00000000e+00]
 [ 0.00000000e+00 -8.62154579e-05  0.00000000e+00  9.99999996e-01
   0.00000000e+00  0.00000000e+00]
 [ 0.00000000e+00  0.00000000e+00  0.00000000e+00  0.00000000e+00
   1.00000000e+00  0.00000000e+00]
 [ 0.00000000e+00  0.00000000e+00  0.00000000e+00  0.00000000e+00
   0.00000000e+00  1.00000000e+00]]
R2 #[[ 9.99999996e-01  0.00000000e+00 -8.62154579e-05  0.00000000e+00
   0.00000000e+00  0.00000000e+00]
 [ 0.00000000e+00  9.99999996e-01  0.00000000e+00 -8.62154579e-05
   0.00000000e+00  0.00000000e+00]
 [ 8.62154579e-05  0.00000000e+00  9.99999996e-01  0.00000000e+00
   0.00000000e+00  0.00000000e+00]
 [ 0.00000000e+00  8.62154579e-05  0.00000000e+00  9.99999996e-01
   0.00000000e+00  0.00000000e+00]
 [ 0.00000000e+00  0.00000000e+00  0.00000000e+00  0.00000000e+00
   1.00000000e+00  0.00000000e+00]
 [ 0.00000000e+00  0.00000000e+00  0.00000000e+00  0.00000000e+00
   0.00000000e+00  1.00000000e+00]]
Param #822: delta too small; RMS=8.7084e-07 mm
quads_tilt_fit #8.521545798009505e-05
delta_local #[0.00114832]
R1 #[[ 0.99999924  0.          0.00123353  0.          0.          0.        ]
 [ 0.          0.99999924  0.          0.00123353  0.          0.        ]
 [-0.00123353  0.          0.99999924  0.          0.          0.        ]
 [ 0.         -0.00123353  0.          0.99999924  0.          0.        ]
 [ 0.          0.          0.          0.          1.          0.        ]
 [ 0.          0.          0.          0.          0.          1.        ]]
R2 #[[ 0.99999924  0.         -0.00123353  0.          0.          0.        ]
 [ 0.          0.99999924  0.         -0.00123353  0.          0.        ]
 [ 0.00123353  0.          0.99999924  0.          0.          0.        ]
 [ 0.          0.00123353  0.          0.99999924  0.          0.        ]
 [ 0.          0.          0.          0.          1.          0.        ]
 [ 0.          0.          0.          0.          0.          1.        ]]
Param #822: delta OK; RMS=0.001 mm
quads_tilt_fit #7.724994832158864e-07
delta_local #[1.e-06]
R1 #[[ 1.00000000e+00  0.00000000e+00  1.77249948e-06  0.00000000e+00
   0.00000000e+00  0.00000000e+00]
 [ 0.00000000e+00  1.00000000e+00  0.00000000e+00  1.77249948e-06
   0.00000000e+00  0.00000000e+00]
 [-1.77249948e-06  0.00000000e+00  1.00000000e+00  0.00000000e+00
   0.00000000e+00  0.00000000e+00]
 [ 0.00000000e+00 -1.77249948e-06  0.00000000e+00  1.00000000e+00
   0.00000000e+00  0.00000000e+00]
 [ 0.00000000e+00  0.00000000e+00  0.00000000e+00  0.00000000e+00
   1.00000000e+00  0.00000000e+00]
 [ 0.00000000e+00  0.00000000e+00  0.00000000e+00  0.00000000e+00
   0.00000000e+00  1.00000000e+00]]
R2 #[[ 1.00000000e+00  0.00000000e+00 -1.77249948e-06  0.00000000e+00
   0.00000000e+00  0.00000000e+00]
 [ 0.00000000e+00  1.00000000e+00  0.00000000e+00 -1.77249948e-06
   0.00000000e+00  0.00000000e+00]
 [ 1.77249948e-06  0.00000000e+00  1.00000000e+00  0.00000000e+00
   0.00000000e+00  0.00000000e+00]
 [ 0.00000000e+00  1.77249948e-06  0.00000000e+00  1.00000000e+00
   0.00000000e+00  0.00000000e+00]
 [ 0.00000000e+00  0.00000000e+00  0.00000000e+00  0.00000000e+00
   1.00000000e+00  0.00000000e+00]
 [ 0.00000000e+00  0.00000000e+00  0.00000000e+00  0.00000000e+00
   0.00000000e+00  1.00000000e+00]]
Param #828: delta too small; RMS=9.4194e-07 mm
quads_tilt_fit #7.724994832158864e-07
delta_local #[0.00106164]
R1 #[[ 0.99999944  0.          0.00106241  0.          0.          0.        ]
 [ 0.          0.99999944  0.          0.00106241  0.          0.        ]
 [-0.00106241  0.          0.99999944  0.          0.          0.        ]
 [ 0.         -0.00106241  0.          0.99999944  0.          0.        ]
 [ 0.          0.          0.          0.          1.          0.        ]
 [ 0.          0.          0.          0.          0.          1.        ]]
R2 #[[ 0.99999944  0.         -0.00106241  0.          0.          0.        ]
 [ 0.          0.99999944  0.         -0.00106241  0.          0.        ]
 [ 0.00106241  0.          0.99999944  0.          0.          0.        ]
 [ 0.          0.00106241  0.          0.99999944  0.          0.        ]
 [ 0.          0.          0.          0.          1.          0.        ]
 [ 0.          0.          0.          0.          0.          1.        ]]
Param #828: delta OK; RMS=0.001 mm
quads_tilt_fit #0.00012716786234377573
delta_local #[1.e-06]
R1 #[[ 9.99999992e-01  0.00000000e+00  1.28167862e-04  0.00000000e+00
   0.00000000e+00  0.00000000e+00]
 [ 0.00000000e+00  9.99999992e-01  0.00000000e+00  1.28167862e-04
   0.00000000e+00  0.00000000e+00]
 [-1.28167862e-04  0.00000000e+00  9.99999992e-01  0.00000000e+00
   0.00000000e+00  0.00000000e+00]
 [ 0.00000000e+00 -1.28167862e-04  0.00000000e+00  9.99999992e-01
   0.00000000e+00  0.00000000e+00]
 [ 0.00000000e+00  0.00000000e+00  0.00000000e+00  0.00000000e+00
   1.00000000e+00  0.00000000e+00]
 [ 0.00000000e+00  0.00000000e+00  0.00000000e+00  0.00000000e+00
   0.00000000e+00  1.00000000e+00]]
R2 #[[ 9.99999992e-01  0.00000000e+00 -1.28167862e-04  0.00000000e+00
   0.00000000e+00  0.00000000e+00]
 [ 0.00000000e+00  9.99999992e-01  0.00000000e+00 -1.28167862e-04
   0.00000000e+00  0.00000000e+00]
 [ 1.28167862e-04  0.00000000e+00  9.99999992e-01  0.00000000e+00
   0.00000000e+00  0.00000000e+00]
 [ 0.00000000e+00  1.28167862e-04  0.00000000e+00  9.99999992e-01
   0.00000000e+00  0.00000000e+00]
 [ 0.00000000e+00  0.00000000e+00  0.00000000e+00  0.00000000e+00
   1.00000000e+00  0.00000000e+00]
 [ 0.00000000e+00  0.00000000e+00  0.00000000e+00  0.00000000e+00
   0.00000000e+00  1.00000000e+00]]
Param #835: delta too small; RMS=5.7184e-07 mm
quads_tilt_fit #0.00012716786234377573
delta_local #[0.00174874]
R1 #[[ 0.99999824  0.          0.00187591  0.          0.          0.        ]
 [ 0.          0.99999824  0.          0.00187591  0.          0.        ]
 [-0.00187591  0.          0.99999824  0.          0.          0.        ]
 [ 0.         -0.00187591  0.          0.99999824  0.          0.        ]
 [ 0.          0.          0.          0.          1.          0.        ]
 [ 0.          0.          0.          0.          0.          1.        ]]
R2 #[[ 0.99999824  0.         -0.00187591  0.          0.          0.        ]
 [ 0.          0.99999824  0.         -0.00187591  0.          0.        ]
 [ 0.00187591  0.          0.99999824  0.          0.          0.        ]
 [ 0.          0.00187591  0.          0.99999824  0.          0.        ]
 [ 0.          0.          0.          0.          1.          0.        ]
 [ 0.          0.          0.          0.          0.          1.        ]]
Param #835: delta OK; RMS=0.001 mm
quads_tilt_fit #2.1182294842579413e-05
delta_local #[1.e-06]
R1 #[[ 1.00000000e+00  0.00000000e+00  2.21822948e-05  0.00000000e+00
   0.00000000e+00  0.00000000e+00]
 [ 0.00000000e+00  1.00000000e+00  0.00000000e+00  2.21822948e-05
   0.00000000e+00  0.00000000e+00]
 [-2.21822948e-05  0.00000000e+00  1.00000000e+00  0.00000000e+00
   0.00000000e+00  0.00000000e+00]
 [ 0.00000000e+00 -2.21822948e-05  0.00000000e+00  1.00000000e+00
   0.00000000e+00  0.00000000e+00]
 [ 0.00000000e+00  0.00000000e+00  0.00000000e+00  0.00000000e+00
   1.00000000e+00  0.00000000e+00]
 [ 0.00000000e+00  0.00000000e+00  0.00000000e+00  0.00000000e+00
   0.00000000e+00  1.00000000e+00]]
R2 #[[ 1.00000000e+00  0.00000000e+00 -2.21822948e-05  0.00000000e+00
   0.00000000e+00  0.00000000e+00]
 [ 0.00000000e+00  1.00000000e+00  0.00000000e+00 -2.21822948e-05
   0.00000000e+00  0.00000000e+00]
 [ 2.21822948e-05  0.00000000e+00  1.00000000e+00  0.00000000e+00
   0.00000000e+00  0.00000000e+00]
 [ 0.00000000e+00  2.21822948e-05  0.00000000e+00  1.00000000e+00
   0.00000000e+00  0.00000000e+00]
 [ 0.00000000e+00  0.00000000e+00  0.00000000e+00  0.00000000e+00
   1.00000000e+00  0.00000000e+00]
 [ 0.00000000e+00  0.00000000e+00  0.00000000e+00  0.00000000e+00
   0.00000000e+00  1.00000000e+00]]
Param #871: delta too small; RMS=5.7121e-07 mm
quads_tilt_fit #2.1182294842579413e-05
delta_local #[0.00175067]
R1 #[[ 0.99999843  0.          0.00177185  0.          0.          0.        ]
 [ 0.          0.99999843  0.          0.00177185  0.          0.        ]
 [-0.00177185  0.          0.99999843  0.          0.          0.        ]
 [ 0.         -0.00177185  0.          0.99999843  0.          0.        ]
 [ 0.          0.          0.          0.          1.          0.        ]
 [ 0.          0.          0.          0.          0.          1.        ]]
R2 #[[ 0.99999843  0.         -0.00177185  0.          0.          0.        ]
 [ 0.          0.99999843  0.         -0.00177185  0.          0.        ]
 [ 0.00177185  0.          0.99999843  0.          0.          0.        ]
 [ 0.          0.00177185  0.          0.99999843  0.          0.        ]
 [ 0.          0.          0.          0.          1.          0.        ]
 [ 0.          0.          0.          0.          0.          1.        ]]
Param #871: delta OK; RMS=0.001 mm
quads_tilt_fit #-8.754561852292156e-05
delta_local #[1.e-06]
R1 #[[ 9.99999996e-01  0.00000000e+00 -8.65456184e-05  0.00000000e+00
   0.00000000e+00  0.00000000e+00]
 [ 0.00000000e+00  9.99999996e-01  0.00000000e+00 -8.65456184e-05
   0.00000000e+00  0.00000000e+00]
 [ 8.65456184e-05  0.00000000e+00  9.99999996e-01  0.00000000e+00
   0.00000000e+00  0.00000000e+00]
 [ 0.00000000e+00  8.65456184e-05  0.00000000e+00  9.99999996e-01
   0.00000000e+00  0.00000000e+00]
 [ 0.00000000e+00  0.00000000e+00  0.00000000e+00  0.00000000e+00
   1.00000000e+00  0.00000000e+00]
 [ 0.00000000e+00  0.00000000e+00  0.00000000e+00  0.00000000e+00
   0.00000000e+00  1.00000000e+00]]
R2 #[[ 9.99999996e-01  0.00000000e+00  8.65456184e-05  0.00000000e+00
   0.00000000e+00  0.00000000e+00]
 [ 0.00000000e+00  9.99999996e-01  0.00000000e+00  8.65456184e-05
   0.00000000e+00  0.00000000e+00]
 [-8.65456184e-05  0.00000000e+00  9.99999996e-01  0.00000000e+00
   0.00000000e+00  0.00000000e+00]
 [ 0.00000000e+00 -8.65456184e-05  0.00000000e+00  9.99999996e-01
   0.00000000e+00  0.00000000e+00]
 [ 0.00000000e+00  0.00000000e+00  0.00000000e+00  0.00000000e+00
   1.00000000e+00  0.00000000e+00]
 [ 0.00000000e+00  0.00000000e+00  0.00000000e+00  0.00000000e+00
   0.00000000e+00  1.00000000e+00]]
Param #878: delta too small; RMS=9.4557e-07 mm
quads_tilt_fit #-8.754561852292156e-05
delta_local #[0.00105756]
R1 #[[ 9.99999530e-01  0.00000000e+00  9.70014524e-04  0.00000000e+00
   0.00000000e+00  0.00000000e+00]
 [ 0.00000000e+00  9.99999530e-01  0.00000000e+00  9.70014524e-04
   0.00000000e+00  0.00000000e+00]
 [-9.70014524e-04  0.00000000e+00  9.99999530e-01  0.00000000e+00
   0.00000000e+00  0.00000000e+00]
 [ 0.00000000e+00 -9.70014524e-04  0.00000000e+00  9.99999530e-01
   0.00000000e+00  0.00000000e+00]
 [ 0.00000000e+00  0.00000000e+00  0.00000000e+00  0.00000000e+00
   1.00000000e+00  0.00000000e+00]
 [ 0.00000000e+00  0.00000000e+00  0.00000000e+00  0.00000000e+00
   0.00000000e+00  1.00000000e+00]]
R2 #[[ 9.99999530e-01  0.00000000e+00 -9.70014524e-04  0.00000000e+00
   0.00000000e+00  0.00000000e+00]
 [ 0.00000000e+00  9.99999530e-01  0.00000000e+00 -9.70014524e-04
   0.00000000e+00  0.00000000e+00]
 [ 9.70014524e-04  0.00000000e+00  9.99999530e-01  0.00000000e+00
   0.00000000e+00  0.00000000e+00]
 [ 0.00000000e+00  9.70014524e-04  0.00000000e+00  9.99999530e-01
   0.00000000e+00  0.00000000e+00]
 [ 0.00000000e+00  0.00000000e+00  0.00000000e+00  0.00000000e+00
   1.00000000e+00  0.00000000e+00]
 [ 0.00000000e+00  0.00000000e+00  0.00000000e+00  0.00000000e+00
   0.00000000e+00  1.00000000e+00]]
Param #878: delta OK; RMS=0.001 mm
quads_tilt_fit #0.00010341245307776033
delta_local #[1.e-06]
R1 #[[ 9.99999995e-01  0.00000000e+00  1.04412453e-04  0.00000000e+00
   0.00000000e+00  0.00000000e+00]
 [ 0.00000000e+00  9.99999995e-01  0.00000000e+00  1.04412453e-04
   0.00000000e+00  0.00000000e+00]
 [-1.04412453e-04  0.00000000e+00  9.99999995e-01  0.00000000e+00
   0.00000000e+00  0.00000000e+00]
 [ 0.00000000e+00 -1.04412453e-04  0.00000000e+00  9.99999995e-01
   0.00000000e+00  0.00000000e+00]
 [ 0.00000000e+00  0.00000000e+00  0.00000000e+00  0.00000000e+00
   1.00000000e+00  0.00000000e+00]
 [ 0.00000000e+00  0.00000000e+00  0.00000000e+00  0.00000000e+00
   0.00000000e+00  1.00000000e+00]]
R2 #[[ 9.99999995e-01  0.00000000e+00 -1.04412453e-04  0.00000000e+00
   0.00000000e+00  0.00000000e+00]
 [ 0.00000000e+00  9.99999995e-01  0.00000000e+00 -1.04412453e-04
   0.00000000e+00  0.00000000e+00]
 [ 1.04412453e-04  0.00000000e+00  9.99999995e-01  0.00000000e+00
   0.00000000e+00  0.00000000e+00]
 [ 0.00000000e+00  1.04412453e-04  0.00000000e+00  9.99999995e-01
   0.00000000e+00  0.00000000e+00]
 [ 0.00000000e+00  0.00000000e+00  0.00000000e+00  0.00000000e+00
   1.00000000e+00  0.00000000e+00]
 [ 0.00000000e+00  0.00000000e+00  0.00000000e+00  0.00000000e+00
   0.00000000e+00  1.00000000e+00]]
Param #884: delta too small; RMS=8.7327e-07 mm
quads_tilt_fit #0.00010341245307776033
delta_local #[0.00114512]
R1 #[[ 0.99999922  0.          0.00124854  0.          0.          0.        ]
 [ 0.          0.99999922  0.          0.00124854  0.          0.        ]
 [-0.00124854  0.          0.99999922  0.          0.          0.        ]
 [ 0.         -0.00124854  0.          0.99999922  0.          0.        ]
 [ 0.          0.          0.          0.          1.          0.        ]
 [ 0.          0.          0.          0.          0.          1.        ]]
R2 #[[ 0.99999922  0.         -0.00124854  0.          0.          0.        ]
 [ 0.          0.99999922  0.         -0.00124854  0.          0.        ]
 [ 0.00124854  0.          0.99999922  0.          0.          0.        ]
 [ 0.          0.00124854  0.          0.99999922  0.          0.        ]
 [ 0.          0.          0.          0.          1.          0.        ]
 [ 0.          0.          0.          0.          0.          1.        ]]
Param #884: delta OK; RMS=0.001 mm
quads_tilt_fit #9.947823455049971e-05
delta_local #[1.e-06]
R1 #[[ 9.99999995e-01  0.00000000e+00  1.00478234e-04  0.00000000e+00
   0.00000000e+00  0.00000000e+00]
 [ 0.00000000e+00  9.99999995e-01  0.00000000e+00  1.00478234e-04
   0.00000000e+00  0.00000000e+00]
 [-1.00478234e-04  0.00000000e+00  9.99999995e-01  0.00000000e+00
   0.00000000e+00  0.00000000e+00]
 [ 0.00000000e+00 -1.00478234e-04  0.00000000e+00  9.99999995e-01
   0.00000000e+00  0.00000000e+00]
 [ 0.00000000e+00  0.00000000e+00  0.00000000e+00  0.00000000e+00
   1.00000000e+00  0.00000000e+00]
 [ 0.00000000e+00  0.00000000e+00  0.00000000e+00  0.00000000e+00
   0.00000000e+00  1.00000000e+00]]
R2 #[[ 9.99999995e-01  0.00000000e+00 -1.00478234e-04  0.00000000e+00
   0.00000000e+00  0.00000000e+00]
 [ 0.00000000e+00  9.99999995e-01  0.00000000e+00 -1.00478234e-04
   0.00000000e+00  0.00000000e+00]
 [ 1.00478234e-04  0.00000000e+00  9.99999995e-01  0.00000000e+00
   0.00000000e+00  0.00000000e+00]
 [ 0.00000000e+00  1.00478234e-04  0.00000000e+00  9.99999995e-01
   0.00000000e+00  0.00000000e+00]
 [ 0.00000000e+00  0.00000000e+00  0.00000000e+00  0.00000000e+00
   1.00000000e+00  0.00000000e+00]
 [ 0.00000000e+00  0.00000000e+00  0.00000000e+00  0.00000000e+00
   0.00000000e+00  1.00000000e+00]]
Param #893: delta too small; RMS=6.6622e-07 mm
quads_tilt_fit #9.947823455049971e-05
delta_local #[0.001501]
R1 #[[ 0.99999872  0.          0.00160048  0.          0.          0.        ]
 [ 0.          0.99999872  0.          0.00160048  0.          0.        ]
 [-0.00160048  0.          0.99999872  0.          0.          0.        ]
 [ 0.         -0.00160048  0.          0.99999872  0.          0.        ]
 [ 0.          0.          0.          0.          1.          0.        ]
 [ 0.          0.          0.          0.          0.          1.        ]]
R2 #[[ 0.99999872  0.         -0.00160048  0.          0.          0.        ]
 [ 0.          0.99999872  0.         -0.00160048  0.          0.        ]
 [ 0.00160048  0.          0.99999872  0.          0.          0.        ]
 [ 0.          0.00160048  0.          0.99999872  0.          0.        ]
 [ 0.          0.          0.          0.          1.          0.        ]
 [ 0.          0.          0.          0.          0.          1.        ]]
Param #893: delta OK; RMS=0.0010001 mm
quads_tilt_fit #0.0001580811238039544
delta_local #[1.e-06]
R1 #[[ 9.99999987e-01  0.00000000e+00  1.59081123e-04  0.00000000e+00
   0.00000000e+00  0.00000000e+00]
 [ 0.00000000e+00  9.99999987e-01  0.00000000e+00  1.59081123e-04
   0.00000000e+00  0.00000000e+00]
 [-1.59081123e-04  0.00000000e+00  9.99999987e-01  0.00000000e+00
   0.00000000e+00  0.00000000e+00]
 [ 0.00000000e+00 -1.59081123e-04  0.00000000e+00  9.99999987e-01
   0.00000000e+00  0.00000000e+00]
 [ 0.00000000e+00  0.00000000e+00  0.00000000e+00  0.00000000e+00
   1.00000000e+00  0.00000000e+00]
 [ 0.00000000e+00  0.00000000e+00  0.00000000e+00  0.00000000e+00
   0.00000000e+00  1.00000000e+00]]
R2 #[[ 9.99999987e-01  0.00000000e+00 -1.59081123e-04  0.00000000e+00
   0.00000000e+00  0.00000000e+00]
 [ 0.00000000e+00  9.99999987e-01  0.00000000e+00 -1.59081123e-04
   0.00000000e+00  0.00000000e+00]
 [ 1.59081123e-04  0.00000000e+00  9.99999987e-01  0.00000000e+00
   0.00000000e+00  0.00000000e+00]
 [ 0.00000000e+00  1.59081123e-04  0.00000000e+00  9.99999987e-01
   0.00000000e+00  0.00000000e+00]
 [ 0.00000000e+00  0.00000000e+00  0.00000000e+00  0.00000000e+00
   1.00000000e+00  0.00000000e+00]
 [ 0.00000000e+00  0.00000000e+00  0.00000000e+00  0.00000000e+00
   0.00000000e+00  1.00000000e+00]]
Param #947: delta too small; RMS=6.662e-07 mm
quads_tilt_fit #0.0001580811238039544
delta_local #[0.00150105]
R1 #[[ 0.99999862  0.          0.00165913  0.          0.          0.        ]
 [ 0.          0.99999862  0.          0.00165913  0.          0.        ]
 [-0.00165913  0.          0.99999862  0.          0.          0.        ]
 [ 0.         -0.00165913  0.          0.99999862  0.          0.        ]
 [ 0.          0.          0.          0.          1.          0.        ]
 [ 0.          0.          0.          0.          0.          1.        ]]
R2 #[[ 0.99999862  0.         -0.00165913  0.          0.          0.        ]
 [ 0.          0.99999862  0.         -0.00165913  0.          0.        ]
 [ 0.00165913  0.          0.99999862  0.          0.          0.        ]
 [ 0.          0.00165913  0.          0.99999862  0.          0.        ]
 [ 0.          0.          0.          0.          1.          0.        ]
 [ 0.          0.          0.          0.          0.          1.        ]]
Param #947: delta OK; RMS=0.001 mm
quads_tilt_fit #0.0001275250938239525
delta_local #[1.e-06]
R1 #[[ 9.99999992e-01  0.00000000e+00  1.28525093e-04  0.00000000e+00
   0.00000000e+00  0.00000000e+00]
 [ 0.00000000e+00  9.99999992e-01  0.00000000e+00  1.28525093e-04
   0.00000000e+00  0.00000000e+00]
 [-1.28525093e-04  0.00000000e+00  9.99999992e-01  0.00000000e+00
   0.00000000e+00  0.00000000e+00]
 [ 0.00000000e+00 -1.28525093e-04  0.00000000e+00  9.99999992e-01
   0.00000000e+00  0.00000000e+00]
 [ 0.00000000e+00  0.00000000e+00  0.00000000e+00  0.00000000e+00
   1.00000000e+00  0.00000000e+00]
 [ 0.00000000e+00  0.00000000e+00  0.00000000e+00  0.00000000e+00
   0.00000000e+00  1.00000000e+00]]
R2 #[[ 9.99999992e-01  0.00000000e+00 -1.28525093e-04  0.00000000e+00
   0.00000000e+00  0.00000000e+00]
 [ 0.00000000e+00  9.99999992e-01  0.00000000e+00 -1.28525093e-04
   0.00000000e+00  0.00000000e+00]
 [ 1.28525093e-04  0.00000000e+00  9.99999992e-01  0.00000000e+00
   0.00000000e+00  0.00000000e+00]
 [ 0.00000000e+00  1.28525093e-04  0.00000000e+00  9.99999992e-01
   0.00000000e+00  0.00000000e+00]
 [ 0.00000000e+00  0.00000000e+00  0.00000000e+00  0.00000000e+00
   1.00000000e+00  0.00000000e+00]
 [ 0.00000000e+00  0.00000000e+00  0.00000000e+00  0.00000000e+00
   0.00000000e+00  1.00000000e+00]]
Param #956: delta too small; RMS=8.7305e-07 mm
quads_tilt_fit #0.0001275250938239525
delta_local #[0.00114541]
R1 #[[ 0.99999919  0.          0.00127294  0.          0.          0.        ]
 [ 0.          0.99999919  0.          0.00127294  0.          0.        ]
 [-0.00127294  0.          0.99999919  0.          0.          0.        ]
 [ 0.         -0.00127294  0.          0.99999919  0.          0.        ]
 [ 0.          0.          0.          0.          1.          0.        ]
 [ 0.          0.          0.          0.          0.          1.        ]]
R2 #[[ 0.99999919  0.         -0.00127294  0.          0.          0.        ]
 [ 0.          0.99999919  0.         -0.00127294  0.          0.        ]
 [ 0.00127294  0.          0.99999919  0.          0.          0.        ]
 [ 0.          0.00127294  0.          0.99999919  0.          0.        ]
 [ 0.          0.          0.          0.          1.          0.        ]
 [ 0.          0.          0.          0.          0.          1.        ]]
Param #956: delta OK; RMS=0.001 mm
quads_tilt_fit #-7.162601413007716e-05
delta_local #[1.e-06]
R1 #[[ 9.99999998e-01  0.00000000e+00 -7.06260141e-05  0.00000000e+00
   0.00000000e+00  0.00000000e+00]
 [ 0.00000000e+00  9.99999998e-01  0.00000000e+00 -7.06260141e-05
   0.00000000e+00  0.00000000e+00]
 [ 7.06260141e-05  0.00000000e+00  9.99999998e-01  0.00000000e+00
   0.00000000e+00  0.00000000e+00]
 [ 0.00000000e+00  7.06260141e-05  0.00000000e+00  9.99999998e-01
   0.00000000e+00  0.00000000e+00]
 [ 0.00000000e+00  0.00000000e+00  0.00000000e+00  0.00000000e+00
   1.00000000e+00  0.00000000e+00]
 [ 0.00000000e+00  0.00000000e+00  0.00000000e+00  0.00000000e+00
   0.00000000e+00  1.00000000e+00]]
R2 #[[ 9.99999998e-01  0.00000000e+00  7.06260141e-05  0.00000000e+00
   0.00000000e+00  0.00000000e+00]
 [ 0.00000000e+00  9.99999998e-01  0.00000000e+00  7.06260141e-05
   0.00000000e+00  0.00000000e+00]
 [-7.06260141e-05  0.00000000e+00  9.99999998e-01  0.00000000e+00
   0.00000000e+00  0.00000000e+00]
 [ 0.00000000e+00 -7.06260141e-05  0.00000000e+00  9.99999998e-01
   0.00000000e+00  0.00000000e+00]
 [ 0.00000000e+00  0.00000000e+00  0.00000000e+00  0.00000000e+00
   1.00000000e+00  0.00000000e+00]
 [ 0.00000000e+00  0.00000000e+00  0.00000000e+00  0.00000000e+00
   0.00000000e+00  1.00000000e+00]]
Param #962: delta too small; RMS=9.462e-07 mm
quads_tilt_fit #-7.162601413007716e-05
delta_local #[0.00105686]
R1 #[[ 9.99999515e-01  0.00000000e+00  9.85229807e-04  0.00000000e+00
   0.00000000e+00  0.00000000e+00]
 [ 0.00000000e+00  9.99999515e-01  0.00000000e+00  9.85229807e-04
   0.00000000e+00  0.00000000e+00]
 [-9.85229807e-04  0.00000000e+00  9.99999515e-01  0.00000000e+00
   0.00000000e+00  0.00000000e+00]
 [ 0.00000000e+00 -9.85229807e-04  0.00000000e+00  9.99999515e-01
   0.00000000e+00  0.00000000e+00]
 [ 0.00000000e+00  0.00000000e+00  0.00000000e+00  0.00000000e+00
   1.00000000e+00  0.00000000e+00]
 [ 0.00000000e+00  0.00000000e+00  0.00000000e+00  0.00000000e+00
   0.00000000e+00  1.00000000e+00]]
R2 #[[ 9.99999515e-01  0.00000000e+00 -9.85229807e-04  0.00000000e+00
   0.00000000e+00  0.00000000e+00]
 [ 0.00000000e+00  9.99999515e-01  0.00000000e+00 -9.85229807e-04
   0.00000000e+00  0.00000000e+00]
 [ 9.85229807e-04  0.00000000e+00  9.99999515e-01  0.00000000e+00
   0.00000000e+00  0.00000000e+00]
 [ 0.00000000e+00  9.85229807e-04  0.00000000e+00  9.99999515e-01
   0.00000000e+00  0.00000000e+00]
 [ 0.00000000e+00  0.00000000e+00  0.00000000e+00  0.00000000e+00
   1.00000000e+00  0.00000000e+00]
 [ 0.00000000e+00  0.00000000e+00  0.00000000e+00  0.00000000e+00
   0.00000000e+00  1.00000000e+00]]
Param #962: delta OK; RMS=0.001 mm
quads_tilt_fit #4.149096971909851e-05
delta_local #[1.e-06]
R1 #[[ 9.99999999e-01  0.00000000e+00  4.24909697e-05  0.00000000e+00
   0.00000000e+00  0.00000000e+00]
 [ 0.00000000e+00  9.99999999e-01  0.00000000e+00  4.24909697e-05
   0.00000000e+00  0.00000000e+00]
 [-4.24909697e-05  0.00000000e+00  9.99999999e-01  0.00000000e+00
   0.00000000e+00  0.00000000e+00]
 [ 0.00000000e+00 -4.24909697e-05  0.00000000e+00  9.99999999e-01
   0.00000000e+00  0.00000000e+00]
 [ 0.00000000e+00  0.00000000e+00  0.00000000e+00  0.00000000e+00
   1.00000000e+00  0.00000000e+00]
 [ 0.00000000e+00  0.00000000e+00  0.00000000e+00  0.00000000e+00
   0.00000000e+00  1.00000000e+00]]
R2 #[[ 9.99999999e-01  0.00000000e+00 -4.24909697e-05  0.00000000e+00
   0.00000000e+00  0.00000000e+00]
 [ 0.00000000e+00  9.99999999e-01  0.00000000e+00 -4.24909697e-05
   0.00000000e+00  0.00000000e+00]
 [ 4.24909697e-05  0.00000000e+00  9.99999999e-01  0.00000000e+00
   0.00000000e+00  0.00000000e+00]
 [ 0.00000000e+00  4.24909697e-05  0.00000000e+00  9.99999999e-01
   0.00000000e+00  0.00000000e+00]
 [ 0.00000000e+00  0.00000000e+00  0.00000000e+00  0.00000000e+00
   1.00000000e+00  0.00000000e+00]
 [ 0.00000000e+00  0.00000000e+00  0.00000000e+00  0.00000000e+00
   0.00000000e+00  1.00000000e+00]]
Param #969: delta too small; RMS=5.7183e-07 mm
quads_tilt_fit #4.149096971909851e-05
delta_local #[0.00174876]
R1 #[[ 0.9999984   0.          0.00179025  0.          0.          0.        ]
 [ 0.          0.9999984   0.          0.00179025  0.          0.        ]
 [-0.00179025  0.          0.9999984   0.          0.          0.        ]
 [ 0.         -0.00179025  0.          0.9999984   0.          0.        ]
 [ 0.          0.          0.          0.          1.          0.        ]
 [ 0.          0.          0.          0.          0.          1.        ]]
R2 #[[ 0.9999984   0.         -0.00179025  0.          0.          0.        ]
 [ 0.          0.9999984   0.         -0.00179025  0.          0.        ]
 [ 0.00179025  0.          0.9999984   0.          0.          0.        ]
 [ 0.          0.00179025  0.          0.9999984   0.          0.        ]
 [ 0.          0.          0.          0.          1.          0.        ]
 [ 0.          0.          0.          0.          0.          1.        ]]
Param #969: delta OK; RMS=0.001 mm
quads_tilt_fit #4.115241310876684e-05
delta_local #[1.e-06]
R1 #[[ 9.99999999e-01  0.00000000e+00  4.21524131e-05  0.00000000e+00
   0.00000000e+00  0.00000000e+00]
 [ 0.00000000e+00  9.99999999e-01  0.00000000e+00  4.21524131e-05
   0.00000000e+00  0.00000000e+00]
 [-4.21524131e-05  0.00000000e+00  9.99999999e-01  0.00000000e+00
   0.00000000e+00  0.00000000e+00]
 [ 0.00000000e+00 -4.21524131e-05  0.00000000e+00  9.99999999e-01
   0.00000000e+00  0.00000000e+00]
 [ 0.00000000e+00  0.00000000e+00  0.00000000e+00  0.00000000e+00
   1.00000000e+00  0.00000000e+00]
 [ 0.00000000e+00  0.00000000e+00  0.00000000e+00  0.00000000e+00
   0.00000000e+00  1.00000000e+00]]
R2 #[[ 9.99999999e-01  0.00000000e+00 -4.21524131e-05  0.00000000e+00
   0.00000000e+00  0.00000000e+00]
 [ 0.00000000e+00  9.99999999e-01  0.00000000e+00 -4.21524131e-05
   0.00000000e+00  0.00000000e+00]
 [ 4.21524131e-05  0.00000000e+00  9.99999999e-01  0.00000000e+00
   0.00000000e+00  0.00000000e+00]
 [ 0.00000000e+00  4.21524131e-05  0.00000000e+00  9.99999999e-01
   0.00000000e+00  0.00000000e+00]
 [ 0.00000000e+00  0.00000000e+00  0.00000000e+00  0.00000000e+00
   1.00000000e+00  0.00000000e+00]
 [ 0.00000000e+00  0.00000000e+00  0.00000000e+00  0.00000000e+00
   0.00000000e+00  1.00000000e+00]]
Param #1005: delta too small; RMS=5.7146e-07 mm
quads_tilt_fit #4.115241310876684e-05
delta_local #[0.00174989]
R1 #[[ 0.9999984   0.          0.00179104  0.          0.          0.        ]
 [ 0.          0.9999984   0.          0.00179104  0.          0.        ]
 [-0.00179104  0.          0.9999984   0.          0.          0.        ]
 [ 0.         -0.00179104  0.          0.9999984   0.          0.        ]
 [ 0.          0.          0.          0.          1.          0.        ]
 [ 0.          0.          0.          0.          0.          1.        ]]
R2 #[[ 0.9999984   0.         -0.00179104  0.          0.          0.        ]
 [ 0.          0.9999984   0.         -0.00179104  0.          0.        ]
 [ 0.00179104  0.          0.9999984   0.          0.          0.        ]
 [ 0.          0.00179104  0.          0.9999984   0.          0.        ]
 [ 0.          0.          0.          0.          1.          0.        ]
 [ 0.          0.          0.          0.          0.          1.        ]]
Param #1005: delta OK; RMS=0.001 mm
quads_tilt_fit #-0.00011080546379431454
delta_local #[1.e-06]
R1 #[[ 9.99999994e-01  0.00000000e+00 -1.09805464e-04  0.00000000e+00
   0.00000000e+00  0.00000000e+00]
 [ 0.00000000e+00  9.99999994e-01  0.00000000e+00 -1.09805464e-04
   0.00000000e+00  0.00000000e+00]
 [ 1.09805464e-04  0.00000000e+00  9.99999994e-01  0.00000000e+00
   0.00000000e+00  0.00000000e+00]
 [ 0.00000000e+00  1.09805464e-04  0.00000000e+00  9.99999994e-01
   0.00000000e+00  0.00000000e+00]
 [ 0.00000000e+00  0.00000000e+00  0.00000000e+00  0.00000000e+00
   1.00000000e+00  0.00000000e+00]
 [ 0.00000000e+00  0.00000000e+00  0.00000000e+00  0.00000000e+00
   0.00000000e+00  1.00000000e+00]]
R2 #[[ 9.99999994e-01  0.00000000e+00  1.09805464e-04  0.00000000e+00
   0.00000000e+00  0.00000000e+00]
 [ 0.00000000e+00  9.99999994e-01  0.00000000e+00  1.09805464e-04
   0.00000000e+00  0.00000000e+00]
 [-1.09805464e-04  0.00000000e+00  9.99999994e-01  0.00000000e+00
   0.00000000e+00  0.00000000e+00]
 [ 0.00000000e+00 -1.09805464e-04  0.00000000e+00  9.99999994e-01
   0.00000000e+00  0.00000000e+00]
 [ 0.00000000e+00  0.00000000e+00  0.00000000e+00  0.00000000e+00
   1.00000000e+00  0.00000000e+00]
 [ 0.00000000e+00  0.00000000e+00  0.00000000e+00  0.00000000e+00
   0.00000000e+00  1.00000000e+00]]
Param #1012: delta too small; RMS=9.4386e-07 mm
quads_tilt_fit #-0.00011080546379431454
delta_local #[0.00105948]
R1 #[[ 9.99999550e-01  0.00000000e+00  9.48677403e-04  0.00000000e+00
   0.00000000e+00  0.00000000e+00]
 [ 0.00000000e+00  9.99999550e-01  0.00000000e+00  9.48677403e-04
   0.00000000e+00  0.00000000e+00]
 [-9.48677403e-04  0.00000000e+00  9.99999550e-01  0.00000000e+00
   0.00000000e+00  0.00000000e+00]
 [ 0.00000000e+00 -9.48677403e-04  0.00000000e+00  9.99999550e-01
   0.00000000e+00  0.00000000e+00]
 [ 0.00000000e+00  0.00000000e+00  0.00000000e+00  0.00000000e+00
   1.00000000e+00  0.00000000e+00]
 [ 0.00000000e+00  0.00000000e+00  0.00000000e+00  0.00000000e+00
   0.00000000e+00  1.00000000e+00]]
R2 #[[ 9.99999550e-01  0.00000000e+00 -9.48677403e-04  0.00000000e+00
   0.00000000e+00  0.00000000e+00]
 [ 0.00000000e+00  9.99999550e-01  0.00000000e+00 -9.48677403e-04
   0.00000000e+00  0.00000000e+00]
 [ 9.48677403e-04  0.00000000e+00  9.99999550e-01  0.00000000e+00
   0.00000000e+00  0.00000000e+00]
 [ 0.00000000e+00  9.48677403e-04  0.00000000e+00  9.99999550e-01
   0.00000000e+00  0.00000000e+00]
 [ 0.00000000e+00  0.00000000e+00  0.00000000e+00  0.00000000e+00
   1.00000000e+00  0.00000000e+00]
 [ 0.00000000e+00  0.00000000e+00  0.00000000e+00  0.00000000e+00
   0.00000000e+00  1.00000000e+00]]
Param #1012: delta OK; RMS=0.001 mm
quads_tilt_fit #0.00010163128614301762
delta_local #[1.e-06]
R1 #[[ 9.99999995e-01  0.00000000e+00  1.02631286e-04  0.00000000e+00
   0.00000000e+00  0.00000000e+00]
 [ 0.00000000e+00  9.99999995e-01  0.00000000e+00  1.02631286e-04
   0.00000000e+00  0.00000000e+00]
 [-1.02631286e-04  0.00000000e+00  9.99999995e-01  0.00000000e+00
   0.00000000e+00  0.00000000e+00]
 [ 0.00000000e+00 -1.02631286e-04  0.00000000e+00  9.99999995e-01
   0.00000000e+00  0.00000000e+00]
 [ 0.00000000e+00  0.00000000e+00  0.00000000e+00  0.00000000e+00
   1.00000000e+00  0.00000000e+00]
 [ 0.00000000e+00  0.00000000e+00  0.00000000e+00  0.00000000e+00
   0.00000000e+00  1.00000000e+00]]
R2 #[[ 9.99999995e-01  0.00000000e+00 -1.02631286e-04  0.00000000e+00
   0.00000000e+00  0.00000000e+00]
 [ 0.00000000e+00  9.99999995e-01  0.00000000e+00 -1.02631286e-04
   0.00000000e+00  0.00000000e+00]
 [ 1.02631286e-04  0.00000000e+00  9.99999995e-01  0.00000000e+00
   0.00000000e+00  0.00000000e+00]
 [ 0.00000000e+00  1.02631286e-04  0.00000000e+00  9.99999995e-01
   0.00000000e+00  0.00000000e+00]
 [ 0.00000000e+00  0.00000000e+00  0.00000000e+00  0.00000000e+00
   1.00000000e+00  0.00000000e+00]
 [ 0.00000000e+00  0.00000000e+00  0.00000000e+00  0.00000000e+00
   0.00000000e+00  1.00000000e+00]]
Param #1018: delta too small; RMS=8.727e-07 mm
quads_tilt_fit #0.00010163128614301762
delta_local #[0.00114587]
R1 #[[ 0.99999922  0.          0.0012475   0.          0.          0.        ]
 [ 0.          0.99999922  0.          0.0012475   0.          0.        ]
 [-0.0012475   0.          0.99999922  0.          0.          0.        ]
 [ 0.         -0.0012475   0.          0.99999922  0.          0.        ]
 [ 0.          0.          0.          0.          1.          0.        ]
 [ 0.          0.          0.          0.          0.          1.        ]]
R2 #[[ 0.99999922  0.         -0.0012475   0.          0.          0.        ]
 [ 0.          0.99999922  0.         -0.0012475   0.          0.        ]
 [ 0.0012475   0.          0.99999922  0.          0.          0.        ]
 [ 0.          0.0012475   0.          0.99999922  0.          0.        ]
 [ 0.          0.          0.          0.          1.          0.        ]
 [ 0.          0.          0.          0.          0.          1.        ]]
Param #1018: delta OK; RMS=0.001 mm
quads_tilt_fit #5.0670145195494314e-05
delta_local #[1.e-06]
R1 #[[ 9.99999999e-01  0.00000000e+00  5.16701452e-05  0.00000000e+00
   0.00000000e+00  0.00000000e+00]
 [ 0.00000000e+00  9.99999999e-01  0.00000000e+00  5.16701452e-05
   0.00000000e+00  0.00000000e+00]
 [-5.16701452e-05  0.00000000e+00  9.99999999e-01  0.00000000e+00
   0.00000000e+00  0.00000000e+00]
 [ 0.00000000e+00 -5.16701452e-05  0.00000000e+00  9.99999999e-01
   0.00000000e+00  0.00000000e+00]
 [ 0.00000000e+00  0.00000000e+00  0.00000000e+00  0.00000000e+00
   1.00000000e+00  0.00000000e+00]
 [ 0.00000000e+00  0.00000000e+00  0.00000000e+00  0.00000000e+00
   0.00000000e+00  1.00000000e+00]]
R2 #[[ 9.99999999e-01  0.00000000e+00 -5.16701452e-05  0.00000000e+00
   0.00000000e+00  0.00000000e+00]
 [ 0.00000000e+00  9.99999999e-01  0.00000000e+00 -5.16701452e-05
   0.00000000e+00  0.00000000e+00]
 [ 5.16701452e-05  0.00000000e+00  9.99999999e-01  0.00000000e+00
   0.00000000e+00  0.00000000e+00]
 [ 0.00000000e+00  5.16701452e-05  0.00000000e+00  9.99999999e-01
   0.00000000e+00  0.00000000e+00]
 [ 0.00000000e+00  0.00000000e+00  0.00000000e+00  0.00000000e+00
   1.00000000e+00  0.00000000e+00]
 [ 0.00000000e+00  0.00000000e+00  0.00000000e+00  0.00000000e+00
   0.00000000e+00  1.00000000e+00]]
Param #1027: delta too small; RMS=6.6509e-07 mm
quads_tilt_fit #5.0670145195494314e-05
delta_local #[0.00150356]
R1 #[[ 0.99999879  0.          0.00155423  0.          0.          0.        ]
 [ 0.          0.99999879  0.          0.00155423  0.          0.        ]
 [-0.00155423  0.          0.99999879  0.          0.          0.        ]
 [ 0.         -0.00155423  0.          0.99999879  0.          0.        ]
 [ 0.          0.          0.          0.          1.          0.        ]
 [ 0.          0.          0.          0.          0.          1.        ]]
R2 #[[ 0.99999879  0.         -0.00155423  0.          0.          0.        ]
 [ 0.          0.99999879  0.         -0.00155423  0.          0.        ]
 [ 0.00155423  0.          0.99999879  0.          0.          0.        ]
 [ 0.          0.00155423  0.          0.99999879  0.          0.        ]
 [ 0.          0.          0.          0.          1.          0.        ]
 [ 0.          0.          0.          0.          0.          1.        ]]
Param #1027: delta OK; RMS=0.001 mm
quads_tilt_fit #7.705334928911642e-05
delta_local #[1.e-06]
R1 #[[ 9.99999997e-01  0.00000000e+00  7.80533492e-05  0.00000000e+00
   0.00000000e+00  0.00000000e+00]
 [ 0.00000000e+00  9.99999997e-01  0.00000000e+00  7.80533492e-05
   0.00000000e+00  0.00000000e+00]
 [-7.80533492e-05  0.00000000e+00  9.99999997e-01  0.00000000e+00
   0.00000000e+00  0.00000000e+00]
 [ 0.00000000e+00 -7.80533492e-05  0.00000000e+00  9.99999997e-01
   0.00000000e+00  0.00000000e+00]
 [ 0.00000000e+00  0.00000000e+00  0.00000000e+00  0.00000000e+00
   1.00000000e+00  0.00000000e+00]
 [ 0.00000000e+00  0.00000000e+00  0.00000000e+00  0.00000000e+00
   0.00000000e+00  1.00000000e+00]]
R2 #[[ 9.99999997e-01  0.00000000e+00 -7.80533492e-05  0.00000000e+00
   0.00000000e+00  0.00000000e+00]
 [ 0.00000000e+00  9.99999997e-01  0.00000000e+00 -7.80533492e-05
   0.00000000e+00  0.00000000e+00]
 [ 7.80533492e-05  0.00000000e+00  9.99999997e-01  0.00000000e+00
   0.00000000e+00  0.00000000e+00]
 [ 0.00000000e+00  7.80533492e-05  0.00000000e+00  9.99999997e-01
   0.00000000e+00  0.00000000e+00]
 [ 0.00000000e+00  0.00000000e+00  0.00000000e+00  0.00000000e+00
   1.00000000e+00  0.00000000e+00]
 [ 0.00000000e+00  0.00000000e+00  0.00000000e+00  0.00000000e+00
   0.00000000e+00  1.00000000e+00]]
Param #1081: delta too small; RMS=6.6289e-07 mm
quads_tilt_fit #7.705334928911642e-05
delta_local #[0.00150854]
R1 #[[ 0.99999874  0.          0.00158559  0.          0.          0.        ]
 [ 0.          0.99999874  0.          0.00158559  0.          0.        ]
 [-0.00158559  0.          0.99999874  0.          0.          0.        ]
 [ 0.         -0.00158559  0.          0.99999874  0.          0.        ]
 [ 0.          0.          0.          0.          1.          0.        ]
 [ 0.          0.          0.          0.          0.          1.        ]]
R2 #[[ 0.99999874  0.         -0.00158559  0.          0.          0.        ]
 [ 0.          0.99999874  0.         -0.00158559  0.          0.        ]
 [ 0.00158559  0.          0.99999874  0.          0.          0.        ]
 [ 0.          0.00158559  0.          0.99999874  0.          0.        ]
 [ 0.          0.          0.          0.          1.          0.        ]
 [ 0.          0.          0.          0.          0.          1.        ]]
Param #1081: delta OK; RMS=0.001 mm
quads_tilt_fit #0.00010031268242104433
delta_local #[1.e-06]
R1 #[[ 9.99999995e-01  0.00000000e+00  1.01312682e-04  0.00000000e+00
   0.00000000e+00  0.00000000e+00]
 [ 0.00000000e+00  9.99999995e-01  0.00000000e+00  1.01312682e-04
   0.00000000e+00  0.00000000e+00]
 [-1.01312682e-04  0.00000000e+00  9.99999995e-01  0.00000000e+00
   0.00000000e+00  0.00000000e+00]
 [ 0.00000000e+00 -1.01312682e-04  0.00000000e+00  9.99999995e-01
   0.00000000e+00  0.00000000e+00]
 [ 0.00000000e+00  0.00000000e+00  0.00000000e+00  0.00000000e+00
   1.00000000e+00  0.00000000e+00]
 [ 0.00000000e+00  0.00000000e+00  0.00000000e+00  0.00000000e+00
   0.00000000e+00  1.00000000e+00]]
R2 #[[ 9.99999995e-01  0.00000000e+00 -1.01312682e-04  0.00000000e+00
   0.00000000e+00  0.00000000e+00]
 [ 0.00000000e+00  9.99999995e-01  0.00000000e+00 -1.01312682e-04
   0.00000000e+00  0.00000000e+00]
 [ 1.01312682e-04  0.00000000e+00  9.99999995e-01  0.00000000e+00
   0.00000000e+00  0.00000000e+00]
 [ 0.00000000e+00  1.01312682e-04  0.00000000e+00  9.99999995e-01
   0.00000000e+00  0.00000000e+00]
 [ 0.00000000e+00  0.00000000e+00  0.00000000e+00  0.00000000e+00
   1.00000000e+00  0.00000000e+00]
 [ 0.00000000e+00  0.00000000e+00  0.00000000e+00  0.00000000e+00
   0.00000000e+00  1.00000000e+00]]
Param #1090: delta too small; RMS=8.7238e-07 mm
quads_tilt_fit #0.00010031268242104433
delta_local #[0.00114629]
R1 #[[ 0.99999922  0.          0.0012466   0.          0.          0.        ]
 [ 0.          0.99999922  0.          0.0012466   0.          0.        ]
 [-0.0012466   0.          0.99999922  0.          0.          0.        ]
 [ 0.         -0.0012466   0.          0.99999922  0.          0.        ]
 [ 0.          0.          0.          0.          1.          0.        ]
 [ 0.          0.          0.          0.          0.          1.        ]]
R2 #[[ 0.99999922  0.         -0.0012466   0.          0.          0.        ]
 [ 0.          0.99999922  0.         -0.0012466   0.          0.        ]
 [ 0.0012466   0.          0.99999922  0.          0.          0.        ]
 [ 0.          0.0012466   0.          0.99999922  0.          0.        ]
 [ 0.          0.          0.          0.          1.          0.        ]
 [ 0.          0.          0.          0.          0.          1.        ]]
Param #1090: delta OK; RMS=0.001 mm
quads_tilt_fit #-4.8744817576098076e-05
delta_local #[1.e-06]
R1 #[[ 9.99999999e-01  0.00000000e+00 -4.77448176e-05  0.00000000e+00
   0.00000000e+00  0.00000000e+00]
 [ 0.00000000e+00  9.99999999e-01  0.00000000e+00 -4.77448176e-05
   0.00000000e+00  0.00000000e+00]
 [ 4.77448176e-05  0.00000000e+00  9.99999999e-01  0.00000000e+00
   0.00000000e+00  0.00000000e+00]
 [ 0.00000000e+00  4.77448176e-05  0.00000000e+00  9.99999999e-01
   0.00000000e+00  0.00000000e+00]
 [ 0.00000000e+00  0.00000000e+00  0.00000000e+00  0.00000000e+00
   1.00000000e+00  0.00000000e+00]
 [ 0.00000000e+00  0.00000000e+00  0.00000000e+00  0.00000000e+00
   0.00000000e+00  1.00000000e+00]]
R2 #[[ 9.99999999e-01  0.00000000e+00  4.77448176e-05  0.00000000e+00
   0.00000000e+00  0.00000000e+00]
 [ 0.00000000e+00  9.99999999e-01  0.00000000e+00  4.77448176e-05
   0.00000000e+00  0.00000000e+00]
 [-4.77448176e-05  0.00000000e+00  9.99999999e-01  0.00000000e+00
   0.00000000e+00  0.00000000e+00]
 [ 0.00000000e+00 -4.77448176e-05  0.00000000e+00  9.99999999e-01
   0.00000000e+00  0.00000000e+00]
 [ 0.00000000e+00  0.00000000e+00  0.00000000e+00  0.00000000e+00
   1.00000000e+00  0.00000000e+00]
 [ 0.00000000e+00  0.00000000e+00  0.00000000e+00  0.00000000e+00
   0.00000000e+00  1.00000000e+00]]
Param #1096: delta too small; RMS=9.4339e-07 mm
quads_tilt_fit #-4.8744817576098076e-05
delta_local #[0.00106001]
R1 #[[ 0.99999949  0.          0.00101127  0.          0.          0.        ]
 [ 0.          0.99999949  0.          0.00101127  0.          0.        ]
 [-0.00101127  0.          0.99999949  0.          0.          0.        ]
 [ 0.         -0.00101127  0.          0.99999949  0.          0.        ]
 [ 0.          0.          0.          0.          1.          0.        ]
 [ 0.          0.          0.          0.          0.          1.        ]]
R2 #[[ 0.99999949  0.         -0.00101127  0.          0.          0.        ]
 [ 0.          0.99999949  0.         -0.00101127  0.          0.        ]
 [ 0.00101127  0.          0.99999949  0.          0.          0.        ]
 [ 0.          0.00101127  0.          0.99999949  0.          0.        ]
 [ 0.          0.          0.          0.          1.          0.        ]
 [ 0.          0.          0.          0.          0.          1.        ]]
Param #1096: delta OK; RMS=0.001 mm
quads_tilt_fit #9.626816828006892e-05
delta_local #[1.e-06]
R1 #[[ 9.99999995e-01  0.00000000e+00  9.72681681e-05  0.00000000e+00
   0.00000000e+00  0.00000000e+00]
 [ 0.00000000e+00  9.99999995e-01  0.00000000e+00  9.72681681e-05
   0.00000000e+00  0.00000000e+00]
 [-9.72681681e-05  0.00000000e+00  9.99999995e-01  0.00000000e+00
   0.00000000e+00  0.00000000e+00]
 [ 0.00000000e+00 -9.72681681e-05  0.00000000e+00  9.99999995e-01
   0.00000000e+00  0.00000000e+00]
 [ 0.00000000e+00  0.00000000e+00  0.00000000e+00  0.00000000e+00
   1.00000000e+00  0.00000000e+00]
 [ 0.00000000e+00  0.00000000e+00  0.00000000e+00  0.00000000e+00
   0.00000000e+00  1.00000000e+00]]
R2 #[[ 9.99999995e-01  0.00000000e+00 -9.72681681e-05  0.00000000e+00
   0.00000000e+00  0.00000000e+00]
 [ 0.00000000e+00  9.99999995e-01  0.00000000e+00 -9.72681681e-05
   0.00000000e+00  0.00000000e+00]
 [ 9.72681681e-05  0.00000000e+00  9.99999995e-01  0.00000000e+00
   0.00000000e+00  0.00000000e+00]
 [ 0.00000000e+00  9.72681681e-05  0.00000000e+00  9.99999995e-01
   0.00000000e+00  0.00000000e+00]
 [ 0.00000000e+00  0.00000000e+00  0.00000000e+00  0.00000000e+00
   1.00000000e+00  0.00000000e+00]
 [ 0.00000000e+00  0.00000000e+00  0.00000000e+00  0.00000000e+00
   0.00000000e+00  1.00000000e+00]]
Param #1103: delta too small; RMS=5.7105e-07 mm
quads_tilt_fit #9.626816828006892e-05
delta_local #[0.00175118]
R1 #[[ 0.99999829  0.          0.00184744  0.          0.          0.        ]
 [ 0.          0.99999829  0.          0.00184744  0.          0.        ]
 [-0.00184744  0.          0.99999829  0.          0.          0.        ]
 [ 0.         -0.00184744  0.          0.99999829  0.          0.        ]
 [ 0.          0.          0.          0.          1.          0.        ]
 [ 0.          0.          0.          0.          0.          1.        ]]
R2 #[[ 0.99999829  0.         -0.00184744  0.          0.          0.        ]
 [ 0.          0.99999829  0.         -0.00184744  0.          0.        ]
 [ 0.00184744  0.          0.99999829  0.          0.          0.        ]
 [ 0.          0.00184744  0.          0.99999829  0.          0.        ]
 [ 0.          0.          0.          0.          1.          0.        ]
 [ 0.          0.          0.          0.          0.          1.        ]]
Param #1103: delta OK; RMS=0.001 mm
quads_tilt_fit #0.0001277571591634066
delta_local #[1.e-06]
R1 #[[ 9.99999992e-01  0.00000000e+00  1.28757159e-04  0.00000000e+00
   0.00000000e+00  0.00000000e+00]
 [ 0.00000000e+00  9.99999992e-01  0.00000000e+00  1.28757159e-04
   0.00000000e+00  0.00000000e+00]
 [-1.28757159e-04  0.00000000e+00  9.99999992e-01  0.00000000e+00
   0.00000000e+00  0.00000000e+00]
 [ 0.00000000e+00 -1.28757159e-04  0.00000000e+00  9.99999992e-01
   0.00000000e+00  0.00000000e+00]
 [ 0.00000000e+00  0.00000000e+00  0.00000000e+00  0.00000000e+00
   1.00000000e+00  0.00000000e+00]
 [ 0.00000000e+00  0.00000000e+00  0.00000000e+00  0.00000000e+00
   0.00000000e+00  1.00000000e+00]]
R2 #[[ 9.99999992e-01  0.00000000e+00 -1.28757159e-04  0.00000000e+00
   0.00000000e+00  0.00000000e+00]
 [ 0.00000000e+00  9.99999992e-01  0.00000000e+00 -1.28757159e-04
   0.00000000e+00  0.00000000e+00]
 [ 1.28757159e-04  0.00000000e+00  9.99999992e-01  0.00000000e+00
   0.00000000e+00  0.00000000e+00]
 [ 0.00000000e+00  1.28757159e-04  0.00000000e+00  9.99999992e-01
   0.00000000e+00  0.00000000e+00]
 [ 0.00000000e+00  0.00000000e+00  0.00000000e+00  0.00000000e+00
   1.00000000e+00  0.00000000e+00]
 [ 0.00000000e+00  0.00000000e+00  0.00000000e+00  0.00000000e+00
   0.00000000e+00  1.00000000e+00]]
Param #1139: delta too small; RMS=5.7142e-07 mm
quads_tilt_fit #0.0001277571591634066
delta_local #[0.00175001]
R1 #[[ 0.99999824  0.          0.00187777  0.          0.          0.        ]
 [ 0.          0.99999824  0.          0.00187777  0.          0.        ]
 [-0.00187777  0.          0.99999824  0.          0.          0.        ]
 [ 0.         -0.00187777  0.          0.99999824  0.          0.        ]
 [ 0.          0.          0.          0.          1.          0.        ]
 [ 0.          0.          0.          0.          0.          1.        ]]
R2 #[[ 0.99999824  0.         -0.00187777  0.          0.          0.        ]
 [ 0.          0.99999824  0.         -0.00187777  0.          0.        ]
 [ 0.00187777  0.          0.99999824  0.          0.          0.        ]
 [ 0.          0.00187777  0.          0.99999824  0.          0.        ]
 [ 0.          0.          0.          0.          1.          0.        ]
 [ 0.          0.          0.          0.          0.          1.        ]]
Param #1139: delta OK; RMS=0.001 mm
quads_tilt_fit #-1.7961962219175167e-05
delta_local #[1.e-06]
R1 #[[ 1.00000000e+00  0.00000000e+00 -1.69619622e-05  0.00000000e+00
   0.00000000e+00  0.00000000e+00]
 [ 0.00000000e+00  1.00000000e+00  0.00000000e+00 -1.69619622e-05
   0.00000000e+00  0.00000000e+00]
 [ 1.69619622e-05  0.00000000e+00  1.00000000e+00  0.00000000e+00
   0.00000000e+00  0.00000000e+00]
 [ 0.00000000e+00  1.69619622e-05  0.00000000e+00  1.00000000e+00
   0.00000000e+00  0.00000000e+00]
 [ 0.00000000e+00  0.00000000e+00  0.00000000e+00  0.00000000e+00
   1.00000000e+00  0.00000000e+00]
 [ 0.00000000e+00  0.00000000e+00  0.00000000e+00  0.00000000e+00
   0.00000000e+00  1.00000000e+00]]
R2 #[[ 1.00000000e+00  0.00000000e+00  1.69619622e-05  0.00000000e+00
   0.00000000e+00  0.00000000e+00]
 [ 0.00000000e+00  1.00000000e+00  0.00000000e+00  1.69619622e-05
   0.00000000e+00  0.00000000e+00]
 [-1.69619622e-05  0.00000000e+00  1.00000000e+00  0.00000000e+00
   0.00000000e+00  0.00000000e+00]
 [ 0.00000000e+00 -1.69619622e-05  0.00000000e+00  1.00000000e+00
   0.00000000e+00  0.00000000e+00]
 [ 0.00000000e+00  0.00000000e+00  0.00000000e+00  0.00000000e+00
   1.00000000e+00  0.00000000e+00]
 [ 0.00000000e+00  0.00000000e+00  0.00000000e+00  0.00000000e+00
   0.00000000e+00  1.00000000e+00]]
Param #1146: delta too small; RMS=9.4205e-07 mm
quads_tilt_fit #-1.7961962219175167e-05
delta_local #[0.00106151]
R1 #[[ 0.99999946  0.          0.00104355  0.          0.          0.        ]
 [ 0.          0.99999946  0.          0.00104355  0.          0.        ]
 [-0.00104355  0.          0.99999946  0.          0.          0.        ]
 [ 0.         -0.00104355  0.          0.99999946  0.          0.        ]
 [ 0.          0.          0.          0.          1.          0.        ]
 [ 0.          0.          0.          0.          0.          1.        ]]
R2 #[[ 0.99999946  0.         -0.00104355  0.          0.          0.        ]
 [ 0.          0.99999946  0.         -0.00104355  0.          0.        ]
 [ 0.00104355  0.          0.99999946  0.          0.          0.        ]
 [ 0.          0.00104355  0.          0.99999946  0.          0.        ]
 [ 0.          0.          0.          0.          1.          0.        ]
 [ 0.          0.          0.          0.          0.          1.        ]]
Param #1146: delta OK; RMS=0.001 mm
quads_tilt_fit #9.934694976358238e-05
delta_local #[1.e-06]
R1 #[[ 9.99999995e-01  0.00000000e+00  1.00346950e-04  0.00000000e+00
   0.00000000e+00  0.00000000e+00]
 [ 0.00000000e+00  9.99999995e-01  0.00000000e+00  1.00346950e-04
   0.00000000e+00  0.00000000e+00]
 [-1.00346950e-04  0.00000000e+00  9.99999995e-01  0.00000000e+00
   0.00000000e+00  0.00000000e+00]
 [ 0.00000000e+00 -1.00346950e-04  0.00000000e+00  9.99999995e-01
   0.00000000e+00  0.00000000e+00]
 [ 0.00000000e+00  0.00000000e+00  0.00000000e+00  0.00000000e+00
   1.00000000e+00  0.00000000e+00]
 [ 0.00000000e+00  0.00000000e+00  0.00000000e+00  0.00000000e+00
   0.00000000e+00  1.00000000e+00]]
R2 #[[ 9.99999995e-01  0.00000000e+00 -1.00346950e-04  0.00000000e+00
   0.00000000e+00  0.00000000e+00]
 [ 0.00000000e+00  9.99999995e-01  0.00000000e+00 -1.00346950e-04
   0.00000000e+00  0.00000000e+00]
 [ 1.00346950e-04  0.00000000e+00  9.99999995e-01  0.00000000e+00
   0.00000000e+00  0.00000000e+00]
 [ 0.00000000e+00  1.00346950e-04  0.00000000e+00  9.99999995e-01
   0.00000000e+00  0.00000000e+00]
 [ 0.00000000e+00  0.00000000e+00  0.00000000e+00  0.00000000e+00
   1.00000000e+00  0.00000000e+00]
 [ 0.00000000e+00  0.00000000e+00  0.00000000e+00  0.00000000e+00
   0.00000000e+00  1.00000000e+00]]
Param #1152: delta too small; RMS=8.7045e-07 mm
quads_tilt_fit #9.934694976358238e-05
delta_local #[0.00114883]
R1 #[[ 0.99999922  0.          0.00124817  0.          0.          0.        ]
 [ 0.          0.99999922  0.          0.00124817  0.          0.        ]
 [-0.00124817  0.          0.99999922  0.          0.          0.        ]
 [ 0.         -0.00124817  0.          0.99999922  0.          0.        ]
 [ 0.          0.          0.          0.          1.          0.        ]
 [ 0.          0.          0.          0.          0.          1.        ]]
R2 #[[ 0.99999922  0.         -0.00124817  0.          0.          0.        ]
 [ 0.          0.99999922  0.         -0.00124817  0.          0.        ]
 [ 0.00124817  0.          0.99999922  0.          0.          0.        ]
 [ 0.          0.00124817  0.          0.99999922  0.          0.        ]
 [ 0.          0.          0.          0.          1.          0.        ]
 [ 0.          0.          0.          0.          0.          1.        ]]
Param #1152: delta OK; RMS=0.001 mm
quads_tilt_fit #4.918741155510567e-05
delta_local #[1.e-06]
R1 #[[ 9.99999999e-01  0.00000000e+00  5.01874115e-05  0.00000000e+00
   0.00000000e+00  0.00000000e+00]
 [ 0.00000000e+00  9.99999999e-01  0.00000000e+00  5.01874115e-05
   0.00000000e+00  0.00000000e+00]
 [-5.01874115e-05  0.00000000e+00  9.99999999e-01  0.00000000e+00
   0.00000000e+00  0.00000000e+00]
 [ 0.00000000e+00 -5.01874115e-05  0.00000000e+00  9.99999999e-01
   0.00000000e+00  0.00000000e+00]
 [ 0.00000000e+00  0.00000000e+00  0.00000000e+00  0.00000000e+00
   1.00000000e+00  0.00000000e+00]
 [ 0.00000000e+00  0.00000000e+00  0.00000000e+00  0.00000000e+00
   0.00000000e+00  1.00000000e+00]]
R2 #[[ 9.99999999e-01  0.00000000e+00 -5.01874115e-05  0.00000000e+00
   0.00000000e+00  0.00000000e+00]
 [ 0.00000000e+00  9.99999999e-01  0.00000000e+00 -5.01874115e-05
   0.00000000e+00  0.00000000e+00]
 [ 5.01874115e-05  0.00000000e+00  9.99999999e-01  0.00000000e+00
   0.00000000e+00  0.00000000e+00]
 [ 0.00000000e+00  5.01874115e-05  0.00000000e+00  9.99999999e-01
   0.00000000e+00  0.00000000e+00]
 [ 0.00000000e+00  0.00000000e+00  0.00000000e+00  0.00000000e+00
   1.00000000e+00  0.00000000e+00]
 [ 0.00000000e+00  0.00000000e+00  0.00000000e+00  0.00000000e+00
   0.00000000e+00  1.00000000e+00]]
Param #1161: delta too small; RMS=6.6052e-07 mm
quads_tilt_fit #4.918741155510567e-05
delta_local #[0.00151397]
R1 #[[ 0.99999878  0.          0.00156315  0.          0.          0.        ]
 [ 0.          0.99999878  0.          0.00156315  0.          0.        ]
 [-0.00156315  0.          0.99999878  0.          0.          0.        ]
 [ 0.         -0.00156315  0.          0.99999878  0.          0.        ]
 [ 0.          0.          0.          0.          1.          0.        ]
 [ 0.          0.          0.          0.          0.          1.        ]]
R2 #[[ 0.99999878  0.         -0.00156315  0.          0.          0.        ]
 [ 0.          0.99999878  0.         -0.00156315  0.          0.        ]
 [ 0.00156315  0.          0.99999878  0.          0.          0.        ]
 [ 0.          0.00156315  0.          0.99999878  0.          0.        ]
 [ 0.          0.          0.          0.          1.          0.        ]
 [ 0.          0.          0.          0.          0.          1.        ]]
Param #1161: delta OK; RMS=0.001 mm
quads_tilt_fit #0.00015301542316311528
delta_local #[1.e-06]
R1 #[[ 9.99999988e-01  0.00000000e+00  1.54015423e-04  0.00000000e+00
   0.00000000e+00  0.00000000e+00]
 [ 0.00000000e+00  9.99999988e-01  0.00000000e+00  1.54015423e-04
   0.00000000e+00  0.00000000e+00]
 [-1.54015423e-04  0.00000000e+00  9.99999988e-01  0.00000000e+00
   0.00000000e+00  0.00000000e+00]
 [ 0.00000000e+00 -1.54015423e-04  0.00000000e+00  9.99999988e-01
   0.00000000e+00  0.00000000e+00]
 [ 0.00000000e+00  0.00000000e+00  0.00000000e+00  0.00000000e+00
   1.00000000e+00  0.00000000e+00]
 [ 0.00000000e+00  0.00000000e+00  0.00000000e+00  0.00000000e+00
   0.00000000e+00  1.00000000e+00]]
R2 #[[ 9.99999988e-01  0.00000000e+00 -1.54015423e-04  0.00000000e+00
   0.00000000e+00  0.00000000e+00]
 [ 0.00000000e+00  9.99999988e-01  0.00000000e+00 -1.54015423e-04
   0.00000000e+00  0.00000000e+00]
 [ 1.54015423e-04  0.00000000e+00  9.99999988e-01  0.00000000e+00
   0.00000000e+00  0.00000000e+00]
 [ 0.00000000e+00  1.54015423e-04  0.00000000e+00  9.99999988e-01
   0.00000000e+00  0.00000000e+00]
 [ 0.00000000e+00  0.00000000e+00  0.00000000e+00  0.00000000e+00
   1.00000000e+00  0.00000000e+00]
 [ 0.00000000e+00  0.00000000e+00  0.00000000e+00  0.00000000e+00
   0.00000000e+00  1.00000000e+00]]
Param #1215: delta too small; RMS=6.641e-07 mm
quads_tilt_fit #0.00015301542316311528
delta_local #[0.0015058]
R1 #[[ 0.99999862  0.          0.00165881  0.          0.          0.        ]
 [ 0.          0.99999862  0.          0.00165881  0.          0.        ]
 [-0.00165881  0.          0.99999862  0.          0.          0.        ]
 [ 0.         -0.00165881  0.          0.99999862  0.          0.        ]
 [ 0.          0.          0.          0.          1.          0.        ]
 [ 0.          0.          0.          0.          0.          1.        ]]
R2 #[[ 0.99999862  0.         -0.00165881  0.          0.          0.        ]
 [ 0.          0.99999862  0.         -0.00165881  0.          0.        ]
 [ 0.00165881  0.          0.99999862  0.          0.          0.        ]
 [ 0.          0.00165881  0.          0.99999862  0.          0.        ]
 [ 0.          0.          0.          0.          1.          0.        ]
 [ 0.          0.          0.          0.          0.          1.        ]]
Param #1215: delta OK; RMS=0.001 mm
quads_tilt_fit #0.00011858918483731963
delta_local #[1.e-06]
R1 #[[ 9.99999993e-01  0.00000000e+00  1.19589185e-04  0.00000000e+00
   0.00000000e+00  0.00000000e+00]
 [ 0.00000000e+00  9.99999993e-01  0.00000000e+00  1.19589185e-04
   0.00000000e+00  0.00000000e+00]
 [-1.19589185e-04  0.00000000e+00  9.99999993e-01  0.00000000e+00
   0.00000000e+00  0.00000000e+00]
 [ 0.00000000e+00 -1.19589185e-04  0.00000000e+00  9.99999993e-01
   0.00000000e+00  0.00000000e+00]
 [ 0.00000000e+00  0.00000000e+00  0.00000000e+00  0.00000000e+00
   1.00000000e+00  0.00000000e+00]
 [ 0.00000000e+00  0.00000000e+00  0.00000000e+00  0.00000000e+00
   0.00000000e+00  1.00000000e+00]]
R2 #[[ 9.99999993e-01  0.00000000e+00 -1.19589185e-04  0.00000000e+00
   0.00000000e+00  0.00000000e+00]
 [ 0.00000000e+00  9.99999993e-01  0.00000000e+00 -1.19589185e-04
   0.00000000e+00  0.00000000e+00]
 [ 1.19589185e-04  0.00000000e+00  9.99999993e-01  0.00000000e+00
   0.00000000e+00  0.00000000e+00]
 [ 0.00000000e+00  1.19589185e-04  0.00000000e+00  9.99999993e-01
   0.00000000e+00  0.00000000e+00]
 [ 0.00000000e+00  0.00000000e+00  0.00000000e+00  0.00000000e+00
   1.00000000e+00  0.00000000e+00]
 [ 0.00000000e+00  0.00000000e+00  0.00000000e+00  0.00000000e+00
   0.00000000e+00  1.00000000e+00]]
Param #1224: delta too small; RMS=8.6894e-07 mm
quads_tilt_fit #0.00011858918483731963
delta_local #[0.00115083]
R1 #[[ 0.99999919  0.          0.00126942  0.          0.          0.        ]
 [ 0.          0.99999919  0.          0.00126942  0.          0.        ]
 [-0.00126942  0.          0.99999919  0.          0.          0.        ]
 [ 0.         -0.00126942  0.          0.99999919  0.          0.        ]
 [ 0.          0.          0.          0.          1.          0.        ]
 [ 0.          0.          0.          0.          0.          1.        ]]
R2 #[[ 0.99999919  0.         -0.00126942  0.          0.          0.        ]
 [ 0.          0.99999919  0.         -0.00126942  0.          0.        ]
 [ 0.00126942  0.          0.99999919  0.          0.          0.        ]
 [ 0.          0.00126942  0.          0.99999919  0.          0.        ]
 [ 0.          0.          0.          0.          1.          0.        ]
 [ 0.          0.          0.          0.          0.          1.        ]]
Param #1224: delta OK; RMS=0.001 mm
quads_tilt_fit #5.867580811121802e-05
delta_local #[1.e-06]
R1 #[[ 9.99999998e-01  0.00000000e+00  5.96758081e-05  0.00000000e+00
   0.00000000e+00  0.00000000e+00]
 [ 0.00000000e+00  9.99999998e-01  0.00000000e+00  5.96758081e-05
   0.00000000e+00  0.00000000e+00]
 [-5.96758081e-05  0.00000000e+00  9.99999998e-01  0.00000000e+00
   0.00000000e+00  0.00000000e+00]
 [ 0.00000000e+00 -5.96758081e-05  0.00000000e+00  9.99999998e-01
   0.00000000e+00  0.00000000e+00]
 [ 0.00000000e+00  0.00000000e+00  0.00000000e+00  0.00000000e+00
   1.00000000e+00  0.00000000e+00]
 [ 0.00000000e+00  0.00000000e+00  0.00000000e+00  0.00000000e+00
   0.00000000e+00  1.00000000e+00]]
R2 #[[ 9.99999998e-01  0.00000000e+00 -5.96758081e-05  0.00000000e+00
   0.00000000e+00  0.00000000e+00]
 [ 0.00000000e+00  9.99999998e-01  0.00000000e+00 -5.96758081e-05
   0.00000000e+00  0.00000000e+00]
 [ 5.96758081e-05  0.00000000e+00  9.99999998e-01  0.00000000e+00
   0.00000000e+00  0.00000000e+00]
 [ 0.00000000e+00  5.96758081e-05  0.00000000e+00  9.99999998e-01
   0.00000000e+00  0.00000000e+00]
 [ 0.00000000e+00  0.00000000e+00  0.00000000e+00  0.00000000e+00
   1.00000000e+00  0.00000000e+00]
 [ 0.00000000e+00  0.00000000e+00  0.00000000e+00  0.00000000e+00
   0.00000000e+00  1.00000000e+00]]
Param #1230: delta too small; RMS=9.4091e-07 mm
quads_tilt_fit #5.867580811121802e-05
delta_local #[0.0010628]
R1 #[[ 0.99999937  0.          0.00112148  0.          0.          0.        ]
 [ 0.          0.99999937  0.          0.00112148  0.          0.        ]
 [-0.00112148  0.          0.99999937  0.          0.          0.        ]
 [ 0.         -0.00112148  0.          0.99999937  0.          0.        ]
 [ 0.          0.          0.          0.          1.          0.        ]
 [ 0.          0.          0.          0.          0.          1.        ]]
R2 #[[ 0.99999937  0.         -0.00112148  0.          0.          0.        ]
 [ 0.          0.99999937  0.         -0.00112148  0.          0.        ]
 [ 0.00112148  0.          0.99999937  0.          0.          0.        ]
 [ 0.          0.00112148  0.          0.99999937  0.          0.        ]
 [ 0.          0.          0.          0.          1.          0.        ]
 [ 0.          0.          0.          0.          0.          1.        ]]
Param #1230: delta OK; RMS=0.001 mm
quads_tilt_fit #0.00020000117554173588
delta_local #[1.e-06]
R1 #[[ 9.99999980e-01  0.00000000e+00  2.01001174e-04  0.00000000e+00
   0.00000000e+00  0.00000000e+00]
 [ 0.00000000e+00  9.99999980e-01  0.00000000e+00  2.01001174e-04
   0.00000000e+00  0.00000000e+00]
 [-2.01001174e-04  0.00000000e+00  9.99999980e-01  0.00000000e+00
   0.00000000e+00  0.00000000e+00]
 [ 0.00000000e+00 -2.01001174e-04  0.00000000e+00  9.99999980e-01
   0.00000000e+00  0.00000000e+00]
 [ 0.00000000e+00  0.00000000e+00  0.00000000e+00  0.00000000e+00
   1.00000000e+00  0.00000000e+00]
 [ 0.00000000e+00  0.00000000e+00  0.00000000e+00  0.00000000e+00
   0.00000000e+00  1.00000000e+00]]
R2 #[[ 9.99999980e-01  0.00000000e+00 -2.01001174e-04  0.00000000e+00
   0.00000000e+00  0.00000000e+00]
 [ 0.00000000e+00  9.99999980e-01  0.00000000e+00 -2.01001174e-04
   0.00000000e+00  0.00000000e+00]
 [ 2.01001174e-04  0.00000000e+00  9.99999980e-01  0.00000000e+00
   0.00000000e+00  0.00000000e+00]
 [ 0.00000000e+00  2.01001174e-04  0.00000000e+00  9.99999980e-01
   0.00000000e+00  0.00000000e+00]
 [ 0.00000000e+00  0.00000000e+00  0.00000000e+00  0.00000000e+00
   1.00000000e+00  0.00000000e+00]
 [ 0.00000000e+00  0.00000000e+00  0.00000000e+00  0.00000000e+00
   0.00000000e+00  1.00000000e+00]]
Param #1237: delta too small; RMS=5.6888e-07 mm
quads_tilt_fit #0.00020000117554173588
delta_local #[0.00175785]
R1 #[[ 0.99999808  0.          0.00195785  0.          0.          0.        ]
 [ 0.          0.99999808  0.          0.00195785  0.          0.        ]
 [-0.00195785  0.          0.99999808  0.          0.          0.        ]
 [ 0.         -0.00195785  0.          0.99999808  0.          0.        ]
 [ 0.          0.          0.          0.          1.          0.        ]
 [ 0.          0.          0.          0.          0.          1.        ]]
R2 #[[ 0.99999808  0.         -0.00195785  0.          0.          0.        ]
 [ 0.          0.99999808  0.         -0.00195785  0.          0.        ]
 [ 0.00195785  0.          0.99999808  0.          0.          0.        ]
 [ 0.          0.00195785  0.          0.99999808  0.          0.        ]
 [ 0.          0.          0.          0.          1.          0.        ]
 [ 0.          0.          0.          0.          0.          1.        ]]
Param #1237: delta OK; RMS=0.001 mm
quads_tilt_fit #-6.661584415245964e-05
delta_local #[1.e-06]
R1 #[[ 9.99999998e-01  0.00000000e+00 -6.56158441e-05  0.00000000e+00
   0.00000000e+00  0.00000000e+00]
 [ 0.00000000e+00  9.99999998e-01  0.00000000e+00 -6.56158441e-05
   0.00000000e+00  0.00000000e+00]
 [ 6.56158441e-05  0.00000000e+00  9.99999998e-01  0.00000000e+00
   0.00000000e+00  0.00000000e+00]
 [ 0.00000000e+00  6.56158441e-05  0.00000000e+00  9.99999998e-01
   0.00000000e+00  0.00000000e+00]
 [ 0.00000000e+00  0.00000000e+00  0.00000000e+00  0.00000000e+00
   1.00000000e+00  0.00000000e+00]
 [ 0.00000000e+00  0.00000000e+00  0.00000000e+00  0.00000000e+00
   0.00000000e+00  1.00000000e+00]]
R2 #[[ 9.99999998e-01  0.00000000e+00  6.56158441e-05  0.00000000e+00
   0.00000000e+00  0.00000000e+00]
 [ 0.00000000e+00  9.99999998e-01  0.00000000e+00  6.56158441e-05
   0.00000000e+00  0.00000000e+00]
 [-6.56158441e-05  0.00000000e+00  9.99999998e-01  0.00000000e+00
   0.00000000e+00  0.00000000e+00]
 [ 0.00000000e+00 -6.56158441e-05  0.00000000e+00  9.99999998e-01
   0.00000000e+00  0.00000000e+00]
 [ 0.00000000e+00  0.00000000e+00  0.00000000e+00  0.00000000e+00
   1.00000000e+00  0.00000000e+00]
 [ 0.00000000e+00  0.00000000e+00  0.00000000e+00  0.00000000e+00
   0.00000000e+00  1.00000000e+00]]
Param #1273: delta too small; RMS=5.7431e-07 mm
quads_tilt_fit #-6.661584415245964e-05
delta_local #[0.00174121]
R1 #[[ 0.9999986   0.          0.00167459  0.          0.          0.        ]
 [ 0.          0.9999986   0.          0.00167459  0.          0.        ]
 [-0.00167459  0.          0.9999986   0.          0.          0.        ]
 [ 0.         -0.00167459  0.          0.9999986   0.          0.        ]
 [ 0.          0.          0.          0.          1.          0.        ]
 [ 0.          0.          0.          0.          0.          1.        ]]
R2 #[[ 0.9999986   0.         -0.00167459  0.          0.          0.        ]
 [ 0.          0.9999986   0.         -0.00167459  0.          0.        ]
 [ 0.00167459  0.          0.9999986   0.          0.          0.        ]
 [ 0.          0.00167459  0.          0.9999986   0.          0.        ]
 [ 0.          0.          0.          0.          1.          0.        ]
 [ 0.          0.          0.          0.          0.          1.        ]]
Param #1273: delta OK; RMS=0.001 mm
quads_tilt_fit #1.4740987147617142e-05
delta_local #[1.e-06]
R1 #[[ 1.00000000e+00  0.00000000e+00  1.57409871e-05  0.00000000e+00
   0.00000000e+00  0.00000000e+00]
 [ 0.00000000e+00  1.00000000e+00  0.00000000e+00  1.57409871e-05
   0.00000000e+00  0.00000000e+00]
 [-1.57409871e-05  0.00000000e+00  1.00000000e+00  0.00000000e+00
   0.00000000e+00  0.00000000e+00]
 [ 0.00000000e+00 -1.57409871e-05  0.00000000e+00  1.00000000e+00
   0.00000000e+00  0.00000000e+00]
 [ 0.00000000e+00  0.00000000e+00  0.00000000e+00  0.00000000e+00
   1.00000000e+00  0.00000000e+00]
 [ 0.00000000e+00  0.00000000e+00  0.00000000e+00  0.00000000e+00
   0.00000000e+00  1.00000000e+00]]
R2 #[[ 1.00000000e+00  0.00000000e+00 -1.57409871e-05  0.00000000e+00
   0.00000000e+00  0.00000000e+00]
 [ 0.00000000e+00  1.00000000e+00  0.00000000e+00 -1.57409871e-05
   0.00000000e+00  0.00000000e+00]
 [ 1.57409871e-05  0.00000000e+00  1.00000000e+00  0.00000000e+00
   0.00000000e+00  0.00000000e+00]
 [ 0.00000000e+00  1.57409871e-05  0.00000000e+00  1.00000000e+00
   0.00000000e+00  0.00000000e+00]
 [ 0.00000000e+00  0.00000000e+00  0.00000000e+00  0.00000000e+00
   1.00000000e+00  0.00000000e+00]
 [ 0.00000000e+00  0.00000000e+00  0.00000000e+00  0.00000000e+00
   0.00000000e+00  1.00000000e+00]]
Param #1280: delta too small; RMS=9.4765e-07 mm
quads_tilt_fit #1.4740987147617142e-05
delta_local #[0.00105524]
R1 #[[ 0.99999943  0.          0.00106998  0.          0.          0.        ]
 [ 0.          0.99999943  0.          0.00106998  0.          0.        ]
 [-0.00106998  0.          0.99999943  0.          0.          0.        ]
 [ 0.         -0.00106998  0.          0.99999943  0.          0.        ]
 [ 0.          0.          0.          0.          1.          0.        ]
 [ 0.          0.          0.          0.          0.          1.        ]]
R2 #[[ 0.99999943  0.         -0.00106998  0.          0.          0.        ]
 [ 0.          0.99999943  0.         -0.00106998  0.          0.        ]
 [ 0.00106998  0.          0.99999943  0.          0.          0.        ]
 [ 0.          0.00106998  0.          0.99999943  0.          0.        ]
 [ 0.          0.          0.          0.          1.          0.        ]
 [ 0.          0.          0.          0.          0.          1.        ]]
Param #1280: delta OK; RMS=0.001 mm
quads_tilt_fit #3.156570576061577e-05
delta_local #[1.e-06]
R1 #[[ 9.99999999e-01  0.00000000e+00  3.25657058e-05  0.00000000e+00
   0.00000000e+00  0.00000000e+00]
 [ 0.00000000e+00  9.99999999e-01  0.00000000e+00  3.25657058e-05
   0.00000000e+00  0.00000000e+00]
 [-3.25657058e-05  0.00000000e+00  9.99999999e-01  0.00000000e+00
   0.00000000e+00  0.00000000e+00]
 [ 0.00000000e+00 -3.25657058e-05  0.00000000e+00  9.99999999e-01
   0.00000000e+00  0.00000000e+00]
 [ 0.00000000e+00  0.00000000e+00  0.00000000e+00  0.00000000e+00
   1.00000000e+00  0.00000000e+00]
 [ 0.00000000e+00  0.00000000e+00  0.00000000e+00  0.00000000e+00
   0.00000000e+00  1.00000000e+00]]
R2 #[[ 9.99999999e-01  0.00000000e+00 -3.25657058e-05  0.00000000e+00
   0.00000000e+00  0.00000000e+00]
 [ 0.00000000e+00  9.99999999e-01  0.00000000e+00 -3.25657058e-05
   0.00000000e+00  0.00000000e+00]
 [ 3.25657058e-05  0.00000000e+00  9.99999999e-01  0.00000000e+00
   0.00000000e+00  0.00000000e+00]
 [ 0.00000000e+00  3.25657058e-05  0.00000000e+00  9.99999999e-01
   0.00000000e+00  0.00000000e+00]
 [ 0.00000000e+00  0.00000000e+00  0.00000000e+00  0.00000000e+00
   1.00000000e+00  0.00000000e+00]
 [ 0.00000000e+00  0.00000000e+00  0.00000000e+00  0.00000000e+00
   0.00000000e+00  1.00000000e+00]]
Param #1286: delta too small; RMS=8.7476e-07 mm
quads_tilt_fit #3.156570576061577e-05
delta_local #[0.00114317]
R1 #[[ 0.99999931  0.          0.00117474  0.          0.          0.        ]
 [ 0.          0.99999931  0.          0.00117474  0.          0.        ]
 [-0.00117474  0.          0.99999931  0.          0.          0.        ]
 [ 0.         -0.00117474  0.          0.99999931  0.          0.        ]
 [ 0.          0.          0.          0.          1.          0.        ]
 [ 0.          0.          0.          0.          0.          1.        ]]
R2 #[[ 0.99999931  0.         -0.00117474  0.          0.          0.        ]
 [ 0.          0.99999931  0.         -0.00117474  0.          0.        ]
 [ 0.00117474  0.          0.99999931  0.          0.          0.        ]
 [ 0.          0.00117474  0.          0.99999931  0.          0.        ]
 [ 0.          0.          0.          0.          1.          0.        ]
 [ 0.          0.          0.          0.          0.          1.        ]]
Param #1286: delta OK; RMS=0.001 mm
quads_tilt_fit #0.00021832136979035163
delta_local #[1.e-06]
R1 #[[ 9.99999976e-01  0.00000000e+00  2.19321368e-04  0.00000000e+00
   0.00000000e+00  0.00000000e+00]
 [ 0.00000000e+00  9.99999976e-01  0.00000000e+00  2.19321368e-04
   0.00000000e+00  0.00000000e+00]
 [-2.19321368e-04  0.00000000e+00  9.99999976e-01  0.00000000e+00
   0.00000000e+00  0.00000000e+00]
 [ 0.00000000e+00 -2.19321368e-04  0.00000000e+00  9.99999976e-01
   0.00000000e+00  0.00000000e+00]
 [ 0.00000000e+00  0.00000000e+00  0.00000000e+00  0.00000000e+00
   1.00000000e+00  0.00000000e+00]
 [ 0.00000000e+00  0.00000000e+00  0.00000000e+00  0.00000000e+00
   0.00000000e+00  1.00000000e+00]]
R2 #[[ 9.99999976e-01  0.00000000e+00 -2.19321368e-04  0.00000000e+00
   0.00000000e+00  0.00000000e+00]
 [ 0.00000000e+00  9.99999976e-01  0.00000000e+00 -2.19321368e-04
   0.00000000e+00  0.00000000e+00]
 [ 2.19321368e-04  0.00000000e+00  9.99999976e-01  0.00000000e+00
   0.00000000e+00  0.00000000e+00]
 [ 0.00000000e+00  2.19321368e-04  0.00000000e+00  9.99999976e-01
   0.00000000e+00  0.00000000e+00]
 [ 0.00000000e+00  0.00000000e+00  0.00000000e+00  0.00000000e+00
   1.00000000e+00  0.00000000e+00]
 [ 0.00000000e+00  0.00000000e+00  0.00000000e+00  0.00000000e+00
   0.00000000e+00  1.00000000e+00]]
Param #1295: delta too small; RMS=6.6552e-07 mm
quads_tilt_fit #0.00021832136979035163
delta_local #[0.00150258]
R1 #[[ 0.99999852  0.          0.0017209   0.          0.          0.        ]
 [ 0.          0.99999852  0.          0.0017209   0.          0.        ]
 [-0.0017209   0.          0.99999852  0.          0.          0.        ]
 [ 0.         -0.0017209   0.          0.99999852  0.          0.        ]
 [ 0.          0.          0.          0.          1.          0.        ]
 [ 0.          0.          0.          0.          0.          1.        ]]
R2 #[[ 0.99999852  0.         -0.0017209   0.          0.          0.        ]
 [ 0.          0.99999852  0.         -0.0017209   0.          0.        ]
 [ 0.0017209   0.          0.99999852  0.          0.          0.        ]
 [ 0.          0.0017209   0.          0.99999852  0.          0.        ]
 [ 0.          0.          0.          0.          1.          0.        ]
 [ 0.          0.          0.          0.          0.          1.        ]]
Param #1295: delta OK; RMS=0.001 mm
quads_tilt_fit #0.00023467029821343786
delta_local #[1.e-06]
R1 #[[ 9.99999972e-01  0.00000000e+00  2.35670296e-04  0.00000000e+00
   0.00000000e+00  0.00000000e+00]
 [ 0.00000000e+00  9.99999972e-01  0.00000000e+00  2.35670296e-04
   0.00000000e+00  0.00000000e+00]
 [-2.35670296e-04  0.00000000e+00  9.99999972e-01  0.00000000e+00
   0.00000000e+00  0.00000000e+00]
 [ 0.00000000e+00 -2.35670296e-04  0.00000000e+00  9.99999972e-01
   0.00000000e+00  0.00000000e+00]
 [ 0.00000000e+00  0.00000000e+00  0.00000000e+00  0.00000000e+00
   1.00000000e+00  0.00000000e+00]
 [ 0.00000000e+00  0.00000000e+00  0.00000000e+00  0.00000000e+00
   0.00000000e+00  1.00000000e+00]]
R2 #[[ 9.99999972e-01  0.00000000e+00 -2.35670296e-04  0.00000000e+00
   0.00000000e+00  0.00000000e+00]
 [ 0.00000000e+00  9.99999972e-01  0.00000000e+00 -2.35670296e-04
   0.00000000e+00  0.00000000e+00]
 [ 2.35670296e-04  0.00000000e+00  9.99999972e-01  0.00000000e+00
   0.00000000e+00  0.00000000e+00]
 [ 0.00000000e+00  2.35670296e-04  0.00000000e+00  9.99999972e-01
   0.00000000e+00  0.00000000e+00]
 [ 0.00000000e+00  0.00000000e+00  0.00000000e+00  0.00000000e+00
   1.00000000e+00  0.00000000e+00]
 [ 0.00000000e+00  0.00000000e+00  0.00000000e+00  0.00000000e+00
   0.00000000e+00  1.00000000e+00]]
Param #1349: delta too small; RMS=6.6504e-07 mm
quads_tilt_fit #0.00023467029821343786
delta_local #[0.00150367]
R1 #[[ 0.99999849  0.          0.00173834  0.          0.          0.        ]
 [ 0.          0.99999849  0.          0.00173834  0.          0.        ]
 [-0.00173834  0.          0.99999849  0.          0.          0.        ]
 [ 0.         -0.00173834  0.          0.99999849  0.          0.        ]
 [ 0.          0.          0.          0.          1.          0.        ]
 [ 0.          0.          0.          0.          0.          1.        ]]
R2 #[[ 0.99999849  0.         -0.00173834  0.          0.          0.        ]
 [ 0.          0.99999849  0.         -0.00173834  0.          0.        ]
 [ 0.00173834  0.          0.99999849  0.          0.          0.        ]
 [ 0.          0.00173834  0.          0.99999849  0.          0.        ]
 [ 0.          0.          0.          0.          1.          0.        ]
 [ 0.          0.          0.          0.          0.          1.        ]]
Param #1349: delta OK; RMS=0.001 mm
quads_tilt_fit #6.671408940919169e-05
delta_local #[1.e-06]
R1 #[[ 9.99999998e-01  0.00000000e+00  6.77140894e-05  0.00000000e+00
   0.00000000e+00  0.00000000e+00]
 [ 0.00000000e+00  9.99999998e-01  0.00000000e+00  6.77140894e-05
   0.00000000e+00  0.00000000e+00]
 [-6.77140894e-05  0.00000000e+00  9.99999998e-01  0.00000000e+00
   0.00000000e+00  0.00000000e+00]
 [ 0.00000000e+00 -6.77140894e-05  0.00000000e+00  9.99999998e-01
   0.00000000e+00  0.00000000e+00]
 [ 0.00000000e+00  0.00000000e+00  0.00000000e+00  0.00000000e+00
   1.00000000e+00  0.00000000e+00]
 [ 0.00000000e+00  0.00000000e+00  0.00000000e+00  0.00000000e+00
   0.00000000e+00  1.00000000e+00]]
R2 #[[ 9.99999998e-01  0.00000000e+00 -6.77140894e-05  0.00000000e+00
   0.00000000e+00  0.00000000e+00]
 [ 0.00000000e+00  9.99999998e-01  0.00000000e+00 -6.77140894e-05
   0.00000000e+00  0.00000000e+00]
 [ 6.77140894e-05  0.00000000e+00  9.99999998e-01  0.00000000e+00
   0.00000000e+00  0.00000000e+00]
 [ 0.00000000e+00  6.77140894e-05  0.00000000e+00  9.99999998e-01
   0.00000000e+00  0.00000000e+00]
 [ 0.00000000e+00  0.00000000e+00  0.00000000e+00  0.00000000e+00
   1.00000000e+00  0.00000000e+00]
 [ 0.00000000e+00  0.00000000e+00  0.00000000e+00  0.00000000e+00
   0.00000000e+00  1.00000000e+00]]
Param #1358: delta too small; RMS=8.7712e-07 mm
quads_tilt_fit #6.671408940919169e-05
delta_local #[0.00114009]
R1 #[[ 0.99999927  0.          0.00120681  0.          0.          0.        ]
 [ 0.          0.99999927  0.          0.00120681  0.          0.        ]
 [-0.00120681  0.          0.99999927  0.          0.          0.        ]
 [ 0.         -0.00120681  0.          0.99999927  0.          0.        ]
 [ 0.          0.          0.          0.          1.          0.        ]
 [ 0.          0.          0.          0.          0.          1.        ]]
R2 #[[ 0.99999927  0.         -0.00120681  0.          0.          0.        ]
 [ 0.          0.99999927  0.         -0.00120681  0.          0.        ]
 [ 0.00120681  0.          0.99999927  0.          0.          0.        ]
 [ 0.          0.00120681  0.          0.99999927  0.          0.        ]
 [ 0.          0.          0.          0.          1.          0.        ]
 [ 0.          0.          0.          0.          0.          1.        ]]
Param #1358: delta OK; RMS=0.001 mm
quads_tilt_fit #1.1969937160125978e-05
delta_local #[1.e-06]
R1 #[[ 1.00000000e+00  0.00000000e+00  1.29699372e-05  0.00000000e+00
   0.00000000e+00  0.00000000e+00]
 [ 0.00000000e+00  1.00000000e+00  0.00000000e+00  1.29699372e-05
   0.00000000e+00  0.00000000e+00]
 [-1.29699372e-05  0.00000000e+00  1.00000000e+00  0.00000000e+00
   0.00000000e+00  0.00000000e+00]
 [ 0.00000000e+00 -1.29699372e-05  0.00000000e+00  1.00000000e+00
   0.00000000e+00  0.00000000e+00]
 [ 0.00000000e+00  0.00000000e+00  0.00000000e+00  0.00000000e+00
   1.00000000e+00  0.00000000e+00]
 [ 0.00000000e+00  0.00000000e+00  0.00000000e+00  0.00000000e+00
   0.00000000e+00  1.00000000e+00]]
R2 #[[ 1.00000000e+00  0.00000000e+00 -1.29699372e-05  0.00000000e+00
   0.00000000e+00  0.00000000e+00]
 [ 0.00000000e+00  1.00000000e+00  0.00000000e+00 -1.29699372e-05
   0.00000000e+00  0.00000000e+00]
 [ 1.29699372e-05  0.00000000e+00  1.00000000e+00  0.00000000e+00
   0.00000000e+00  0.00000000e+00]
 [ 0.00000000e+00  1.29699372e-05  0.00000000e+00  1.00000000e+00
   0.00000000e+00  0.00000000e+00]
 [ 0.00000000e+00  0.00000000e+00  0.00000000e+00  0.00000000e+00
   1.00000000e+00  0.00000000e+00]
 [ 0.00000000e+00  0.00000000e+00  0.00000000e+00  0.00000000e+00
   0.00000000e+00  1.00000000e+00]]
Param #1364: delta too small; RMS=9.4807e-07 mm
quads_tilt_fit #1.1969937160125978e-05
delta_local #[0.00105477]
R1 #[[ 0.99999943  0.          0.00106674  0.          0.          0.        ]
 [ 0.          0.99999943  0.          0.00106674  0.          0.        ]
 [-0.00106674  0.          0.99999943  0.          0.          0.        ]
 [ 0.         -0.00106674  0.          0.99999943  0.          0.        ]
 [ 0.          0.          0.          0.          1.          0.        ]
 [ 0.          0.          0.          0.          0.          1.        ]]
R2 #[[ 0.99999943  0.         -0.00106674  0.          0.          0.        ]
 [ 0.          0.99999943  0.         -0.00106674  0.          0.        ]
 [ 0.00106674  0.          0.99999943  0.          0.          0.        ]
 [ 0.          0.00106674  0.          0.99999943  0.          0.        ]
 [ 0.          0.          0.          0.          1.          0.        ]
 [ 0.          0.          0.          0.          0.          1.        ]]
Param #1364: delta OK; RMS=0.001 mm
quads_tilt_fit #-2.2800919313537146e-05
delta_local #[1.e-06]
R1 #[[ 1.00000000e+00  0.00000000e+00 -2.18009193e-05  0.00000000e+00
   0.00000000e+00  0.00000000e+00]
 [ 0.00000000e+00  1.00000000e+00  0.00000000e+00 -2.18009193e-05
   0.00000000e+00  0.00000000e+00]
 [ 2.18009193e-05  0.00000000e+00  1.00000000e+00  0.00000000e+00
   0.00000000e+00  0.00000000e+00]
 [ 0.00000000e+00  2.18009193e-05  0.00000000e+00  1.00000000e+00
   0.00000000e+00  0.00000000e+00]
 [ 0.00000000e+00  0.00000000e+00  0.00000000e+00  0.00000000e+00
   1.00000000e+00  0.00000000e+00]
 [ 0.00000000e+00  0.00000000e+00  0.00000000e+00  0.00000000e+00
   0.00000000e+00  1.00000000e+00]]
R2 #[[ 1.00000000e+00  0.00000000e+00  2.18009193e-05  0.00000000e+00
   0.00000000e+00  0.00000000e+00]
 [ 0.00000000e+00  1.00000000e+00  0.00000000e+00  2.18009193e-05
   0.00000000e+00  0.00000000e+00]
 [-2.18009193e-05  0.00000000e+00  1.00000000e+00  0.00000000e+00
   0.00000000e+00  0.00000000e+00]
 [ 0.00000000e+00 -2.18009193e-05  0.00000000e+00  1.00000000e+00
   0.00000000e+00  0.00000000e+00]
 [ 0.00000000e+00  0.00000000e+00  0.00000000e+00  0.00000000e+00
   1.00000000e+00  0.00000000e+00]
 [ 0.00000000e+00  0.00000000e+00  0.00000000e+00  0.00000000e+00
   0.00000000e+00  1.00000000e+00]]
Param #1371: delta too small; RMS=5.7402e-07 mm
quads_tilt_fit #-2.2800919313537146e-05
delta_local #[0.0017421]
R1 #[[ 0.99999852  0.          0.0017193   0.          0.          0.        ]
 [ 0.          0.99999852  0.          0.0017193   0.          0.        ]
 [-0.0017193   0.          0.99999852  0.          0.          0.        ]
 [ 0.         -0.0017193   0.          0.99999852  0.          0.        ]
 [ 0.          0.          0.          0.          1.          0.        ]
 [ 0.          0.          0.          0.          0.          1.        ]]
R2 #[[ 0.99999852  0.         -0.0017193   0.          0.          0.        ]
 [ 0.          0.99999852  0.         -0.0017193   0.          0.        ]
 [ 0.0017193   0.          0.99999852  0.          0.          0.        ]
 [ 0.          0.0017193   0.          0.99999852  0.          0.        ]
 [ 0.          0.          0.          0.          1.          0.        ]
 [ 0.          0.          0.          0.          0.          1.        ]]
Param #1371: delta OK; RMS=0.001 mm
quads_tilt_fit #0.00012480251434518412
delta_local #[1.e-06]
R1 #[[ 9.99999992e-01  0.00000000e+00  1.25802514e-04  0.00000000e+00
   0.00000000e+00  0.00000000e+00]
 [ 0.00000000e+00  9.99999992e-01  0.00000000e+00  1.25802514e-04
   0.00000000e+00  0.00000000e+00]
 [-1.25802514e-04  0.00000000e+00  9.99999992e-01  0.00000000e+00
   0.00000000e+00  0.00000000e+00]
 [ 0.00000000e+00 -1.25802514e-04  0.00000000e+00  9.99999992e-01
   0.00000000e+00  0.00000000e+00]
 [ 0.00000000e+00  0.00000000e+00  0.00000000e+00  0.00000000e+00
   1.00000000e+00  0.00000000e+00]
 [ 0.00000000e+00  0.00000000e+00  0.00000000e+00  0.00000000e+00
   0.00000000e+00  1.00000000e+00]]
R2 #[[ 9.99999992e-01  0.00000000e+00 -1.25802514e-04  0.00000000e+00
   0.00000000e+00  0.00000000e+00]
 [ 0.00000000e+00  9.99999992e-01  0.00000000e+00 -1.25802514e-04
   0.00000000e+00  0.00000000e+00]
 [ 1.25802514e-04  0.00000000e+00  9.99999992e-01  0.00000000e+00
   0.00000000e+00  0.00000000e+00]
 [ 0.00000000e+00  1.25802514e-04  0.00000000e+00  9.99999992e-01
   0.00000000e+00  0.00000000e+00]
 [ 0.00000000e+00  0.00000000e+00  0.00000000e+00  0.00000000e+00
   1.00000000e+00  0.00000000e+00]
 [ 0.00000000e+00  0.00000000e+00  0.00000000e+00  0.00000000e+00
   0.00000000e+00  1.00000000e+00]]
Param #1407: delta too small; RMS=5.7331e-07 mm
quads_tilt_fit #0.00012480251434518412
delta_local #[0.00174425]
R1 #[[ 0.99999825  0.          0.00186906  0.          0.          0.        ]
 [ 0.          0.99999825  0.          0.00186906  0.          0.        ]
 [-0.00186906  0.          0.99999825  0.          0.          0.        ]
 [ 0.         -0.00186906  0.          0.99999825  0.          0.        ]
 [ 0.          0.          0.          0.          1.          0.        ]
 [ 0.          0.          0.          0.          0.          1.        ]]
R2 #[[ 0.99999825  0.         -0.00186906  0.          0.          0.        ]
 [ 0.          0.99999825  0.         -0.00186906  0.          0.        ]
 [ 0.00186906  0.          0.99999825  0.          0.          0.        ]
 [ 0.          0.00186906  0.          0.99999825  0.          0.        ]
 [ 0.          0.          0.          0.          1.          0.        ]
 [ 0.          0.          0.          0.          0.          1.        ]]
Param #1407: delta OK; RMS=0.001 mm
quads_tilt_fit #7.486900668423676e-05
delta_local #[1.e-06]
R1 #[[ 9.99999997e-01  0.00000000e+00  7.58690066e-05  0.00000000e+00
   0.00000000e+00  0.00000000e+00]
 [ 0.00000000e+00  9.99999997e-01  0.00000000e+00  7.58690066e-05
   0.00000000e+00  0.00000000e+00]
 [-7.58690066e-05  0.00000000e+00  9.99999997e-01  0.00000000e+00
   0.00000000e+00  0.00000000e+00]
 [ 0.00000000e+00 -7.58690066e-05  0.00000000e+00  9.99999997e-01
   0.00000000e+00  0.00000000e+00]
 [ 0.00000000e+00  0.00000000e+00  0.00000000e+00  0.00000000e+00
   1.00000000e+00  0.00000000e+00]
 [ 0.00000000e+00  0.00000000e+00  0.00000000e+00  0.00000000e+00
   0.00000000e+00  1.00000000e+00]]
R2 #[[ 9.99999997e-01  0.00000000e+00 -7.58690066e-05  0.00000000e+00
   0.00000000e+00  0.00000000e+00]
 [ 0.00000000e+00  9.99999997e-01  0.00000000e+00 -7.58690066e-05
   0.00000000e+00  0.00000000e+00]
 [ 7.58690066e-05  0.00000000e+00  9.99999997e-01  0.00000000e+00
   0.00000000e+00  0.00000000e+00]
 [ 0.00000000e+00  7.58690066e-05  0.00000000e+00  9.99999997e-01
   0.00000000e+00  0.00000000e+00]
 [ 0.00000000e+00  0.00000000e+00  0.00000000e+00  0.00000000e+00
   1.00000000e+00  0.00000000e+00]
 [ 0.00000000e+00  0.00000000e+00  0.00000000e+00  0.00000000e+00
   0.00000000e+00  1.00000000e+00]]
Param #1414: delta too small; RMS=9.4705e-07 mm
quads_tilt_fit #7.486900668423676e-05
delta_local #[0.00105591]
R1 #[[ 0.99999936  0.          0.00113078  0.          0.          0.        ]
 [ 0.          0.99999936  0.          0.00113078  0.          0.        ]
 [-0.00113078  0.          0.99999936  0.          0.          0.        ]
 [ 0.         -0.00113078  0.          0.99999936  0.          0.        ]
 [ 0.          0.          0.          0.          1.          0.        ]
 [ 0.          0.          0.          0.          0.          1.        ]]
R2 #[[ 0.99999936  0.         -0.00113078  0.          0.          0.        ]
 [ 0.          0.99999936  0.         -0.00113078  0.          0.        ]
 [ 0.00113078  0.          0.99999936  0.          0.          0.        ]
 [ 0.          0.00113078  0.          0.99999936  0.          0.        ]
 [ 0.          0.          0.          0.          1.          0.        ]
 [ 0.          0.          0.          0.          0.          1.        ]]
Param #1414: delta OK; RMS=0.001 mm
quads_tilt_fit #5.766497505699383e-05
delta_local #[1.e-06]
R1 #[[ 9.99999998e-01  0.00000000e+00  5.86649750e-05  0.00000000e+00
   0.00000000e+00  0.00000000e+00]
 [ 0.00000000e+00  9.99999998e-01  0.00000000e+00  5.86649750e-05
   0.00000000e+00  0.00000000e+00]
 [-5.86649750e-05  0.00000000e+00  9.99999998e-01  0.00000000e+00
   0.00000000e+00  0.00000000e+00]
 [ 0.00000000e+00 -5.86649750e-05  0.00000000e+00  9.99999998e-01
   0.00000000e+00  0.00000000e+00]
 [ 0.00000000e+00  0.00000000e+00  0.00000000e+00  0.00000000e+00
   1.00000000e+00  0.00000000e+00]
 [ 0.00000000e+00  0.00000000e+00  0.00000000e+00  0.00000000e+00
   0.00000000e+00  1.00000000e+00]]
R2 #[[ 9.99999998e-01  0.00000000e+00 -5.86649750e-05  0.00000000e+00
   0.00000000e+00  0.00000000e+00]
 [ 0.00000000e+00  9.99999998e-01  0.00000000e+00 -5.86649750e-05
   0.00000000e+00  0.00000000e+00]
 [ 5.86649750e-05  0.00000000e+00  9.99999998e-01  0.00000000e+00
   0.00000000e+00  0.00000000e+00]
 [ 0.00000000e+00  5.86649750e-05  0.00000000e+00  9.99999998e-01
   0.00000000e+00  0.00000000e+00]
 [ 0.00000000e+00  0.00000000e+00  0.00000000e+00  0.00000000e+00
   1.00000000e+00  0.00000000e+00]
 [ 0.00000000e+00  0.00000000e+00  0.00000000e+00  0.00000000e+00
   0.00000000e+00  1.00000000e+00]]
Param #1420: delta too small; RMS=8.7477e-07 mm
quads_tilt_fit #5.766497505699383e-05
delta_local #[0.00114316]
R1 #[[ 0.99999928  0.          0.00120083  0.          0.          0.        ]
 [ 0.          0.99999928  0.          0.00120083  0.          0.        ]
 [-0.00120083  0.          0.99999928  0.          0.          0.        ]
 [ 0.         -0.00120083  0.          0.99999928  0.          0.        ]
 [ 0.          0.          0.          0.          1.          0.        ]
 [ 0.          0.          0.          0.          0.          1.        ]]
R2 #[[ 0.99999928  0.         -0.00120083  0.          0.          0.        ]
 [ 0.          0.99999928  0.         -0.00120083  0.          0.        ]
 [ 0.00120083  0.          0.99999928  0.          0.          0.        ]
 [ 0.          0.00120083  0.          0.99999928  0.          0.        ]
 [ 0.          0.          0.          0.          1.          0.        ]
 [ 0.          0.          0.          0.          0.          1.        ]]
Param #1420: delta OK; RMS=0.001 mm
quads_tilt_fit #0.00014737307468977846
delta_local #[1.e-06]
R1 #[[ 9.99999989e-01  0.00000000e+00  1.48373074e-04  0.00000000e+00
   0.00000000e+00  0.00000000e+00]
 [ 0.00000000e+00  9.99999989e-01  0.00000000e+00  1.48373074e-04
   0.00000000e+00  0.00000000e+00]
 [-1.48373074e-04  0.00000000e+00  9.99999989e-01  0.00000000e+00
   0.00000000e+00  0.00000000e+00]
 [ 0.00000000e+00 -1.48373074e-04  0.00000000e+00  9.99999989e-01
   0.00000000e+00  0.00000000e+00]
 [ 0.00000000e+00  0.00000000e+00  0.00000000e+00  0.00000000e+00
   1.00000000e+00  0.00000000e+00]
 [ 0.00000000e+00  0.00000000e+00  0.00000000e+00  0.00000000e+00
   0.00000000e+00  1.00000000e+00]]
R2 #[[ 9.99999989e-01  0.00000000e+00 -1.48373074e-04  0.00000000e+00
   0.00000000e+00  0.00000000e+00]
 [ 0.00000000e+00  9.99999989e-01  0.00000000e+00 -1.48373074e-04
   0.00000000e+00  0.00000000e+00]
 [ 1.48373074e-04  0.00000000e+00  9.99999989e-01  0.00000000e+00
   0.00000000e+00  0.00000000e+00]
 [ 0.00000000e+00  1.48373074e-04  0.00000000e+00  9.99999989e-01
   0.00000000e+00  0.00000000e+00]
 [ 0.00000000e+00  0.00000000e+00  0.00000000e+00  0.00000000e+00
   1.00000000e+00  0.00000000e+00]
 [ 0.00000000e+00  0.00000000e+00  0.00000000e+00  0.00000000e+00
   0.00000000e+00  1.00000000e+00]]
Param #1429: delta too small; RMS=6.6476e-07 mm
quads_tilt_fit #0.00014737307468977846
delta_local #[0.00150431]
R1 #[[ 0.99999864  0.          0.00165168  0.          0.          0.        ]
 [ 0.          0.99999864  0.          0.00165168  0.          0.        ]
 [-0.00165168  0.          0.99999864  0.          0.          0.        ]
 [ 0.         -0.00165168  0.          0.99999864  0.          0.        ]
 [ 0.          0.          0.          0.          1.          0.        ]
 [ 0.          0.          0.          0.          0.          1.        ]]
R2 #[[ 0.99999864  0.         -0.00165168  0.          0.          0.        ]
 [ 0.          0.99999864  0.         -0.00165168  0.          0.        ]
 [ 0.00165168  0.          0.99999864  0.          0.          0.        ]
 [ 0.          0.00165168  0.          0.99999864  0.          0.        ]
 [ 0.          0.          0.          0.          1.          0.        ]
 [ 0.          0.          0.          0.          0.          1.        ]]
Param #1429: delta OK; RMS=0.001 mm
quads_tilt_fit #0.0001551712770691981
delta_local #[1.e-06]
R1 #[[ 9.99999988e-01  0.00000000e+00  1.56171276e-04  0.00000000e+00
   0.00000000e+00  0.00000000e+00]
 [ 0.00000000e+00  9.99999988e-01  0.00000000e+00  1.56171276e-04
   0.00000000e+00  0.00000000e+00]
 [-1.56171276e-04  0.00000000e+00  9.99999988e-01  0.00000000e+00
   0.00000000e+00  0.00000000e+00]
 [ 0.00000000e+00 -1.56171276e-04  0.00000000e+00  9.99999988e-01
   0.00000000e+00  0.00000000e+00]
 [ 0.00000000e+00  0.00000000e+00  0.00000000e+00  0.00000000e+00
   1.00000000e+00  0.00000000e+00]
 [ 0.00000000e+00  0.00000000e+00  0.00000000e+00  0.00000000e+00
   0.00000000e+00  1.00000000e+00]]
R2 #[[ 9.99999988e-01  0.00000000e+00 -1.56171276e-04  0.00000000e+00
   0.00000000e+00  0.00000000e+00]
 [ 0.00000000e+00  9.99999988e-01  0.00000000e+00 -1.56171276e-04
   0.00000000e+00  0.00000000e+00]
 [ 1.56171276e-04  0.00000000e+00  9.99999988e-01  0.00000000e+00
   0.00000000e+00  0.00000000e+00]
 [ 0.00000000e+00  1.56171276e-04  0.00000000e+00  9.99999988e-01
   0.00000000e+00  0.00000000e+00]
 [ 0.00000000e+00  0.00000000e+00  0.00000000e+00  0.00000000e+00
   1.00000000e+00  0.00000000e+00]
 [ 0.00000000e+00  0.00000000e+00  0.00000000e+00  0.00000000e+00
   0.00000000e+00  1.00000000e+00]]
Param #1490: delta too small; RMS=6.6612e-07 mm
quads_tilt_fit #0.0001551712770691981
delta_local #[0.00150124]
R1 #[[ 0.99999863  0.          0.00165641  0.          0.          0.        ]
 [ 0.          0.99999863  0.          0.00165641  0.          0.        ]
 [-0.00165641  0.          0.99999863  0.          0.          0.        ]
 [ 0.         -0.00165641  0.          0.99999863  0.          0.        ]
 [ 0.          0.          0.          0.          1.          0.        ]
 [ 0.          0.          0.          0.          0.          1.        ]]
R2 #[[ 0.99999863  0.         -0.00165641  0.          0.          0.        ]
 [ 0.          0.99999863  0.         -0.00165641  0.          0.        ]
 [ 0.00165641  0.          0.99999863  0.          0.          0.        ]
 [ 0.          0.00165641  0.          0.99999863  0.          0.        ]
 [ 0.          0.          0.          0.          1.          0.        ]
 [ 0.          0.          0.          0.          0.          1.        ]]
Param #1490: delta OK; RMS=0.001 mm
quads_tilt_fit #6.642408135539295e-05
delta_local #[1.e-06]
R1 #[[ 9.99999998e-01  0.00000000e+00  6.74240813e-05  0.00000000e+00
   0.00000000e+00  0.00000000e+00]
 [ 0.00000000e+00  9.99999998e-01  0.00000000e+00  6.74240813e-05
   0.00000000e+00  0.00000000e+00]
 [-6.74240813e-05  0.00000000e+00  9.99999998e-01  0.00000000e+00
   0.00000000e+00  0.00000000e+00]
 [ 0.00000000e+00 -6.74240813e-05  0.00000000e+00  9.99999998e-01
   0.00000000e+00  0.00000000e+00]
 [ 0.00000000e+00  0.00000000e+00  0.00000000e+00  0.00000000e+00
   1.00000000e+00  0.00000000e+00]
 [ 0.00000000e+00  0.00000000e+00  0.00000000e+00  0.00000000e+00
   0.00000000e+00  1.00000000e+00]]
R2 #[[ 9.99999998e-01  0.00000000e+00 -6.74240813e-05  0.00000000e+00
   0.00000000e+00  0.00000000e+00]
 [ 0.00000000e+00  9.99999998e-01  0.00000000e+00 -6.74240813e-05
   0.00000000e+00  0.00000000e+00]
 [ 6.74240813e-05  0.00000000e+00  9.99999998e-01  0.00000000e+00
   0.00000000e+00  0.00000000e+00]
 [ 0.00000000e+00  6.74240813e-05  0.00000000e+00  9.99999998e-01
   0.00000000e+00  0.00000000e+00]
 [ 0.00000000e+00  0.00000000e+00  0.00000000e+00  0.00000000e+00
   1.00000000e+00  0.00000000e+00]
 [ 0.00000000e+00  0.00000000e+00  0.00000000e+00  0.00000000e+00
   0.00000000e+00  1.00000000e+00]]
Param #1499: delta too small; RMS=9.0273e-07 mm
quads_tilt_fit #6.642408135539295e-05
delta_local #[0.00110775]
R1 #[[ 0.99999931  0.          0.00117417  0.          0.          0.        ]
 [ 0.          0.99999931  0.          0.00117417  0.          0.        ]
 [-0.00117417  0.          0.99999931  0.          0.          0.        ]
 [ 0.         -0.00117417  0.          0.99999931  0.          0.        ]
 [ 0.          0.          0.          0.          1.          0.        ]
 [ 0.          0.          0.          0.          0.          1.        ]]
R2 #[[ 0.99999931  0.         -0.00117417  0.          0.          0.        ]
 [ 0.          0.99999931  0.         -0.00117417  0.          0.        ]
 [ 0.00117417  0.          0.99999931  0.          0.          0.        ]
 [ 0.          0.00117417  0.          0.99999931  0.          0.        ]
 [ 0.          0.          0.          0.          1.          0.        ]
 [ 0.          0.          0.          0.          0.          1.        ]]
Param #1499: delta OK; RMS=0.001 mm
quads_tilt_fit #7.980242683023486e-05
delta_local #[1.e-06]
R1 #[[ 9.99999997e-01  0.00000000e+00  8.08024267e-05  0.00000000e+00
   0.00000000e+00  0.00000000e+00]
 [ 0.00000000e+00  9.99999997e-01  0.00000000e+00  8.08024267e-05
   0.00000000e+00  0.00000000e+00]
 [-8.08024267e-05  0.00000000e+00  9.99999997e-01  0.00000000e+00
   0.00000000e+00  0.00000000e+00]
 [ 0.00000000e+00 -8.08024267e-05  0.00000000e+00  9.99999997e-01
   0.00000000e+00  0.00000000e+00]
 [ 0.00000000e+00  0.00000000e+00  0.00000000e+00  0.00000000e+00
   1.00000000e+00  0.00000000e+00]
 [ 0.00000000e+00  0.00000000e+00  0.00000000e+00  0.00000000e+00
   0.00000000e+00  1.00000000e+00]]
R2 #[[ 9.99999997e-01  0.00000000e+00 -8.08024267e-05  0.00000000e+00
   0.00000000e+00  0.00000000e+00]
 [ 0.00000000e+00  9.99999997e-01  0.00000000e+00 -8.08024267e-05
   0.00000000e+00  0.00000000e+00]
 [ 8.08024267e-05  0.00000000e+00  9.99999997e-01  0.00000000e+00
   0.00000000e+00  0.00000000e+00]
 [ 0.00000000e+00  8.08024267e-05  0.00000000e+00  9.99999997e-01
   0.00000000e+00  0.00000000e+00]
 [ 0.00000000e+00  0.00000000e+00  0.00000000e+00  0.00000000e+00
   1.00000000e+00  0.00000000e+00]
 [ 0.00000000e+00  0.00000000e+00  0.00000000e+00  0.00000000e+00
   0.00000000e+00  1.00000000e+00]]
Param #1505: delta too small; RMS=8.885e-07 mm
quads_tilt_fit #7.980242683023486e-05
delta_local #[0.00112549]
R1 #[[ 0.99999927  0.          0.00120529  0.          0.          0.        ]
 [ 0.          0.99999927  0.          0.00120529  0.          0.        ]
 [-0.00120529  0.          0.99999927  0.          0.          0.        ]
 [ 0.         -0.00120529  0.          0.99999927  0.          0.        ]
 [ 0.          0.          0.          0.          1.          0.        ]
 [ 0.          0.          0.          0.          0.          1.        ]]
R2 #[[ 0.99999927  0.         -0.00120529  0.          0.          0.        ]
 [ 0.          0.99999927  0.         -0.00120529  0.          0.        ]
 [ 0.00120529  0.          0.99999927  0.          0.          0.        ]
 [ 0.          0.00120529  0.          0.99999927  0.          0.        ]
 [ 0.          0.          0.          0.          1.          0.        ]
 [ 0.          0.          0.          0.          0.          1.        ]]
Param #1505: delta OK; RMS=0.001 mm
quads_tilt_fit #0.0001409154445021441
delta_local #[1.e-06]
R1 #[[ 9.99999990e-01  0.00000000e+00  1.41915444e-04  0.00000000e+00
   0.00000000e+00  0.00000000e+00]
 [ 0.00000000e+00  9.99999990e-01  0.00000000e+00  1.41915444e-04
   0.00000000e+00  0.00000000e+00]
 [-1.41915444e-04  0.00000000e+00  9.99999990e-01  0.00000000e+00
   0.00000000e+00  0.00000000e+00]
 [ 0.00000000e+00 -1.41915444e-04  0.00000000e+00  9.99999990e-01
   0.00000000e+00  0.00000000e+00]
 [ 0.00000000e+00  0.00000000e+00  0.00000000e+00  0.00000000e+00
   1.00000000e+00  0.00000000e+00]
 [ 0.00000000e+00  0.00000000e+00  0.00000000e+00  0.00000000e+00
   0.00000000e+00  1.00000000e+00]]
R2 #[[ 9.99999990e-01  0.00000000e+00 -1.41915444e-04  0.00000000e+00
   0.00000000e+00  0.00000000e+00]
 [ 0.00000000e+00  9.99999990e-01  0.00000000e+00 -1.41915444e-04
   0.00000000e+00  0.00000000e+00]
 [ 1.41915444e-04  0.00000000e+00  9.99999990e-01  0.00000000e+00
   0.00000000e+00  0.00000000e+00]
 [ 0.00000000e+00  1.41915444e-04  0.00000000e+00  9.99999990e-01
   0.00000000e+00  0.00000000e+00]
 [ 0.00000000e+00  0.00000000e+00  0.00000000e+00  0.00000000e+00
   1.00000000e+00  0.00000000e+00]
 [ 0.00000000e+00  0.00000000e+00  0.00000000e+00  0.00000000e+00
   0.00000000e+00  1.00000000e+00]]
Param #1512: delta too small; RMS=5.65e-07 mm
quads_tilt_fit #0.0001409154445021441
delta_local #[0.00176991]
R1 #[[ 0.99999817  0.          0.00191082  0.          0.          0.        ]
 [ 0.          0.99999817  0.          0.00191082  0.          0.        ]
 [-0.00191082  0.          0.99999817  0.          0.          0.        ]
 [ 0.         -0.00191082  0.          0.99999817  0.          0.        ]
 [ 0.          0.          0.          0.          1.          0.        ]
 [ 0.          0.          0.          0.          0.          1.        ]]
R2 #[[ 0.99999817  0.         -0.00191082  0.          0.          0.        ]
 [ 0.          0.99999817  0.         -0.00191082  0.          0.        ]
 [ 0.00191082  0.          0.99999817  0.          0.          0.        ]
 [ 0.          0.00191082  0.          0.99999817  0.          0.        ]
 [ 0.          0.          0.          0.          1.          0.        ]
 [ 0.          0.          0.          0.          0.          1.        ]]
Param #1512: delta OK; RMS=0.001 mm
quads_tilt_fit #3.7840951650634825e-05
delta_local #[1.e-06]
R1 #[[ 9.99999999e-01  0.00000000e+00  3.88409516e-05  0.00000000e+00
   0.00000000e+00  0.00000000e+00]
 [ 0.00000000e+00  9.99999999e-01  0.00000000e+00  3.88409516e-05
   0.00000000e+00  0.00000000e+00]
 [-3.88409516e-05  0.00000000e+00  9.99999999e-01  0.00000000e+00
   0.00000000e+00  0.00000000e+00]
 [ 0.00000000e+00 -3.88409516e-05  0.00000000e+00  9.99999999e-01
   0.00000000e+00  0.00000000e+00]
 [ 0.00000000e+00  0.00000000e+00  0.00000000e+00  0.00000000e+00
   1.00000000e+00  0.00000000e+00]
 [ 0.00000000e+00  0.00000000e+00  0.00000000e+00  0.00000000e+00
   0.00000000e+00  1.00000000e+00]]
R2 #[[ 9.99999999e-01  0.00000000e+00 -3.88409516e-05  0.00000000e+00
   0.00000000e+00  0.00000000e+00]
 [ 0.00000000e+00  9.99999999e-01  0.00000000e+00 -3.88409516e-05
   0.00000000e+00  0.00000000e+00]
 [ 3.88409516e-05  0.00000000e+00  9.99999999e-01  0.00000000e+00
   0.00000000e+00  0.00000000e+00]
 [ 0.00000000e+00  3.88409516e-05  0.00000000e+00  9.99999999e-01
   0.00000000e+00  0.00000000e+00]
 [ 0.00000000e+00  0.00000000e+00  0.00000000e+00  0.00000000e+00
   1.00000000e+00  0.00000000e+00]
 [ 0.00000000e+00  0.00000000e+00  0.00000000e+00  0.00000000e+00
   0.00000000e+00  1.00000000e+00]]
Param #1551: delta too small; RMS=5.6111e-07 mm
quads_tilt_fit #3.7840951650634825e-05
delta_local #[0.00178217]
R1 #[[ 0.99999834  0.          0.00182001  0.          0.          0.        ]
 [ 0.          0.99999834  0.          0.00182001  0.          0.        ]
 [-0.00182001  0.          0.99999834  0.          0.          0.        ]
 [ 0.         -0.00182001  0.          0.99999834  0.          0.        ]
 [ 0.          0.          0.          0.          1.          0.        ]
 [ 0.          0.          0.          0.          0.          1.        ]]
R2 #[[ 0.99999834  0.         -0.00182001  0.          0.          0.        ]
 [ 0.          0.99999834  0.         -0.00182001  0.          0.        ]
 [ 0.00182001  0.          0.99999834  0.          0.          0.        ]
 [ 0.          0.00182001  0.          0.99999834  0.          0.        ]
 [ 0.          0.          0.          0.          1.          0.        ]
 [ 0.          0.          0.          0.          0.          1.        ]]
Param #1551: delta OK; RMS=0.001 mm
quads_tilt_fit #5.066003187797872e-05
delta_local #[1.e-06]
R1 #[[ 9.99999999e-01  0.00000000e+00  5.16600319e-05  0.00000000e+00
   0.00000000e+00  0.00000000e+00]
 [ 0.00000000e+00  9.99999999e-01  0.00000000e+00  5.16600319e-05
   0.00000000e+00  0.00000000e+00]
 [-5.16600319e-05  0.00000000e+00  9.99999999e-01  0.00000000e+00
   0.00000000e+00  0.00000000e+00]
 [ 0.00000000e+00 -5.16600319e-05  0.00000000e+00  9.99999999e-01
   0.00000000e+00  0.00000000e+00]
 [ 0.00000000e+00  0.00000000e+00  0.00000000e+00  0.00000000e+00
   1.00000000e+00  0.00000000e+00]
 [ 0.00000000e+00  0.00000000e+00  0.00000000e+00  0.00000000e+00
   0.00000000e+00  1.00000000e+00]]
R2 #[[ 9.99999999e-01  0.00000000e+00 -5.16600319e-05  0.00000000e+00
   0.00000000e+00  0.00000000e+00]
 [ 0.00000000e+00  9.99999999e-01  0.00000000e+00 -5.16600319e-05
   0.00000000e+00  0.00000000e+00]
 [ 5.16600319e-05  0.00000000e+00  9.99999999e-01  0.00000000e+00
   0.00000000e+00  0.00000000e+00]
 [ 0.00000000e+00  5.16600319e-05  0.00000000e+00  9.99999999e-01
   0.00000000e+00  0.00000000e+00]
 [ 0.00000000e+00  0.00000000e+00  0.00000000e+00  0.00000000e+00
   1.00000000e+00  0.00000000e+00]
 [ 0.00000000e+00  0.00000000e+00  0.00000000e+00  0.00000000e+00
   0.00000000e+00  1.00000000e+00]]
Param #1558: delta too small; RMS=8.9559e-07 mm
quads_tilt_fit #5.066003187797872e-05
delta_local #[0.00111659]
R1 #[[ 0.99999932  0.          0.00116725  0.          0.          0.        ]
 [ 0.          0.99999932  0.          0.00116725  0.          0.        ]
 [-0.00116725  0.          0.99999932  0.          0.          0.        ]
 [ 0.         -0.00116725  0.          0.99999932  0.          0.        ]
 [ 0.          0.          0.          0.          1.          0.        ]
 [ 0.          0.          0.          0.          0.          1.        ]]
R2 #[[ 0.99999932  0.         -0.00116725  0.          0.          0.        ]
 [ 0.          0.99999932  0.         -0.00116725  0.          0.        ]
 [ 0.00116725  0.          0.99999932  0.          0.          0.        ]
 [ 0.          0.00116725  0.          0.99999932  0.          0.        ]
 [ 0.          0.          0.          0.          1.          0.        ]
 [ 0.          0.          0.          0.          0.          1.        ]]
Param #1558: delta OK; RMS=0.001 mm
quads_tilt_fit #6.967756361693587e-05
delta_local #[1.e-06]
R1 #[[ 9.99999998e-01  0.00000000e+00  7.06775636e-05  0.00000000e+00
   0.00000000e+00  0.00000000e+00]
 [ 0.00000000e+00  9.99999998e-01  0.00000000e+00  7.06775636e-05
   0.00000000e+00  0.00000000e+00]
 [-7.06775636e-05  0.00000000e+00  9.99999998e-01  0.00000000e+00
   0.00000000e+00  0.00000000e+00]
 [ 0.00000000e+00 -7.06775636e-05  0.00000000e+00  9.99999998e-01
   0.00000000e+00  0.00000000e+00]
 [ 0.00000000e+00  0.00000000e+00  0.00000000e+00  0.00000000e+00
   1.00000000e+00  0.00000000e+00]
 [ 0.00000000e+00  0.00000000e+00  0.00000000e+00  0.00000000e+00
   0.00000000e+00  1.00000000e+00]]
R2 #[[ 9.99999998e-01  0.00000000e+00 -7.06775636e-05  0.00000000e+00
   0.00000000e+00  0.00000000e+00]
 [ 0.00000000e+00  9.99999998e-01  0.00000000e+00 -7.06775636e-05
   0.00000000e+00  0.00000000e+00]
 [ 7.06775636e-05  0.00000000e+00  9.99999998e-01  0.00000000e+00
   0.00000000e+00  0.00000000e+00]
 [ 0.00000000e+00  7.06775636e-05  0.00000000e+00  9.99999998e-01
   0.00000000e+00  0.00000000e+00]
 [ 0.00000000e+00  0.00000000e+00  0.00000000e+00  0.00000000e+00
   1.00000000e+00  0.00000000e+00]
 [ 0.00000000e+00  0.00000000e+00  0.00000000e+00  0.00000000e+00
   0.00000000e+00  1.00000000e+00]]
Param #1564: delta too small; RMS=8.8554e-07 mm
quads_tilt_fit #6.967756361693587e-05
delta_local #[0.00112926]
R1 #[[ 0.99999928  0.          0.00119893  0.          0.          0.        ]
 [ 0.          0.99999928  0.          0.00119893  0.          0.        ]
 [-0.00119893  0.          0.99999928  0.          0.          0.        ]
 [ 0.         -0.00119893  0.          0.99999928  0.          0.        ]
 [ 0.          0.          0.          0.          1.          0.        ]
 [ 0.          0.          0.          0.          0.          1.        ]]
R2 #[[ 0.99999928  0.         -0.00119893  0.          0.          0.        ]
 [ 0.          0.99999928  0.         -0.00119893  0.          0.        ]
 [ 0.00119893  0.          0.99999928  0.          0.          0.        ]
 [ 0.          0.00119893  0.          0.99999928  0.          0.        ]
 [ 0.          0.          0.          0.          1.          0.        ]
 [ 0.          0.          0.          0.          0.          1.        ]]
Param #1564: delta OK; RMS=0.001 mm
quads_tilt_fit #0.00021308180740704517
delta_local #[1.e-06]
R1 #[[ 9.99999977e-01  0.00000000e+00  2.14081806e-04  0.00000000e+00
   0.00000000e+00  0.00000000e+00]
 [ 0.00000000e+00  9.99999977e-01  0.00000000e+00  2.14081806e-04
   0.00000000e+00  0.00000000e+00]
 [-2.14081806e-04  0.00000000e+00  9.99999977e-01  0.00000000e+00
   0.00000000e+00  0.00000000e+00]
 [ 0.00000000e+00 -2.14081806e-04  0.00000000e+00  9.99999977e-01
   0.00000000e+00  0.00000000e+00]
 [ 0.00000000e+00  0.00000000e+00  0.00000000e+00  0.00000000e+00
   1.00000000e+00  0.00000000e+00]
 [ 0.00000000e+00  0.00000000e+00  0.00000000e+00  0.00000000e+00
   0.00000000e+00  1.00000000e+00]]
R2 #[[ 9.99999977e-01  0.00000000e+00 -2.14081806e-04  0.00000000e+00
   0.00000000e+00  0.00000000e+00]
 [ 0.00000000e+00  9.99999977e-01  0.00000000e+00 -2.14081806e-04
   0.00000000e+00  0.00000000e+00]
 [ 2.14081806e-04  0.00000000e+00  9.99999977e-01  0.00000000e+00
   0.00000000e+00  0.00000000e+00]
 [ 0.00000000e+00  2.14081806e-04  0.00000000e+00  9.99999977e-01
   0.00000000e+00  0.00000000e+00]
 [ 0.00000000e+00  0.00000000e+00  0.00000000e+00  0.00000000e+00
   1.00000000e+00  0.00000000e+00]
 [ 0.00000000e+00  0.00000000e+00  0.00000000e+00  0.00000000e+00
   0.00000000e+00  1.00000000e+00]]
Param #1573: delta too small; RMS=6.6259e-07 mm
quads_tilt_fit #0.00021308180740704517
delta_local #[0.00150923]
R1 #[[ 0.99999852  0.          0.00172231  0.          0.          0.        ]
 [ 0.          0.99999852  0.          0.00172231  0.          0.        ]
 [-0.00172231  0.          0.99999852  0.          0.          0.        ]
 [ 0.         -0.00172231  0.          0.99999852  0.          0.        ]
 [ 0.          0.          0.          0.          1.          0.        ]
 [ 0.          0.          0.          0.          0.          1.        ]]
R2 #[[ 0.99999852  0.         -0.00172231  0.          0.          0.        ]
 [ 0.          0.99999852  0.         -0.00172231  0.          0.        ]
 [ 0.00172231  0.          0.99999852  0.          0.          0.        ]
 [ 0.          0.00172231  0.          0.99999852  0.          0.        ]
 [ 0.          0.          0.          0.          1.          0.        ]
 [ 0.          0.          0.          0.          0.          1.        ]]
Param #1573: delta OK; RMS=0.001 mm
quads_tilt_fit #0.00017201189141651218
delta_local #[1.e-06]
R1 #[[ 9.99999985e-01  0.00000000e+00  1.73011891e-04  0.00000000e+00
   0.00000000e+00  0.00000000e+00]
 [ 0.00000000e+00  9.99999985e-01  0.00000000e+00  1.73011891e-04
   0.00000000e+00  0.00000000e+00]
 [-1.73011891e-04  0.00000000e+00  9.99999985e-01  0.00000000e+00
   0.00000000e+00  0.00000000e+00]
 [ 0.00000000e+00 -1.73011891e-04  0.00000000e+00  9.99999985e-01
   0.00000000e+00  0.00000000e+00]
 [ 0.00000000e+00  0.00000000e+00  0.00000000e+00  0.00000000e+00
   1.00000000e+00  0.00000000e+00]
 [ 0.00000000e+00  0.00000000e+00  0.00000000e+00  0.00000000e+00
   0.00000000e+00  1.00000000e+00]]
R2 #[[ 9.99999985e-01  0.00000000e+00 -1.73011891e-04  0.00000000e+00
   0.00000000e+00  0.00000000e+00]
 [ 0.00000000e+00  9.99999985e-01  0.00000000e+00 -1.73011891e-04
   0.00000000e+00  0.00000000e+00]
 [ 1.73011891e-04  0.00000000e+00  9.99999985e-01  0.00000000e+00
   0.00000000e+00  0.00000000e+00]
 [ 0.00000000e+00  1.73011891e-04  0.00000000e+00  9.99999985e-01
   0.00000000e+00  0.00000000e+00]
 [ 0.00000000e+00  0.00000000e+00  0.00000000e+00  0.00000000e+00
   1.00000000e+00  0.00000000e+00]
 [ 0.00000000e+00  0.00000000e+00  0.00000000e+00  0.00000000e+00
   0.00000000e+00  1.00000000e+00]]
Param #1627: delta too small; RMS=6.6385e-07 mm
quads_tilt_fit #0.00017201189141651218
delta_local #[0.00150635]
R1 #[[ 0.99999859  0.          0.00167836  0.          0.          0.        ]
 [ 0.          0.99999859  0.          0.00167836  0.          0.        ]
 [-0.00167836  0.          0.99999859  0.          0.          0.        ]
 [ 0.         -0.00167836  0.          0.99999859  0.          0.        ]
 [ 0.          0.          0.          0.          1.          0.        ]
 [ 0.          0.          0.          0.          0.          1.        ]]
R2 #[[ 0.99999859  0.         -0.00167836  0.          0.          0.        ]
 [ 0.          0.99999859  0.         -0.00167836  0.          0.        ]
 [ 0.00167836  0.          0.99999859  0.          0.          0.        ]
 [ 0.          0.00167836  0.          0.99999859  0.          0.        ]
 [ 0.          0.          0.          0.          1.          0.        ]
 [ 0.          0.          0.          0.          0.          1.        ]]
Param #1627: delta OK; RMS=0.001 mm
quads_tilt_fit #5.895525959319505e-05
delta_local #[1.e-06]
R1 #[[ 9.99999998e-01  0.00000000e+00  5.99552596e-05  0.00000000e+00
   0.00000000e+00  0.00000000e+00]
 [ 0.00000000e+00  9.99999998e-01  0.00000000e+00  5.99552596e-05
   0.00000000e+00  0.00000000e+00]
 [-5.99552596e-05  0.00000000e+00  9.99999998e-01  0.00000000e+00
   0.00000000e+00  0.00000000e+00]
 [ 0.00000000e+00 -5.99552596e-05  0.00000000e+00  9.99999998e-01
   0.00000000e+00  0.00000000e+00]
 [ 0.00000000e+00  0.00000000e+00  0.00000000e+00  0.00000000e+00
   1.00000000e+00  0.00000000e+00]
 [ 0.00000000e+00  0.00000000e+00  0.00000000e+00  0.00000000e+00
   0.00000000e+00  1.00000000e+00]]
R2 #[[ 9.99999998e-01  0.00000000e+00 -5.99552596e-05  0.00000000e+00
   0.00000000e+00  0.00000000e+00]
 [ 0.00000000e+00  9.99999998e-01  0.00000000e+00 -5.99552596e-05
   0.00000000e+00  0.00000000e+00]
 [ 5.99552596e-05  0.00000000e+00  9.99999998e-01  0.00000000e+00
   0.00000000e+00  0.00000000e+00]
 [ 0.00000000e+00  5.99552596e-05  0.00000000e+00  9.99999998e-01
   0.00000000e+00  0.00000000e+00]
 [ 0.00000000e+00  0.00000000e+00  0.00000000e+00  0.00000000e+00
   1.00000000e+00  0.00000000e+00]
 [ 0.00000000e+00  0.00000000e+00  0.00000000e+00  0.00000000e+00
   0.00000000e+00  1.00000000e+00]]
Param #1636: delta too small; RMS=9.0005e-07 mm
quads_tilt_fit #5.895525959319505e-05
delta_local #[0.00111105]
R1 #[[ 0.99999932  0.          0.00117     0.          0.          0.        ]
 [ 0.          0.99999932  0.          0.00117     0.          0.        ]
 [-0.00117     0.          0.99999932  0.          0.          0.        ]
 [ 0.         -0.00117     0.          0.99999932  0.          0.        ]
 [ 0.          0.          0.          0.          1.          0.        ]
 [ 0.          0.          0.          0.          0.          1.        ]]
R2 #[[ 0.99999932  0.         -0.00117     0.          0.          0.        ]
 [ 0.          0.99999932  0.         -0.00117     0.          0.        ]
 [ 0.00117     0.          0.99999932  0.          0.          0.        ]
 [ 0.          0.00117     0.          0.99999932  0.          0.        ]
 [ 0.          0.          0.          0.          1.          0.        ]
 [ 0.          0.          0.          0.          0.          1.        ]]
Param #1636: delta OK; RMS=0.001 mm
quads_tilt_fit #-6.441352149167912e-06
delta_local #[1.e-06]
R1 #[[ 1.00000000e+00  0.00000000e+00 -5.44135215e-06  0.00000000e+00
   0.00000000e+00  0.00000000e+00]
 [ 0.00000000e+00  1.00000000e+00  0.00000000e+00 -5.44135215e-06
   0.00000000e+00  0.00000000e+00]
 [ 5.44135215e-06  0.00000000e+00  1.00000000e+00  0.00000000e+00
   0.00000000e+00  0.00000000e+00]
 [ 0.00000000e+00  5.44135215e-06  0.00000000e+00  1.00000000e+00
   0.00000000e+00  0.00000000e+00]
 [ 0.00000000e+00  0.00000000e+00  0.00000000e+00  0.00000000e+00
   1.00000000e+00  0.00000000e+00]
 [ 0.00000000e+00  0.00000000e+00  0.00000000e+00  0.00000000e+00
   0.00000000e+00  1.00000000e+00]]
R2 #[[ 1.00000000e+00  0.00000000e+00  5.44135215e-06  0.00000000e+00
   0.00000000e+00  0.00000000e+00]
 [ 0.00000000e+00  1.00000000e+00  0.00000000e+00  5.44135215e-06
   0.00000000e+00  0.00000000e+00]
 [-5.44135215e-06  0.00000000e+00  1.00000000e+00  0.00000000e+00
   0.00000000e+00  0.00000000e+00]
 [ 0.00000000e+00 -5.44135215e-06  0.00000000e+00  1.00000000e+00
   0.00000000e+00  0.00000000e+00]
 [ 0.00000000e+00  0.00000000e+00  0.00000000e+00  0.00000000e+00
   1.00000000e+00  0.00000000e+00]
 [ 0.00000000e+00  0.00000000e+00  0.00000000e+00  0.00000000e+00
   0.00000000e+00  1.00000000e+00]]
Param #1642: delta too small; RMS=8.6922e-07 mm
quads_tilt_fit #-6.441352149167912e-06
delta_local #[0.00115045]
R1 #[[ 0.99999935  0.          0.00114401  0.          0.          0.        ]
 [ 0.          0.99999935  0.          0.00114401  0.          0.        ]
 [-0.00114401  0.          0.99999935  0.          0.          0.        ]
 [ 0.         -0.00114401  0.          0.99999935  0.          0.        ]
 [ 0.          0.          0.          0.          1.          0.        ]
 [ 0.          0.          0.          0.          0.          1.        ]]
R2 #[[ 0.99999935  0.         -0.00114401  0.          0.          0.        ]
 [ 0.          0.99999935  0.         -0.00114401  0.          0.        ]
 [ 0.00114401  0.          0.99999935  0.          0.          0.        ]
 [ 0.          0.00114401  0.          0.99999935  0.          0.        ]
 [ 0.          0.          0.          0.          1.          0.        ]
 [ 0.          0.          0.          0.          0.          1.        ]]
Param #1642: delta OK; RMS=0.001 mm
quads_tilt_fit #2.543235604998505e-06
delta_local #[1.e-06]
R1 #[[ 1.0000000e+00  0.0000000e+00  3.5432356e-06  0.0000000e+00
   0.0000000e+00  0.0000000e+00]
 [ 0.0000000e+00  1.0000000e+00  0.0000000e+00  3.5432356e-06
   0.0000000e+00  0.0000000e+00]
 [-3.5432356e-06  0.0000000e+00  1.0000000e+00  0.0000000e+00
   0.0000000e+00  0.0000000e+00]
 [ 0.0000000e+00 -3.5432356e-06  0.0000000e+00  1.0000000e+00
   0.0000000e+00  0.0000000e+00]
 [ 0.0000000e+00  0.0000000e+00  0.0000000e+00  0.0000000e+00
   1.0000000e+00  0.0000000e+00]
 [ 0.0000000e+00  0.0000000e+00  0.0000000e+00  0.0000000e+00
   0.0000000e+00  1.0000000e+00]]
R2 #[[ 1.0000000e+00  0.0000000e+00 -3.5432356e-06  0.0000000e+00
   0.0000000e+00  0.0000000e+00]
 [ 0.0000000e+00  1.0000000e+00  0.0000000e+00 -3.5432356e-06
   0.0000000e+00  0.0000000e+00]
 [ 3.5432356e-06  0.0000000e+00  1.0000000e+00  0.0000000e+00
   0.0000000e+00  0.0000000e+00]
 [ 0.0000000e+00  3.5432356e-06  0.0000000e+00  1.0000000e+00
   0.0000000e+00  0.0000000e+00]
 [ 0.0000000e+00  0.0000000e+00  0.0000000e+00  0.0000000e+00
   1.0000000e+00  0.0000000e+00]
 [ 0.0000000e+00  0.0000000e+00  0.0000000e+00  0.0000000e+00
   0.0000000e+00  1.0000000e+00]]
Param #1649: delta too small; RMS=5.5466e-07 mm
quads_tilt_fit #2.543235604998505e-06
delta_local #[0.00180292]
R1 #[[ 0.99999837  0.          0.00180546  0.          0.          0.        ]
 [ 0.          0.99999837  0.          0.00180546  0.          0.        ]
 [-0.00180546  0.          0.99999837  0.          0.          0.        ]
 [ 0.         -0.00180546  0.          0.99999837  0.          0.        ]
 [ 0.          0.          0.          0.          1.          0.        ]
 [ 0.          0.          0.          0.          0.          1.        ]]
R2 #[[ 0.99999837  0.         -0.00180546  0.          0.          0.        ]
 [ 0.          0.99999837  0.         -0.00180546  0.          0.        ]
 [ 0.00180546  0.          0.99999837  0.          0.          0.        ]
 [ 0.          0.00180546  0.          0.99999837  0.          0.        ]
 [ 0.          0.          0.          0.          1.          0.        ]
 [ 0.          0.          0.          0.          0.          1.        ]]
Param #1649: delta OK; RMS=0.001 mm
quads_tilt_fit #0.00011014740186472309
delta_local #[1.e-06]
R1 #[[ 9.99999994e-01  0.00000000e+00  1.11147402e-04  0.00000000e+00
   0.00000000e+00  0.00000000e+00]
 [ 0.00000000e+00  9.99999994e-01  0.00000000e+00  1.11147402e-04
   0.00000000e+00  0.00000000e+00]
 [-1.11147402e-04  0.00000000e+00  9.99999994e-01  0.00000000e+00
   0.00000000e+00  0.00000000e+00]
 [ 0.00000000e+00 -1.11147402e-04  0.00000000e+00  9.99999994e-01
   0.00000000e+00  0.00000000e+00]
 [ 0.00000000e+00  0.00000000e+00  0.00000000e+00  0.00000000e+00
   1.00000000e+00  0.00000000e+00]
 [ 0.00000000e+00  0.00000000e+00  0.00000000e+00  0.00000000e+00
   0.00000000e+00  1.00000000e+00]]
R2 #[[ 9.99999994e-01  0.00000000e+00 -1.11147402e-04  0.00000000e+00
   0.00000000e+00  0.00000000e+00]
 [ 0.00000000e+00  9.99999994e-01  0.00000000e+00 -1.11147402e-04
   0.00000000e+00  0.00000000e+00]
 [ 1.11147402e-04  0.00000000e+00  9.99999994e-01  0.00000000e+00
   0.00000000e+00  0.00000000e+00]
 [ 0.00000000e+00  1.11147402e-04  0.00000000e+00  9.99999994e-01
   0.00000000e+00  0.00000000e+00]
 [ 0.00000000e+00  0.00000000e+00  0.00000000e+00  0.00000000e+00
   1.00000000e+00  0.00000000e+00]
 [ 0.00000000e+00  0.00000000e+00  0.00000000e+00  0.00000000e+00
   0.00000000e+00  1.00000000e+00]]
Param #1688: delta too small; RMS=5.6432e-07 mm
quads_tilt_fit #0.00011014740186472309
delta_local #[0.00177203]
R1 #[[ 0.99999823  0.          0.00188218  0.          0.          0.        ]
 [ 0.          0.99999823  0.          0.00188218  0.          0.        ]
 [-0.00188218  0.          0.99999823  0.          0.          0.        ]
 [ 0.         -0.00188218  0.          0.99999823  0.          0.        ]
 [ 0.          0.          0.          0.          1.          0.        ]
 [ 0.          0.          0.          0.          0.          1.        ]]
R2 #[[ 0.99999823  0.         -0.00188218  0.          0.          0.        ]
 [ 0.          0.99999823  0.         -0.00188218  0.          0.        ]
 [ 0.00188218  0.          0.99999823  0.          0.          0.        ]
 [ 0.          0.00188218  0.          0.99999823  0.          0.        ]
 [ 0.          0.          0.          0.          1.          0.        ]
 [ 0.          0.          0.          0.          0.          1.        ]]
Param #1688: delta OK; RMS=0.001 mm
quads_tilt_fit #-2.927815114016388e-05
delta_local #[1.e-06]
R1 #[[ 1.00000000e+00  0.00000000e+00 -2.82781511e-05  0.00000000e+00
   0.00000000e+00  0.00000000e+00]
 [ 0.00000000e+00  1.00000000e+00  0.00000000e+00 -2.82781511e-05
   0.00000000e+00  0.00000000e+00]
 [ 2.82781511e-05  0.00000000e+00  1.00000000e+00  0.00000000e+00
   0.00000000e+00  0.00000000e+00]
 [ 0.00000000e+00  2.82781511e-05  0.00000000e+00  1.00000000e+00
   0.00000000e+00  0.00000000e+00]
 [ 0.00000000e+00  0.00000000e+00  0.00000000e+00  0.00000000e+00
   1.00000000e+00  0.00000000e+00]
 [ 0.00000000e+00  0.00000000e+00  0.00000000e+00  0.00000000e+00
   0.00000000e+00  1.00000000e+00]]
R2 #[[ 1.00000000e+00  0.00000000e+00  2.82781511e-05  0.00000000e+00
   0.00000000e+00  0.00000000e+00]
 [ 0.00000000e+00  1.00000000e+00  0.00000000e+00  2.82781511e-05
   0.00000000e+00  0.00000000e+00]
 [-2.82781511e-05  0.00000000e+00  1.00000000e+00  0.00000000e+00
   0.00000000e+00  0.00000000e+00]
 [ 0.00000000e+00 -2.82781511e-05  0.00000000e+00  1.00000000e+00
   0.00000000e+00  0.00000000e+00]
 [ 0.00000000e+00  0.00000000e+00  0.00000000e+00  0.00000000e+00
   1.00000000e+00  0.00000000e+00]
 [ 0.00000000e+00  0.00000000e+00  0.00000000e+00  0.00000000e+00
   0.00000000e+00  1.00000000e+00]]
Param #1695: delta too small; RMS=8.7816e-07 mm
quads_tilt_fit #-2.927815114016388e-05
delta_local #[0.00113874]
R1 #[[ 0.99999938  0.          0.00110946  0.          0.          0.        ]
 [ 0.          0.99999938  0.          0.00110946  0.          0.        ]
 [-0.00110946  0.          0.99999938  0.          0.          0.        ]
 [ 0.         -0.00110946  0.          0.99999938  0.          0.        ]
 [ 0.          0.          0.          0.          1.          0.        ]
 [ 0.          0.          0.          0.          0.          1.        ]]
R2 #[[ 0.99999938  0.         -0.00110946  0.          0.          0.        ]
 [ 0.          0.99999938  0.         -0.00110946  0.          0.        ]
 [ 0.00110946  0.          0.99999938  0.          0.          0.        ]
 [ 0.          0.00110946  0.          0.99999938  0.          0.        ]
 [ 0.          0.          0.          0.          1.          0.        ]
 [ 0.          0.          0.          0.          0.          1.        ]]
Param #1695: delta OK; RMS=0.001 mm
quads_tilt_fit #9.005035166147615e-05
delta_local #[1.e-06]
R1 #[[ 9.99999996e-01  0.00000000e+00  9.10503515e-05  0.00000000e+00
   0.00000000e+00  0.00000000e+00]
 [ 0.00000000e+00  9.99999996e-01  0.00000000e+00  9.10503515e-05
   0.00000000e+00  0.00000000e+00]
 [-9.10503515e-05  0.00000000e+00  9.99999996e-01  0.00000000e+00
   0.00000000e+00  0.00000000e+00]
 [ 0.00000000e+00 -9.10503515e-05  0.00000000e+00  9.99999996e-01
   0.00000000e+00  0.00000000e+00]
 [ 0.00000000e+00  0.00000000e+00  0.00000000e+00  0.00000000e+00
   1.00000000e+00  0.00000000e+00]
 [ 0.00000000e+00  0.00000000e+00  0.00000000e+00  0.00000000e+00
   0.00000000e+00  1.00000000e+00]]
R2 #[[ 9.99999996e-01  0.00000000e+00 -9.10503515e-05  0.00000000e+00
   0.00000000e+00  0.00000000e+00]
 [ 0.00000000e+00  9.99999996e-01  0.00000000e+00 -9.10503515e-05
   0.00000000e+00  0.00000000e+00]
 [ 9.10503515e-05  0.00000000e+00  9.99999996e-01  0.00000000e+00
   0.00000000e+00  0.00000000e+00]
 [ 0.00000000e+00  9.10503515e-05  0.00000000e+00  9.99999996e-01
   0.00000000e+00  0.00000000e+00]
 [ 0.00000000e+00  0.00000000e+00  0.00000000e+00  0.00000000e+00
   1.00000000e+00  0.00000000e+00]
 [ 0.00000000e+00  0.00000000e+00  0.00000000e+00  0.00000000e+00
   0.00000000e+00  1.00000000e+00]]
Param #1701: delta too small; RMS=9.0869e-07 mm
quads_tilt_fit #9.005035166147615e-05
delta_local #[0.00110049]
R1 #[[ 0.99999929  0.          0.00119054  0.          0.          0.        ]
 [ 0.          0.99999929  0.          0.00119054  0.          0.        ]
 [-0.00119054  0.          0.99999929  0.          0.          0.        ]
 [ 0.         -0.00119054  0.          0.99999929  0.          0.        ]
 [ 0.          0.          0.          0.          1.          0.        ]
 [ 0.          0.          0.          0.          0.          1.        ]]
R2 #[[ 0.99999929  0.         -0.00119054  0.          0.          0.        ]
 [ 0.          0.99999929  0.         -0.00119054  0.          0.        ]
 [ 0.00119054  0.          0.99999929  0.          0.          0.        ]
 [ 0.          0.00119054  0.          0.99999929  0.          0.        ]
 [ 0.          0.          0.          0.          1.          0.        ]
 [ 0.          0.          0.          0.          0.          1.        ]]
Param #1701: delta OK; RMS=0.001 mm
quads_tilt_fit #8.409617075725941e-05
delta_local #[1.e-06]
R1 #[[ 9.99999996e-01  0.00000000e+00  8.50961707e-05  0.00000000e+00
   0.00000000e+00  0.00000000e+00]
 [ 0.00000000e+00  9.99999996e-01  0.00000000e+00  8.50961707e-05
   0.00000000e+00  0.00000000e+00]
 [-8.50961707e-05  0.00000000e+00  9.99999996e-01  0.00000000e+00
   0.00000000e+00  0.00000000e+00]
 [ 0.00000000e+00 -8.50961707e-05  0.00000000e+00  9.99999996e-01
   0.00000000e+00  0.00000000e+00]
 [ 0.00000000e+00  0.00000000e+00  0.00000000e+00  0.00000000e+00
   1.00000000e+00  0.00000000e+00]
 [ 0.00000000e+00  0.00000000e+00  0.00000000e+00  0.00000000e+00
   0.00000000e+00  1.00000000e+00]]
R2 #[[ 9.99999996e-01  0.00000000e+00 -8.50961707e-05  0.00000000e+00
   0.00000000e+00  0.00000000e+00]
 [ 0.00000000e+00  9.99999996e-01  0.00000000e+00 -8.50961707e-05
   0.00000000e+00  0.00000000e+00]
 [ 8.50961707e-05  0.00000000e+00  9.99999996e-01  0.00000000e+00
   0.00000000e+00  0.00000000e+00]
 [ 0.00000000e+00  8.50961707e-05  0.00000000e+00  9.99999996e-01
   0.00000000e+00  0.00000000e+00]
 [ 0.00000000e+00  0.00000000e+00  0.00000000e+00  0.00000000e+00
   1.00000000e+00  0.00000000e+00]
 [ 0.00000000e+00  0.00000000e+00  0.00000000e+00  0.00000000e+00
   0.00000000e+00  1.00000000e+00]]
Param #1710: delta too small; RMS=6.6178e-07 mm
quads_tilt_fit #8.409617075725941e-05
delta_local #[0.00151108]
R1 #[[ 0.99999873  0.          0.00159518  0.          0.          0.        ]
 [ 0.          0.99999873  0.          0.00159518  0.          0.        ]
 [-0.00159518  0.          0.99999873  0.          0.          0.        ]
 [ 0.         -0.00159518  0.          0.99999873  0.          0.        ]
 [ 0.          0.          0.          0.          1.          0.        ]
 [ 0.          0.          0.          0.          0.          1.        ]]
R2 #[[ 0.99999873  0.         -0.00159518  0.          0.          0.        ]
 [ 0.          0.99999873  0.         -0.00159518  0.          0.        ]
 [ 0.00159518  0.          0.99999873  0.          0.          0.        ]
 [ 0.          0.00159518  0.          0.99999873  0.          0.        ]
 [ 0.          0.          0.          0.          1.          0.        ]
 [ 0.          0.          0.          0.          0.          1.        ]]
Param #1710: delta OK; RMS=0.001 mm
quads_tilt_fit #-2.7419768211432838e-05
delta_local #[1.e-06]
R1 #[[ 1.00000000e+00  0.00000000e+00 -2.64197682e-05  0.00000000e+00
   0.00000000e+00  0.00000000e+00]
 [ 0.00000000e+00  1.00000000e+00  0.00000000e+00 -2.64197682e-05
   0.00000000e+00  0.00000000e+00]
 [ 2.64197682e-05  0.00000000e+00  1.00000000e+00  0.00000000e+00
   0.00000000e+00  0.00000000e+00]
 [ 0.00000000e+00  2.64197682e-05  0.00000000e+00  1.00000000e+00
   0.00000000e+00  0.00000000e+00]
 [ 0.00000000e+00  0.00000000e+00  0.00000000e+00  0.00000000e+00
   1.00000000e+00  0.00000000e+00]
 [ 0.00000000e+00  0.00000000e+00  0.00000000e+00  0.00000000e+00
   0.00000000e+00  1.00000000e+00]]
R2 #[[ 1.00000000e+00  0.00000000e+00  2.64197682e-05  0.00000000e+00
   0.00000000e+00  0.00000000e+00]
 [ 0.00000000e+00  1.00000000e+00  0.00000000e+00  2.64197682e-05
   0.00000000e+00  0.00000000e+00]
 [-2.64197682e-05  0.00000000e+00  1.00000000e+00  0.00000000e+00
   0.00000000e+00  0.00000000e+00]
 [ 0.00000000e+00 -2.64197682e-05  0.00000000e+00  1.00000000e+00
   0.00000000e+00  0.00000000e+00]
 [ 0.00000000e+00  0.00000000e+00  0.00000000e+00  0.00000000e+00
   1.00000000e+00  0.00000000e+00]
 [ 0.00000000e+00  0.00000000e+00  0.00000000e+00  0.00000000e+00
   0.00000000e+00  1.00000000e+00]]
Param #1766: delta too small; RMS=6.6876e-07 mm
quads_tilt_fit #-2.7419768211432838e-05
delta_local #[0.0014953]
R1 #[[ 0.99999892  0.          0.00146788  0.          0.          0.        ]
 [ 0.          0.99999892  0.          0.00146788  0.          0.        ]
 [-0.00146788  0.          0.99999892  0.          0.          0.        ]
 [ 0.         -0.00146788  0.          0.99999892  0.          0.        ]
 [ 0.          0.          0.          0.          1.          0.        ]
 [ 0.          0.          0.          0.          0.          1.        ]]
R2 #[[ 0.99999892  0.         -0.00146788  0.          0.          0.        ]
 [ 0.          0.99999892  0.         -0.00146788  0.          0.        ]
 [ 0.00146788  0.          0.99999892  0.          0.          0.        ]
 [ 0.          0.00146788  0.          0.99999892  0.          0.        ]
 [ 0.          0.          0.          0.          1.          0.        ]
 [ 0.          0.          0.          0.          0.          1.        ]]
Param #1766: delta OK; RMS=0.001 mm
quads_tilt_fit #6.469720306102086e-05
delta_local #[1.e-06]
R1 #[[ 9.99999998e-01  0.00000000e+00  6.56972030e-05  0.00000000e+00
   0.00000000e+00  0.00000000e+00]
 [ 0.00000000e+00  9.99999998e-01  0.00000000e+00  6.56972030e-05
   0.00000000e+00  0.00000000e+00]
 [-6.56972030e-05  0.00000000e+00  9.99999998e-01  0.00000000e+00
   0.00000000e+00  0.00000000e+00]
 [ 0.00000000e+00 -6.56972030e-05  0.00000000e+00  9.99999998e-01
   0.00000000e+00  0.00000000e+00]
 [ 0.00000000e+00  0.00000000e+00  0.00000000e+00  0.00000000e+00
   1.00000000e+00  0.00000000e+00]
 [ 0.00000000e+00  0.00000000e+00  0.00000000e+00  0.00000000e+00
   0.00000000e+00  1.00000000e+00]]
R2 #[[ 9.99999998e-01  0.00000000e+00 -6.56972030e-05  0.00000000e+00
   0.00000000e+00  0.00000000e+00]
 [ 0.00000000e+00  9.99999998e-01  0.00000000e+00 -6.56972030e-05
   0.00000000e+00  0.00000000e+00]
 [ 6.56972030e-05  0.00000000e+00  9.99999998e-01  0.00000000e+00
   0.00000000e+00  0.00000000e+00]
 [ 0.00000000e+00  6.56972030e-05  0.00000000e+00  9.99999998e-01
   0.00000000e+00  0.00000000e+00]
 [ 0.00000000e+00  0.00000000e+00  0.00000000e+00  0.00000000e+00
   1.00000000e+00  0.00000000e+00]
 [ 0.00000000e+00  0.00000000e+00  0.00000000e+00  0.00000000e+00
   0.00000000e+00  1.00000000e+00]]
Param #1775: delta too small; RMS=8.744e-07 mm
quads_tilt_fit #6.469720306102086e-05
delta_local #[0.00114364]
R1 #[[ 0.99999927  0.          0.00120834  0.          0.          0.        ]
 [ 0.          0.99999927  0.          0.00120834  0.          0.        ]
 [-0.00120834  0.          0.99999927  0.          0.          0.        ]
 [ 0.         -0.00120834  0.          0.99999927  0.          0.        ]
 [ 0.          0.          0.          0.          1.          0.        ]
 [ 0.          0.          0.          0.          0.          1.        ]]
R2 #[[ 0.99999927  0.         -0.00120834  0.          0.          0.        ]
 [ 0.          0.99999927  0.         -0.00120834  0.          0.        ]
 [ 0.00120834  0.          0.99999927  0.          0.          0.        ]
 [ 0.          0.00120834  0.          0.99999927  0.          0.        ]
 [ 0.          0.          0.          0.          1.          0.        ]
 [ 0.          0.          0.          0.          0.          1.        ]]
Param #1775: delta OK; RMS=0.001 mm
quads_tilt_fit #-0.00010673754038387928
delta_local #[1.e-06]
R1 #[[ 9.99999994e-01  0.00000000e+00 -1.05737540e-04  0.00000000e+00
   0.00000000e+00  0.00000000e+00]
 [ 0.00000000e+00  9.99999994e-01  0.00000000e+00 -1.05737540e-04
   0.00000000e+00  0.00000000e+00]
 [ 1.05737540e-04  0.00000000e+00  9.99999994e-01  0.00000000e+00
   0.00000000e+00  0.00000000e+00]
 [ 0.00000000e+00  1.05737540e-04  0.00000000e+00  9.99999994e-01
   0.00000000e+00  0.00000000e+00]
 [ 0.00000000e+00  0.00000000e+00  0.00000000e+00  0.00000000e+00
   1.00000000e+00  0.00000000e+00]
 [ 0.00000000e+00  0.00000000e+00  0.00000000e+00  0.00000000e+00
   0.00000000e+00  1.00000000e+00]]
R2 #[[ 9.99999994e-01  0.00000000e+00  1.05737540e-04  0.00000000e+00
   0.00000000e+00  0.00000000e+00]
 [ 0.00000000e+00  9.99999994e-01  0.00000000e+00  1.05737540e-04
   0.00000000e+00  0.00000000e+00]
 [-1.05737540e-04  0.00000000e+00  9.99999994e-01  0.00000000e+00
   0.00000000e+00  0.00000000e+00]
 [ 0.00000000e+00 -1.05737540e-04  0.00000000e+00  9.99999994e-01
   0.00000000e+00  0.00000000e+00]
 [ 0.00000000e+00  0.00000000e+00  0.00000000e+00  0.00000000e+00
   1.00000000e+00  0.00000000e+00]
 [ 0.00000000e+00  0.00000000e+00  0.00000000e+00  0.00000000e+00
   0.00000000e+00  1.00000000e+00]]
Param #1781: delta too small; RMS=9.4698e-07 mm
quads_tilt_fit #-0.00010673754038387928
delta_local #[0.00105599]
R1 #[[ 9.99999549e-01  0.00000000e+00  9.49256334e-04  0.00000000e+00
   0.00000000e+00  0.00000000e+00]
 [ 0.00000000e+00  9.99999549e-01  0.00000000e+00  9.49256334e-04
   0.00000000e+00  0.00000000e+00]
 [-9.49256334e-04  0.00000000e+00  9.99999549e-01  0.00000000e+00
   0.00000000e+00  0.00000000e+00]
 [ 0.00000000e+00 -9.49256334e-04  0.00000000e+00  9.99999549e-01
   0.00000000e+00  0.00000000e+00]
 [ 0.00000000e+00  0.00000000e+00  0.00000000e+00  0.00000000e+00
   1.00000000e+00  0.00000000e+00]
 [ 0.00000000e+00  0.00000000e+00  0.00000000e+00  0.00000000e+00
   0.00000000e+00  1.00000000e+00]]
R2 #[[ 9.99999549e-01  0.00000000e+00 -9.49256334e-04  0.00000000e+00
   0.00000000e+00  0.00000000e+00]
 [ 0.00000000e+00  9.99999549e-01  0.00000000e+00 -9.49256334e-04
   0.00000000e+00  0.00000000e+00]
 [ 9.49256334e-04  0.00000000e+00  9.99999549e-01  0.00000000e+00
   0.00000000e+00  0.00000000e+00]
 [ 0.00000000e+00  9.49256334e-04  0.00000000e+00  9.99999549e-01
   0.00000000e+00  0.00000000e+00]
 [ 0.00000000e+00  0.00000000e+00  0.00000000e+00  0.00000000e+00
   1.00000000e+00  0.00000000e+00]
 [ 0.00000000e+00  0.00000000e+00  0.00000000e+00  0.00000000e+00
   0.00000000e+00  1.00000000e+00]]
Param #1781: delta OK; RMS=0.001 mm
quads_tilt_fit #5.043942904813136e-05
delta_local #[1.e-06]
R1 #[[ 9.99999999e-01  0.00000000e+00  5.14394290e-05  0.00000000e+00
   0.00000000e+00  0.00000000e+00]
 [ 0.00000000e+00  9.99999999e-01  0.00000000e+00  5.14394290e-05
   0.00000000e+00  0.00000000e+00]
 [-5.14394290e-05  0.00000000e+00  9.99999999e-01  0.00000000e+00
   0.00000000e+00  0.00000000e+00]
 [ 0.00000000e+00 -5.14394290e-05  0.00000000e+00  9.99999999e-01
   0.00000000e+00  0.00000000e+00]
 [ 0.00000000e+00  0.00000000e+00  0.00000000e+00  0.00000000e+00
   1.00000000e+00  0.00000000e+00]
 [ 0.00000000e+00  0.00000000e+00  0.00000000e+00  0.00000000e+00
   0.00000000e+00  1.00000000e+00]]
R2 #[[ 9.99999999e-01  0.00000000e+00 -5.14394290e-05  0.00000000e+00
   0.00000000e+00  0.00000000e+00]
 [ 0.00000000e+00  9.99999999e-01  0.00000000e+00 -5.14394290e-05
   0.00000000e+00  0.00000000e+00]
 [ 5.14394290e-05  0.00000000e+00  9.99999999e-01  0.00000000e+00
   0.00000000e+00  0.00000000e+00]
 [ 0.00000000e+00  5.14394290e-05  0.00000000e+00  9.99999999e-01
   0.00000000e+00  0.00000000e+00]
 [ 0.00000000e+00  0.00000000e+00  0.00000000e+00  0.00000000e+00
   1.00000000e+00  0.00000000e+00]
 [ 0.00000000e+00  0.00000000e+00  0.00000000e+00  0.00000000e+00
   0.00000000e+00  1.00000000e+00]]
Param #1788: delta too small; RMS=5.7294e-07 mm
quads_tilt_fit #5.043942904813136e-05
delta_local #[0.00174538]
R1 #[[ 0.99999839  0.          0.00179582  0.          0.          0.        ]
 [ 0.          0.99999839  0.          0.00179582  0.          0.        ]
 [-0.00179582  0.          0.99999839  0.          0.          0.        ]
 [ 0.         -0.00179582  0.          0.99999839  0.          0.        ]
 [ 0.          0.          0.          0.          1.          0.        ]
 [ 0.          0.          0.          0.          0.          1.        ]]
R2 #[[ 0.99999839  0.         -0.00179582  0.          0.          0.        ]
 [ 0.          0.99999839  0.         -0.00179582  0.          0.        ]
 [ 0.00179582  0.          0.99999839  0.          0.          0.        ]
 [ 0.          0.00179582  0.          0.99999839  0.          0.        ]
 [ 0.          0.          0.          0.          1.          0.        ]
 [ 0.          0.          0.          0.          0.          1.        ]]
Param #1788: delta OK; RMS=0.001 mm
quads_tilt_fit #5.3845609200660184e-05
delta_local #[1.e-06]
R1 #[[ 9.99999998e-01  0.00000000e+00  5.48456092e-05  0.00000000e+00
   0.00000000e+00  0.00000000e+00]
 [ 0.00000000e+00  9.99999998e-01  0.00000000e+00  5.48456092e-05
   0.00000000e+00  0.00000000e+00]
 [-5.48456092e-05  0.00000000e+00  9.99999998e-01  0.00000000e+00
   0.00000000e+00  0.00000000e+00]
 [ 0.00000000e+00 -5.48456092e-05  0.00000000e+00  9.99999998e-01
   0.00000000e+00  0.00000000e+00]
 [ 0.00000000e+00  0.00000000e+00  0.00000000e+00  0.00000000e+00
   1.00000000e+00  0.00000000e+00]
 [ 0.00000000e+00  0.00000000e+00  0.00000000e+00  0.00000000e+00
   0.00000000e+00  1.00000000e+00]]
R2 #[[ 9.99999998e-01  0.00000000e+00 -5.48456092e-05  0.00000000e+00
   0.00000000e+00  0.00000000e+00]
 [ 0.00000000e+00  9.99999998e-01  0.00000000e+00 -5.48456092e-05
   0.00000000e+00  0.00000000e+00]
 [ 5.48456092e-05  0.00000000e+00  9.99999998e-01  0.00000000e+00
   0.00000000e+00  0.00000000e+00]
 [ 0.00000000e+00  5.48456092e-05  0.00000000e+00  9.99999998e-01
   0.00000000e+00  0.00000000e+00]
 [ 0.00000000e+00  0.00000000e+00  0.00000000e+00  0.00000000e+00
   1.00000000e+00  0.00000000e+00]
 [ 0.00000000e+00  0.00000000e+00  0.00000000e+00  0.00000000e+00
   0.00000000e+00  1.00000000e+00]]
Param #1824: delta too small; RMS=5.7463e-07 mm
quads_tilt_fit #5.3845609200660184e-05
delta_local #[0.00174027]
R1 #[[ 0.99999839  0.          0.00179411  0.          0.          0.        ]
 [ 0.          0.99999839  0.          0.00179411  0.          0.        ]
 [-0.00179411  0.          0.99999839  0.          0.          0.        ]
 [ 0.         -0.00179411  0.          0.99999839  0.          0.        ]
 [ 0.          0.          0.          0.          1.          0.        ]
 [ 0.          0.          0.          0.          0.          1.        ]]
R2 #[[ 0.99999839  0.         -0.00179411  0.          0.          0.        ]
 [ 0.          0.99999839  0.         -0.00179411  0.          0.        ]
 [ 0.00179411  0.          0.99999839  0.          0.          0.        ]
 [ 0.          0.00179411  0.          0.99999839  0.          0.        ]
 [ 0.          0.          0.          0.          1.          0.        ]
 [ 0.          0.          0.          0.          0.          1.        ]]
Param #1824: delta OK; RMS=0.001 mm
quads_tilt_fit #-6.880573608078464e-05
delta_local #[1.e-06]
R1 #[[ 9.99999998e-01  0.00000000e+00 -6.78057360e-05  0.00000000e+00
   0.00000000e+00  0.00000000e+00]
 [ 0.00000000e+00  9.99999998e-01  0.00000000e+00 -6.78057360e-05
   0.00000000e+00  0.00000000e+00]
 [ 6.78057360e-05  0.00000000e+00  9.99999998e-01  0.00000000e+00
   0.00000000e+00  0.00000000e+00]
 [ 0.00000000e+00  6.78057360e-05  0.00000000e+00  9.99999998e-01
   0.00000000e+00  0.00000000e+00]
 [ 0.00000000e+00  0.00000000e+00  0.00000000e+00  0.00000000e+00
   1.00000000e+00  0.00000000e+00]
 [ 0.00000000e+00  0.00000000e+00  0.00000000e+00  0.00000000e+00
   0.00000000e+00  1.00000000e+00]]
R2 #[[ 9.99999998e-01  0.00000000e+00  6.78057360e-05  0.00000000e+00
   0.00000000e+00  0.00000000e+00]
 [ 0.00000000e+00  9.99999998e-01  0.00000000e+00  6.78057360e-05
   0.00000000e+00  0.00000000e+00]
 [-6.78057360e-05  0.00000000e+00  9.99999998e-01  0.00000000e+00
   0.00000000e+00  0.00000000e+00]
 [ 0.00000000e+00 -6.78057360e-05  0.00000000e+00  9.99999998e-01
   0.00000000e+00  0.00000000e+00]
 [ 0.00000000e+00  0.00000000e+00  0.00000000e+00  0.00000000e+00
   1.00000000e+00  0.00000000e+00]
 [ 0.00000000e+00  0.00000000e+00  0.00000000e+00  0.00000000e+00
   0.00000000e+00  1.00000000e+00]]
Param #1831: delta too small; RMS=9.5273e-07 mm
quads_tilt_fit #-6.880573608078464e-05
delta_local #[0.00104961]
R1 #[[ 9.99999519e-01  0.00000000e+00  9.80808596e-04  0.00000000e+00
   0.00000000e+00  0.00000000e+00]
 [ 0.00000000e+00  9.99999519e-01  0.00000000e+00  9.80808596e-04
   0.00000000e+00  0.00000000e+00]
 [-9.80808596e-04  0.00000000e+00  9.99999519e-01  0.00000000e+00
   0.00000000e+00  0.00000000e+00]
 [ 0.00000000e+00 -9.80808596e-04  0.00000000e+00  9.99999519e-01
   0.00000000e+00  0.00000000e+00]
 [ 0.00000000e+00  0.00000000e+00  0.00000000e+00  0.00000000e+00
   1.00000000e+00  0.00000000e+00]
 [ 0.00000000e+00  0.00000000e+00  0.00000000e+00  0.00000000e+00
   0.00000000e+00  1.00000000e+00]]
R2 #[[ 9.99999519e-01  0.00000000e+00 -9.80808596e-04  0.00000000e+00
   0.00000000e+00  0.00000000e+00]
 [ 0.00000000e+00  9.99999519e-01  0.00000000e+00 -9.80808596e-04
   0.00000000e+00  0.00000000e+00]
 [ 9.80808596e-04  0.00000000e+00  9.99999519e-01  0.00000000e+00
   0.00000000e+00  0.00000000e+00]
 [ 0.00000000e+00  9.80808596e-04  0.00000000e+00  9.99999519e-01
   0.00000000e+00  0.00000000e+00]
 [ 0.00000000e+00  0.00000000e+00  0.00000000e+00  0.00000000e+00
   1.00000000e+00  0.00000000e+00]
 [ 0.00000000e+00  0.00000000e+00  0.00000000e+00  0.00000000e+00
   0.00000000e+00  1.00000000e+00]]
Param #1831: delta OK; RMS=0.001 mm
quads_tilt_fit #0.0001407943458478177
delta_local #[1.e-06]
R1 #[[ 9.99999990e-01  0.00000000e+00  1.41794345e-04  0.00000000e+00
   0.00000000e+00  0.00000000e+00]
 [ 0.00000000e+00  9.99999990e-01  0.00000000e+00  1.41794345e-04
   0.00000000e+00  0.00000000e+00]
 [-1.41794345e-04  0.00000000e+00  9.99999990e-01  0.00000000e+00
   0.00000000e+00  0.00000000e+00]
 [ 0.00000000e+00 -1.41794345e-04  0.00000000e+00  9.99999990e-01
   0.00000000e+00  0.00000000e+00]
 [ 0.00000000e+00  0.00000000e+00  0.00000000e+00  0.00000000e+00
   1.00000000e+00  0.00000000e+00]
 [ 0.00000000e+00  0.00000000e+00  0.00000000e+00  0.00000000e+00
   0.00000000e+00  1.00000000e+00]]
R2 #[[ 9.99999990e-01  0.00000000e+00 -1.41794345e-04  0.00000000e+00
   0.00000000e+00  0.00000000e+00]
 [ 0.00000000e+00  9.99999990e-01  0.00000000e+00 -1.41794345e-04
   0.00000000e+00  0.00000000e+00]
 [ 1.41794345e-04  0.00000000e+00  9.99999990e-01  0.00000000e+00
   0.00000000e+00  0.00000000e+00]
 [ 0.00000000e+00  1.41794345e-04  0.00000000e+00  9.99999990e-01
   0.00000000e+00  0.00000000e+00]
 [ 0.00000000e+00  0.00000000e+00  0.00000000e+00  0.00000000e+00
   1.00000000e+00  0.00000000e+00]
 [ 0.00000000e+00  0.00000000e+00  0.00000000e+00  0.00000000e+00
   0.00000000e+00  1.00000000e+00]]
Param #1837: delta too small; RMS=8.8081e-07 mm
quads_tilt_fit #0.0001407943458478177
delta_local #[0.00113532]
R1 #[[ 0.99999919  0.          0.00127611  0.          0.          0.        ]
 [ 0.          0.99999919  0.          0.00127611  0.          0.        ]
 [-0.00127611  0.          0.99999919  0.          0.          0.        ]
 [ 0.         -0.00127611  0.          0.99999919  0.          0.        ]
 [ 0.          0.          0.          0.          1.          0.        ]
 [ 0.          0.          0.          0.          0.          1.        ]]
R2 #[[ 0.99999919  0.         -0.00127611  0.          0.          0.        ]
 [ 0.          0.99999919  0.         -0.00127611  0.          0.        ]
 [ 0.00127611  0.          0.99999919  0.          0.          0.        ]
 [ 0.          0.00127611  0.          0.99999919  0.          0.        ]
 [ 0.          0.          0.          0.          1.          0.        ]
 [ 0.          0.          0.          0.          0.          1.        ]]
Param #1837: delta OK; RMS=0.001 mm
quads_tilt_fit #0.00013114814018812344
delta_local #[1.e-06]
R1 #[[ 9.99999991e-01  0.00000000e+00  1.32148140e-04  0.00000000e+00
   0.00000000e+00  0.00000000e+00]
 [ 0.00000000e+00  9.99999991e-01  0.00000000e+00  1.32148140e-04
   0.00000000e+00  0.00000000e+00]
 [-1.32148140e-04  0.00000000e+00  9.99999991e-01  0.00000000e+00
   0.00000000e+00  0.00000000e+00]
 [ 0.00000000e+00 -1.32148140e-04  0.00000000e+00  9.99999991e-01
   0.00000000e+00  0.00000000e+00]
 [ 0.00000000e+00  0.00000000e+00  0.00000000e+00  0.00000000e+00
   1.00000000e+00  0.00000000e+00]
 [ 0.00000000e+00  0.00000000e+00  0.00000000e+00  0.00000000e+00
   0.00000000e+00  1.00000000e+00]]
R2 #[[ 9.99999991e-01  0.00000000e+00 -1.32148140e-04  0.00000000e+00
   0.00000000e+00  0.00000000e+00]
 [ 0.00000000e+00  9.99999991e-01  0.00000000e+00 -1.32148140e-04
   0.00000000e+00  0.00000000e+00]
 [ 1.32148140e-04  0.00000000e+00  9.99999991e-01  0.00000000e+00
   0.00000000e+00  0.00000000e+00]
 [ 0.00000000e+00  1.32148140e-04  0.00000000e+00  9.99999991e-01
   0.00000000e+00  0.00000000e+00]
 [ 0.00000000e+00  0.00000000e+00  0.00000000e+00  0.00000000e+00
   1.00000000e+00  0.00000000e+00]
 [ 0.00000000e+00  0.00000000e+00  0.00000000e+00  0.00000000e+00
   0.00000000e+00  1.00000000e+00]]
Param #1846: delta too small; RMS=6.7038e-07 mm
quads_tilt_fit #0.00013114814018812344
delta_local #[0.0014917]
R1 #[[ 0.99999868  0.          0.00162284  0.          0.          0.        ]
 [ 0.          0.99999868  0.          0.00162284  0.          0.        ]
 [-0.00162284  0.          0.99999868  0.          0.          0.        ]
 [ 0.         -0.00162284  0.          0.99999868  0.          0.        ]
 [ 0.          0.          0.          0.          1.          0.        ]
 [ 0.          0.          0.          0.          0.          1.        ]]
R2 #[[ 0.99999868  0.         -0.00162284  0.          0.          0.        ]
 [ 0.          0.99999868  0.         -0.00162284  0.          0.        ]
 [ 0.00162284  0.          0.99999868  0.          0.          0.        ]
 [ 0.          0.00162284  0.          0.99999868  0.          0.        ]
 [ 0.          0.          0.          0.          1.          0.        ]
 [ 0.          0.          0.          0.          0.          1.        ]]
Param #1846: delta OK; RMS=0.001 mm
quads_tilt_fit #0.0001140749880478285
delta_local #[1.e-06]
R1 #[[ 9.99999993e-01  0.00000000e+00  1.15074988e-04  0.00000000e+00
   0.00000000e+00  0.00000000e+00]
 [ 0.00000000e+00  9.99999993e-01  0.00000000e+00  1.15074988e-04
   0.00000000e+00  0.00000000e+00]
 [-1.15074988e-04  0.00000000e+00  9.99999993e-01  0.00000000e+00
   0.00000000e+00  0.00000000e+00]
 [ 0.00000000e+00 -1.15074988e-04  0.00000000e+00  9.99999993e-01
   0.00000000e+00  0.00000000e+00]
 [ 0.00000000e+00  0.00000000e+00  0.00000000e+00  0.00000000e+00
   1.00000000e+00  0.00000000e+00]
 [ 0.00000000e+00  0.00000000e+00  0.00000000e+00  0.00000000e+00
   0.00000000e+00  1.00000000e+00]]
R2 #[[ 9.99999993e-01  0.00000000e+00 -1.15074988e-04  0.00000000e+00
   0.00000000e+00  0.00000000e+00]
 [ 0.00000000e+00  9.99999993e-01  0.00000000e+00 -1.15074988e-04
   0.00000000e+00  0.00000000e+00]
 [ 1.15074988e-04  0.00000000e+00  9.99999993e-01  0.00000000e+00
   0.00000000e+00  0.00000000e+00]
 [ 0.00000000e+00  1.15074988e-04  0.00000000e+00  9.99999993e-01
   0.00000000e+00  0.00000000e+00]
 [ 0.00000000e+00  0.00000000e+00  0.00000000e+00  0.00000000e+00
   1.00000000e+00  0.00000000e+00]
 [ 0.00000000e+00  0.00000000e+00  0.00000000e+00  0.00000000e+00
   0.00000000e+00  1.00000000e+00]]
Param #1902: delta too small; RMS=6.6966e-07 mm
quads_tilt_fit #0.0001140749880478285
delta_local #[0.00149329]
R1 #[[ 0.99999871  0.          0.00160736  0.          0.          0.        ]
 [ 0.          0.99999871  0.          0.00160736  0.          0.        ]
 [-0.00160736  0.          0.99999871  0.          0.          0.        ]
 [ 0.         -0.00160736  0.          0.99999871  0.          0.        ]
 [ 0.          0.          0.          0.          1.          0.        ]
 [ 0.          0.          0.          0.          0.          1.        ]]
R2 #[[ 0.99999871  0.         -0.00160736  0.          0.          0.        ]
 [ 0.          0.99999871  0.         -0.00160736  0.          0.        ]
 [ 0.00160736  0.          0.99999871  0.          0.          0.        ]
 [ 0.          0.00160736  0.          0.99999871  0.          0.        ]
 [ 0.          0.          0.          0.          1.          0.        ]
 [ 0.          0.          0.          0.          0.          1.        ]]
Param #1902: delta OK; RMS=0.001 mm
quads_tilt_fit #3.114787671230467e-05
delta_local #[1.e-06]
R1 #[[ 9.99999999e-01  0.00000000e+00  3.21478767e-05  0.00000000e+00
   0.00000000e+00  0.00000000e+00]
 [ 0.00000000e+00  9.99999999e-01  0.00000000e+00  3.21478767e-05
   0.00000000e+00  0.00000000e+00]
 [-3.21478767e-05  0.00000000e+00  9.99999999e-01  0.00000000e+00
   0.00000000e+00  0.00000000e+00]
 [ 0.00000000e+00 -3.21478767e-05  0.00000000e+00  9.99999999e-01
   0.00000000e+00  0.00000000e+00]
 [ 0.00000000e+00  0.00000000e+00  0.00000000e+00  0.00000000e+00
   1.00000000e+00  0.00000000e+00]
 [ 0.00000000e+00  0.00000000e+00  0.00000000e+00  0.00000000e+00
   0.00000000e+00  1.00000000e+00]]
R2 #[[ 9.99999999e-01  0.00000000e+00 -3.21478767e-05  0.00000000e+00
   0.00000000e+00  0.00000000e+00]
 [ 0.00000000e+00  9.99999999e-01  0.00000000e+00 -3.21478767e-05
   0.00000000e+00  0.00000000e+00]
 [ 3.21478767e-05  0.00000000e+00  9.99999999e-01  0.00000000e+00
   0.00000000e+00  0.00000000e+00]
 [ 0.00000000e+00  3.21478767e-05  0.00000000e+00  9.99999999e-01
   0.00000000e+00  0.00000000e+00]
 [ 0.00000000e+00  0.00000000e+00  0.00000000e+00  0.00000000e+00
   1.00000000e+00  0.00000000e+00]
 [ 0.00000000e+00  0.00000000e+00  0.00000000e+00  0.00000000e+00
   0.00000000e+00  1.00000000e+00]]
Param #1911: delta too small; RMS=8.7937e-07 mm
quads_tilt_fit #3.114787671230467e-05
delta_local #[0.00113718]
R1 #[[ 0.99999932  0.          0.00116832  0.          0.          0.        ]
 [ 0.          0.99999932  0.          0.00116832  0.          0.        ]
 [-0.00116832  0.          0.99999932  0.          0.          0.        ]
 [ 0.         -0.00116832  0.          0.99999932  0.          0.        ]
 [ 0.          0.          0.          0.          1.          0.        ]
 [ 0.          0.          0.          0.          0.          1.        ]]
R2 #[[ 0.99999932  0.         -0.00116832  0.          0.          0.        ]
 [ 0.          0.99999932  0.         -0.00116832  0.          0.        ]
 [ 0.00116832  0.          0.99999932  0.          0.          0.        ]
 [ 0.          0.00116832  0.          0.99999932  0.          0.        ]
 [ 0.          0.          0.          0.          1.          0.        ]
 [ 0.          0.          0.          0.          0.          1.        ]]
Param #1911: delta OK; RMS=0.001 mm
quads_tilt_fit #-7.88932020533938e-05
delta_local #[1.e-06]
R1 #[[ 9.99999997e-01  0.00000000e+00 -7.78932020e-05  0.00000000e+00
   0.00000000e+00  0.00000000e+00]
 [ 0.00000000e+00  9.99999997e-01  0.00000000e+00 -7.78932020e-05
   0.00000000e+00  0.00000000e+00]
 [ 7.78932020e-05  0.00000000e+00  9.99999997e-01  0.00000000e+00
   0.00000000e+00  0.00000000e+00]
 [ 0.00000000e+00  7.78932020e-05  0.00000000e+00  9.99999997e-01
   0.00000000e+00  0.00000000e+00]
 [ 0.00000000e+00  0.00000000e+00  0.00000000e+00  0.00000000e+00
   1.00000000e+00  0.00000000e+00]
 [ 0.00000000e+00  0.00000000e+00  0.00000000e+00  0.00000000e+00
   0.00000000e+00  1.00000000e+00]]
R2 #[[ 9.99999997e-01  0.00000000e+00  7.78932020e-05  0.00000000e+00
   0.00000000e+00  0.00000000e+00]
 [ 0.00000000e+00  9.99999997e-01  0.00000000e+00  7.78932020e-05
   0.00000000e+00  0.00000000e+00]
 [-7.78932020e-05  0.00000000e+00  9.99999997e-01  0.00000000e+00
   0.00000000e+00  0.00000000e+00]
 [ 0.00000000e+00 -7.78932020e-05  0.00000000e+00  9.99999997e-01
   0.00000000e+00  0.00000000e+00]
 [ 0.00000000e+00  0.00000000e+00  0.00000000e+00  0.00000000e+00
   1.00000000e+00  0.00000000e+00]
 [ 0.00000000e+00  0.00000000e+00  0.00000000e+00  0.00000000e+00
   0.00000000e+00  1.00000000e+00]]
Param #1917: delta too small; RMS=9.5215e-07 mm
quads_tilt_fit #-7.88932020533938e-05
delta_local #[0.00105026]
R1 #[[ 9.99999528e-01  0.00000000e+00  9.71366106e-04  0.00000000e+00
   0.00000000e+00  0.00000000e+00]
 [ 0.00000000e+00  9.99999528e-01  0.00000000e+00  9.71366106e-04
   0.00000000e+00  0.00000000e+00]
 [-9.71366106e-04  0.00000000e+00  9.99999528e-01  0.00000000e+00
   0.00000000e+00  0.00000000e+00]
 [ 0.00000000e+00 -9.71366106e-04  0.00000000e+00  9.99999528e-01
   0.00000000e+00  0.00000000e+00]
 [ 0.00000000e+00  0.00000000e+00  0.00000000e+00  0.00000000e+00
   1.00000000e+00  0.00000000e+00]
 [ 0.00000000e+00  0.00000000e+00  0.00000000e+00  0.00000000e+00
   0.00000000e+00  1.00000000e+00]]
R2 #[[ 9.99999528e-01  0.00000000e+00 -9.71366106e-04  0.00000000e+00
   0.00000000e+00  0.00000000e+00]
 [ 0.00000000e+00  9.99999528e-01  0.00000000e+00 -9.71366106e-04
   0.00000000e+00  0.00000000e+00]
 [ 9.71366106e-04  0.00000000e+00  9.99999528e-01  0.00000000e+00
   0.00000000e+00  0.00000000e+00]
 [ 0.00000000e+00  9.71366106e-04  0.00000000e+00  9.99999528e-01
   0.00000000e+00  0.00000000e+00]
 [ 0.00000000e+00  0.00000000e+00  0.00000000e+00  0.00000000e+00
   1.00000000e+00  0.00000000e+00]
 [ 0.00000000e+00  0.00000000e+00  0.00000000e+00  0.00000000e+00
   0.00000000e+00  1.00000000e+00]]
Param #1917: delta OK; RMS=0.001 mm
quads_tilt_fit #-6.317504314329916e-05
delta_local #[1.e-06]
R1 #[[ 9.99999998e-01  0.00000000e+00 -6.21750431e-05  0.00000000e+00
   0.00000000e+00  0.00000000e+00]
 [ 0.00000000e+00  9.99999998e-01  0.00000000e+00 -6.21750431e-05
   0.00000000e+00  0.00000000e+00]
 [ 6.21750431e-05  0.00000000e+00  9.99999998e-01  0.00000000e+00
   0.00000000e+00  0.00000000e+00]
 [ 0.00000000e+00  6.21750431e-05  0.00000000e+00  9.99999998e-01
   0.00000000e+00  0.00000000e+00]
 [ 0.00000000e+00  0.00000000e+00  0.00000000e+00  0.00000000e+00
   1.00000000e+00  0.00000000e+00]
 [ 0.00000000e+00  0.00000000e+00  0.00000000e+00  0.00000000e+00
   0.00000000e+00  1.00000000e+00]]
R2 #[[ 9.99999998e-01  0.00000000e+00  6.21750431e-05  0.00000000e+00
   0.00000000e+00  0.00000000e+00]
 [ 0.00000000e+00  9.99999998e-01  0.00000000e+00  6.21750431e-05
   0.00000000e+00  0.00000000e+00]
 [-6.21750431e-05  0.00000000e+00  9.99999998e-01  0.00000000e+00
   0.00000000e+00  0.00000000e+00]
 [ 0.00000000e+00 -6.21750431e-05  0.00000000e+00  9.99999998e-01
   0.00000000e+00  0.00000000e+00]
 [ 0.00000000e+00  0.00000000e+00  0.00000000e+00  0.00000000e+00
   1.00000000e+00  0.00000000e+00]
 [ 0.00000000e+00  0.00000000e+00  0.00000000e+00  0.00000000e+00
   0.00000000e+00  1.00000000e+00]]
Param #1924: delta too small; RMS=5.7622e-07 mm
quads_tilt_fit #-6.317504314329916e-05
delta_local #[0.00173544]
R1 #[[ 0.9999986   0.          0.00167227  0.          0.          0.        ]
 [ 0.          0.9999986   0.          0.00167227  0.          0.        ]
 [-0.00167227  0.          0.9999986   0.          0.          0.        ]
 [ 0.         -0.00167227  0.          0.9999986   0.          0.        ]
 [ 0.          0.          0.          0.          1.          0.        ]
 [ 0.          0.          0.          0.          0.          1.        ]]
R2 #[[ 0.9999986   0.         -0.00167227  0.          0.          0.        ]
 [ 0.          0.9999986   0.         -0.00167227  0.          0.        ]
 [ 0.00167227  0.          0.9999986   0.          0.          0.        ]
 [ 0.          0.00167227  0.          0.9999986   0.          0.        ]
 [ 0.          0.          0.          0.          1.          0.        ]
 [ 0.          0.          0.          0.          0.          1.        ]]
Param #1924: delta OK; RMS=0.001 mm
quads_tilt_fit #0.00026488641286982176
delta_local #[1.e-06]
R1 #[[ 9.99999965e-01  0.00000000e+00  2.65886410e-04  0.00000000e+00
   0.00000000e+00  0.00000000e+00]
 [ 0.00000000e+00  9.99999965e-01  0.00000000e+00  2.65886410e-04
   0.00000000e+00  0.00000000e+00]
 [-2.65886410e-04  0.00000000e+00  9.99999965e-01  0.00000000e+00
   0.00000000e+00  0.00000000e+00]
 [ 0.00000000e+00 -2.65886410e-04  0.00000000e+00  9.99999965e-01
   0.00000000e+00  0.00000000e+00]
 [ 0.00000000e+00  0.00000000e+00  0.00000000e+00  0.00000000e+00
   1.00000000e+00  0.00000000e+00]
 [ 0.00000000e+00  0.00000000e+00  0.00000000e+00  0.00000000e+00
   0.00000000e+00  1.00000000e+00]]
R2 #[[ 9.99999965e-01  0.00000000e+00 -2.65886410e-04  0.00000000e+00
   0.00000000e+00  0.00000000e+00]
 [ 0.00000000e+00  9.99999965e-01  0.00000000e+00 -2.65886410e-04
   0.00000000e+00  0.00000000e+00]
 [ 2.65886410e-04  0.00000000e+00  9.99999965e-01  0.00000000e+00
   0.00000000e+00  0.00000000e+00]
 [ 0.00000000e+00  2.65886410e-04  0.00000000e+00  9.99999965e-01
   0.00000000e+00  0.00000000e+00]
 [ 0.00000000e+00  0.00000000e+00  0.00000000e+00  0.00000000e+00
   1.00000000e+00  0.00000000e+00]
 [ 0.00000000e+00  0.00000000e+00  0.00000000e+00  0.00000000e+00
   0.00000000e+00  1.00000000e+00]]
Param #1960: delta too small; RMS=5.6801e-07 mm
quads_tilt_fit #0.00026488641286982176
delta_local #[0.00176052]
R1 #[[ 0.99999795  0.          0.00202541  0.          0.          0.        ]
 [ 0.          0.99999795  0.          0.00202541  0.          0.        ]
 [-0.00202541  0.          0.99999795  0.          0.          0.        ]
 [ 0.         -0.00202541  0.          0.99999795  0.          0.        ]
 [ 0.          0.          0.          0.          1.          0.        ]
 [ 0.          0.          0.          0.          0.          1.        ]]
R2 #[[ 0.99999795  0.         -0.00202541  0.          0.          0.        ]
 [ 0.          0.99999795  0.         -0.00202541  0.          0.        ]
 [ 0.00202541  0.          0.99999795  0.          0.          0.        ]
 [ 0.          0.00202541  0.          0.99999795  0.          0.        ]
 [ 0.          0.          0.          0.          1.          0.        ]
 [ 0.          0.          0.          0.          0.          1.        ]]
Param #1960: delta OK; RMS=0.001 mm
quads_tilt_fit #6.0880173814110755e-05
delta_local #[1.e-06]
R1 #[[ 9.99999998e-01  0.00000000e+00  6.18801738e-05  0.00000000e+00
   0.00000000e+00  0.00000000e+00]
 [ 0.00000000e+00  9.99999998e-01  0.00000000e+00  6.18801738e-05
   0.00000000e+00  0.00000000e+00]
 [-6.18801738e-05  0.00000000e+00  9.99999998e-01  0.00000000e+00
   0.00000000e+00  0.00000000e+00]
 [ 0.00000000e+00 -6.18801738e-05  0.00000000e+00  9.99999998e-01
   0.00000000e+00  0.00000000e+00]
 [ 0.00000000e+00  0.00000000e+00  0.00000000e+00  0.00000000e+00
   1.00000000e+00  0.00000000e+00]
 [ 0.00000000e+00  0.00000000e+00  0.00000000e+00  0.00000000e+00
   0.00000000e+00  1.00000000e+00]]
R2 #[[ 9.99999998e-01  0.00000000e+00 -6.18801738e-05  0.00000000e+00
   0.00000000e+00  0.00000000e+00]
 [ 0.00000000e+00  9.99999998e-01  0.00000000e+00 -6.18801738e-05
   0.00000000e+00  0.00000000e+00]
 [ 6.18801738e-05  0.00000000e+00  9.99999998e-01  0.00000000e+00
   0.00000000e+00  0.00000000e+00]
 [ 0.00000000e+00  6.18801738e-05  0.00000000e+00  9.99999998e-01
   0.00000000e+00  0.00000000e+00]
 [ 0.00000000e+00  0.00000000e+00  0.00000000e+00  0.00000000e+00
   1.00000000e+00  0.00000000e+00]
 [ 0.00000000e+00  0.00000000e+00  0.00000000e+00  0.00000000e+00
   0.00000000e+00  1.00000000e+00]]
Param #1967: delta too small; RMS=9.3994e-07 mm
quads_tilt_fit #6.0880173814110755e-05
delta_local #[0.0010639]
R1 #[[ 0.99999937  0.          0.00112478  0.          0.          0.        ]
 [ 0.          0.99999937  0.          0.00112478  0.          0.        ]
 [-0.00112478  0.          0.99999937  0.          0.          0.        ]
 [ 0.         -0.00112478  0.          0.99999937  0.          0.        ]
 [ 0.          0.          0.          0.          1.          0.        ]
 [ 0.          0.          0.          0.          0.          1.        ]]
R2 #[[ 0.99999937  0.         -0.00112478  0.          0.          0.        ]
 [ 0.          0.99999937  0.         -0.00112478  0.          0.        ]
 [ 0.00112478  0.          0.99999937  0.          0.          0.        ]
 [ 0.          0.00112478  0.          0.99999937  0.          0.        ]
 [ 0.          0.          0.          0.          1.          0.        ]
 [ 0.          0.          0.          0.          0.          1.        ]]
Param #1967: delta OK; RMS=0.001 mm
quads_tilt_fit #9.741790094958317e-05
delta_local #[1.e-06]
R1 #[[ 9.99999995e-01  0.00000000e+00  9.84179008e-05  0.00000000e+00
   0.00000000e+00  0.00000000e+00]
 [ 0.00000000e+00  9.99999995e-01  0.00000000e+00  9.84179008e-05
   0.00000000e+00  0.00000000e+00]
 [-9.84179008e-05  0.00000000e+00  9.99999995e-01  0.00000000e+00
   0.00000000e+00  0.00000000e+00]
 [ 0.00000000e+00 -9.84179008e-05  0.00000000e+00  9.99999995e-01
   0.00000000e+00  0.00000000e+00]
 [ 0.00000000e+00  0.00000000e+00  0.00000000e+00  0.00000000e+00
   1.00000000e+00  0.00000000e+00]
 [ 0.00000000e+00  0.00000000e+00  0.00000000e+00  0.00000000e+00
   0.00000000e+00  1.00000000e+00]]
R2 #[[ 9.99999995e-01  0.00000000e+00 -9.84179008e-05  0.00000000e+00
   0.00000000e+00  0.00000000e+00]
 [ 0.00000000e+00  9.99999995e-01  0.00000000e+00 -9.84179008e-05
   0.00000000e+00  0.00000000e+00]
 [ 9.84179008e-05  0.00000000e+00  9.99999995e-01  0.00000000e+00
   0.00000000e+00  0.00000000e+00]
 [ 0.00000000e+00  9.84179008e-05  0.00000000e+00  9.99999995e-01
   0.00000000e+00  0.00000000e+00]
 [ 0.00000000e+00  0.00000000e+00  0.00000000e+00  0.00000000e+00
   1.00000000e+00  0.00000000e+00]
 [ 0.00000000e+00  0.00000000e+00  0.00000000e+00  0.00000000e+00
   0.00000000e+00  1.00000000e+00]]
Param #1973: delta too small; RMS=8.6966e-07 mm
quads_tilt_fit #9.741790094958317e-05
delta_local #[0.00114988]
R1 #[[ 0.99999922  0.          0.0012473   0.          0.          0.        ]
 [ 0.          0.99999922  0.          0.0012473   0.          0.        ]
 [-0.0012473   0.          0.99999922  0.          0.          0.        ]
 [ 0.         -0.0012473   0.          0.99999922  0.          0.        ]
 [ 0.          0.          0.          0.          1.          0.        ]
 [ 0.          0.          0.          0.          0.          1.        ]]
R2 #[[ 0.99999922  0.         -0.0012473   0.          0.          0.        ]
 [ 0.          0.99999922  0.         -0.0012473   0.          0.        ]
 [ 0.0012473   0.          0.99999922  0.          0.          0.        ]
 [ 0.          0.0012473   0.          0.99999922  0.          0.        ]
 [ 0.          0.          0.          0.          1.          0.        ]
 [ 0.          0.          0.          0.          0.          1.        ]]
Param #1973: delta OK; RMS=0.001 mm
quads_tilt_fit #3.054521864675088e-05
delta_local #[1.e-06]
R1 #[[ 1.00000000e+00  0.00000000e+00  3.15452186e-05  0.00000000e+00
   0.00000000e+00  0.00000000e+00]
 [ 0.00000000e+00  1.00000000e+00  0.00000000e+00  3.15452186e-05
   0.00000000e+00  0.00000000e+00]
 [-3.15452186e-05  0.00000000e+00  1.00000000e+00  0.00000000e+00
   0.00000000e+00  0.00000000e+00]
 [ 0.00000000e+00 -3.15452186e-05  0.00000000e+00  1.00000000e+00
   0.00000000e+00  0.00000000e+00]
 [ 0.00000000e+00  0.00000000e+00  0.00000000e+00  0.00000000e+00
   1.00000000e+00  0.00000000e+00]
 [ 0.00000000e+00  0.00000000e+00  0.00000000e+00  0.00000000e+00
   0.00000000e+00  1.00000000e+00]]
R2 #[[ 1.00000000e+00  0.00000000e+00 -3.15452186e-05  0.00000000e+00
   0.00000000e+00  0.00000000e+00]
 [ 0.00000000e+00  1.00000000e+00  0.00000000e+00 -3.15452186e-05
   0.00000000e+00  0.00000000e+00]
 [ 3.15452186e-05  0.00000000e+00  1.00000000e+00  0.00000000e+00
   0.00000000e+00  0.00000000e+00]
 [ 0.00000000e+00  3.15452186e-05  0.00000000e+00  1.00000000e+00
   0.00000000e+00  0.00000000e+00]
 [ 0.00000000e+00  0.00000000e+00  0.00000000e+00  0.00000000e+00
   1.00000000e+00  0.00000000e+00]
 [ 0.00000000e+00  0.00000000e+00  0.00000000e+00  0.00000000e+00
   0.00000000e+00  1.00000000e+00]]
Param #1982: delta too small; RMS=6.6456e-07 mm
quads_tilt_fit #3.054521864675088e-05
delta_local #[0.00150476]
R1 #[[ 0.99999882  0.          0.0015353   0.          0.          0.        ]
 [ 0.          0.99999882  0.          0.0015353   0.          0.        ]
 [-0.0015353   0.          0.99999882  0.          0.          0.        ]
 [ 0.         -0.0015353   0.          0.99999882  0.          0.        ]
 [ 0.          0.          0.          0.          1.          0.        ]
 [ 0.          0.          0.          0.          0.          1.        ]]
R2 #[[ 0.99999882  0.         -0.0015353   0.          0.          0.        ]
 [ 0.          0.99999882  0.         -0.0015353   0.          0.        ]
 [ 0.0015353   0.          0.99999882  0.          0.          0.        ]
 [ 0.          0.0015353   0.          0.99999882  0.          0.        ]
 [ 0.          0.          0.          0.          1.          0.        ]
 [ 0.          0.          0.          0.          0.          1.        ]]
Param #1982: delta OK; RMS=0.001 mm
quads_tilt_fit #5.602915179718707e-05
delta_local #[1.e-06]
R1 #[[ 9.99999998e-01  0.00000000e+00  5.70291518e-05  0.00000000e+00
   0.00000000e+00  0.00000000e+00]
 [ 0.00000000e+00  9.99999998e-01  0.00000000e+00  5.70291518e-05
   0.00000000e+00  0.00000000e+00]
 [-5.70291518e-05  0.00000000e+00  9.99999998e-01  0.00000000e+00
   0.00000000e+00  0.00000000e+00]
 [ 0.00000000e+00 -5.70291518e-05  0.00000000e+00  9.99999998e-01
   0.00000000e+00  0.00000000e+00]
 [ 0.00000000e+00  0.00000000e+00  0.00000000e+00  0.00000000e+00
   1.00000000e+00  0.00000000e+00]
 [ 0.00000000e+00  0.00000000e+00  0.00000000e+00  0.00000000e+00
   0.00000000e+00  1.00000000e+00]]
R2 #[[ 9.99999998e-01  0.00000000e+00 -5.70291518e-05  0.00000000e+00
   0.00000000e+00  0.00000000e+00]
 [ 0.00000000e+00  9.99999998e-01  0.00000000e+00 -5.70291518e-05
   0.00000000e+00  0.00000000e+00]
 [ 5.70291518e-05  0.00000000e+00  9.99999998e-01  0.00000000e+00
   0.00000000e+00  0.00000000e+00]
 [ 0.00000000e+00  5.70291518e-05  0.00000000e+00  9.99999998e-01
   0.00000000e+00  0.00000000e+00]
 [ 0.00000000e+00  0.00000000e+00  0.00000000e+00  0.00000000e+00
   1.00000000e+00  0.00000000e+00]
 [ 0.00000000e+00  0.00000000e+00  0.00000000e+00  0.00000000e+00
   0.00000000e+00  1.00000000e+00]]
Param #2043: delta too small; RMS=6.5923e-07 mm
quads_tilt_fit #5.602915179718707e-05
delta_local #[0.00151692]
R1 #[[ 0.99999876  0.          0.00157294  0.          0.          0.        ]
 [ 0.          0.99999876  0.          0.00157294  0.          0.        ]
 [-0.00157294  0.          0.99999876  0.          0.          0.        ]
 [ 0.         -0.00157294  0.          0.99999876  0.          0.        ]
 [ 0.          0.          0.          0.          1.          0.        ]
 [ 0.          0.          0.          0.          0.          1.        ]]
R2 #[[ 0.99999876  0.         -0.00157294  0.          0.          0.        ]
 [ 0.          0.99999876  0.         -0.00157294  0.          0.        ]
 [ 0.00157294  0.          0.99999876  0.          0.          0.        ]
 [ 0.          0.00157294  0.          0.99999876  0.          0.        ]
 [ 0.          0.          0.          0.          1.          0.        ]
 [ 0.          0.          0.          0.          0.          1.        ]]
Param #2043: delta OK; RMS=0.001 mm
quads_tilt_fit #5.682036699148178e-05
delta_local #[1.e-06]
R1 #[[ 9.99999998e-01  0.00000000e+00  5.78203670e-05  0.00000000e+00
   0.00000000e+00  0.00000000e+00]
 [ 0.00000000e+00  9.99999998e-01  0.00000000e+00  5.78203670e-05
   0.00000000e+00  0.00000000e+00]
 [-5.78203670e-05  0.00000000e+00  9.99999998e-01  0.00000000e+00
   0.00000000e+00  0.00000000e+00]
 [ 0.00000000e+00 -5.78203670e-05  0.00000000e+00  9.99999998e-01
   0.00000000e+00  0.00000000e+00]
 [ 0.00000000e+00  0.00000000e+00  0.00000000e+00  0.00000000e+00
   1.00000000e+00  0.00000000e+00]
 [ 0.00000000e+00  0.00000000e+00  0.00000000e+00  0.00000000e+00
   0.00000000e+00  1.00000000e+00]]
R2 #[[ 9.99999998e-01  0.00000000e+00 -5.78203670e-05  0.00000000e+00
   0.00000000e+00  0.00000000e+00]
 [ 0.00000000e+00  9.99999998e-01  0.00000000e+00 -5.78203670e-05
   0.00000000e+00  0.00000000e+00]
 [ 5.78203670e-05  0.00000000e+00  9.99999998e-01  0.00000000e+00
   0.00000000e+00  0.00000000e+00]
 [ 0.00000000e+00  5.78203670e-05  0.00000000e+00  9.99999998e-01
   0.00000000e+00  0.00000000e+00]
 [ 0.00000000e+00  0.00000000e+00  0.00000000e+00  0.00000000e+00
   1.00000000e+00  0.00000000e+00]
 [ 0.00000000e+00  0.00000000e+00  0.00000000e+00  0.00000000e+00
   0.00000000e+00  1.00000000e+00]]
Param #2052: delta too small; RMS=8.6846e-07 mm
quads_tilt_fit #5.682036699148178e-05
delta_local #[0.00115146]
R1 #[[ 0.99999927  0.          0.00120828  0.          0.          0.        ]
 [ 0.          0.99999927  0.          0.00120828  0.          0.        ]
 [-0.00120828  0.          0.99999927  0.          0.          0.        ]
 [ 0.         -0.00120828  0.          0.99999927  0.          0.        ]
 [ 0.          0.          0.          0.          1.          0.        ]
 [ 0.          0.          0.          0.          0.          1.        ]]
R2 #[[ 0.99999927  0.         -0.00120828  0.          0.          0.        ]
 [ 0.          0.99999927  0.         -0.00120828  0.          0.        ]
 [ 0.00120828  0.          0.99999927  0.          0.          0.        ]
 [ 0.          0.00120828  0.          0.99999927  0.          0.        ]
 [ 0.          0.          0.          0.          1.          0.        ]
 [ 0.          0.          0.          0.          0.          1.        ]]
Param #2052: delta OK; RMS=0.001 mm
quads_tilt_fit #2.6066464900637495e-05
delta_local #[1.e-06]
R1 #[[ 1.00000000e+00  0.00000000e+00  2.70664649e-05  0.00000000e+00
   0.00000000e+00  0.00000000e+00]
 [ 0.00000000e+00  1.00000000e+00  0.00000000e+00  2.70664649e-05
   0.00000000e+00  0.00000000e+00]
 [-2.70664649e-05  0.00000000e+00  1.00000000e+00  0.00000000e+00
   0.00000000e+00  0.00000000e+00]
 [ 0.00000000e+00 -2.70664649e-05  0.00000000e+00  1.00000000e+00
   0.00000000e+00  0.00000000e+00]
 [ 0.00000000e+00  0.00000000e+00  0.00000000e+00  0.00000000e+00
   1.00000000e+00  0.00000000e+00]
 [ 0.00000000e+00  0.00000000e+00  0.00000000e+00  0.00000000e+00
   0.00000000e+00  1.00000000e+00]]
R2 #[[ 1.00000000e+00  0.00000000e+00 -2.70664649e-05  0.00000000e+00
   0.00000000e+00  0.00000000e+00]
 [ 0.00000000e+00  1.00000000e+00  0.00000000e+00 -2.70664649e-05
   0.00000000e+00  0.00000000e+00]
 [ 2.70664649e-05  0.00000000e+00  1.00000000e+00  0.00000000e+00
   0.00000000e+00  0.00000000e+00]
 [ 0.00000000e+00  2.70664649e-05  0.00000000e+00  1.00000000e+00
   0.00000000e+00  0.00000000e+00]
 [ 0.00000000e+00  0.00000000e+00  0.00000000e+00  0.00000000e+00
   1.00000000e+00  0.00000000e+00]
 [ 0.00000000e+00  0.00000000e+00  0.00000000e+00  0.00000000e+00
   0.00000000e+00  1.00000000e+00]]
Param #2058: delta too small; RMS=9.4078e-07 mm
quads_tilt_fit #2.6066464900637495e-05
delta_local #[0.00106295]
R1 #[[ 0.99999941  0.          0.00108902  0.          0.          0.        ]
 [ 0.          0.99999941  0.          0.00108902  0.          0.        ]
 [-0.00108902  0.          0.99999941  0.          0.          0.        ]
 [ 0.         -0.00108902  0.          0.99999941  0.          0.        ]
 [ 0.          0.          0.          0.          1.          0.        ]
 [ 0.          0.          0.          0.          0.          1.        ]]
R2 #[[ 0.99999941  0.         -0.00108902  0.          0.          0.        ]
 [ 0.          0.99999941  0.         -0.00108902  0.          0.        ]
 [ 0.00108902  0.          0.99999941  0.          0.          0.        ]
 [ 0.          0.00108902  0.          0.99999941  0.          0.        ]
 [ 0.          0.          0.          0.          1.          0.        ]
 [ 0.          0.          0.          0.          0.          1.        ]]
Param #2058: delta OK; RMS=0.001 mm
quads_tilt_fit #0.0001444058318611098
delta_local #[1.e-06]
R1 #[[ 9.99999989e-01  0.00000000e+00  1.45405831e-04  0.00000000e+00
   0.00000000e+00  0.00000000e+00]
 [ 0.00000000e+00  9.99999989e-01  0.00000000e+00  1.45405831e-04
   0.00000000e+00  0.00000000e+00]
 [-1.45405831e-04  0.00000000e+00  9.99999989e-01  0.00000000e+00
   0.00000000e+00  0.00000000e+00]
 [ 0.00000000e+00 -1.45405831e-04  0.00000000e+00  9.99999989e-01
   0.00000000e+00  0.00000000e+00]
 [ 0.00000000e+00  0.00000000e+00  0.00000000e+00  0.00000000e+00
   1.00000000e+00  0.00000000e+00]
 [ 0.00000000e+00  0.00000000e+00  0.00000000e+00  0.00000000e+00
   0.00000000e+00  1.00000000e+00]]
R2 #[[ 9.99999989e-01  0.00000000e+00 -1.45405831e-04  0.00000000e+00
   0.00000000e+00  0.00000000e+00]
 [ 0.00000000e+00  9.99999989e-01  0.00000000e+00 -1.45405831e-04
   0.00000000e+00  0.00000000e+00]
 [ 1.45405831e-04  0.00000000e+00  9.99999989e-01  0.00000000e+00
   0.00000000e+00  0.00000000e+00]
 [ 0.00000000e+00  1.45405831e-04  0.00000000e+00  9.99999989e-01
   0.00000000e+00  0.00000000e+00]
 [ 0.00000000e+00  0.00000000e+00  0.00000000e+00  0.00000000e+00
   1.00000000e+00  0.00000000e+00]
 [ 0.00000000e+00  0.00000000e+00  0.00000000e+00  0.00000000e+00
   0.00000000e+00  1.00000000e+00]]
Param #2065: delta too small; RMS=5.6979e-07 mm
quads_tilt_fit #0.0001444058318611098
delta_local #[0.00175504]
R1 #[[ 0.9999982   0.          0.00189944  0.          0.          0.        ]
 [ 0.          0.9999982   0.          0.00189944  0.          0.        ]
 [-0.00189944  0.          0.9999982   0.          0.          0.        ]
 [ 0.         -0.00189944  0.          0.9999982   0.          0.        ]
 [ 0.          0.          0.          0.          1.          0.        ]
 [ 0.          0.          0.          0.          0.          1.        ]]
R2 #[[ 0.9999982   0.         -0.00189944  0.          0.          0.        ]
 [ 0.          0.9999982   0.         -0.00189944  0.          0.        ]
 [ 0.00189944  0.          0.9999982   0.          0.          0.        ]
 [ 0.          0.00189944  0.          0.9999982   0.          0.        ]
 [ 0.          0.          0.          0.          1.          0.        ]
 [ 0.          0.          0.          0.          0.          1.        ]]
Param #2065: delta OK; RMS=0.001 mm
quads_tilt_fit #-6.228360484745455e-05
delta_local #[1.e-06]
R1 #[[ 9.99999998e-01  0.00000000e+00 -6.12836048e-05  0.00000000e+00
   0.00000000e+00  0.00000000e+00]
 [ 0.00000000e+00  9.99999998e-01  0.00000000e+00 -6.12836048e-05
   0.00000000e+00  0.00000000e+00]
 [ 6.12836048e-05  0.00000000e+00  9.99999998e-01  0.00000000e+00
   0.00000000e+00  0.00000000e+00]
 [ 0.00000000e+00  6.12836048e-05  0.00000000e+00  9.99999998e-01
   0.00000000e+00  0.00000000e+00]
 [ 0.00000000e+00  0.00000000e+00  0.00000000e+00  0.00000000e+00
   1.00000000e+00  0.00000000e+00]
 [ 0.00000000e+00  0.00000000e+00  0.00000000e+00  0.00000000e+00
   0.00000000e+00  1.00000000e+00]]
R2 #[[ 9.99999998e-01  0.00000000e+00  6.12836048e-05  0.00000000e+00
   0.00000000e+00  0.00000000e+00]
 [ 0.00000000e+00  9.99999998e-01  0.00000000e+00  6.12836048e-05
   0.00000000e+00  0.00000000e+00]
 [-6.12836048e-05  0.00000000e+00  9.99999998e-01  0.00000000e+00
   0.00000000e+00  0.00000000e+00]
 [ 0.00000000e+00 -6.12836048e-05  0.00000000e+00  9.99999998e-01
   0.00000000e+00  0.00000000e+00]
 [ 0.00000000e+00  0.00000000e+00  0.00000000e+00  0.00000000e+00
   1.00000000e+00  0.00000000e+00]
 [ 0.00000000e+00  0.00000000e+00  0.00000000e+00  0.00000000e+00
   0.00000000e+00  1.00000000e+00]]
Param #2101: delta too small; RMS=5.7246e-07 mm
quads_tilt_fit #-6.228360484745455e-05
delta_local #[0.00174684]
R1 #[[ 0.99999858  0.          0.00168456  0.          0.          0.        ]
 [ 0.          0.99999858  0.          0.00168456  0.          0.        ]
 [-0.00168456  0.          0.99999858  0.          0.          0.        ]
 [ 0.         -0.00168456  0.          0.99999858  0.          0.        ]
 [ 0.          0.          0.          0.          1.          0.        ]
 [ 0.          0.          0.          0.          0.          1.        ]]
R2 #[[ 0.99999858  0.         -0.00168456  0.          0.          0.        ]
 [ 0.          0.99999858  0.         -0.00168456  0.          0.        ]
 [ 0.00168456  0.          0.99999858  0.          0.          0.        ]
 [ 0.          0.00168456  0.          0.99999858  0.          0.        ]
 [ 0.          0.          0.          0.          1.          0.        ]
 [ 0.          0.          0.          0.          0.          1.        ]]
Param #2101: delta OK; RMS=0.001 mm
quads_tilt_fit #-3.1288740823234747e-06
delta_local #[1.e-06]
R1 #[[ 1.00000000e+00  0.00000000e+00 -2.12887408e-06  0.00000000e+00
   0.00000000e+00  0.00000000e+00]
 [ 0.00000000e+00  1.00000000e+00  0.00000000e+00 -2.12887408e-06
   0.00000000e+00  0.00000000e+00]
 [ 2.12887408e-06  0.00000000e+00  1.00000000e+00  0.00000000e+00
   0.00000000e+00  0.00000000e+00]
 [ 0.00000000e+00  2.12887408e-06  0.00000000e+00  1.00000000e+00
   0.00000000e+00  0.00000000e+00]
 [ 0.00000000e+00  0.00000000e+00  0.00000000e+00  0.00000000e+00
   1.00000000e+00  0.00000000e+00]
 [ 0.00000000e+00  0.00000000e+00  0.00000000e+00  0.00000000e+00
   0.00000000e+00  1.00000000e+00]]
R2 #[[ 1.00000000e+00  0.00000000e+00  2.12887408e-06  0.00000000e+00
   0.00000000e+00  0.00000000e+00]
 [ 0.00000000e+00  1.00000000e+00  0.00000000e+00  2.12887408e-06
   0.00000000e+00  0.00000000e+00]
 [-2.12887408e-06  0.00000000e+00  1.00000000e+00  0.00000000e+00
   0.00000000e+00  0.00000000e+00]
 [ 0.00000000e+00 -2.12887408e-06  0.00000000e+00  1.00000000e+00
   0.00000000e+00  0.00000000e+00]
 [ 0.00000000e+00  0.00000000e+00  0.00000000e+00  0.00000000e+00
   1.00000000e+00  0.00000000e+00]
 [ 0.00000000e+00  0.00000000e+00  0.00000000e+00  0.00000000e+00
   0.00000000e+00  1.00000000e+00]]
Param #2108: delta too small; RMS=9.4408e-07 mm
quads_tilt_fit #-3.1288740823234747e-06
delta_local #[0.00105923]
R1 #[[ 0.99999944  0.          0.0010561   0.          0.          0.        ]
 [ 0.          0.99999944  0.          0.0010561   0.          0.        ]
 [-0.0010561   0.          0.99999944  0.          0.          0.        ]
 [ 0.         -0.0010561   0.          0.99999944  0.          0.        ]
 [ 0.          0.          0.          0.          1.          0.        ]
 [ 0.          0.          0.          0.          0.          1.        ]]
R2 #[[ 0.99999944  0.         -0.0010561   0.          0.          0.        ]
 [ 0.          0.99999944  0.         -0.0010561   0.          0.        ]
 [ 0.0010561   0.          0.99999944  0.          0.          0.        ]
 [ 0.          0.0010561   0.          0.99999944  0.          0.        ]
 [ 0.          0.          0.          0.          1.          0.        ]
 [ 0.          0.          0.          0.          0.          1.        ]]
Param #2108: delta OK; RMS=0.001 mm
quads_tilt_fit #3.159546574553293e-05
delta_local #[1.e-06]
R1 #[[ 9.99999999e-01  0.00000000e+00  3.25954657e-05  0.00000000e+00
   0.00000000e+00  0.00000000e+00]
 [ 0.00000000e+00  9.99999999e-01  0.00000000e+00  3.25954657e-05
   0.00000000e+00  0.00000000e+00]
 [-3.25954657e-05  0.00000000e+00  9.99999999e-01  0.00000000e+00
   0.00000000e+00  0.00000000e+00]
 [ 0.00000000e+00 -3.25954657e-05  0.00000000e+00  9.99999999e-01
   0.00000000e+00  0.00000000e+00]
 [ 0.00000000e+00  0.00000000e+00  0.00000000e+00  0.00000000e+00
   1.00000000e+00  0.00000000e+00]
 [ 0.00000000e+00  0.00000000e+00  0.00000000e+00  0.00000000e+00
   0.00000000e+00  1.00000000e+00]]
R2 #[[ 9.99999999e-01  0.00000000e+00 -3.25954657e-05  0.00000000e+00
   0.00000000e+00  0.00000000e+00]
 [ 0.00000000e+00  9.99999999e-01  0.00000000e+00 -3.25954657e-05
   0.00000000e+00  0.00000000e+00]
 [ 3.25954657e-05  0.00000000e+00  9.99999999e-01  0.00000000e+00
   0.00000000e+00  0.00000000e+00]
 [ 0.00000000e+00  3.25954657e-05  0.00000000e+00  9.99999999e-01
   0.00000000e+00  0.00000000e+00]
 [ 0.00000000e+00  0.00000000e+00  0.00000000e+00  0.00000000e+00
   1.00000000e+00  0.00000000e+00]
 [ 0.00000000e+00  0.00000000e+00  0.00000000e+00  0.00000000e+00
   0.00000000e+00  1.00000000e+00]]
Param #2114: delta too small; RMS=8.7149e-07 mm
quads_tilt_fit #3.159546574553293e-05
delta_local #[0.00114747]
R1 #[[ 0.9999993   0.          0.00117906  0.          0.          0.        ]
 [ 0.          0.9999993   0.          0.00117906  0.          0.        ]
 [-0.00117906  0.          0.9999993   0.          0.          0.        ]
 [ 0.         -0.00117906  0.          0.9999993   0.          0.        ]
 [ 0.          0.          0.          0.          1.          0.        ]
 [ 0.          0.          0.          0.          0.          1.        ]]
R2 #[[ 0.9999993   0.         -0.00117906  0.          0.          0.        ]
 [ 0.          0.9999993   0.         -0.00117906  0.          0.        ]
 [ 0.00117906  0.          0.9999993   0.          0.          0.        ]
 [ 0.          0.00117906  0.          0.9999993   0.          0.        ]
 [ 0.          0.          0.          0.          1.          0.        ]
 [ 0.          0.          0.          0.          0.          1.        ]]
Param #2114: delta OK; RMS=0.001 mm
quads_tilt_fit #0.0002054720228051538
delta_local #[1.e-06]
R1 #[[ 9.99999979e-01  0.00000000e+00  2.06472021e-04  0.00000000e+00
   0.00000000e+00  0.00000000e+00]
 [ 0.00000000e+00  9.99999979e-01  0.00000000e+00  2.06472021e-04
   0.00000000e+00  0.00000000e+00]
 [-2.06472021e-04  0.00000000e+00  9.99999979e-01  0.00000000e+00
   0.00000000e+00  0.00000000e+00]
 [ 0.00000000e+00 -2.06472021e-04  0.00000000e+00  9.99999979e-01
   0.00000000e+00  0.00000000e+00]
 [ 0.00000000e+00  0.00000000e+00  0.00000000e+00  0.00000000e+00
   1.00000000e+00  0.00000000e+00]
 [ 0.00000000e+00  0.00000000e+00  0.00000000e+00  0.00000000e+00
   0.00000000e+00  1.00000000e+00]]
R2 #[[ 9.99999979e-01  0.00000000e+00 -2.06472021e-04  0.00000000e+00
   0.00000000e+00  0.00000000e+00]
 [ 0.00000000e+00  9.99999979e-01  0.00000000e+00 -2.06472021e-04
   0.00000000e+00  0.00000000e+00]
 [ 2.06472021e-04  0.00000000e+00  9.99999979e-01  0.00000000e+00
   0.00000000e+00  0.00000000e+00]
 [ 0.00000000e+00  2.06472021e-04  0.00000000e+00  9.99999979e-01
   0.00000000e+00  0.00000000e+00]
 [ 0.00000000e+00  0.00000000e+00  0.00000000e+00  0.00000000e+00
   1.00000000e+00  0.00000000e+00]
 [ 0.00000000e+00  0.00000000e+00  0.00000000e+00  0.00000000e+00
   0.00000000e+00  1.00000000e+00]]
Param #2123: delta too small; RMS=6.617e-07 mm
quads_tilt_fit #0.0002054720228051538
delta_local #[0.00151126]
R1 #[[ 0.99999853  0.          0.00171673  0.          0.          0.        ]
 [ 0.          0.99999853  0.          0.00171673  0.          0.        ]
 [-0.00171673  0.          0.99999853  0.          0.          0.        ]
 [ 0.         -0.00171673  0.          0.99999853  0.          0.        ]
 [ 0.          0.          0.          0.          1.          0.        ]
 [ 0.          0.          0.          0.          0.          1.        ]]
R2 #[[ 0.99999853  0.         -0.00171673  0.          0.          0.        ]
 [ 0.          0.99999853  0.         -0.00171673  0.          0.        ]
 [ 0.00171673  0.          0.99999853  0.          0.          0.        ]
 [ 0.          0.00171673  0.          0.99999853  0.          0.        ]
 [ 0.          0.          0.          0.          1.          0.        ]
 [ 0.          0.          0.          0.          0.          1.        ]]
Param #2123: delta OK; RMS=0.001 mm
quads_tilt_fit #0.00028658864214717154
delta_local #[1.e-06]
R1 #[[ 9.99999959e-01  0.00000000e+00  2.87588638e-04  0.00000000e+00
   0.00000000e+00  0.00000000e+00]
 [ 0.00000000e+00  9.99999959e-01  0.00000000e+00  2.87588638e-04
   0.00000000e+00  0.00000000e+00]
 [-2.87588638e-04  0.00000000e+00  9.99999959e-01  0.00000000e+00
   0.00000000e+00  0.00000000e+00]
 [ 0.00000000e+00 -2.87588638e-04  0.00000000e+00  9.99999959e-01
   0.00000000e+00  0.00000000e+00]
 [ 0.00000000e+00  0.00000000e+00  0.00000000e+00  0.00000000e+00
   1.00000000e+00  0.00000000e+00]
 [ 0.00000000e+00  0.00000000e+00  0.00000000e+00  0.00000000e+00
   0.00000000e+00  1.00000000e+00]]
R2 #[[ 9.99999959e-01  0.00000000e+00 -2.87588638e-04  0.00000000e+00
   0.00000000e+00  0.00000000e+00]
 [ 0.00000000e+00  9.99999959e-01  0.00000000e+00 -2.87588638e-04
   0.00000000e+00  0.00000000e+00]
 [ 2.87588638e-04  0.00000000e+00  9.99999959e-01  0.00000000e+00
   0.00000000e+00  0.00000000e+00]
 [ 0.00000000e+00  2.87588638e-04  0.00000000e+00  9.99999959e-01
   0.00000000e+00  0.00000000e+00]
 [ 0.00000000e+00  0.00000000e+00  0.00000000e+00  0.00000000e+00
   1.00000000e+00  0.00000000e+00]
 [ 0.00000000e+00  0.00000000e+00  0.00000000e+00  0.00000000e+00
   0.00000000e+00  1.00000000e+00]]
Param #2177: delta too small; RMS=6.656e-07 mm
quads_tilt_fit #0.00028658864214717154
delta_local #[0.00150241]
R1 #[[ 0.9999984  0.         0.001789   0.         0.         0.       ]
 [ 0.         0.9999984  0.         0.001789   0.         0.       ]
 [-0.001789   0.         0.9999984  0.         0.         0.       ]
 [ 0.        -0.001789   0.         0.9999984  0.         0.       ]
 [ 0.         0.         0.         0.         1.         0.       ]
 [ 0.         0.         0.         0.         0.         1.       ]]
R2 #[[ 0.9999984  0.        -0.001789   0.         0.         0.       ]
 [ 0.         0.9999984  0.        -0.001789   0.         0.       ]
 [ 0.001789   0.         0.9999984  0.         0.         0.       ]
 [ 0.         0.001789   0.         0.9999984  0.         0.       ]
 [ 0.         0.         0.         0.         1.         0.       ]
 [ 0.         0.         0.         0.         0.         1.       ]]
Param #2177: delta OK; RMS=0.001 mm
quads_tilt_fit #0.00011663819492549239
delta_local #[1.e-06]
R1 #[[ 9.99999993e-01  0.00000000e+00  1.17638195e-04  0.00000000e+00
   0.00000000e+00  0.00000000e+00]
 [ 0.00000000e+00  9.99999993e-01  0.00000000e+00  1.17638195e-04
   0.00000000e+00  0.00000000e+00]
 [-1.17638195e-04  0.00000000e+00  9.99999993e-01  0.00000000e+00
   0.00000000e+00  0.00000000e+00]
 [ 0.00000000e+00 -1.17638195e-04  0.00000000e+00  9.99999993e-01
   0.00000000e+00  0.00000000e+00]
 [ 0.00000000e+00  0.00000000e+00  0.00000000e+00  0.00000000e+00
   1.00000000e+00  0.00000000e+00]
 [ 0.00000000e+00  0.00000000e+00  0.00000000e+00  0.00000000e+00
   0.00000000e+00  1.00000000e+00]]
R2 #[[ 9.99999993e-01  0.00000000e+00 -1.17638195e-04  0.00000000e+00
   0.00000000e+00  0.00000000e+00]
 [ 0.00000000e+00  9.99999993e-01  0.00000000e+00 -1.17638195e-04
   0.00000000e+00  0.00000000e+00]
 [ 1.17638195e-04  0.00000000e+00  9.99999993e-01  0.00000000e+00
   0.00000000e+00  0.00000000e+00]
 [ 0.00000000e+00  1.17638195e-04  0.00000000e+00  9.99999993e-01
   0.00000000e+00  0.00000000e+00]
 [ 0.00000000e+00  0.00000000e+00  0.00000000e+00  0.00000000e+00
   1.00000000e+00  0.00000000e+00]
 [ 0.00000000e+00  0.00000000e+00  0.00000000e+00  0.00000000e+00
   0.00000000e+00  1.00000000e+00]]
Param #2186: delta too small; RMS=8.7158e-07 mm
quads_tilt_fit #0.00011663819492549239
delta_local #[0.00114735]
R1 #[[ 0.9999992   0.          0.00126398  0.          0.          0.        ]
 [ 0.          0.9999992   0.          0.00126398  0.          0.        ]
 [-0.00126398  0.          0.9999992   0.          0.          0.        ]
 [ 0.         -0.00126398  0.          0.9999992   0.          0.        ]
 [ 0.          0.          0.          0.          1.          0.        ]
 [ 0.          0.          0.          0.          0.          1.        ]]
R2 #[[ 0.9999992   0.         -0.00126398  0.          0.          0.        ]
 [ 0.          0.9999992   0.         -0.00126398  0.          0.        ]
 [ 0.00126398  0.          0.9999992   0.          0.          0.        ]
 [ 0.          0.00126398  0.          0.9999992   0.          0.        ]
 [ 0.          0.          0.          0.          1.          0.        ]
 [ 0.          0.          0.          0.          0.          1.        ]]
Param #2186: delta OK; RMS=0.001 mm
quads_tilt_fit #1.7920662194429e-05
delta_local #[1.e-06]
R1 #[[ 1.00000000e+00  0.00000000e+00  1.89206622e-05  0.00000000e+00
   0.00000000e+00  0.00000000e+00]
 [ 0.00000000e+00  1.00000000e+00  0.00000000e+00  1.89206622e-05
   0.00000000e+00  0.00000000e+00]
 [-1.89206622e-05  0.00000000e+00  1.00000000e+00  0.00000000e+00
   0.00000000e+00  0.00000000e+00]
 [ 0.00000000e+00 -1.89206622e-05  0.00000000e+00  1.00000000e+00
   0.00000000e+00  0.00000000e+00]
 [ 0.00000000e+00  0.00000000e+00  0.00000000e+00  0.00000000e+00
   1.00000000e+00  0.00000000e+00]
 [ 0.00000000e+00  0.00000000e+00  0.00000000e+00  0.00000000e+00
   0.00000000e+00  1.00000000e+00]]
R2 #[[ 1.00000000e+00  0.00000000e+00 -1.89206622e-05  0.00000000e+00
   0.00000000e+00  0.00000000e+00]
 [ 0.00000000e+00  1.00000000e+00  0.00000000e+00 -1.89206622e-05
   0.00000000e+00  0.00000000e+00]
 [ 1.89206622e-05  0.00000000e+00  1.00000000e+00  0.00000000e+00
   0.00000000e+00  0.00000000e+00]
 [ 0.00000000e+00  1.89206622e-05  0.00000000e+00  1.00000000e+00
   0.00000000e+00  0.00000000e+00]
 [ 0.00000000e+00  0.00000000e+00  0.00000000e+00  0.00000000e+00
   1.00000000e+00  0.00000000e+00]
 [ 0.00000000e+00  0.00000000e+00  0.00000000e+00  0.00000000e+00
   0.00000000e+00  1.00000000e+00]]
Param #2192: delta too small; RMS=9.4273e-07 mm
quads_tilt_fit #1.7920662194429e-05
delta_local #[0.00106075]
R1 #[[ 0.99999942  0.          0.00107867  0.          0.          0.        ]
 [ 0.          0.99999942  0.          0.00107867  0.          0.        ]
 [-0.00107867  0.          0.99999942  0.          0.          0.        ]
 [ 0.         -0.00107867  0.          0.99999942  0.          0.        ]
 [ 0.          0.          0.          0.          1.          0.        ]
 [ 0.          0.          0.          0.          0.          1.        ]]
R2 #[[ 0.99999942  0.         -0.00107867  0.          0.          0.        ]
 [ 0.          0.99999942  0.         -0.00107867  0.          0.        ]
 [ 0.00107867  0.          0.99999942  0.          0.          0.        ]
 [ 0.          0.00107867  0.          0.99999942  0.          0.        ]
 [ 0.          0.          0.          0.          1.          0.        ]
 [ 0.          0.          0.          0.          0.          1.        ]]
Param #2192: delta OK; RMS=0.001 mm
quads_tilt_fit #2.9156114621360346e-05
delta_local #[1.e-06]
R1 #[[ 1.00000000e+00  0.00000000e+00  3.01561146e-05  0.00000000e+00
   0.00000000e+00  0.00000000e+00]
 [ 0.00000000e+00  1.00000000e+00  0.00000000e+00  3.01561146e-05
   0.00000000e+00  0.00000000e+00]
 [-3.01561146e-05  0.00000000e+00  1.00000000e+00  0.00000000e+00
   0.00000000e+00  0.00000000e+00]
 [ 0.00000000e+00 -3.01561146e-05  0.00000000e+00  1.00000000e+00
   0.00000000e+00  0.00000000e+00]
 [ 0.00000000e+00  0.00000000e+00  0.00000000e+00  0.00000000e+00
   1.00000000e+00  0.00000000e+00]
 [ 0.00000000e+00  0.00000000e+00  0.00000000e+00  0.00000000e+00
   0.00000000e+00  1.00000000e+00]]
R2 #[[ 1.00000000e+00  0.00000000e+00 -3.01561146e-05  0.00000000e+00
   0.00000000e+00  0.00000000e+00]
 [ 0.00000000e+00  1.00000000e+00  0.00000000e+00 -3.01561146e-05
   0.00000000e+00  0.00000000e+00]
 [ 3.01561146e-05  0.00000000e+00  1.00000000e+00  0.00000000e+00
   0.00000000e+00  0.00000000e+00]
 [ 0.00000000e+00  3.01561146e-05  0.00000000e+00  1.00000000e+00
   0.00000000e+00  0.00000000e+00]
 [ 0.00000000e+00  0.00000000e+00  0.00000000e+00  0.00000000e+00
   1.00000000e+00  0.00000000e+00]
 [ 0.00000000e+00  0.00000000e+00  0.00000000e+00  0.00000000e+00
   0.00000000e+00  1.00000000e+00]]
Param #2199: delta too small; RMS=5.7052e-07 mm
quads_tilt_fit #2.9156114621360346e-05
delta_local #[0.00175277]
R1 #[[ 0.99999841  0.          0.00178193  0.          0.          0.        ]
 [ 0.          0.99999841  0.          0.00178193  0.          0.        ]
 [-0.00178193  0.          0.99999841  0.          0.          0.        ]
 [ 0.         -0.00178193  0.          0.99999841  0.          0.        ]
 [ 0.          0.          0.          0.          1.          0.        ]
 [ 0.          0.          0.          0.          0.          1.        ]]
R2 #[[ 0.99999841  0.         -0.00178193  0.          0.          0.        ]
 [ 0.          0.99999841  0.         -0.00178193  0.          0.        ]
 [ 0.00178193  0.          0.99999841  0.          0.          0.        ]
 [ 0.          0.00178193  0.          0.99999841  0.          0.        ]
 [ 0.          0.          0.          0.          1.          0.        ]
 [ 0.          0.          0.          0.          0.          1.        ]]
Param #2199: delta OK; RMS=0.001 mm
quads_tilt_fit #1.958072001352127e-05
delta_local #[1.e-06]
R1 #[[ 1.000000e+00  0.000000e+00  2.058072e-05  0.000000e+00  0.000000e+00
   0.000000e+00]
 [ 0.000000e+00  1.000000e+00  0.000000e+00  2.058072e-05  0.000000e+00
   0.000000e+00]
 [-2.058072e-05  0.000000e+00  1.000000e+00  0.000000e+00  0.000000e+00
   0.000000e+00]
 [ 0.000000e+00 -2.058072e-05  0.000000e+00  1.000000e+00  0.000000e+00
   0.000000e+00]
 [ 0.000000e+00  0.000000e+00  0.000000e+00  0.000000e+00  1.000000e+00
   0.000000e+00]
 [ 0.000000e+00  0.000000e+00  0.000000e+00  0.000000e+00  0.000000e+00
   1.000000e+00]]
R2 #[[ 1.000000e+00  0.000000e+00 -2.058072e-05  0.000000e+00  0.000000e+00
   0.000000e+00]
 [ 0.000000e+00  1.000000e+00  0.000000e+00 -2.058072e-05  0.000000e+00
   0.000000e+00]
 [ 2.058072e-05  0.000000e+00  1.000000e+00  0.000000e+00  0.000000e+00
   0.000000e+00]
 [ 0.000000e+00  2.058072e-05  0.000000e+00  1.000000e+00  0.000000e+00
   0.000000e+00]
 [ 0.000000e+00  0.000000e+00  0.000000e+00  0.000000e+00  1.000000e+00
   0.000000e+00]
 [ 0.000000e+00  0.000000e+00  0.000000e+00  0.000000e+00  0.000000e+00
   1.000000e+00]]
Param #2235: delta too small; RMS=5.7394e-07 mm
quads_tilt_fit #1.958072001352127e-05
delta_local #[0.00174236]
R1 #[[ 0.99999845  0.          0.00176194  0.          0.          0.        ]
 [ 0.          0.99999845  0.          0.00176194  0.          0.        ]
 [-0.00176194  0.          0.99999845  0.          0.          0.        ]
 [ 0.         -0.00176194  0.          0.99999845  0.          0.        ]
 [ 0.          0.          0.          0.          1.          0.        ]
 [ 0.          0.          0.          0.          0.          1.        ]]
R2 #[[ 0.99999845  0.         -0.00176194  0.          0.          0.        ]
 [ 0.          0.99999845  0.         -0.00176194  0.          0.        ]
 [ 0.00176194  0.          0.99999845  0.          0.          0.        ]
 [ 0.          0.00176194  0.          0.99999845  0.          0.        ]
 [ 0.          0.          0.          0.          1.          0.        ]
 [ 0.          0.          0.          0.          0.          1.        ]]
Param #2235: delta OK; RMS=0.001 mm
quads_tilt_fit #-1.0987993212769199e-05
delta_local #[1.e-06]
R1 #[[ 1.00000000e+00  0.00000000e+00 -9.98799321e-06  0.00000000e+00
   0.00000000e+00  0.00000000e+00]
 [ 0.00000000e+00  1.00000000e+00  0.00000000e+00 -9.98799321e-06
   0.00000000e+00  0.00000000e+00]
 [ 9.98799321e-06  0.00000000e+00  1.00000000e+00  0.00000000e+00
   0.00000000e+00  0.00000000e+00]
 [ 0.00000000e+00  9.98799321e-06  0.00000000e+00  1.00000000e+00
   0.00000000e+00  0.00000000e+00]
 [ 0.00000000e+00  0.00000000e+00  0.00000000e+00  0.00000000e+00
   1.00000000e+00  0.00000000e+00]
 [ 0.00000000e+00  0.00000000e+00  0.00000000e+00  0.00000000e+00
   0.00000000e+00  1.00000000e+00]]
R2 #[[ 1.00000000e+00  0.00000000e+00  9.98799321e-06  0.00000000e+00
   0.00000000e+00  0.00000000e+00]
 [ 0.00000000e+00  1.00000000e+00  0.00000000e+00  9.98799321e-06
   0.00000000e+00  0.00000000e+00]
 [-9.98799321e-06  0.00000000e+00  1.00000000e+00  0.00000000e+00
   0.00000000e+00  0.00000000e+00]
 [ 0.00000000e+00 -9.98799321e-06  0.00000000e+00  1.00000000e+00
   0.00000000e+00  0.00000000e+00]
 [ 0.00000000e+00  0.00000000e+00  0.00000000e+00  0.00000000e+00
   1.00000000e+00  0.00000000e+00]
 [ 0.00000000e+00  0.00000000e+00  0.00000000e+00  0.00000000e+00
   0.00000000e+00  1.00000000e+00]]
Param #2242: delta too small; RMS=9.4983e-07 mm
quads_tilt_fit #-1.0987993212769199e-05
delta_local #[0.00105282]
R1 #[[ 0.99999946  0.          0.00104183  0.          0.          0.        ]
 [ 0.          0.99999946  0.          0.00104183  0.          0.        ]
 [-0.00104183  0.          0.99999946  0.          0.          0.        ]
 [ 0.         -0.00104183  0.          0.99999946  0.          0.        ]
 [ 0.          0.          0.          0.          1.          0.        ]
 [ 0.          0.          0.          0.          0.          1.        ]]
R2 #[[ 0.99999946  0.         -0.00104183  0.          0.          0.        ]
 [ 0.          0.99999946  0.         -0.00104183  0.          0.        ]
 [ 0.00104183  0.          0.99999946  0.          0.          0.        ]
 [ 0.          0.00104183  0.          0.99999946  0.          0.        ]
 [ 0.          0.          0.          0.          1.          0.        ]
 [ 0.          0.          0.          0.          0.          1.        ]]
Param #2242: delta OK; RMS=0.001 mm
quads_tilt_fit #6.866884214814466e-05
delta_local #[1.e-06]
R1 #[[ 9.99999998e-01  0.00000000e+00  6.96688421e-05  0.00000000e+00
   0.00000000e+00  0.00000000e+00]
 [ 0.00000000e+00  9.99999998e-01  0.00000000e+00  6.96688421e-05
   0.00000000e+00  0.00000000e+00]
 [-6.96688421e-05  0.00000000e+00  9.99999998e-01  0.00000000e+00
   0.00000000e+00  0.00000000e+00]
 [ 0.00000000e+00 -6.96688421e-05  0.00000000e+00  9.99999998e-01
   0.00000000e+00  0.00000000e+00]
 [ 0.00000000e+00  0.00000000e+00  0.00000000e+00  0.00000000e+00
   1.00000000e+00  0.00000000e+00]
 [ 0.00000000e+00  0.00000000e+00  0.00000000e+00  0.00000000e+00
   0.00000000e+00  1.00000000e+00]]
R2 #[[ 9.99999998e-01  0.00000000e+00 -6.96688421e-05  0.00000000e+00
   0.00000000e+00  0.00000000e+00]
 [ 0.00000000e+00  9.99999998e-01  0.00000000e+00 -6.96688421e-05
   0.00000000e+00  0.00000000e+00]
 [ 6.96688421e-05  0.00000000e+00  9.99999998e-01  0.00000000e+00
   0.00000000e+00  0.00000000e+00]
 [ 0.00000000e+00  6.96688421e-05  0.00000000e+00  9.99999998e-01
   0.00000000e+00  0.00000000e+00]
 [ 0.00000000e+00  0.00000000e+00  0.00000000e+00  0.00000000e+00
   1.00000000e+00  0.00000000e+00]
 [ 0.00000000e+00  0.00000000e+00  0.00000000e+00  0.00000000e+00
   0.00000000e+00  1.00000000e+00]]
Param #2248: delta too small; RMS=8.7801e-07 mm
quads_tilt_fit #6.866884214814466e-05
delta_local #[0.00113893]
R1 #[[ 0.99999927  0.          0.0012076   0.          0.          0.        ]
 [ 0.          0.99999927  0.          0.0012076   0.          0.        ]
 [-0.0012076   0.          0.99999927  0.          0.          0.        ]
 [ 0.         -0.0012076   0.          0.99999927  0.          0.        ]
 [ 0.          0.          0.          0.          1.          0.        ]
 [ 0.          0.          0.          0.          0.          1.        ]]
R2 #[[ 0.99999927  0.         -0.0012076   0.          0.          0.        ]
 [ 0.          0.99999927  0.         -0.0012076   0.          0.        ]
 [ 0.0012076   0.          0.99999927  0.          0.          0.        ]
 [ 0.          0.0012076   0.          0.99999927  0.          0.        ]
 [ 0.          0.          0.          0.          1.          0.        ]
 [ 0.          0.          0.          0.          0.          1.        ]]
Param #2248: delta OK; RMS=0.001 mm
quads_tilt_fit #0.00013978357114210113
delta_local #[1.e-06]
R1 #[[ 9.99999990e-01  0.00000000e+00  1.40783571e-04  0.00000000e+00
   0.00000000e+00  0.00000000e+00]
 [ 0.00000000e+00  9.99999990e-01  0.00000000e+00  1.40783571e-04
   0.00000000e+00  0.00000000e+00]
 [-1.40783571e-04  0.00000000e+00  9.99999990e-01  0.00000000e+00
   0.00000000e+00  0.00000000e+00]
 [ 0.00000000e+00 -1.40783571e-04  0.00000000e+00  9.99999990e-01
   0.00000000e+00  0.00000000e+00]
 [ 0.00000000e+00  0.00000000e+00  0.00000000e+00  0.00000000e+00
   1.00000000e+00  0.00000000e+00]
 [ 0.00000000e+00  0.00000000e+00  0.00000000e+00  0.00000000e+00
   0.00000000e+00  1.00000000e+00]]
R2 #[[ 9.99999990e-01  0.00000000e+00 -1.40783571e-04  0.00000000e+00
   0.00000000e+00  0.00000000e+00]
 [ 0.00000000e+00  9.99999990e-01  0.00000000e+00 -1.40783571e-04
   0.00000000e+00  0.00000000e+00]
 [ 1.40783571e-04  0.00000000e+00  9.99999990e-01  0.00000000e+00
   0.00000000e+00  0.00000000e+00]
 [ 0.00000000e+00  1.40783571e-04  0.00000000e+00  9.99999990e-01
   0.00000000e+00  0.00000000e+00]
 [ 0.00000000e+00  0.00000000e+00  0.00000000e+00  0.00000000e+00
   1.00000000e+00  0.00000000e+00]
 [ 0.00000000e+00  0.00000000e+00  0.00000000e+00  0.00000000e+00
   0.00000000e+00  1.00000000e+00]]
Param #2257: delta too small; RMS=6.6465e-07 mm
quads_tilt_fit #0.00013978357114210113
delta_local #[0.00150455]
R1 #[[ 0.99999865  0.          0.00164433  0.          0.          0.        ]
 [ 0.          0.99999865  0.          0.00164433  0.          0.        ]
 [-0.00164433  0.          0.99999865  0.          0.          0.        ]
 [ 0.         -0.00164433  0.          0.99999865  0.          0.        ]
 [ 0.          0.          0.          0.          1.          0.        ]
 [ 0.          0.          0.          0.          0.          1.        ]]
R2 #[[ 0.99999865  0.         -0.00164433  0.          0.          0.        ]
 [ 0.          0.99999865  0.         -0.00164433  0.          0.        ]
 [ 0.00164433  0.          0.99999865  0.          0.          0.        ]
 [ 0.          0.00164433  0.          0.99999865  0.          0.        ]
 [ 0.          0.          0.          0.          1.          0.        ]
 [ 0.          0.          0.          0.          0.          1.        ]]
Param #2257: delta OK; RMS=0.001 mm
quads_tilt_fit #0.00021197382046646545
delta_local #[1.e-06]
R1 #[[ 9.99999977e-01  0.00000000e+00  2.12973819e-04  0.00000000e+00
   0.00000000e+00  0.00000000e+00]
 [ 0.00000000e+00  9.99999977e-01  0.00000000e+00  2.12973819e-04
   0.00000000e+00  0.00000000e+00]
 [-2.12973819e-04  0.00000000e+00  9.99999977e-01  0.00000000e+00
   0.00000000e+00  0.00000000e+00]
 [ 0.00000000e+00 -2.12973819e-04  0.00000000e+00  9.99999977e-01
   0.00000000e+00  0.00000000e+00]
 [ 0.00000000e+00  0.00000000e+00  0.00000000e+00  0.00000000e+00
   1.00000000e+00  0.00000000e+00]
 [ 0.00000000e+00  0.00000000e+00  0.00000000e+00  0.00000000e+00
   0.00000000e+00  1.00000000e+00]]
R2 #[[ 9.99999977e-01  0.00000000e+00 -2.12973819e-04  0.00000000e+00
   0.00000000e+00  0.00000000e+00]
 [ 0.00000000e+00  9.99999977e-01  0.00000000e+00 -2.12973819e-04
   0.00000000e+00  0.00000000e+00]
 [ 2.12973819e-04  0.00000000e+00  9.99999977e-01  0.00000000e+00
   0.00000000e+00  0.00000000e+00]
 [ 0.00000000e+00  2.12973819e-04  0.00000000e+00  9.99999977e-01
   0.00000000e+00  0.00000000e+00]
 [ 0.00000000e+00  0.00000000e+00  0.00000000e+00  0.00000000e+00
   1.00000000e+00  0.00000000e+00]
 [ 0.00000000e+00  0.00000000e+00  0.00000000e+00  0.00000000e+00
   0.00000000e+00  1.00000000e+00]]
Param #2313: delta too small; RMS=6.7198e-07 mm
quads_tilt_fit #0.00021197382046646545
delta_local #[0.00148815]
R1 #[[ 0.99999855  0.          0.00170012  0.          0.          0.        ]
 [ 0.          0.99999855  0.          0.00170012  0.          0.        ]
 [-0.00170012  0.          0.99999855  0.          0.          0.        ]
 [ 0.         -0.00170012  0.          0.99999855  0.          0.        ]
 [ 0.          0.          0.          0.          1.          0.        ]
 [ 0.          0.          0.          0.          0.          1.        ]]
R2 #[[ 0.99999855  0.         -0.00170012  0.          0.          0.        ]
 [ 0.          0.99999855  0.         -0.00170012  0.          0.        ]
 [ 0.00170012  0.          0.99999855  0.          0.          0.        ]
 [ 0.          0.00170012  0.          0.99999855  0.          0.        ]
 [ 0.          0.          0.          0.          1.          0.        ]
 [ 0.          0.          0.          0.          0.          1.        ]]
Param #2313: delta OK; RMS=0.001 mm
quads_tilt_fit #8.526348889986998e-05
delta_local #[1.e-06]
R1 #[[ 9.99999996e-01  0.00000000e+00  8.62634888e-05  0.00000000e+00
   0.00000000e+00  0.00000000e+00]
 [ 0.00000000e+00  9.99999996e-01  0.00000000e+00  8.62634888e-05
   0.00000000e+00  0.00000000e+00]
 [-8.62634888e-05  0.00000000e+00  9.99999996e-01  0.00000000e+00
   0.00000000e+00  0.00000000e+00]
 [ 0.00000000e+00 -8.62634888e-05  0.00000000e+00  9.99999996e-01
   0.00000000e+00  0.00000000e+00]
 [ 0.00000000e+00  0.00000000e+00  0.00000000e+00  0.00000000e+00
   1.00000000e+00  0.00000000e+00]
 [ 0.00000000e+00  0.00000000e+00  0.00000000e+00  0.00000000e+00
   0.00000000e+00  1.00000000e+00]]
R2 #[[ 9.99999996e-01  0.00000000e+00 -8.62634888e-05  0.00000000e+00
   0.00000000e+00  0.00000000e+00]
 [ 0.00000000e+00  9.99999996e-01  0.00000000e+00 -8.62634888e-05
   0.00000000e+00  0.00000000e+00]
 [ 8.62634888e-05  0.00000000e+00  9.99999996e-01  0.00000000e+00
   0.00000000e+00  0.00000000e+00]
 [ 0.00000000e+00  8.62634888e-05  0.00000000e+00  9.99999996e-01
   0.00000000e+00  0.00000000e+00]
 [ 0.00000000e+00  0.00000000e+00  0.00000000e+00  0.00000000e+00
   1.00000000e+00  0.00000000e+00]
 [ 0.00000000e+00  0.00000000e+00  0.00000000e+00  0.00000000e+00
   0.00000000e+00  1.00000000e+00]]
Param #2322: delta too small; RMS=8.7516e-07 mm
quads_tilt_fit #8.526348889986998e-05
delta_local #[0.00114264]
R1 #[[ 0.99999925  0.          0.0012279   0.          0.          0.        ]
 [ 0.          0.99999925  0.          0.0012279   0.          0.        ]
 [-0.0012279   0.          0.99999925  0.          0.          0.        ]
 [ 0.         -0.0012279   0.          0.99999925  0.          0.        ]
 [ 0.          0.          0.          0.          1.          0.        ]
 [ 0.          0.          0.          0.          0.          1.        ]]
R2 #[[ 0.99999925  0.         -0.0012279   0.          0.          0.        ]
 [ 0.          0.99999925  0.         -0.0012279   0.          0.        ]
 [ 0.0012279   0.          0.99999925  0.          0.          0.        ]
 [ 0.          0.0012279   0.          0.99999925  0.          0.        ]
 [ 0.          0.          0.          0.          1.          0.        ]
 [ 0.          0.          0.          0.          0.          1.        ]]
Param #2322: delta OK; RMS=0.001 mm
quads_tilt_fit #5.264016745995091e-05
delta_local #[1.e-06]
R1 #[[ 9.99999999e-01  0.00000000e+00  5.36401674e-05  0.00000000e+00
   0.00000000e+00  0.00000000e+00]
 [ 0.00000000e+00  9.99999999e-01  0.00000000e+00  5.36401674e-05
   0.00000000e+00  0.00000000e+00]
 [-5.36401674e-05  0.00000000e+00  9.99999999e-01  0.00000000e+00
   0.00000000e+00  0.00000000e+00]
 [ 0.00000000e+00 -5.36401674e-05  0.00000000e+00  9.99999999e-01
   0.00000000e+00  0.00000000e+00]
 [ 0.00000000e+00  0.00000000e+00  0.00000000e+00  0.00000000e+00
   1.00000000e+00  0.00000000e+00]
 [ 0.00000000e+00  0.00000000e+00  0.00000000e+00  0.00000000e+00
   0.00000000e+00  1.00000000e+00]]
R2 #[[ 9.99999999e-01  0.00000000e+00 -5.36401674e-05  0.00000000e+00
   0.00000000e+00  0.00000000e+00]
 [ 0.00000000e+00  9.99999999e-01  0.00000000e+00 -5.36401674e-05
   0.00000000e+00  0.00000000e+00]
 [ 5.36401674e-05  0.00000000e+00  9.99999999e-01  0.00000000e+00
   0.00000000e+00  0.00000000e+00]
 [ 0.00000000e+00  5.36401674e-05  0.00000000e+00  9.99999999e-01
   0.00000000e+00  0.00000000e+00]
 [ 0.00000000e+00  0.00000000e+00  0.00000000e+00  0.00000000e+00
   1.00000000e+00  0.00000000e+00]
 [ 0.00000000e+00  0.00000000e+00  0.00000000e+00  0.00000000e+00
   0.00000000e+00  1.00000000e+00]]
Param #2328: delta too small; RMS=9.4727e-07 mm
quads_tilt_fit #5.264016745995091e-05
delta_local #[0.00105566]
R1 #[[ 0.99999939  0.          0.0011083   0.          0.          0.        ]
 [ 0.          0.99999939  0.          0.0011083   0.          0.        ]
 [-0.0011083   0.          0.99999939  0.          0.          0.        ]
 [ 0.         -0.0011083   0.          0.99999939  0.          0.        ]
 [ 0.          0.          0.          0.          1.          0.        ]
 [ 0.          0.          0.          0.          0.          1.        ]]
R2 #[[ 0.99999939  0.         -0.0011083   0.          0.          0.        ]
 [ 0.          0.99999939  0.         -0.0011083   0.          0.        ]
 [ 0.0011083   0.          0.99999939  0.          0.          0.        ]
 [ 0.          0.0011083   0.          0.99999939  0.          0.        ]
 [ 0.          0.          0.          0.          1.          0.        ]
 [ 0.          0.          0.          0.          0.          1.        ]]
Param #2328: delta OK; RMS=0.001 mm
quads_tilt_fit #7.228635070521868e-05
delta_local #[1.e-06]
R1 #[[ 9.99999997e-01  0.00000000e+00  7.32863506e-05  0.00000000e+00
   0.00000000e+00  0.00000000e+00]
 [ 0.00000000e+00  9.99999997e-01  0.00000000e+00  7.32863506e-05
   0.00000000e+00  0.00000000e+00]
 [-7.32863506e-05  0.00000000e+00  9.99999997e-01  0.00000000e+00
   0.00000000e+00  0.00000000e+00]
 [ 0.00000000e+00 -7.32863506e-05  0.00000000e+00  9.99999997e-01
   0.00000000e+00  0.00000000e+00]
 [ 0.00000000e+00  0.00000000e+00  0.00000000e+00  0.00000000e+00
   1.00000000e+00  0.00000000e+00]
 [ 0.00000000e+00  0.00000000e+00  0.00000000e+00  0.00000000e+00
   0.00000000e+00  1.00000000e+00]]
R2 #[[ 9.99999997e-01  0.00000000e+00 -7.32863506e-05  0.00000000e+00
   0.00000000e+00  0.00000000e+00]
 [ 0.00000000e+00  9.99999997e-01  0.00000000e+00 -7.32863506e-05
   0.00000000e+00  0.00000000e+00]
 [ 7.32863506e-05  0.00000000e+00  9.99999997e-01  0.00000000e+00
   0.00000000e+00  0.00000000e+00]
 [ 0.00000000e+00  7.32863506e-05  0.00000000e+00  9.99999997e-01
   0.00000000e+00  0.00000000e+00]
 [ 0.00000000e+00  0.00000000e+00  0.00000000e+00  0.00000000e+00
   1.00000000e+00  0.00000000e+00]
 [ 0.00000000e+00  0.00000000e+00  0.00000000e+00  0.00000000e+00
   0.00000000e+00  1.00000000e+00]]
Param #2335: delta too small; RMS=5.7032e-07 mm
quads_tilt_fit #7.228635070521868e-05
delta_local #[0.00175339]
R1 #[[ 0.99999833  0.          0.00182567  0.          0.          0.        ]
 [ 0.          0.99999833  0.          0.00182567  0.          0.        ]
 [-0.00182567  0.          0.99999833  0.          0.          0.        ]
 [ 0.         -0.00182567  0.          0.99999833  0.          0.        ]
 [ 0.          0.          0.          0.          1.          0.        ]
 [ 0.          0.          0.          0.          0.          1.        ]]
R2 #[[ 0.99999833  0.         -0.00182567  0.          0.          0.        ]
 [ 0.          0.99999833  0.         -0.00182567  0.          0.        ]
 [ 0.00182567  0.          0.99999833  0.          0.          0.        ]
 [ 0.          0.00182567  0.          0.99999833  0.          0.        ]
 [ 0.          0.          0.          0.          1.          0.        ]
 [ 0.          0.          0.          0.          0.          1.        ]]
Param #2335: delta OK; RMS=0.001 mm
quads_tilt_fit #5.653525282113857e-05
delta_local #[1.e-06]
R1 #[[ 9.99999998e-01  0.00000000e+00  5.75352528e-05  0.00000000e+00
   0.00000000e+00  0.00000000e+00]
 [ 0.00000000e+00  9.99999998e-01  0.00000000e+00  5.75352528e-05
   0.00000000e+00  0.00000000e+00]
 [-5.75352528e-05  0.00000000e+00  9.99999998e-01  0.00000000e+00
   0.00000000e+00  0.00000000e+00]
 [ 0.00000000e+00 -5.75352528e-05  0.00000000e+00  9.99999998e-01
   0.00000000e+00  0.00000000e+00]
 [ 0.00000000e+00  0.00000000e+00  0.00000000e+00  0.00000000e+00
   1.00000000e+00  0.00000000e+00]
 [ 0.00000000e+00  0.00000000e+00  0.00000000e+00  0.00000000e+00
   0.00000000e+00  1.00000000e+00]]
R2 #[[ 9.99999998e-01  0.00000000e+00 -5.75352528e-05  0.00000000e+00
   0.00000000e+00  0.00000000e+00]
 [ 0.00000000e+00  9.99999998e-01  0.00000000e+00 -5.75352528e-05
   0.00000000e+00  0.00000000e+00]
 [ 5.75352528e-05  0.00000000e+00  9.99999998e-01  0.00000000e+00
   0.00000000e+00  0.00000000e+00]
 [ 0.00000000e+00  5.75352528e-05  0.00000000e+00  9.99999998e-01
   0.00000000e+00  0.00000000e+00]
 [ 0.00000000e+00  0.00000000e+00  0.00000000e+00  0.00000000e+00
   1.00000000e+00  0.00000000e+00]
 [ 0.00000000e+00  0.00000000e+00  0.00000000e+00  0.00000000e+00
   0.00000000e+00  1.00000000e+00]]
Param #2371: delta too small; RMS=5.7479e-07 mm
quads_tilt_fit #5.653525282113857e-05
delta_local #[0.00173978]
R1 #[[ 0.99999839  0.          0.00179631  0.          0.          0.        ]
 [ 0.          0.99999839  0.          0.00179631  0.          0.        ]
 [-0.00179631  0.          0.99999839  0.          0.          0.        ]
 [ 0.         -0.00179631  0.          0.99999839  0.          0.        ]
 [ 0.          0.          0.          0.          1.          0.        ]
 [ 0.          0.          0.          0.          0.          1.        ]]
R2 #[[ 0.99999839  0.         -0.00179631  0.          0.          0.        ]
 [ 0.          0.99999839  0.         -0.00179631  0.          0.        ]
 [ 0.00179631  0.          0.99999839  0.          0.          0.        ]
 [ 0.          0.00179631  0.          0.99999839  0.          0.        ]
 [ 0.          0.          0.          0.          1.          0.        ]
 [ 0.          0.          0.          0.          0.          1.        ]]
Param #2371: delta OK; RMS=0.001 mm
quads_tilt_fit #4.382022512415193e-05
delta_local #[1.e-06]
R1 #[[ 9.99999999e-01  0.00000000e+00  4.48202251e-05  0.00000000e+00
   0.00000000e+00  0.00000000e+00]
 [ 0.00000000e+00  9.99999999e-01  0.00000000e+00  4.48202251e-05
   0.00000000e+00  0.00000000e+00]
 [-4.48202251e-05  0.00000000e+00  9.99999999e-01  0.00000000e+00
   0.00000000e+00  0.00000000e+00]
 [ 0.00000000e+00 -4.48202251e-05  0.00000000e+00  9.99999999e-01
   0.00000000e+00  0.00000000e+00]
 [ 0.00000000e+00  0.00000000e+00  0.00000000e+00  0.00000000e+00
   1.00000000e+00  0.00000000e+00]
 [ 0.00000000e+00  0.00000000e+00  0.00000000e+00  0.00000000e+00
   0.00000000e+00  1.00000000e+00]]
R2 #[[ 9.99999999e-01  0.00000000e+00 -4.48202251e-05  0.00000000e+00
   0.00000000e+00  0.00000000e+00]
 [ 0.00000000e+00  9.99999999e-01  0.00000000e+00 -4.48202251e-05
   0.00000000e+00  0.00000000e+00]
 [ 4.48202251e-05  0.00000000e+00  9.99999999e-01  0.00000000e+00
   0.00000000e+00  0.00000000e+00]
 [ 0.00000000e+00  4.48202251e-05  0.00000000e+00  9.99999999e-01
   0.00000000e+00  0.00000000e+00]
 [ 0.00000000e+00  0.00000000e+00  0.00000000e+00  0.00000000e+00
   1.00000000e+00  0.00000000e+00]
 [ 0.00000000e+00  0.00000000e+00  0.00000000e+00  0.00000000e+00
   0.00000000e+00  1.00000000e+00]]
Param #2378: delta too small; RMS=9.5047e-07 mm
quads_tilt_fit #4.382022512415193e-05
delta_local #[0.00105211]
R1 #[[ 0.9999994   0.          0.00109593  0.          0.          0.        ]
 [ 0.          0.9999994   0.          0.00109593  0.          0.        ]
 [-0.00109593  0.          0.9999994   0.          0.          0.        ]
 [ 0.         -0.00109593  0.          0.9999994   0.          0.        ]
 [ 0.          0.          0.          0.          1.          0.        ]
 [ 0.          0.          0.          0.          0.          1.        ]]
R2 #[[ 0.9999994   0.         -0.00109593  0.          0.          0.        ]
 [ 0.          0.9999994   0.         -0.00109593  0.          0.        ]
 [ 0.00109593  0.          0.9999994   0.          0.          0.        ]
 [ 0.          0.00109593  0.          0.9999994   0.          0.        ]
 [ 0.          0.          0.          0.          1.          0.        ]
 [ 0.          0.          0.          0.          0.          1.        ]]
Param #2378: delta OK; RMS=0.001 mm
quads_tilt_fit #3.0617017639293e-05
delta_local #[1.e-06]
R1 #[[ 1.00000000e+00  0.00000000e+00  3.16170176e-05  0.00000000e+00
   0.00000000e+00  0.00000000e+00]
 [ 0.00000000e+00  1.00000000e+00  0.00000000e+00  3.16170176e-05
   0.00000000e+00  0.00000000e+00]
 [-3.16170176e-05  0.00000000e+00  1.00000000e+00  0.00000000e+00
   0.00000000e+00  0.00000000e+00]
 [ 0.00000000e+00 -3.16170176e-05  0.00000000e+00  1.00000000e+00
   0.00000000e+00  0.00000000e+00]
 [ 0.00000000e+00  0.00000000e+00  0.00000000e+00  0.00000000e+00
   1.00000000e+00  0.00000000e+00]
 [ 0.00000000e+00  0.00000000e+00  0.00000000e+00  0.00000000e+00
   0.00000000e+00  1.00000000e+00]]
R2 #[[ 1.00000000e+00  0.00000000e+00 -3.16170176e-05  0.00000000e+00
   0.00000000e+00  0.00000000e+00]
 [ 0.00000000e+00  1.00000000e+00  0.00000000e+00 -3.16170176e-05
   0.00000000e+00  0.00000000e+00]
 [ 3.16170176e-05  0.00000000e+00  1.00000000e+00  0.00000000e+00
   0.00000000e+00  0.00000000e+00]
 [ 0.00000000e+00  3.16170176e-05  0.00000000e+00  1.00000000e+00
   0.00000000e+00  0.00000000e+00]
 [ 0.00000000e+00  0.00000000e+00  0.00000000e+00  0.00000000e+00
   1.00000000e+00  0.00000000e+00]
 [ 0.00000000e+00  0.00000000e+00  0.00000000e+00  0.00000000e+00
   0.00000000e+00  1.00000000e+00]]
Param #2384: delta too small; RMS=8.7997e-07 mm
quads_tilt_fit #3.0617017639293e-05
delta_local #[0.0011364]
R1 #[[ 0.99999932  0.          0.00116701  0.          0.          0.        ]
 [ 0.          0.99999932  0.          0.00116701  0.          0.        ]
 [-0.00116701  0.          0.99999932  0.          0.          0.        ]
 [ 0.         -0.00116701  0.          0.99999932  0.          0.        ]
 [ 0.          0.          0.          0.          1.          0.        ]
 [ 0.          0.          0.          0.          0.          1.        ]]
R2 #[[ 0.99999932  0.         -0.00116701  0.          0.          0.        ]
 [ 0.          0.99999932  0.         -0.00116701  0.          0.        ]
 [ 0.00116701  0.          0.99999932  0.          0.          0.        ]
 [ 0.          0.00116701  0.          0.99999932  0.          0.        ]
 [ 0.          0.          0.          0.          1.          0.        ]
 [ 0.          0.          0.          0.          0.          1.        ]]
Param #2384: delta OK; RMS=0.001 mm
quads_tilt_fit #0.00014149587003513806
delta_local #[1.e-06]
R1 #[[ 9.9999999e-01  0.0000000e+00  1.4249587e-04  0.0000000e+00
   0.0000000e+00  0.0000000e+00]
 [ 0.0000000e+00  9.9999999e-01  0.0000000e+00  1.4249587e-04
   0.0000000e+00  0.0000000e+00]
 [-1.4249587e-04  0.0000000e+00  9.9999999e-01  0.0000000e+00
   0.0000000e+00  0.0000000e+00]
 [ 0.0000000e+00 -1.4249587e-04  0.0000000e+00  9.9999999e-01
   0.0000000e+00  0.0000000e+00]
 [ 0.0000000e+00  0.0000000e+00  0.0000000e+00  0.0000000e+00
   1.0000000e+00  0.0000000e+00]
 [ 0.0000000e+00  0.0000000e+00  0.0000000e+00  0.0000000e+00
   0.0000000e+00  1.0000000e+00]]
R2 #[[ 9.9999999e-01  0.0000000e+00 -1.4249587e-04  0.0000000e+00
   0.0000000e+00  0.0000000e+00]
 [ 0.0000000e+00  9.9999999e-01  0.0000000e+00 -1.4249587e-04
   0.0000000e+00  0.0000000e+00]
 [ 1.4249587e-04  0.0000000e+00  9.9999999e-01  0.0000000e+00
   0.0000000e+00  0.0000000e+00]
 [ 0.0000000e+00  1.4249587e-04  0.0000000e+00  9.9999999e-01
   0.0000000e+00  0.0000000e+00]
 [ 0.0000000e+00  0.0000000e+00  0.0000000e+00  0.0000000e+00
   1.0000000e+00  0.0000000e+00]
 [ 0.0000000e+00  0.0000000e+00  0.0000000e+00  0.0000000e+00
   0.0000000e+00  1.0000000e+00]]
Param #2393: delta too small; RMS=6.7069e-07 mm
quads_tilt_fit #0.00014149587003513806
delta_local #[0.00149099]
R1 #[[ 0.99999867  0.          0.00163249  0.          0.          0.        ]
 [ 0.          0.99999867  0.          0.00163249  0.          0.        ]
 [-0.00163249  0.          0.99999867  0.          0.          0.        ]
 [ 0.         -0.00163249  0.          0.99999867  0.          0.        ]
 [ 0.          0.          0.          0.          1.          0.        ]
 [ 0.          0.          0.          0.          0.          1.        ]]
R2 #[[ 0.99999867  0.         -0.00163249  0.          0.          0.        ]
 [ 0.          0.99999867  0.         -0.00163249  0.          0.        ]
 [ 0.00163249  0.          0.99999867  0.          0.          0.        ]
 [ 0.          0.00163249  0.          0.99999867  0.          0.        ]
 [ 0.          0.          0.          0.          1.          0.        ]
 [ 0.          0.          0.          0.          0.          1.        ]]
Param #2393: delta OK; RMS=0.001 mm
quads_tilt_fit #0.00019042263456198744
delta_local #[1.e-06]
R1 #[[ 9.99999982e-01  0.00000000e+00  1.91422633e-04  0.00000000e+00
   0.00000000e+00  0.00000000e+00]
 [ 0.00000000e+00  9.99999982e-01  0.00000000e+00  1.91422633e-04
   0.00000000e+00  0.00000000e+00]
 [-1.91422633e-04  0.00000000e+00  9.99999982e-01  0.00000000e+00
   0.00000000e+00  0.00000000e+00]
 [ 0.00000000e+00 -1.91422633e-04  0.00000000e+00  9.99999982e-01
   0.00000000e+00  0.00000000e+00]
 [ 0.00000000e+00  0.00000000e+00  0.00000000e+00  0.00000000e+00
   1.00000000e+00  0.00000000e+00]
 [ 0.00000000e+00  0.00000000e+00  0.00000000e+00  0.00000000e+00
   0.00000000e+00  1.00000000e+00]]
R2 #[[ 9.99999982e-01  0.00000000e+00 -1.91422633e-04  0.00000000e+00
   0.00000000e+00  0.00000000e+00]
 [ 0.00000000e+00  9.99999982e-01  0.00000000e+00 -1.91422633e-04
   0.00000000e+00  0.00000000e+00]
 [ 1.91422633e-04  0.00000000e+00  9.99999982e-01  0.00000000e+00
   0.00000000e+00  0.00000000e+00]
 [ 0.00000000e+00  1.91422633e-04  0.00000000e+00  9.99999982e-01
   0.00000000e+00  0.00000000e+00]
 [ 0.00000000e+00  0.00000000e+00  0.00000000e+00  0.00000000e+00
   1.00000000e+00  0.00000000e+00]
 [ 0.00000000e+00  0.00000000e+00  0.00000000e+00  0.00000000e+00
   0.00000000e+00  1.00000000e+00]]
Param #2447: delta too small; RMS=6.6771e-07 mm
quads_tilt_fit #0.00019042263456198744
delta_local #[0.00149766]
R1 #[[ 0.99999858  0.          0.00168809  0.          0.          0.        ]
 [ 0.          0.99999858  0.          0.00168809  0.          0.        ]
 [-0.00168809  0.          0.99999858  0.          0.          0.        ]
 [ 0.         -0.00168809  0.          0.99999858  0.          0.        ]
 [ 0.          0.          0.          0.          1.          0.        ]
 [ 0.          0.          0.          0.          0.          1.        ]]
R2 #[[ 0.99999858  0.         -0.00168809  0.          0.          0.        ]
 [ 0.          0.99999858  0.         -0.00168809  0.          0.        ]
 [ 0.00168809  0.          0.99999858  0.          0.          0.        ]
 [ 0.          0.00168809  0.          0.99999858  0.          0.        ]
 [ 0.          0.          0.          0.          1.          0.        ]
 [ 0.          0.          0.          0.          0.          1.        ]]
Param #2447: delta OK; RMS=0.001 mm
quads_tilt_fit #0.0001124620103817665
delta_local #[1.e-06]
R1 #[[ 9.99999994e-01  0.00000000e+00  1.13462010e-04  0.00000000e+00
   0.00000000e+00  0.00000000e+00]
 [ 0.00000000e+00  9.99999994e-01  0.00000000e+00  1.13462010e-04
   0.00000000e+00  0.00000000e+00]
 [-1.13462010e-04  0.00000000e+00  9.99999994e-01  0.00000000e+00
   0.00000000e+00  0.00000000e+00]
 [ 0.00000000e+00 -1.13462010e-04  0.00000000e+00  9.99999994e-01
   0.00000000e+00  0.00000000e+00]
 [ 0.00000000e+00  0.00000000e+00  0.00000000e+00  0.00000000e+00
   1.00000000e+00  0.00000000e+00]
 [ 0.00000000e+00  0.00000000e+00  0.00000000e+00  0.00000000e+00
   0.00000000e+00  1.00000000e+00]]
R2 #[[ 9.99999994e-01  0.00000000e+00 -1.13462010e-04  0.00000000e+00
   0.00000000e+00  0.00000000e+00]
 [ 0.00000000e+00  9.99999994e-01  0.00000000e+00 -1.13462010e-04
   0.00000000e+00  0.00000000e+00]
 [ 1.13462010e-04  0.00000000e+00  9.99999994e-01  0.00000000e+00
   0.00000000e+00  0.00000000e+00]
 [ 0.00000000e+00  1.13462010e-04  0.00000000e+00  9.99999994e-01
   0.00000000e+00  0.00000000e+00]
 [ 0.00000000e+00  0.00000000e+00  0.00000000e+00  0.00000000e+00
   1.00000000e+00  0.00000000e+00]
 [ 0.00000000e+00  0.00000000e+00  0.00000000e+00  0.00000000e+00
   0.00000000e+00  1.00000000e+00]]
Param #2456: delta too small; RMS=8.792e-07 mm
quads_tilt_fit #0.0001124620103817665
delta_local #[0.0011374]
R1 #[[ 0.99999922  0.          0.00124986  0.          0.          0.        ]
 [ 0.          0.99999922  0.          0.00124986  0.          0.        ]
 [-0.00124986  0.          0.99999922  0.          0.          0.        ]
 [ 0.         -0.00124986  0.          0.99999922  0.          0.        ]
 [ 0.          0.          0.          0.          1.          0.        ]
 [ 0.          0.          0.          0.          0.          1.        ]]
R2 #[[ 0.99999922  0.         -0.00124986  0.          0.          0.        ]
 [ 0.          0.99999922  0.         -0.00124986  0.          0.        ]
 [ 0.00124986  0.          0.99999922  0.          0.          0.        ]
 [ 0.          0.00124986  0.          0.99999922  0.          0.        ]
 [ 0.          0.          0.          0.          1.          0.        ]
 [ 0.          0.          0.          0.          0.          1.        ]]
Param #2456: delta OK; RMS=0.001 mm
quads_tilt_fit #5.7161933947217486e-05
delta_local #[1.e-06]
R1 #[[ 9.99999998e-01  0.00000000e+00  5.81619339e-05  0.00000000e+00
   0.00000000e+00  0.00000000e+00]
 [ 0.00000000e+00  9.99999998e-01  0.00000000e+00  5.81619339e-05
   0.00000000e+00  0.00000000e+00]
 [-5.81619339e-05  0.00000000e+00  9.99999998e-01  0.00000000e+00
   0.00000000e+00  0.00000000e+00]
 [ 0.00000000e+00 -5.81619339e-05  0.00000000e+00  9.99999998e-01
   0.00000000e+00  0.00000000e+00]
 [ 0.00000000e+00  0.00000000e+00  0.00000000e+00  0.00000000e+00
   1.00000000e+00  0.00000000e+00]
 [ 0.00000000e+00  0.00000000e+00  0.00000000e+00  0.00000000e+00
   0.00000000e+00  1.00000000e+00]]
R2 #[[ 9.99999998e-01  0.00000000e+00 -5.81619339e-05  0.00000000e+00
   0.00000000e+00  0.00000000e+00]
 [ 0.00000000e+00  9.99999998e-01  0.00000000e+00 -5.81619339e-05
   0.00000000e+00  0.00000000e+00]
 [ 5.81619339e-05  0.00000000e+00  9.99999998e-01  0.00000000e+00
   0.00000000e+00  0.00000000e+00]
 [ 0.00000000e+00  5.81619339e-05  0.00000000e+00  9.99999998e-01
   0.00000000e+00  0.00000000e+00]
 [ 0.00000000e+00  0.00000000e+00  0.00000000e+00  0.00000000e+00
   1.00000000e+00  0.00000000e+00]
 [ 0.00000000e+00  0.00000000e+00  0.00000000e+00  0.00000000e+00
   0.00000000e+00  1.00000000e+00]]
Param #2462: delta too small; RMS=9.5153e-07 mm
quads_tilt_fit #5.7161933947217486e-05
delta_local #[0.00105094]
R1 #[[ 0.99999939  0.          0.0011081   0.          0.          0.        ]
 [ 0.          0.99999939  0.          0.0011081   0.          0.        ]
 [-0.0011081   0.          0.99999939  0.          0.          0.        ]
 [ 0.         -0.0011081   0.          0.99999939  0.          0.        ]
 [ 0.          0.          0.          0.          1.          0.        ]
 [ 0.          0.          0.          0.          0.          1.        ]]
R2 #[[ 0.99999939  0.         -0.0011081   0.          0.          0.        ]
 [ 0.          0.99999939  0.         -0.0011081   0.          0.        ]
 [ 0.0011081   0.          0.99999939  0.          0.          0.        ]
 [ 0.          0.0011081   0.          0.99999939  0.          0.        ]
 [ 0.          0.          0.          0.          1.          0.        ]
 [ 0.          0.          0.          0.          0.          1.        ]]
Param #2462: delta OK; RMS=0.001 mm
quads_tilt_fit #0.00013273091101487653
delta_local #[1.e-06]
R1 #[[ 9.99999991e-01  0.00000000e+00  1.33730911e-04  0.00000000e+00
   0.00000000e+00  0.00000000e+00]
 [ 0.00000000e+00  9.99999991e-01  0.00000000e+00  1.33730911e-04
   0.00000000e+00  0.00000000e+00]
 [-1.33730911e-04  0.00000000e+00  9.99999991e-01  0.00000000e+00
   0.00000000e+00  0.00000000e+00]
 [ 0.00000000e+00 -1.33730911e-04  0.00000000e+00  9.99999991e-01
   0.00000000e+00  0.00000000e+00]
 [ 0.00000000e+00  0.00000000e+00  0.00000000e+00  0.00000000e+00
   1.00000000e+00  0.00000000e+00]
 [ 0.00000000e+00  0.00000000e+00  0.00000000e+00  0.00000000e+00
   0.00000000e+00  1.00000000e+00]]
R2 #[[ 9.99999991e-01  0.00000000e+00 -1.33730911e-04  0.00000000e+00
   0.00000000e+00  0.00000000e+00]
 [ 0.00000000e+00  9.99999991e-01  0.00000000e+00 -1.33730911e-04
   0.00000000e+00  0.00000000e+00]
 [ 1.33730911e-04  0.00000000e+00  9.99999991e-01  0.00000000e+00
   0.00000000e+00  0.00000000e+00]
 [ 0.00000000e+00  1.33730911e-04  0.00000000e+00  9.99999991e-01
   0.00000000e+00  0.00000000e+00]
 [ 0.00000000e+00  0.00000000e+00  0.00000000e+00  0.00000000e+00
   1.00000000e+00  0.00000000e+00]
 [ 0.00000000e+00  0.00000000e+00  0.00000000e+00  0.00000000e+00
   0.00000000e+00  1.00000000e+00]]
Param #2469: delta too small; RMS=5.7606e-07 mm
quads_tilt_fit #0.00013273091101487653
delta_local #[0.00173594]
R1 #[[ 0.99999825  0.          0.00186867  0.          0.          0.        ]
 [ 0.          0.99999825  0.          0.00186867  0.          0.        ]
 [-0.00186867  0.          0.99999825  0.          0.          0.        ]
 [ 0.         -0.00186867  0.          0.99999825  0.          0.        ]
 [ 0.          0.          0.          0.          1.          0.        ]
 [ 0.          0.          0.          0.          0.          1.        ]]
R2 #[[ 0.99999825  0.         -0.00186867  0.          0.          0.        ]
 [ 0.          0.99999825  0.         -0.00186867  0.          0.        ]
 [ 0.00186867  0.          0.99999825  0.          0.          0.        ]
 [ 0.          0.00186867  0.          0.99999825  0.          0.        ]
 [ 0.          0.          0.          0.          1.          0.        ]
 [ 0.          0.          0.          0.          0.          1.        ]]
Param #2469: delta OK; RMS=0.001 mm
quads_tilt_fit #-1.2136511209338699e-05
delta_local #[1.e-06]
R1 #[[ 1.00000000e+00  0.00000000e+00 -1.11365112e-05  0.00000000e+00
   0.00000000e+00  0.00000000e+00]
 [ 0.00000000e+00  1.00000000e+00  0.00000000e+00 -1.11365112e-05
   0.00000000e+00  0.00000000e+00]
 [ 1.11365112e-05  0.00000000e+00  1.00000000e+00  0.00000000e+00
   0.00000000e+00  0.00000000e+00]
 [ 0.00000000e+00  1.11365112e-05  0.00000000e+00  1.00000000e+00
   0.00000000e+00  0.00000000e+00]
 [ 0.00000000e+00  0.00000000e+00  0.00000000e+00  0.00000000e+00
   1.00000000e+00  0.00000000e+00]
 [ 0.00000000e+00  0.00000000e+00  0.00000000e+00  0.00000000e+00
   0.00000000e+00  1.00000000e+00]]
R2 #[[ 1.00000000e+00  0.00000000e+00  1.11365112e-05  0.00000000e+00
   0.00000000e+00  0.00000000e+00]
 [ 0.00000000e+00  1.00000000e+00  0.00000000e+00  1.11365112e-05
   0.00000000e+00  0.00000000e+00]
 [-1.11365112e-05  0.00000000e+00  1.00000000e+00  0.00000000e+00
   0.00000000e+00  0.00000000e+00]
 [ 0.00000000e+00 -1.11365112e-05  0.00000000e+00  1.00000000e+00
   0.00000000e+00  0.00000000e+00]
 [ 0.00000000e+00  0.00000000e+00  0.00000000e+00  0.00000000e+00
   1.00000000e+00  0.00000000e+00]
 [ 0.00000000e+00  0.00000000e+00  0.00000000e+00  0.00000000e+00
   0.00000000e+00  1.00000000e+00]]
Param #2505: delta too small; RMS=5.6955e-07 mm
quads_tilt_fit #-1.2136511209338699e-05
delta_local #[0.00175576]
R1 #[[ 0.99999848  0.          0.00174362  0.          0.          0.        ]
 [ 0.          0.99999848  0.          0.00174362  0.          0.        ]
 [-0.00174362  0.          0.99999848  0.          0.          0.        ]
 [ 0.         -0.00174362  0.          0.99999848  0.          0.        ]
 [ 0.          0.          0.          0.          1.          0.        ]
 [ 0.          0.          0.          0.          0.          1.        ]]
R2 #[[ 0.99999848  0.         -0.00174362  0.          0.          0.        ]
 [ 0.          0.99999848  0.         -0.00174362  0.          0.        ]
 [ 0.00174362  0.          0.99999848  0.          0.          0.        ]
 [ 0.          0.00174362  0.          0.99999848  0.          0.        ]
 [ 0.          0.          0.          0.          1.          0.        ]
 [ 0.          0.          0.          0.          0.          1.        ]]
Param #2505: delta OK; RMS=0.001 mm
quads_tilt_fit #4.6884389095867295e-05
delta_local #[1.e-06]
R1 #[[ 9.99999999e-01  0.00000000e+00  4.78843891e-05  0.00000000e+00
   0.00000000e+00  0.00000000e+00]
 [ 0.00000000e+00  9.99999999e-01  0.00000000e+00  4.78843891e-05
   0.00000000e+00  0.00000000e+00]
 [-4.78843891e-05  0.00000000e+00  9.99999999e-01  0.00000000e+00
   0.00000000e+00  0.00000000e+00]
 [ 0.00000000e+00 -4.78843891e-05  0.00000000e+00  9.99999999e-01
   0.00000000e+00  0.00000000e+00]
 [ 0.00000000e+00  0.00000000e+00  0.00000000e+00  0.00000000e+00
   1.00000000e+00  0.00000000e+00]
 [ 0.00000000e+00  0.00000000e+00  0.00000000e+00  0.00000000e+00
   0.00000000e+00  1.00000000e+00]]
R2 #[[ 9.99999999e-01  0.00000000e+00 -4.78843891e-05  0.00000000e+00
   0.00000000e+00  0.00000000e+00]
 [ 0.00000000e+00  9.99999999e-01  0.00000000e+00 -4.78843891e-05
   0.00000000e+00  0.00000000e+00]
 [ 4.78843891e-05  0.00000000e+00  9.99999999e-01  0.00000000e+00
   0.00000000e+00  0.00000000e+00]
 [ 0.00000000e+00  4.78843891e-05  0.00000000e+00  9.99999999e-01
   0.00000000e+00  0.00000000e+00]
 [ 0.00000000e+00  0.00000000e+00  0.00000000e+00  0.00000000e+00
   1.00000000e+00  0.00000000e+00]
 [ 0.00000000e+00  0.00000000e+00  0.00000000e+00  0.00000000e+00
   0.00000000e+00  1.00000000e+00]]
Param #2512: delta too small; RMS=9.4441e-07 mm
quads_tilt_fit #4.6884389095867295e-05
delta_local #[0.00105886]
R1 #[[ 0.99999939  0.          0.00110574  0.          0.          0.        ]
 [ 0.          0.99999939  0.          0.00110574  0.          0.        ]
 [-0.00110574  0.          0.99999939  0.          0.          0.        ]
 [ 0.         -0.00110574  0.          0.99999939  0.          0.        ]
 [ 0.          0.          0.          0.          1.          0.        ]
 [ 0.          0.          0.          0.          0.          1.        ]]
R2 #[[ 0.99999939  0.         -0.00110574  0.          0.          0.        ]
 [ 0.          0.99999939  0.         -0.00110574  0.          0.        ]
 [ 0.00110574  0.          0.99999939  0.          0.          0.        ]
 [ 0.          0.00110574  0.          0.99999939  0.          0.        ]
 [ 0.          0.          0.          0.          1.          0.        ]
 [ 0.          0.          0.          0.          0.          1.        ]]
Param #2512: delta OK; RMS=0.001 mm
quads_tilt_fit #5.6642960860357565e-05
delta_local #[1.e-06]
R1 #[[ 9.99999998e-01  0.00000000e+00  5.76429608e-05  0.00000000e+00
   0.00000000e+00  0.00000000e+00]
 [ 0.00000000e+00  9.99999998e-01  0.00000000e+00  5.76429608e-05
   0.00000000e+00  0.00000000e+00]
 [-5.76429608e-05  0.00000000e+00  9.99999998e-01  0.00000000e+00
   0.00000000e+00  0.00000000e+00]
 [ 0.00000000e+00 -5.76429608e-05  0.00000000e+00  9.99999998e-01
   0.00000000e+00  0.00000000e+00]
 [ 0.00000000e+00  0.00000000e+00  0.00000000e+00  0.00000000e+00
   1.00000000e+00  0.00000000e+00]
 [ 0.00000000e+00  0.00000000e+00  0.00000000e+00  0.00000000e+00
   0.00000000e+00  1.00000000e+00]]
R2 #[[ 9.99999998e-01  0.00000000e+00 -5.76429608e-05  0.00000000e+00
   0.00000000e+00  0.00000000e+00]
 [ 0.00000000e+00  9.99999998e-01  0.00000000e+00 -5.76429608e-05
   0.00000000e+00  0.00000000e+00]
 [ 5.76429608e-05  0.00000000e+00  9.99999998e-01  0.00000000e+00
   0.00000000e+00  0.00000000e+00]
 [ 0.00000000e+00  5.76429608e-05  0.00000000e+00  9.99999998e-01
   0.00000000e+00  0.00000000e+00]
 [ 0.00000000e+00  0.00000000e+00  0.00000000e+00  0.00000000e+00
   1.00000000e+00  0.00000000e+00]
 [ 0.00000000e+00  0.00000000e+00  0.00000000e+00  0.00000000e+00
   0.00000000e+00  1.00000000e+00]]
Param #2518: delta too small; RMS=8.7246e-07 mm
quads_tilt_fit #5.6642960860357565e-05
delta_local #[0.00114618]
R1 #[[ 0.99999928  0.          0.00120283  0.          0.          0.        ]
 [ 0.          0.99999928  0.          0.00120283  0.          0.        ]
 [-0.00120283  0.          0.99999928  0.          0.          0.        ]
 [ 0.         -0.00120283  0.          0.99999928  0.          0.        ]
 [ 0.          0.          0.          0.          1.          0.        ]
 [ 0.          0.          0.          0.          0.          1.        ]]
R2 #[[ 0.99999928  0.         -0.00120283  0.          0.          0.        ]
 [ 0.          0.99999928  0.         -0.00120283  0.          0.        ]
 [ 0.00120283  0.          0.99999928  0.          0.          0.        ]
 [ 0.          0.00120283  0.          0.99999928  0.          0.        ]
 [ 0.          0.          0.          0.          1.          0.        ]
 [ 0.          0.          0.          0.          0.          1.        ]]
Param #2518: delta OK; RMS=0.001 mm
quads_tilt_fit #0.00023126113686438633
delta_local #[1.e-06]
R1 #[[ 9.99999973e-01  0.00000000e+00  2.32261135e-04  0.00000000e+00
   0.00000000e+00  0.00000000e+00]
 [ 0.00000000e+00  9.99999973e-01  0.00000000e+00  2.32261135e-04
   0.00000000e+00  0.00000000e+00]
 [-2.32261135e-04  0.00000000e+00  9.99999973e-01  0.00000000e+00
   0.00000000e+00  0.00000000e+00]
 [ 0.00000000e+00 -2.32261135e-04  0.00000000e+00  9.99999973e-01
   0.00000000e+00  0.00000000e+00]
 [ 0.00000000e+00  0.00000000e+00  0.00000000e+00  0.00000000e+00
   1.00000000e+00  0.00000000e+00]
 [ 0.00000000e+00  0.00000000e+00  0.00000000e+00  0.00000000e+00
   0.00000000e+00  1.00000000e+00]]
R2 #[[ 9.99999973e-01  0.00000000e+00 -2.32261135e-04  0.00000000e+00
   0.00000000e+00  0.00000000e+00]
 [ 0.00000000e+00  9.99999973e-01  0.00000000e+00 -2.32261135e-04
   0.00000000e+00  0.00000000e+00]
 [ 2.32261135e-04  0.00000000e+00  9.99999973e-01  0.00000000e+00
   0.00000000e+00  0.00000000e+00]
 [ 0.00000000e+00  2.32261135e-04  0.00000000e+00  9.99999973e-01
   0.00000000e+00  0.00000000e+00]
 [ 0.00000000e+00  0.00000000e+00  0.00000000e+00  0.00000000e+00
   1.00000000e+00  0.00000000e+00]
 [ 0.00000000e+00  0.00000000e+00  0.00000000e+00  0.00000000e+00
   0.00000000e+00  1.00000000e+00]]
Param #2527: delta too small; RMS=6.6522e-07 mm
quads_tilt_fit #0.00023126113686438633
delta_local #[0.00150326]
R1 #[[ 0.9999985   0.          0.00173452  0.          0.          0.        ]
 [ 0.          0.9999985   0.          0.00173452  0.          0.        ]
 [-0.00173452  0.          0.9999985   0.          0.          0.        ]
 [ 0.         -0.00173452  0.          0.9999985   0.          0.        ]
 [ 0.          0.          0.          0.          1.          0.        ]
 [ 0.          0.          0.          0.          0.          1.        ]]
R2 #[[ 0.9999985   0.         -0.00173452  0.          0.          0.        ]
 [ 0.          0.9999985   0.         -0.00173452  0.          0.        ]
 [ 0.00173452  0.          0.9999985   0.          0.          0.        ]
 [ 0.          0.00173452  0.          0.9999985   0.          0.        ]
 [ 0.          0.          0.          0.          1.          0.        ]
 [ 0.          0.          0.          0.          0.          1.        ]]
Param #2527: delta OK; RMS=0.001 mm
quads_tilt_fit #0.0002531134699058781
delta_local #[1.e-06]
R1 #[[ 9.99999968e-01  0.00000000e+00  2.54113467e-04  0.00000000e+00
   0.00000000e+00  0.00000000e+00]
 [ 0.00000000e+00  9.99999968e-01  0.00000000e+00  2.54113467e-04
   0.00000000e+00  0.00000000e+00]
 [-2.54113467e-04  0.00000000e+00  9.99999968e-01  0.00000000e+00
   0.00000000e+00  0.00000000e+00]
 [ 0.00000000e+00 -2.54113467e-04  0.00000000e+00  9.99999968e-01
   0.00000000e+00  0.00000000e+00]
 [ 0.00000000e+00  0.00000000e+00  0.00000000e+00  0.00000000e+00
   1.00000000e+00  0.00000000e+00]
 [ 0.00000000e+00  0.00000000e+00  0.00000000e+00  0.00000000e+00
   0.00000000e+00  1.00000000e+00]]
R2 #[[ 9.99999968e-01  0.00000000e+00 -2.54113467e-04  0.00000000e+00
   0.00000000e+00  0.00000000e+00]
 [ 0.00000000e+00  9.99999968e-01  0.00000000e+00 -2.54113467e-04
   0.00000000e+00  0.00000000e+00]
 [ 2.54113467e-04  0.00000000e+00  9.99999968e-01  0.00000000e+00
   0.00000000e+00  0.00000000e+00]
 [ 0.00000000e+00  2.54113467e-04  0.00000000e+00  9.99999968e-01
   0.00000000e+00  0.00000000e+00]
 [ 0.00000000e+00  0.00000000e+00  0.00000000e+00  0.00000000e+00
   1.00000000e+00  0.00000000e+00]
 [ 0.00000000e+00  0.00000000e+00  0.00000000e+00  0.00000000e+00
   0.00000000e+00  1.00000000e+00]]
Param #2581: delta too small; RMS=6.6306e-07 mm
quads_tilt_fit #0.0002531134699058781
delta_local #[0.00150816]
R1 #[[ 0.99999845  0.          0.00176127  0.          0.          0.        ]
 [ 0.          0.99999845  0.          0.00176127  0.          0.        ]
 [-0.00176127  0.          0.99999845  0.          0.          0.        ]
 [ 0.         -0.00176127  0.          0.99999845  0.          0.        ]
 [ 0.          0.          0.          0.          1.          0.        ]
 [ 0.          0.          0.          0.          0.          1.        ]]
R2 #[[ 0.99999845  0.         -0.00176127  0.          0.          0.        ]
 [ 0.          0.99999845  0.         -0.00176127  0.          0.        ]
 [ 0.00176127  0.          0.99999845  0.          0.          0.        ]
 [ 0.          0.00176127  0.          0.99999845  0.          0.        ]
 [ 0.          0.          0.          0.          1.          0.        ]
 [ 0.          0.          0.          0.          0.          1.        ]]
Param #2581: delta OK; RMS=0.001 mm
quads_tilt_fit #5.93523164691111e-05
delta_local #[1.e-06]
R1 #[[ 9.99999998e-01  0.00000000e+00  6.03523164e-05  0.00000000e+00
   0.00000000e+00  0.00000000e+00]
 [ 0.00000000e+00  9.99999998e-01  0.00000000e+00  6.03523164e-05
   0.00000000e+00  0.00000000e+00]
 [-6.03523164e-05  0.00000000e+00  9.99999998e-01  0.00000000e+00
   0.00000000e+00  0.00000000e+00]
 [ 0.00000000e+00 -6.03523164e-05  0.00000000e+00  9.99999998e-01
   0.00000000e+00  0.00000000e+00]
 [ 0.00000000e+00  0.00000000e+00  0.00000000e+00  0.00000000e+00
   1.00000000e+00  0.00000000e+00]
 [ 0.00000000e+00  0.00000000e+00  0.00000000e+00  0.00000000e+00
   0.00000000e+00  1.00000000e+00]]
R2 #[[ 9.99999998e-01  0.00000000e+00 -6.03523164e-05  0.00000000e+00
   0.00000000e+00  0.00000000e+00]
 [ 0.00000000e+00  9.99999998e-01  0.00000000e+00 -6.03523164e-05
   0.00000000e+00  0.00000000e+00]
 [ 6.03523164e-05  0.00000000e+00  9.99999998e-01  0.00000000e+00
   0.00000000e+00  0.00000000e+00]
 [ 0.00000000e+00  6.03523164e-05  0.00000000e+00  9.99999998e-01
   0.00000000e+00  0.00000000e+00]
 [ 0.00000000e+00  0.00000000e+00  0.00000000e+00  0.00000000e+00
   1.00000000e+00  0.00000000e+00]
 [ 0.00000000e+00  0.00000000e+00  0.00000000e+00  0.00000000e+00
   0.00000000e+00  1.00000000e+00]]
Param #2590: delta too small; RMS=8.7115e-07 mm
quads_tilt_fit #5.93523164691111e-05
delta_local #[0.0011479]
R1 #[[ 0.99999927  0.          0.00120726  0.          0.          0.        ]
 [ 0.          0.99999927  0.          0.00120726  0.          0.        ]
 [-0.00120726  0.          0.99999927  0.          0.          0.        ]
 [ 0.         -0.00120726  0.          0.99999927  0.          0.        ]
 [ 0.          0.          0.          0.          1.          0.        ]
 [ 0.          0.          0.          0.          0.          1.        ]]
R2 #[[ 0.99999927  0.         -0.00120726  0.          0.          0.        ]
 [ 0.          0.99999927  0.         -0.00120726  0.          0.        ]
 [ 0.00120726  0.          0.99999927  0.          0.          0.        ]
 [ 0.          0.00120726  0.          0.99999927  0.          0.        ]
 [ 0.          0.          0.          0.          1.          0.        ]
 [ 0.          0.          0.          0.          0.          1.        ]]
Param #2590: delta OK; RMS=0.001 mm
quads_tilt_fit #4.247682144413409e-05
delta_local #[1.e-06]
R1 #[[ 9.99999999e-01  0.00000000e+00  4.34768214e-05  0.00000000e+00
   0.00000000e+00  0.00000000e+00]
 [ 0.00000000e+00  9.99999999e-01  0.00000000e+00  4.34768214e-05
   0.00000000e+00  0.00000000e+00]
 [-4.34768214e-05  0.00000000e+00  9.99999999e-01  0.00000000e+00
   0.00000000e+00  0.00000000e+00]
 [ 0.00000000e+00 -4.34768214e-05  0.00000000e+00  9.99999999e-01
   0.00000000e+00  0.00000000e+00]
 [ 0.00000000e+00  0.00000000e+00  0.00000000e+00  0.00000000e+00
   1.00000000e+00  0.00000000e+00]
 [ 0.00000000e+00  0.00000000e+00  0.00000000e+00  0.00000000e+00
   0.00000000e+00  1.00000000e+00]]
R2 #[[ 9.99999999e-01  0.00000000e+00 -4.34768214e-05  0.00000000e+00
   0.00000000e+00  0.00000000e+00]
 [ 0.00000000e+00  9.99999999e-01  0.00000000e+00 -4.34768214e-05
   0.00000000e+00  0.00000000e+00]
 [ 4.34768214e-05  0.00000000e+00  9.99999999e-01  0.00000000e+00
   0.00000000e+00  0.00000000e+00]
 [ 0.00000000e+00  4.34768214e-05  0.00000000e+00  9.99999999e-01
   0.00000000e+00  0.00000000e+00]
 [ 0.00000000e+00  0.00000000e+00  0.00000000e+00  0.00000000e+00
   1.00000000e+00  0.00000000e+00]
 [ 0.00000000e+00  0.00000000e+00  0.00000000e+00  0.00000000e+00
   0.00000000e+00  1.00000000e+00]]
Param #2596: delta too small; RMS=9.4397e-07 mm
quads_tilt_fit #4.247682144413409e-05
delta_local #[0.00105935]
R1 #[[ 0.99999939  0.          0.00110183  0.          0.          0.        ]
 [ 0.          0.99999939  0.          0.00110183  0.          0.        ]
 [-0.00110183  0.          0.99999939  0.          0.          0.        ]
 [ 0.         -0.00110183  0.          0.99999939  0.          0.        ]
 [ 0.          0.          0.          0.          1.          0.        ]
 [ 0.          0.          0.          0.          0.          1.        ]]
R2 #[[ 0.99999939  0.         -0.00110183  0.          0.          0.        ]
 [ 0.          0.99999939  0.         -0.00110183  0.          0.        ]
 [ 0.00110183  0.          0.99999939  0.          0.          0.        ]
 [ 0.          0.00110183  0.          0.99999939  0.          0.        ]
 [ 0.          0.          0.          0.          1.          0.        ]
 [ 0.          0.          0.          0.          0.          1.        ]]
Param #2596: delta OK; RMS=0.001 mm
quads_tilt_fit #-2.548653858140953e-05
delta_local #[1.e-06]
R1 #[[ 1.00000000e+00  0.00000000e+00 -2.44865386e-05  0.00000000e+00
   0.00000000e+00  0.00000000e+00]
 [ 0.00000000e+00  1.00000000e+00  0.00000000e+00 -2.44865386e-05
   0.00000000e+00  0.00000000e+00]
 [ 2.44865386e-05  0.00000000e+00  1.00000000e+00  0.00000000e+00
   0.00000000e+00  0.00000000e+00]
 [ 0.00000000e+00  2.44865386e-05  0.00000000e+00  1.00000000e+00
   0.00000000e+00  0.00000000e+00]
 [ 0.00000000e+00  0.00000000e+00  0.00000000e+00  0.00000000e+00
   1.00000000e+00  0.00000000e+00]
 [ 0.00000000e+00  0.00000000e+00  0.00000000e+00  0.00000000e+00
   0.00000000e+00  1.00000000e+00]]
R2 #[[ 1.00000000e+00  0.00000000e+00  2.44865386e-05  0.00000000e+00
   0.00000000e+00  0.00000000e+00]
 [ 0.00000000e+00  1.00000000e+00  0.00000000e+00  2.44865386e-05
   0.00000000e+00  0.00000000e+00]
 [-2.44865386e-05  0.00000000e+00  1.00000000e+00  0.00000000e+00
   0.00000000e+00  0.00000000e+00]
 [ 0.00000000e+00 -2.44865386e-05  0.00000000e+00  1.00000000e+00
   0.00000000e+00  0.00000000e+00]
 [ 0.00000000e+00  0.00000000e+00  0.00000000e+00  0.00000000e+00
   1.00000000e+00  0.00000000e+00]
 [ 0.00000000e+00  0.00000000e+00  0.00000000e+00  0.00000000e+00
   0.00000000e+00  1.00000000e+00]]
Param #2603: delta too small; RMS=5.7177e-07 mm
quads_tilt_fit #-2.548653858140953e-05
delta_local #[0.00174896]
R1 #[[ 0.99999851  0.          0.00172348  0.          0.          0.        ]
 [ 0.          0.99999851  0.          0.00172348  0.          0.        ]
 [-0.00172348  0.          0.99999851  0.          0.          0.        ]
 [ 0.         -0.00172348  0.          0.99999851  0.          0.        ]
 [ 0.          0.          0.          0.          1.          0.        ]
 [ 0.          0.          0.          0.          0.          1.        ]]
R2 #[[ 0.99999851  0.         -0.00172348  0.          0.          0.        ]
 [ 0.          0.99999851  0.         -0.00172348  0.          0.        ]
 [ 0.00172348  0.          0.99999851  0.          0.          0.        ]
 [ 0.          0.00172348  0.          0.99999851  0.          0.        ]
 [ 0.          0.          0.          0.          1.          0.        ]
 [ 0.          0.          0.          0.          0.          1.        ]]
Param #2603: delta OK; RMS=0.001 mm
quads_tilt_fit #0.00019456724449008734
delta_local #[1.e-06]
R1 #[[ 9.99999981e-01  0.00000000e+00  1.95567243e-04  0.00000000e+00
   0.00000000e+00  0.00000000e+00]
 [ 0.00000000e+00  9.99999981e-01  0.00000000e+00  1.95567243e-04
   0.00000000e+00  0.00000000e+00]
 [-1.95567243e-04  0.00000000e+00  9.99999981e-01  0.00000000e+00
   0.00000000e+00  0.00000000e+00]
 [ 0.00000000e+00 -1.95567243e-04  0.00000000e+00  9.99999981e-01
   0.00000000e+00  0.00000000e+00]
 [ 0.00000000e+00  0.00000000e+00  0.00000000e+00  0.00000000e+00
   1.00000000e+00  0.00000000e+00]
 [ 0.00000000e+00  0.00000000e+00  0.00000000e+00  0.00000000e+00
   0.00000000e+00  1.00000000e+00]]
R2 #[[ 9.99999981e-01  0.00000000e+00 -1.95567243e-04  0.00000000e+00
   0.00000000e+00  0.00000000e+00]
 [ 0.00000000e+00  9.99999981e-01  0.00000000e+00 -1.95567243e-04
   0.00000000e+00  0.00000000e+00]
 [ 1.95567243e-04  0.00000000e+00  9.99999981e-01  0.00000000e+00
   0.00000000e+00  0.00000000e+00]
 [ 0.00000000e+00  1.95567243e-04  0.00000000e+00  9.99999981e-01
   0.00000000e+00  0.00000000e+00]
 [ 0.00000000e+00  0.00000000e+00  0.00000000e+00  0.00000000e+00
   1.00000000e+00  0.00000000e+00]
 [ 0.00000000e+00  0.00000000e+00  0.00000000e+00  0.00000000e+00
   0.00000000e+00  1.00000000e+00]]
Param #2644: delta too small; RMS=5.7091e-07 mm
quads_tilt_fit #0.00019456724449008734
delta_local #[0.0017516]
R1 #[[ 0.99999811  0.          0.00194617  0.          0.          0.        ]
 [ 0.          0.99999811  0.          0.00194617  0.          0.        ]
 [-0.00194617  0.          0.99999811  0.          0.          0.        ]
 [ 0.         -0.00194617  0.          0.99999811  0.          0.        ]
 [ 0.          0.          0.          0.          1.          0.        ]
 [ 0.          0.          0.          0.          0.          1.        ]]
R2 #[[ 0.99999811  0.         -0.00194617  0.          0.          0.        ]
 [ 0.          0.99999811  0.         -0.00194617  0.          0.        ]
 [ 0.00194617  0.          0.99999811  0.          0.          0.        ]
 [ 0.          0.00194617  0.          0.99999811  0.          0.        ]
 [ 0.          0.          0.          0.          1.          0.        ]
 [ 0.          0.          0.          0.          0.          1.        ]]
Param #2644: delta OK; RMS=0.001 mm
quads_tilt_fit #0.00011336679575439295
delta_local #[1.e-06]
R1 #[[ 9.99999993e-01  0.00000000e+00  1.14366796e-04  0.00000000e+00
   0.00000000e+00  0.00000000e+00]
 [ 0.00000000e+00  9.99999993e-01  0.00000000e+00  1.14366796e-04
   0.00000000e+00  0.00000000e+00]
 [-1.14366796e-04  0.00000000e+00  9.99999993e-01  0.00000000e+00
   0.00000000e+00  0.00000000e+00]
 [ 0.00000000e+00 -1.14366796e-04  0.00000000e+00  9.99999993e-01
   0.00000000e+00  0.00000000e+00]
 [ 0.00000000e+00  0.00000000e+00  0.00000000e+00  0.00000000e+00
   1.00000000e+00  0.00000000e+00]
 [ 0.00000000e+00  0.00000000e+00  0.00000000e+00  0.00000000e+00
   0.00000000e+00  1.00000000e+00]]
R2 #[[ 9.99999993e-01  0.00000000e+00 -1.14366796e-04  0.00000000e+00
   0.00000000e+00  0.00000000e+00]
 [ 0.00000000e+00  9.99999993e-01  0.00000000e+00 -1.14366796e-04
   0.00000000e+00  0.00000000e+00]
 [ 1.14366796e-04  0.00000000e+00  9.99999993e-01  0.00000000e+00
   0.00000000e+00  0.00000000e+00]
 [ 0.00000000e+00  1.14366796e-04  0.00000000e+00  9.99999993e-01
   0.00000000e+00  0.00000000e+00]
 [ 0.00000000e+00  0.00000000e+00  0.00000000e+00  0.00000000e+00
   1.00000000e+00  0.00000000e+00]
 [ 0.00000000e+00  0.00000000e+00  0.00000000e+00  0.00000000e+00
   0.00000000e+00  1.00000000e+00]]
Param #2651: delta too small; RMS=9.4252e-07 mm
quads_tilt_fit #0.00011336679575439295
delta_local #[0.00106099]
R1 #[[ 0.99999931  0.          0.00117435  0.          0.          0.        ]
 [ 0.          0.99999931  0.          0.00117435  0.          0.        ]
 [-0.00117435  0.          0.99999931  0.          0.          0.        ]
 [ 0.         -0.00117435  0.          0.99999931  0.          0.        ]
 [ 0.          0.          0.          0.          1.          0.        ]
 [ 0.          0.          0.          0.          0.          1.        ]]
R2 #[[ 0.99999931  0.         -0.00117435  0.          0.          0.        ]
 [ 0.          0.99999931  0.         -0.00117435  0.          0.        ]
 [ 0.00117435  0.          0.99999931  0.          0.          0.        ]
 [ 0.          0.00117435  0.          0.99999931  0.          0.        ]
 [ 0.          0.          0.          0.          1.          0.        ]
 [ 0.          0.          0.          0.          0.          1.        ]]
Param #2651: delta OK; RMS=0.001 mm
quads_tilt_fit #8.740739624288168e-05
delta_local #[1.e-06]
R1 #[[ 9.99999996e-01  0.00000000e+00  8.84073961e-05  0.00000000e+00
   0.00000000e+00  0.00000000e+00]
 [ 0.00000000e+00  9.99999996e-01  0.00000000e+00  8.84073961e-05
   0.00000000e+00  0.00000000e+00]
 [-8.84073961e-05  0.00000000e+00  9.99999996e-01  0.00000000e+00
   0.00000000e+00  0.00000000e+00]
 [ 0.00000000e+00 -8.84073961e-05  0.00000000e+00  9.99999996e-01
   0.00000000e+00  0.00000000e+00]
 [ 0.00000000e+00  0.00000000e+00  0.00000000e+00  0.00000000e+00
   1.00000000e+00  0.00000000e+00]
 [ 0.00000000e+00  0.00000000e+00  0.00000000e+00  0.00000000e+00
   0.00000000e+00  1.00000000e+00]]
R2 #[[ 9.99999996e-01  0.00000000e+00 -8.84073961e-05  0.00000000e+00
   0.00000000e+00  0.00000000e+00]
 [ 0.00000000e+00  9.99999996e-01  0.00000000e+00 -8.84073961e-05
   0.00000000e+00  0.00000000e+00]
 [ 8.84073961e-05  0.00000000e+00  9.99999996e-01  0.00000000e+00
   0.00000000e+00  0.00000000e+00]
 [ 0.00000000e+00  8.84073961e-05  0.00000000e+00  9.99999996e-01
   0.00000000e+00  0.00000000e+00]
 [ 0.00000000e+00  0.00000000e+00  0.00000000e+00  0.00000000e+00
   1.00000000e+00  0.00000000e+00]
 [ 0.00000000e+00  0.00000000e+00  0.00000000e+00  0.00000000e+00
   0.00000000e+00  1.00000000e+00]]
Param #2657: delta too small; RMS=8.7132e-07 mm
quads_tilt_fit #8.740739624288168e-05
delta_local #[0.00114768]
R1 #[[ 0.99999924  0.          0.00123509  0.          0.          0.        ]
 [ 0.          0.99999924  0.          0.00123509  0.          0.        ]
 [-0.00123509  0.          0.99999924  0.          0.          0.        ]
 [ 0.         -0.00123509  0.          0.99999924  0.          0.        ]
 [ 0.          0.          0.          0.          1.          0.        ]
 [ 0.          0.          0.          0.          0.          1.        ]]
R2 #[[ 0.99999924  0.         -0.00123509  0.          0.          0.        ]
 [ 0.          0.99999924  0.         -0.00123509  0.          0.        ]
 [ 0.00123509  0.          0.99999924  0.          0.          0.        ]
 [ 0.          0.00123509  0.          0.99999924  0.          0.        ]
 [ 0.          0.          0.          0.          1.          0.        ]
 [ 0.          0.          0.          0.          0.          1.        ]]
Param #2657: delta OK; RMS=0.001 mm
quads_tilt_fit #0.00016463824330152963
delta_local #[1.e-06]
R1 #[[ 9.99999986e-01  0.00000000e+00  1.65638243e-04  0.00000000e+00
   0.00000000e+00  0.00000000e+00]
 [ 0.00000000e+00  9.99999986e-01  0.00000000e+00  1.65638243e-04
   0.00000000e+00  0.00000000e+00]
 [-1.65638243e-04  0.00000000e+00  9.99999986e-01  0.00000000e+00
   0.00000000e+00  0.00000000e+00]
 [ 0.00000000e+00 -1.65638243e-04  0.00000000e+00  9.99999986e-01
   0.00000000e+00  0.00000000e+00]
 [ 0.00000000e+00  0.00000000e+00  0.00000000e+00  0.00000000e+00
   1.00000000e+00  0.00000000e+00]
 [ 0.00000000e+00  0.00000000e+00  0.00000000e+00  0.00000000e+00
   0.00000000e+00  1.00000000e+00]]
R2 #[[ 9.99999986e-01  0.00000000e+00 -1.65638243e-04  0.00000000e+00
   0.00000000e+00  0.00000000e+00]
 [ 0.00000000e+00  9.99999986e-01  0.00000000e+00 -1.65638243e-04
   0.00000000e+00  0.00000000e+00]
 [ 1.65638243e-04  0.00000000e+00  9.99999986e-01  0.00000000e+00
   0.00000000e+00  0.00000000e+00]
 [ 0.00000000e+00  1.65638243e-04  0.00000000e+00  9.99999986e-01
   0.00000000e+00  0.00000000e+00]
 [ 0.00000000e+00  0.00000000e+00  0.00000000e+00  0.00000000e+00
   1.00000000e+00  0.00000000e+00]
 [ 0.00000000e+00  0.00000000e+00  0.00000000e+00  0.00000000e+00
   0.00000000e+00  1.00000000e+00]]
Param #2666: delta too small; RMS=6.6556e-07 mm
quads_tilt_fit #0.00016463824330152963
delta_local #[0.0015025]
R1 #[[ 0.99999861  0.          0.00166714  0.          0.          0.        ]
 [ 0.          0.99999861  0.          0.00166714  0.          0.        ]
 [-0.00166714  0.          0.99999861  0.          0.          0.        ]
 [ 0.         -0.00166714  0.          0.99999861  0.          0.        ]
 [ 0.          0.          0.          0.          1.          0.        ]
 [ 0.          0.          0.          0.          0.          1.        ]]
R2 #[[ 0.99999861  0.         -0.00166714  0.          0.          0.        ]
 [ 0.          0.99999861  0.         -0.00166714  0.          0.        ]
 [ 0.00166714  0.          0.99999861  0.          0.          0.        ]
 [ 0.          0.00166714  0.          0.99999861  0.          0.        ]
 [ 0.          0.          0.          0.          1.          0.        ]
 [ 0.          0.          0.          0.          0.          1.        ]]
Param #2666: delta OK; RMS=0.001 mm
quads_tilt_fit #4.973769776000103e-05
delta_local #[1.e-06]
R1 #[[ 9.99999999e-01  0.00000000e+00  5.07376977e-05  0.00000000e+00
   0.00000000e+00  0.00000000e+00]
 [ 0.00000000e+00  9.99999999e-01  0.00000000e+00  5.07376977e-05
   0.00000000e+00  0.00000000e+00]
 [-5.07376977e-05  0.00000000e+00  9.99999999e-01  0.00000000e+00
   0.00000000e+00  0.00000000e+00]
 [ 0.00000000e+00 -5.07376977e-05  0.00000000e+00  9.99999999e-01
   0.00000000e+00  0.00000000e+00]
 [ 0.00000000e+00  0.00000000e+00  0.00000000e+00  0.00000000e+00
   1.00000000e+00  0.00000000e+00]
 [ 0.00000000e+00  0.00000000e+00  0.00000000e+00  0.00000000e+00
   0.00000000e+00  1.00000000e+00]]
R2 #[[ 9.99999999e-01  0.00000000e+00 -5.07376977e-05  0.00000000e+00
   0.00000000e+00  0.00000000e+00]
 [ 0.00000000e+00  9.99999999e-01  0.00000000e+00 -5.07376977e-05
   0.00000000e+00  0.00000000e+00]
 [ 5.07376977e-05  0.00000000e+00  9.99999999e-01  0.00000000e+00
   0.00000000e+00  0.00000000e+00]
 [ 0.00000000e+00  5.07376977e-05  0.00000000e+00  9.99999999e-01
   0.00000000e+00  0.00000000e+00]
 [ 0.00000000e+00  0.00000000e+00  0.00000000e+00  0.00000000e+00
   1.00000000e+00  0.00000000e+00]
 [ 0.00000000e+00  0.00000000e+00  0.00000000e+00  0.00000000e+00
   0.00000000e+00  1.00000000e+00]]
Param #2727: delta too small; RMS=6.5908e-07 mm
quads_tilt_fit #4.973769776000103e-05
delta_local #[0.00151727]
R1 #[[ 0.99999877  0.          0.001567    0.          0.          0.        ]
 [ 0.          0.99999877  0.          0.001567    0.          0.        ]
 [-0.001567    0.          0.99999877  0.          0.          0.        ]
 [ 0.         -0.001567    0.          0.99999877  0.          0.        ]
 [ 0.          0.          0.          0.          1.          0.        ]
 [ 0.          0.          0.          0.          0.          1.        ]]
R2 #[[ 0.99999877  0.         -0.001567    0.          0.          0.        ]
 [ 0.          0.99999877  0.         -0.001567    0.          0.        ]
 [ 0.001567    0.          0.99999877  0.          0.          0.        ]
 [ 0.          0.001567    0.          0.99999877  0.          0.        ]
 [ 0.          0.          0.          0.          1.          0.        ]
 [ 0.          0.          0.          0.          0.          1.        ]]
Param #2727: delta OK; RMS=0.001 mm
quads_tilt_fit #4.0221628576392474e-05
delta_local #[1.e-06]
R1 #[[ 9.99999999e-01  0.00000000e+00  4.12216286e-05  0.00000000e+00
   0.00000000e+00  0.00000000e+00]
 [ 0.00000000e+00  9.99999999e-01  0.00000000e+00  4.12216286e-05
   0.00000000e+00  0.00000000e+00]
 [-4.12216286e-05  0.00000000e+00  9.99999999e-01  0.00000000e+00
   0.00000000e+00  0.00000000e+00]
 [ 0.00000000e+00 -4.12216286e-05  0.00000000e+00  9.99999999e-01
   0.00000000e+00  0.00000000e+00]
 [ 0.00000000e+00  0.00000000e+00  0.00000000e+00  0.00000000e+00
   1.00000000e+00  0.00000000e+00]
 [ 0.00000000e+00  0.00000000e+00  0.00000000e+00  0.00000000e+00
   0.00000000e+00  1.00000000e+00]]
R2 #[[ 9.99999999e-01  0.00000000e+00 -4.12216286e-05  0.00000000e+00
   0.00000000e+00  0.00000000e+00]
 [ 0.00000000e+00  9.99999999e-01  0.00000000e+00 -4.12216286e-05
   0.00000000e+00  0.00000000e+00]
 [ 4.12216286e-05  0.00000000e+00  9.99999999e-01  0.00000000e+00
   0.00000000e+00  0.00000000e+00]
 [ 0.00000000e+00  4.12216286e-05  0.00000000e+00  9.99999999e-01
   0.00000000e+00  0.00000000e+00]
 [ 0.00000000e+00  0.00000000e+00  0.00000000e+00  0.00000000e+00
   1.00000000e+00  0.00000000e+00]
 [ 0.00000000e+00  0.00000000e+00  0.00000000e+00  0.00000000e+00
   0.00000000e+00  1.00000000e+00]]
Param #2736: delta too small; RMS=8.56e-07 mm
quads_tilt_fit #4.0221628576392474e-05
delta_local #[0.00116822]
R1 #[[ 0.99999927  0.          0.00120844  0.          0.          0.        ]
 [ 0.          0.99999927  0.          0.00120844  0.          0.        ]
 [-0.00120844  0.          0.99999927  0.          0.          0.        ]
 [ 0.         -0.00120844  0.          0.99999927  0.          0.        ]
 [ 0.          0.          0.          0.          1.          0.        ]
 [ 0.          0.          0.          0.          0.          1.        ]]
R2 #[[ 0.99999927  0.         -0.00120844  0.          0.          0.        ]
 [ 0.          0.99999927  0.         -0.00120844  0.          0.        ]
 [ 0.00120844  0.          0.99999927  0.          0.          0.        ]
 [ 0.          0.00120844  0.          0.99999927  0.          0.        ]
 [ 0.          0.          0.          0.          1.          0.        ]
 [ 0.          0.          0.          0.          0.          1.        ]]
Param #2736: delta OK; RMS=0.001 mm
quads_tilt_fit #1.3137842053587497e-05
delta_local #[1.e-06]
R1 #[[ 1.00000000e+00  0.00000000e+00  1.41378421e-05  0.00000000e+00
   0.00000000e+00  0.00000000e+00]
 [ 0.00000000e+00  1.00000000e+00  0.00000000e+00  1.41378421e-05
   0.00000000e+00  0.00000000e+00]
 [-1.41378421e-05  0.00000000e+00  1.00000000e+00  0.00000000e+00
   0.00000000e+00  0.00000000e+00]
 [ 0.00000000e+00 -1.41378421e-05  0.00000000e+00  1.00000000e+00
   0.00000000e+00  0.00000000e+00]
 [ 0.00000000e+00  0.00000000e+00  0.00000000e+00  0.00000000e+00
   1.00000000e+00  0.00000000e+00]
 [ 0.00000000e+00  0.00000000e+00  0.00000000e+00  0.00000000e+00
   0.00000000e+00  1.00000000e+00]]
R2 #[[ 1.00000000e+00  0.00000000e+00 -1.41378421e-05  0.00000000e+00
   0.00000000e+00  0.00000000e+00]
 [ 0.00000000e+00  1.00000000e+00  0.00000000e+00 -1.41378421e-05
   0.00000000e+00  0.00000000e+00]
 [ 1.41378421e-05  0.00000000e+00  1.00000000e+00  0.00000000e+00
   0.00000000e+00  0.00000000e+00]
 [ 0.00000000e+00  1.41378421e-05  0.00000000e+00  1.00000000e+00
   0.00000000e+00  0.00000000e+00]
 [ 0.00000000e+00  0.00000000e+00  0.00000000e+00  0.00000000e+00
   1.00000000e+00  0.00000000e+00]
 [ 0.00000000e+00  0.00000000e+00  0.00000000e+00  0.00000000e+00
   0.00000000e+00  1.00000000e+00]]
Param #2742: delta too small; RMS=9.5633e-07 mm
quads_tilt_fit #1.3137842053587497e-05
delta_local #[0.00104566]
R1 #[[ 0.99999944  0.          0.0010588   0.          0.          0.        ]
 [ 0.          0.99999944  0.          0.0010588   0.          0.        ]
 [-0.0010588   0.          0.99999944  0.          0.          0.        ]
 [ 0.         -0.0010588   0.          0.99999944  0.          0.        ]
 [ 0.          0.          0.          0.          1.          0.        ]
 [ 0.          0.          0.          0.          0.          1.        ]]
R2 #[[ 0.99999944  0.         -0.0010588   0.          0.          0.        ]
 [ 0.          0.99999944  0.         -0.0010588   0.          0.        ]
 [ 0.0010588   0.          0.99999944  0.          0.          0.        ]
 [ 0.          0.0010588   0.          0.99999944  0.          0.        ]
 [ 0.          0.          0.          0.          1.          0.        ]
 [ 0.          0.          0.          0.          0.          1.        ]]
Param #2742: delta OK; RMS=0.001 mm
quads_tilt_fit #8.954380506543933e-05
delta_local #[1.e-06]
R1 #[[ 9.99999996e-01  0.00000000e+00  9.05438049e-05  0.00000000e+00
   0.00000000e+00  0.00000000e+00]
 [ 0.00000000e+00  9.99999996e-01  0.00000000e+00  9.05438049e-05
   0.00000000e+00  0.00000000e+00]
 [-9.05438049e-05  0.00000000e+00  9.99999996e-01  0.00000000e+00
   0.00000000e+00  0.00000000e+00]
 [ 0.00000000e+00 -9.05438049e-05  0.00000000e+00  9.99999996e-01
   0.00000000e+00  0.00000000e+00]
 [ 0.00000000e+00  0.00000000e+00  0.00000000e+00  0.00000000e+00
   1.00000000e+00  0.00000000e+00]
 [ 0.00000000e+00  0.00000000e+00  0.00000000e+00  0.00000000e+00
   0.00000000e+00  1.00000000e+00]]
R2 #[[ 9.99999996e-01  0.00000000e+00 -9.05438049e-05  0.00000000e+00
   0.00000000e+00  0.00000000e+00]
 [ 0.00000000e+00  9.99999996e-01  0.00000000e+00 -9.05438049e-05
   0.00000000e+00  0.00000000e+00]
 [ 9.05438049e-05  0.00000000e+00  9.99999996e-01  0.00000000e+00
   0.00000000e+00  0.00000000e+00]
 [ 0.00000000e+00  9.05438049e-05  0.00000000e+00  9.99999996e-01
   0.00000000e+00  0.00000000e+00]
 [ 0.00000000e+00  0.00000000e+00  0.00000000e+00  0.00000000e+00
   1.00000000e+00  0.00000000e+00]
 [ 0.00000000e+00  0.00000000e+00  0.00000000e+00  0.00000000e+00
   0.00000000e+00  1.00000000e+00]]
Param #2749: delta too small; RMS=5.7164e-07 mm
quads_tilt_fit #8.954380506543933e-05
delta_local #[0.00174935]
R1 #[[ 0.99999831  0.          0.00183889  0.          0.          0.        ]
 [ 0.          0.99999831  0.          0.00183889  0.          0.        ]
 [-0.00183889  0.          0.99999831  0.          0.          0.        ]
 [ 0.         -0.00183889  0.          0.99999831  0.          0.        ]
 [ 0.          0.          0.          0.          1.          0.        ]
 [ 0.          0.          0.          0.          0.          1.        ]]
R2 #[[ 0.99999831  0.         -0.00183889  0.          0.          0.        ]
 [ 0.          0.99999831  0.         -0.00183889  0.          0.        ]
 [ 0.00183889  0.          0.99999831  0.          0.          0.        ]
 [ 0.          0.00183889  0.          0.99999831  0.          0.        ]
 [ 0.          0.          0.          0.          1.          0.        ]
 [ 0.          0.          0.          0.          0.          1.        ]]
Param #2749: delta OK; RMS=0.001 mm
quads_tilt_fit #5.216251169383473e-05
delta_local #[1.e-06]
R1 #[[ 9.99999999e-01  0.00000000e+00  5.31625117e-05  0.00000000e+00
   0.00000000e+00  0.00000000e+00]
 [ 0.00000000e+00  9.99999999e-01  0.00000000e+00  5.31625117e-05
   0.00000000e+00  0.00000000e+00]
 [-5.31625117e-05  0.00000000e+00  9.99999999e-01  0.00000000e+00
   0.00000000e+00  0.00000000e+00]
 [ 0.00000000e+00 -5.31625117e-05  0.00000000e+00  9.99999999e-01
   0.00000000e+00  0.00000000e+00]
 [ 0.00000000e+00  0.00000000e+00  0.00000000e+00  0.00000000e+00
   1.00000000e+00  0.00000000e+00]
 [ 0.00000000e+00  0.00000000e+00  0.00000000e+00  0.00000000e+00
   0.00000000e+00  1.00000000e+00]]
R2 #[[ 9.99999999e-01  0.00000000e+00 -5.31625117e-05  0.00000000e+00
   0.00000000e+00  0.00000000e+00]
 [ 0.00000000e+00  9.99999999e-01  0.00000000e+00 -5.31625117e-05
   0.00000000e+00  0.00000000e+00]
 [ 5.31625117e-05  0.00000000e+00  9.99999999e-01  0.00000000e+00
   0.00000000e+00  0.00000000e+00]
 [ 0.00000000e+00  5.31625117e-05  0.00000000e+00  9.99999999e-01
   0.00000000e+00  0.00000000e+00]
 [ 0.00000000e+00  0.00000000e+00  0.00000000e+00  0.00000000e+00
   1.00000000e+00  0.00000000e+00]
 [ 0.00000000e+00  0.00000000e+00  0.00000000e+00  0.00000000e+00
   0.00000000e+00  1.00000000e+00]]
Param #2785: delta too small; RMS=5.7397e-07 mm
quads_tilt_fit #5.216251169383473e-05
delta_local #[0.00174226]
R1 #[[ 0.99999839  0.          0.00179442  0.          0.          0.        ]
 [ 0.          0.99999839  0.          0.00179442  0.          0.        ]
 [-0.00179442  0.          0.99999839  0.          0.          0.        ]
 [ 0.         -0.00179442  0.          0.99999839  0.          0.        ]
 [ 0.          0.          0.          0.          1.          0.        ]
 [ 0.          0.          0.          0.          0.          1.        ]]
R2 #[[ 0.99999839  0.         -0.00179442  0.          0.          0.        ]
 [ 0.          0.99999839  0.         -0.00179442  0.          0.        ]
 [ 0.00179442  0.          0.99999839  0.          0.          0.        ]
 [ 0.          0.00179442  0.          0.99999839  0.          0.        ]
 [ 0.          0.          0.          0.          1.          0.        ]
 [ 0.          0.          0.          0.          0.          1.        ]]
Param #2785: delta OK; RMS=0.001 mm
quads_tilt_fit #6.630581372930454e-05
delta_local #[1.e-06]
R1 #[[ 9.99999998e-01  0.00000000e+00  6.73058137e-05  0.00000000e+00
   0.00000000e+00  0.00000000e+00]
 [ 0.00000000e+00  9.99999998e-01  0.00000000e+00  6.73058137e-05
   0.00000000e+00  0.00000000e+00]
 [-6.73058137e-05  0.00000000e+00  9.99999998e-01  0.00000000e+00
   0.00000000e+00  0.00000000e+00]
 [ 0.00000000e+00 -6.73058137e-05  0.00000000e+00  9.99999998e-01
   0.00000000e+00  0.00000000e+00]
 [ 0.00000000e+00  0.00000000e+00  0.00000000e+00  0.00000000e+00
   1.00000000e+00  0.00000000e+00]
 [ 0.00000000e+00  0.00000000e+00  0.00000000e+00  0.00000000e+00
   0.00000000e+00  1.00000000e+00]]
R2 #[[ 9.99999998e-01  0.00000000e+00 -6.73058137e-05  0.00000000e+00
   0.00000000e+00  0.00000000e+00]
 [ 0.00000000e+00  9.99999998e-01  0.00000000e+00 -6.73058137e-05
   0.00000000e+00  0.00000000e+00]
 [ 6.73058137e-05  0.00000000e+00  9.99999998e-01  0.00000000e+00
   0.00000000e+00  0.00000000e+00]
 [ 0.00000000e+00  6.73058137e-05  0.00000000e+00  9.99999998e-01
   0.00000000e+00  0.00000000e+00]
 [ 0.00000000e+00  0.00000000e+00  0.00000000e+00  0.00000000e+00
   1.00000000e+00  0.00000000e+00]
 [ 0.00000000e+00  0.00000000e+00  0.00000000e+00  0.00000000e+00
   0.00000000e+00  1.00000000e+00]]
Param #2792: delta too small; RMS=9.4794e-07 mm
quads_tilt_fit #6.630581372930454e-05
delta_local #[0.00105492]
R1 #[[ 0.99999937  0.          0.00112123  0.          0.          0.        ]
 [ 0.          0.99999937  0.          0.00112123  0.          0.        ]
 [-0.00112123  0.          0.99999937  0.          0.          0.        ]
 [ 0.         -0.00112123  0.          0.99999937  0.          0.        ]
 [ 0.          0.          0.          0.          1.          0.        ]
 [ 0.          0.          0.          0.          0.          1.        ]]
R2 #[[ 0.99999937  0.         -0.00112123  0.          0.          0.        ]
 [ 0.          0.99999937  0.         -0.00112123  0.          0.        ]
 [ 0.00112123  0.          0.99999937  0.          0.          0.        ]
 [ 0.          0.00112123  0.          0.99999937  0.          0.        ]
 [ 0.          0.          0.          0.          1.          0.        ]
 [ 0.          0.          0.          0.          0.          1.        ]]
Param #2792: delta OK; RMS=0.001 mm
quads_tilt_fit #9.300281388393944e-05
delta_local #[1.e-06]
R1 #[[ 9.99999996e-01  0.00000000e+00  9.40028137e-05  0.00000000e+00
   0.00000000e+00  0.00000000e+00]
 [ 0.00000000e+00  9.99999996e-01  0.00000000e+00  9.40028137e-05
   0.00000000e+00  0.00000000e+00]
 [-9.40028137e-05  0.00000000e+00  9.99999996e-01  0.00000000e+00
   0.00000000e+00  0.00000000e+00]
 [ 0.00000000e+00 -9.40028137e-05  0.00000000e+00  9.99999996e-01
   0.00000000e+00  0.00000000e+00]
 [ 0.00000000e+00  0.00000000e+00  0.00000000e+00  0.00000000e+00
   1.00000000e+00  0.00000000e+00]
 [ 0.00000000e+00  0.00000000e+00  0.00000000e+00  0.00000000e+00
   0.00000000e+00  1.00000000e+00]]
R2 #[[ 9.99999996e-01  0.00000000e+00 -9.40028137e-05  0.00000000e+00
   0.00000000e+00  0.00000000e+00]
 [ 0.00000000e+00  9.99999996e-01  0.00000000e+00 -9.40028137e-05
   0.00000000e+00  0.00000000e+00]
 [ 9.40028137e-05  0.00000000e+00  9.99999996e-01  0.00000000e+00
   0.00000000e+00  0.00000000e+00]
 [ 0.00000000e+00  9.40028137e-05  0.00000000e+00  9.99999996e-01
   0.00000000e+00  0.00000000e+00]
 [ 0.00000000e+00  0.00000000e+00  0.00000000e+00  0.00000000e+00
   1.00000000e+00  0.00000000e+00]
 [ 0.00000000e+00  0.00000000e+00  0.00000000e+00  0.00000000e+00
   0.00000000e+00  1.00000000e+00]]
Param #2798: delta too small; RMS=8.7552e-07 mm
quads_tilt_fit #9.300281388393944e-05
delta_local #[0.00114218]
R1 #[[ 0.99999924  0.          0.00123518  0.          0.          0.        ]
 [ 0.          0.99999924  0.          0.00123518  0.          0.        ]
 [-0.00123518  0.          0.99999924  0.          0.          0.        ]
 [ 0.         -0.00123518  0.          0.99999924  0.          0.        ]
 [ 0.          0.          0.          0.          1.          0.        ]
 [ 0.          0.          0.          0.          0.          1.        ]]
R2 #[[ 0.99999924  0.         -0.00123518  0.          0.          0.        ]
 [ 0.          0.99999924  0.         -0.00123518  0.          0.        ]
 [ 0.00123518  0.          0.99999924  0.          0.          0.        ]
 [ 0.          0.00123518  0.          0.99999924  0.          0.        ]
 [ 0.          0.          0.          0.          1.          0.        ]
 [ 0.          0.          0.          0.          0.          1.        ]]
Param #2798: delta OK; RMS=0.001 mm
quads_tilt_fit #0.00027605361668032595
delta_local #[1.e-06]
R1 #[[ 9.99999962e-01  0.00000000e+00  2.77053613e-04  0.00000000e+00
   0.00000000e+00  0.00000000e+00]
 [ 0.00000000e+00  9.99999962e-01  0.00000000e+00  2.77053613e-04
   0.00000000e+00  0.00000000e+00]
 [-2.77053613e-04  0.00000000e+00  9.99999962e-01  0.00000000e+00
   0.00000000e+00  0.00000000e+00]
 [ 0.00000000e+00 -2.77053613e-04  0.00000000e+00  9.99999962e-01
   0.00000000e+00  0.00000000e+00]
 [ 0.00000000e+00  0.00000000e+00  0.00000000e+00  0.00000000e+00
   1.00000000e+00  0.00000000e+00]
 [ 0.00000000e+00  0.00000000e+00  0.00000000e+00  0.00000000e+00
   0.00000000e+00  1.00000000e+00]]
R2 #[[ 9.99999962e-01  0.00000000e+00 -2.77053613e-04  0.00000000e+00
   0.00000000e+00  0.00000000e+00]
 [ 0.00000000e+00  9.99999962e-01  0.00000000e+00 -2.77053613e-04
   0.00000000e+00  0.00000000e+00]
 [ 2.77053613e-04  0.00000000e+00  9.99999962e-01  0.00000000e+00
   0.00000000e+00  0.00000000e+00]
 [ 0.00000000e+00  2.77053613e-04  0.00000000e+00  9.99999962e-01
   0.00000000e+00  0.00000000e+00]
 [ 0.00000000e+00  0.00000000e+00  0.00000000e+00  0.00000000e+00
   1.00000000e+00  0.00000000e+00]
 [ 0.00000000e+00  0.00000000e+00  0.00000000e+00  0.00000000e+00
   0.00000000e+00  1.00000000e+00]]
Param #2807: delta too small; RMS=6.6512e-07 mm
quads_tilt_fit #0.00027605361668032595
delta_local #[0.00150349]
R1 #[[ 0.99999842  0.          0.00177954  0.          0.          0.        ]
 [ 0.          0.99999842  0.          0.00177954  0.          0.        ]
 [-0.00177954  0.          0.99999842  0.          0.          0.        ]
 [ 0.         -0.00177954  0.          0.99999842  0.          0.        ]
 [ 0.          0.          0.          0.          1.          0.        ]
 [ 0.          0.          0.          0.          0.          1.        ]]
R2 #[[ 0.99999842  0.         -0.00177954  0.          0.          0.        ]
 [ 0.          0.99999842  0.         -0.00177954  0.          0.        ]
 [ 0.00177954  0.          0.99999842  0.          0.          0.        ]
 [ 0.          0.00177954  0.          0.99999842  0.          0.        ]
 [ 0.          0.          0.          0.          1.          0.        ]
 [ 0.          0.          0.          0.          0.          1.        ]]
Param #2807: delta OK; RMS=0.001 mm
quads_tilt_fit #0.00015510431965544305
delta_local #[1.e-06]
R1 #[[ 9.99999988e-01  0.00000000e+00  1.56104319e-04  0.00000000e+00
   0.00000000e+00  0.00000000e+00]
 [ 0.00000000e+00  9.99999988e-01  0.00000000e+00  1.56104319e-04
   0.00000000e+00  0.00000000e+00]
 [-1.56104319e-04  0.00000000e+00  9.99999988e-01  0.00000000e+00
   0.00000000e+00  0.00000000e+00]
 [ 0.00000000e+00 -1.56104319e-04  0.00000000e+00  9.99999988e-01
   0.00000000e+00  0.00000000e+00]
 [ 0.00000000e+00  0.00000000e+00  0.00000000e+00  0.00000000e+00
   1.00000000e+00  0.00000000e+00]
 [ 0.00000000e+00  0.00000000e+00  0.00000000e+00  0.00000000e+00
   0.00000000e+00  1.00000000e+00]]
R2 #[[ 9.99999988e-01  0.00000000e+00 -1.56104319e-04  0.00000000e+00
   0.00000000e+00  0.00000000e+00]
 [ 0.00000000e+00  9.99999988e-01  0.00000000e+00 -1.56104319e-04
   0.00000000e+00  0.00000000e+00]
 [ 1.56104319e-04  0.00000000e+00  9.99999988e-01  0.00000000e+00
   0.00000000e+00  0.00000000e+00]
 [ 0.00000000e+00  1.56104319e-04  0.00000000e+00  9.99999988e-01
   0.00000000e+00  0.00000000e+00]
 [ 0.00000000e+00  0.00000000e+00  0.00000000e+00  0.00000000e+00
   1.00000000e+00  0.00000000e+00]
 [ 0.00000000e+00  0.00000000e+00  0.00000000e+00  0.00000000e+00
   0.00000000e+00  1.00000000e+00]]
Param #2861: delta too small; RMS=6.6957e-07 mm
quads_tilt_fit #0.00015510431965544305
delta_local #[0.00149349]
R1 #[[ 0.99999864  0.          0.00164859  0.          0.          0.        ]
 [ 0.          0.99999864  0.          0.00164859  0.          0.        ]
 [-0.00164859  0.          0.99999864  0.          0.          0.        ]
 [ 0.         -0.00164859  0.          0.99999864  0.          0.        ]
 [ 0.          0.          0.          0.          1.          0.        ]
 [ 0.          0.          0.          0.          0.          1.        ]]
R2 #[[ 0.99999864  0.         -0.00164859  0.          0.          0.        ]
 [ 0.          0.99999864  0.         -0.00164859  0.          0.        ]
 [ 0.00164859  0.          0.99999864  0.          0.          0.        ]
 [ 0.          0.00164859  0.          0.99999864  0.          0.        ]
 [ 0.          0.          0.          0.          1.          0.        ]
 [ 0.          0.          0.          0.          0.          1.        ]]
Param #2861: delta OK; RMS=0.001 mm
quads_tilt_fit #2.5278578631682893e-05
delta_local #[1.e-06]
R1 #[[ 1.00000000e+00  0.00000000e+00  2.62785786e-05  0.00000000e+00
   0.00000000e+00  0.00000000e+00]
 [ 0.00000000e+00  1.00000000e+00  0.00000000e+00  2.62785786e-05
   0.00000000e+00  0.00000000e+00]
 [-2.62785786e-05  0.00000000e+00  1.00000000e+00  0.00000000e+00
   0.00000000e+00  0.00000000e+00]
 [ 0.00000000e+00 -2.62785786e-05  0.00000000e+00  1.00000000e+00
   0.00000000e+00  0.00000000e+00]
 [ 0.00000000e+00  0.00000000e+00  0.00000000e+00  0.00000000e+00
   1.00000000e+00  0.00000000e+00]
 [ 0.00000000e+00  0.00000000e+00  0.00000000e+00  0.00000000e+00
   0.00000000e+00  1.00000000e+00]]
R2 #[[ 1.00000000e+00  0.00000000e+00 -2.62785786e-05  0.00000000e+00
   0.00000000e+00  0.00000000e+00]
 [ 0.00000000e+00  1.00000000e+00  0.00000000e+00 -2.62785786e-05
   0.00000000e+00  0.00000000e+00]
 [ 2.62785786e-05  0.00000000e+00  1.00000000e+00  0.00000000e+00
   0.00000000e+00  0.00000000e+00]
 [ 0.00000000e+00  2.62785786e-05  0.00000000e+00  1.00000000e+00
   0.00000000e+00  0.00000000e+00]
 [ 0.00000000e+00  0.00000000e+00  0.00000000e+00  0.00000000e+00
   1.00000000e+00  0.00000000e+00]
 [ 0.00000000e+00  0.00000000e+00  0.00000000e+00  0.00000000e+00
   0.00000000e+00  1.00000000e+00]]
Param #2870: delta too small; RMS=8.7504e-07 mm
quads_tilt_fit #2.5278578631682893e-05
delta_local #[0.0011428]
R1 #[[ 0.99999932  0.          0.00116808  0.          0.          0.        ]
 [ 0.          0.99999932  0.          0.00116808  0.          0.        ]
 [-0.00116808  0.          0.99999932  0.          0.          0.        ]
 [ 0.         -0.00116808  0.          0.99999932  0.          0.        ]
 [ 0.          0.          0.          0.          1.          0.        ]
 [ 0.          0.          0.          0.          0.          1.        ]]
R2 #[[ 0.99999932  0.         -0.00116808  0.          0.          0.        ]
 [ 0.          0.99999932  0.         -0.00116808  0.          0.        ]
 [ 0.00116808  0.          0.99999932  0.          0.          0.        ]
 [ 0.          0.00116808  0.          0.99999932  0.          0.        ]
 [ 0.          0.          0.          0.          1.          0.        ]
 [ 0.          0.          0.          0.          0.          1.        ]]
Param #2870: delta OK; RMS=0.001 mm
quads_tilt_fit #-2.7466153814385207e-05
delta_local #[1.e-06]
R1 #[[ 1.00000000e+00  0.00000000e+00 -2.64661538e-05  0.00000000e+00
   0.00000000e+00  0.00000000e+00]
 [ 0.00000000e+00  1.00000000e+00  0.00000000e+00 -2.64661538e-05
   0.00000000e+00  0.00000000e+00]
 [ 2.64661538e-05  0.00000000e+00  1.00000000e+00  0.00000000e+00
   0.00000000e+00  0.00000000e+00]
 [ 0.00000000e+00  2.64661538e-05  0.00000000e+00  1.00000000e+00
   0.00000000e+00  0.00000000e+00]
 [ 0.00000000e+00  0.00000000e+00  0.00000000e+00  0.00000000e+00
   1.00000000e+00  0.00000000e+00]
 [ 0.00000000e+00  0.00000000e+00  0.00000000e+00  0.00000000e+00
   0.00000000e+00  1.00000000e+00]]
R2 #[[ 1.00000000e+00  0.00000000e+00  2.64661538e-05  0.00000000e+00
   0.00000000e+00  0.00000000e+00]
 [ 0.00000000e+00  1.00000000e+00  0.00000000e+00  2.64661538e-05
   0.00000000e+00  0.00000000e+00]
 [-2.64661538e-05  0.00000000e+00  1.00000000e+00  0.00000000e+00
   0.00000000e+00  0.00000000e+00]
 [ 0.00000000e+00 -2.64661538e-05  0.00000000e+00  1.00000000e+00
   0.00000000e+00  0.00000000e+00]
 [ 0.00000000e+00  0.00000000e+00  0.00000000e+00  0.00000000e+00
   1.00000000e+00  0.00000000e+00]
 [ 0.00000000e+00  0.00000000e+00  0.00000000e+00  0.00000000e+00
   0.00000000e+00  1.00000000e+00]]
Param #2876: delta too small; RMS=9.4675e-07 mm
quads_tilt_fit #-2.7466153814385207e-05
delta_local #[0.00105624]
R1 #[[ 0.99999947  0.          0.00102877  0.          0.          0.        ]
 [ 0.          0.99999947  0.          0.00102877  0.          0.        ]
 [-0.00102877  0.          0.99999947  0.          0.          0.        ]
 [ 0.         -0.00102877  0.          0.99999947  0.          0.        ]
 [ 0.          0.          0.          0.          1.          0.        ]
 [ 0.          0.          0.          0.          0.          1.        ]]
R2 #[[ 0.99999947  0.         -0.00102877  0.          0.          0.        ]
 [ 0.          0.99999947  0.         -0.00102877  0.          0.        ]
 [ 0.00102877  0.          0.99999947  0.          0.          0.        ]
 [ 0.          0.00102877  0.          0.99999947  0.          0.        ]
 [ 0.          0.          0.          0.          1.          0.        ]
 [ 0.          0.          0.          0.          0.          1.        ]]
Param #2876: delta OK; RMS=0.001 mm
quads_tilt_fit #-6.153714786375557e-05
delta_local #[1.e-06]
R1 #[[ 9.99999998e-01  0.00000000e+00 -6.05371478e-05  0.00000000e+00
   0.00000000e+00  0.00000000e+00]
 [ 0.00000000e+00  9.99999998e-01  0.00000000e+00 -6.05371478e-05
   0.00000000e+00  0.00000000e+00]
 [ 6.05371478e-05  0.00000000e+00  9.99999998e-01  0.00000000e+00
   0.00000000e+00  0.00000000e+00]
 [ 0.00000000e+00  6.05371478e-05  0.00000000e+00  9.99999998e-01
   0.00000000e+00  0.00000000e+00]
 [ 0.00000000e+00  0.00000000e+00  0.00000000e+00  0.00000000e+00
   1.00000000e+00  0.00000000e+00]
 [ 0.00000000e+00  0.00000000e+00  0.00000000e+00  0.00000000e+00
   0.00000000e+00  1.00000000e+00]]
R2 #[[ 9.99999998e-01  0.00000000e+00  6.05371478e-05  0.00000000e+00
   0.00000000e+00  0.00000000e+00]
 [ 0.00000000e+00  9.99999998e-01  0.00000000e+00  6.05371478e-05
   0.00000000e+00  0.00000000e+00]
 [-6.05371478e-05  0.00000000e+00  9.99999998e-01  0.00000000e+00
   0.00000000e+00  0.00000000e+00]
 [ 0.00000000e+00 -6.05371478e-05  0.00000000e+00  9.99999998e-01
   0.00000000e+00  0.00000000e+00]
 [ 0.00000000e+00  0.00000000e+00  0.00000000e+00  0.00000000e+00
   1.00000000e+00  0.00000000e+00]
 [ 0.00000000e+00  0.00000000e+00  0.00000000e+00  0.00000000e+00
   0.00000000e+00  1.00000000e+00]]
Param #2883: delta too small; RMS=5.7127e-07 mm
quads_tilt_fit #-6.153714786375557e-05
delta_local #[0.00175049]
R1 #[[ 0.99999857  0.          0.00168895  0.          0.          0.        ]
 [ 0.          0.99999857  0.          0.00168895  0.          0.        ]
 [-0.00168895  0.          0.99999857  0.          0.          0.        ]
 [ 0.         -0.00168895  0.          0.99999857  0.          0.        ]
 [ 0.          0.          0.          0.          1.          0.        ]
 [ 0.          0.          0.          0.          0.          1.        ]]
R2 #[[ 0.99999857  0.         -0.00168895  0.          0.          0.        ]
 [ 0.          0.99999857  0.         -0.00168895  0.          0.        ]
 [ 0.00168895  0.          0.99999857  0.          0.          0.        ]
 [ 0.          0.00168895  0.          0.99999857  0.          0.        ]
 [ 0.          0.          0.          0.          1.          0.        ]
 [ 0.          0.          0.          0.          0.          1.        ]]
Param #2883: delta OK; RMS=0.001 mm
quads_tilt_fit #0.0001506138727398151
delta_local #[1.e-06]
R1 #[[ 9.99999989e-01  0.00000000e+00  1.51613872e-04  0.00000000e+00
   0.00000000e+00  0.00000000e+00]
 [ 0.00000000e+00  9.99999989e-01  0.00000000e+00  1.51613872e-04
   0.00000000e+00  0.00000000e+00]
 [-1.51613872e-04  0.00000000e+00  9.99999989e-01  0.00000000e+00
   0.00000000e+00  0.00000000e+00]
 [ 0.00000000e+00 -1.51613872e-04  0.00000000e+00  9.99999989e-01
   0.00000000e+00  0.00000000e+00]
 [ 0.00000000e+00  0.00000000e+00  0.00000000e+00  0.00000000e+00
   1.00000000e+00  0.00000000e+00]
 [ 0.00000000e+00  0.00000000e+00  0.00000000e+00  0.00000000e+00
   0.00000000e+00  1.00000000e+00]]
R2 #[[ 9.99999989e-01  0.00000000e+00 -1.51613872e-04  0.00000000e+00
   0.00000000e+00  0.00000000e+00]
 [ 0.00000000e+00  9.99999989e-01  0.00000000e+00 -1.51613872e-04
   0.00000000e+00  0.00000000e+00]
 [ 1.51613872e-04  0.00000000e+00  9.99999989e-01  0.00000000e+00
   0.00000000e+00  0.00000000e+00]
 [ 0.00000000e+00  1.51613872e-04  0.00000000e+00  9.99999989e-01
   0.00000000e+00  0.00000000e+00]
 [ 0.00000000e+00  0.00000000e+00  0.00000000e+00  0.00000000e+00
   1.00000000e+00  0.00000000e+00]
 [ 0.00000000e+00  0.00000000e+00  0.00000000e+00  0.00000000e+00
   0.00000000e+00  1.00000000e+00]]
Param #2926: delta too small; RMS=5.7481e-07 mm
quads_tilt_fit #0.0001506138727398151
delta_local #[0.0017397]
R1 #[[ 0.99999821  0.          0.00189032  0.          0.          0.        ]
 [ 0.          0.99999821  0.          0.00189032  0.          0.        ]
 [-0.00189032  0.          0.99999821  0.          0.          0.        ]
 [ 0.         -0.00189032  0.          0.99999821  0.          0.        ]
 [ 0.          0.          0.          0.          1.          0.        ]
 [ 0.          0.          0.          0.          0.          1.        ]]
R2 #[[ 0.99999821  0.         -0.00189032  0.          0.          0.        ]
 [ 0.          0.99999821  0.         -0.00189032  0.          0.        ]
 [ 0.00189032  0.          0.99999821  0.          0.          0.        ]
 [ 0.          0.00189032  0.          0.99999821  0.          0.        ]
 [ 0.          0.          0.          0.          1.          0.        ]
 [ 0.          0.          0.          0.          0.          1.        ]]
Param #2926: delta OK; RMS=0.001 mm
quads_tilt_fit #0.00011743808808889575
delta_local #[1.e-06]
R1 #[[ 9.99999993e-01  0.00000000e+00  1.18438088e-04  0.00000000e+00
   0.00000000e+00  0.00000000e+00]
 [ 0.00000000e+00  9.99999993e-01  0.00000000e+00  1.18438088e-04
   0.00000000e+00  0.00000000e+00]
 [-1.18438088e-04  0.00000000e+00  9.99999993e-01  0.00000000e+00
   0.00000000e+00  0.00000000e+00]
 [ 0.00000000e+00 -1.18438088e-04  0.00000000e+00  9.99999993e-01
   0.00000000e+00  0.00000000e+00]
 [ 0.00000000e+00  0.00000000e+00  0.00000000e+00  0.00000000e+00
   1.00000000e+00  0.00000000e+00]
 [ 0.00000000e+00  0.00000000e+00  0.00000000e+00  0.00000000e+00
   0.00000000e+00  1.00000000e+00]]
R2 #[[ 9.99999993e-01  0.00000000e+00 -1.18438088e-04  0.00000000e+00
   0.00000000e+00  0.00000000e+00]
 [ 0.00000000e+00  9.99999993e-01  0.00000000e+00 -1.18438088e-04
   0.00000000e+00  0.00000000e+00]
 [ 1.18438088e-04  0.00000000e+00  9.99999993e-01  0.00000000e+00
   0.00000000e+00  0.00000000e+00]
 [ 0.00000000e+00  1.18438088e-04  0.00000000e+00  9.99999993e-01
   0.00000000e+00  0.00000000e+00]
 [ 0.00000000e+00  0.00000000e+00  0.00000000e+00  0.00000000e+00
   1.00000000e+00  0.00000000e+00]
 [ 0.00000000e+00  0.00000000e+00  0.00000000e+00  0.00000000e+00
   0.00000000e+00  1.00000000e+00]]
Param #2933: delta too small; RMS=9.4968e-07 mm
quads_tilt_fit #0.00011743808808889575
delta_local #[0.00105299]
R1 #[[ 0.99999932  0.          0.00117043  0.          0.          0.        ]
 [ 0.          0.99999932  0.          0.00117043  0.          0.        ]
 [-0.00117043  0.          0.99999932  0.          0.          0.        ]
 [ 0.         -0.00117043  0.          0.99999932  0.          0.        ]
 [ 0.          0.          0.          0.          1.          0.        ]
 [ 0.          0.          0.          0.          0.          1.        ]]
R2 #[[ 0.99999932  0.         -0.00117043  0.          0.          0.        ]
 [ 0.          0.99999932  0.         -0.00117043  0.          0.        ]
 [ 0.00117043  0.          0.99999932  0.          0.          0.        ]
 [ 0.          0.00117043  0.          0.99999932  0.          0.        ]
 [ 0.          0.          0.          0.          1.          0.        ]
 [ 0.          0.          0.          0.          0.          1.        ]]
Param #2933: delta OK; RMS=0.001 mm
quads_tilt_fit #8.144614755963311e-05
delta_local #[1.e-06]
R1 #[[ 9.99999997e-01  0.00000000e+00  8.24461475e-05  0.00000000e+00
   0.00000000e+00  0.00000000e+00]
 [ 0.00000000e+00  9.99999997e-01  0.00000000e+00  8.24461475e-05
   0.00000000e+00  0.00000000e+00]
 [-8.24461475e-05  0.00000000e+00  9.99999997e-01  0.00000000e+00
   0.00000000e+00  0.00000000e+00]
 [ 0.00000000e+00 -8.24461475e-05  0.00000000e+00  9.99999997e-01
   0.00000000e+00  0.00000000e+00]
 [ 0.00000000e+00  0.00000000e+00  0.00000000e+00  0.00000000e+00
   1.00000000e+00  0.00000000e+00]
 [ 0.00000000e+00  0.00000000e+00  0.00000000e+00  0.00000000e+00
   0.00000000e+00  1.00000000e+00]]
R2 #[[ 9.99999997e-01  0.00000000e+00 -8.24461475e-05  0.00000000e+00
   0.00000000e+00  0.00000000e+00]
 [ 0.00000000e+00  9.99999997e-01  0.00000000e+00 -8.24461475e-05
   0.00000000e+00  0.00000000e+00]
 [ 8.24461475e-05  0.00000000e+00  9.99999997e-01  0.00000000e+00
   0.00000000e+00  0.00000000e+00]
 [ 0.00000000e+00  8.24461475e-05  0.00000000e+00  9.99999997e-01
   0.00000000e+00  0.00000000e+00]
 [ 0.00000000e+00  0.00000000e+00  0.00000000e+00  0.00000000e+00
   1.00000000e+00  0.00000000e+00]
 [ 0.00000000e+00  0.00000000e+00  0.00000000e+00  0.00000000e+00
   0.00000000e+00  1.00000000e+00]]
Param #2939: delta too small; RMS=8.779e-07 mm
quads_tilt_fit #8.144614755963311e-05
delta_local #[0.00113908]
R1 #[[ 0.99999926  0.          0.00122052  0.          0.          0.        ]
 [ 0.          0.99999926  0.          0.00122052  0.          0.        ]
 [-0.00122052  0.          0.99999926  0.          0.          0.        ]
 [ 0.         -0.00122052  0.          0.99999926  0.          0.        ]
 [ 0.          0.          0.          0.          1.          0.        ]
 [ 0.          0.          0.          0.          0.          1.        ]]
R2 #[[ 0.99999926  0.         -0.00122052  0.          0.          0.        ]
 [ 0.          0.99999926  0.         -0.00122052  0.          0.        ]
 [ 0.00122052  0.          0.99999926  0.          0.          0.        ]
 [ 0.          0.00122052  0.          0.99999926  0.          0.        ]
 [ 0.          0.          0.          0.          1.          0.        ]
 [ 0.          0.          0.          0.          0.          1.        ]]
Param #2939: delta OK; RMS=0.001 mm
quads_tilt_fit #0.00018757275612713936
delta_local #[1.e-06]
R1 #[[ 9.99999982e-01  0.00000000e+00  1.88572755e-04  0.00000000e+00
   0.00000000e+00  0.00000000e+00]
 [ 0.00000000e+00  9.99999982e-01  0.00000000e+00  1.88572755e-04
   0.00000000e+00  0.00000000e+00]
 [-1.88572755e-04  0.00000000e+00  9.99999982e-01  0.00000000e+00
   0.00000000e+00  0.00000000e+00]
 [ 0.00000000e+00 -1.88572755e-04  0.00000000e+00  9.99999982e-01
   0.00000000e+00  0.00000000e+00]
 [ 0.00000000e+00  0.00000000e+00  0.00000000e+00  0.00000000e+00
   1.00000000e+00  0.00000000e+00]
 [ 0.00000000e+00  0.00000000e+00  0.00000000e+00  0.00000000e+00
   0.00000000e+00  1.00000000e+00]]
R2 #[[ 9.99999982e-01  0.00000000e+00 -1.88572755e-04  0.00000000e+00
   0.00000000e+00  0.00000000e+00]
 [ 0.00000000e+00  9.99999982e-01  0.00000000e+00 -1.88572755e-04
   0.00000000e+00  0.00000000e+00]
 [ 1.88572755e-04  0.00000000e+00  9.99999982e-01  0.00000000e+00
   0.00000000e+00  0.00000000e+00]
 [ 0.00000000e+00  1.88572755e-04  0.00000000e+00  9.99999982e-01
   0.00000000e+00  0.00000000e+00]
 [ 0.00000000e+00  0.00000000e+00  0.00000000e+00  0.00000000e+00
   1.00000000e+00  0.00000000e+00]
 [ 0.00000000e+00  0.00000000e+00  0.00000000e+00  0.00000000e+00
   0.00000000e+00  1.00000000e+00]]
Param #2948: delta too small; RMS=6.6811e-07 mm
quads_tilt_fit #0.00018757275612713936
delta_local #[0.00149676]
R1 #[[ 0.99999858  0.          0.00168433  0.          0.          0.        ]
 [ 0.          0.99999858  0.          0.00168433  0.          0.        ]
 [-0.00168433  0.          0.99999858  0.          0.          0.        ]
 [ 0.         -0.00168433  0.          0.99999858  0.          0.        ]
 [ 0.          0.          0.          0.          1.          0.        ]
 [ 0.          0.          0.          0.          0.          1.        ]]
R2 #[[ 0.99999858  0.         -0.00168433  0.          0.          0.        ]
 [ 0.          0.99999858  0.         -0.00168433  0.          0.        ]
 [ 0.00168433  0.          0.99999858  0.          0.          0.        ]
 [ 0.          0.00168433  0.          0.99999858  0.          0.        ]
 [ 0.          0.          0.          0.          1.          0.        ]
 [ 0.          0.          0.          0.          0.          1.        ]]
Param #2948: delta OK; RMS=0.001 mm
quads_tilt_fit #0.00017390103506014244
delta_local #[1.e-06]
R1 #[[ 9.99999985e-01  0.00000000e+00  1.74901034e-04  0.00000000e+00
   0.00000000e+00  0.00000000e+00]
 [ 0.00000000e+00  9.99999985e-01  0.00000000e+00  1.74901034e-04
   0.00000000e+00  0.00000000e+00]
 [-1.74901034e-04  0.00000000e+00  9.99999985e-01  0.00000000e+00
   0.00000000e+00  0.00000000e+00]
 [ 0.00000000e+00 -1.74901034e-04  0.00000000e+00  9.99999985e-01
   0.00000000e+00  0.00000000e+00]
 [ 0.00000000e+00  0.00000000e+00  0.00000000e+00  0.00000000e+00
   1.00000000e+00  0.00000000e+00]
 [ 0.00000000e+00  0.00000000e+00  0.00000000e+00  0.00000000e+00
   0.00000000e+00  1.00000000e+00]]
R2 #[[ 9.99999985e-01  0.00000000e+00 -1.74901034e-04  0.00000000e+00
   0.00000000e+00  0.00000000e+00]
 [ 0.00000000e+00  9.99999985e-01  0.00000000e+00 -1.74901034e-04
   0.00000000e+00  0.00000000e+00]
 [ 1.74901034e-04  0.00000000e+00  9.99999985e-01  0.00000000e+00
   0.00000000e+00  0.00000000e+00]
 [ 0.00000000e+00  1.74901034e-04  0.00000000e+00  9.99999985e-01
   0.00000000e+00  0.00000000e+00]
 [ 0.00000000e+00  0.00000000e+00  0.00000000e+00  0.00000000e+00
   1.00000000e+00  0.00000000e+00]
 [ 0.00000000e+00  0.00000000e+00  0.00000000e+00  0.00000000e+00
   0.00000000e+00  1.00000000e+00]]
Param #3009: delta too small; RMS=6.6356e-07 mm
quads_tilt_fit #0.00017390103506014244
delta_local #[0.00150701]
R1 #[[ 0.99999859  0.          0.00168091  0.          0.          0.        ]
 [ 0.          0.99999859  0.          0.00168091  0.          0.        ]
 [-0.00168091  0.          0.99999859  0.          0.          0.        ]
 [ 0.         -0.00168091  0.          0.99999859  0.          0.        ]
 [ 0.          0.          0.          0.          1.          0.        ]
 [ 0.          0.          0.          0.          0.          1.        ]]
R2 #[[ 0.99999859  0.         -0.00168091  0.          0.          0.        ]
 [ 0.          0.99999859  0.         -0.00168091  0.          0.        ]
 [ 0.00168091  0.          0.99999859  0.          0.          0.        ]
 [ 0.          0.00168091  0.          0.99999859  0.          0.        ]
 [ 0.          0.          0.          0.          1.          0.        ]
 [ 0.          0.          0.          0.          0.          1.        ]]
Param #3009: delta OK; RMS=0.001 mm
quads_tilt_fit #-2.4653511434840476e-06
delta_local #[1.e-06]
R1 #[[ 1.00000000e+00  0.00000000e+00 -1.46535114e-06  0.00000000e+00
   0.00000000e+00  0.00000000e+00]
 [ 0.00000000e+00  1.00000000e+00  0.00000000e+00 -1.46535114e-06
   0.00000000e+00  0.00000000e+00]
 [ 1.46535114e-06  0.00000000e+00  1.00000000e+00  0.00000000e+00
   0.00000000e+00  0.00000000e+00]
 [ 0.00000000e+00  1.46535114e-06  0.00000000e+00  1.00000000e+00
   0.00000000e+00  0.00000000e+00]
 [ 0.00000000e+00  0.00000000e+00  0.00000000e+00  0.00000000e+00
   1.00000000e+00  0.00000000e+00]
 [ 0.00000000e+00  0.00000000e+00  0.00000000e+00  0.00000000e+00
   0.00000000e+00  1.00000000e+00]]
R2 #[[ 1.00000000e+00  0.00000000e+00  1.46535114e-06  0.00000000e+00
   0.00000000e+00  0.00000000e+00]
 [ 0.00000000e+00  1.00000000e+00  0.00000000e+00  1.46535114e-06
   0.00000000e+00  0.00000000e+00]
 [-1.46535114e-06  0.00000000e+00  1.00000000e+00  0.00000000e+00
   0.00000000e+00  0.00000000e+00]
 [ 0.00000000e+00 -1.46535114e-06  0.00000000e+00  1.00000000e+00
   0.00000000e+00  0.00000000e+00]
 [ 0.00000000e+00  0.00000000e+00  0.00000000e+00  0.00000000e+00
   1.00000000e+00  0.00000000e+00]
 [ 0.00000000e+00  0.00000000e+00  0.00000000e+00  0.00000000e+00
   0.00000000e+00  1.00000000e+00]]
Param #3018: delta too small; RMS=8.6219e-07 mm
quads_tilt_fit #-2.4653511434840476e-06
delta_local #[0.00115983]
R1 #[[ 0.99999933  0.          0.00115737  0.          0.          0.        ]
 [ 0.          0.99999933  0.          0.00115737  0.          0.        ]
 [-0.00115737  0.          0.99999933  0.          0.          0.        ]
 [ 0.         -0.00115737  0.          0.99999933  0.          0.        ]
 [ 0.          0.          0.          0.          1.          0.        ]
 [ 0.          0.          0.          0.          0.          1.        ]]
R2 #[[ 0.99999933  0.         -0.00115737  0.          0.          0.        ]
 [ 0.          0.99999933  0.         -0.00115737  0.          0.        ]
 [ 0.00115737  0.          0.99999933  0.          0.          0.        ]
 [ 0.          0.00115737  0.          0.99999933  0.          0.        ]
 [ 0.          0.          0.          0.          1.          0.        ]
 [ 0.          0.          0.          0.          0.          1.        ]]
Param #3018: delta OK; RMS=0.001 mm
quads_tilt_fit #2.454672490444979e-05
delta_local #[1.e-06]
R1 #[[ 1.00000000e+00  0.00000000e+00  2.55467249e-05  0.00000000e+00
   0.00000000e+00  0.00000000e+00]
 [ 0.00000000e+00  1.00000000e+00  0.00000000e+00  2.55467249e-05
   0.00000000e+00  0.00000000e+00]
 [-2.55467249e-05  0.00000000e+00  1.00000000e+00  0.00000000e+00
   0.00000000e+00  0.00000000e+00]
 [ 0.00000000e+00 -2.55467249e-05  0.00000000e+00  1.00000000e+00
   0.00000000e+00  0.00000000e+00]
 [ 0.00000000e+00  0.00000000e+00  0.00000000e+00  0.00000000e+00
   1.00000000e+00  0.00000000e+00]
 [ 0.00000000e+00  0.00000000e+00  0.00000000e+00  0.00000000e+00
   0.00000000e+00  1.00000000e+00]]
R2 #[[ 1.00000000e+00  0.00000000e+00 -2.55467249e-05  0.00000000e+00
   0.00000000e+00  0.00000000e+00]
 [ 0.00000000e+00  1.00000000e+00  0.00000000e+00 -2.55467249e-05
   0.00000000e+00  0.00000000e+00]
 [ 2.55467249e-05  0.00000000e+00  1.00000000e+00  0.00000000e+00
   0.00000000e+00  0.00000000e+00]
 [ 0.00000000e+00  2.55467249e-05  0.00000000e+00  1.00000000e+00
   0.00000000e+00  0.00000000e+00]
 [ 0.00000000e+00  0.00000000e+00  0.00000000e+00  0.00000000e+00
   1.00000000e+00  0.00000000e+00]
 [ 0.00000000e+00  0.00000000e+00  0.00000000e+00  0.00000000e+00
   0.00000000e+00  1.00000000e+00]]
Param #3024: delta too small; RMS=9.6201e-07 mm
quads_tilt_fit #2.454672490444979e-05
delta_local #[0.00103949]
R1 #[[ 0.99999943  0.          0.00106403  0.          0.          0.        ]
 [ 0.          0.99999943  0.          0.00106403  0.          0.        ]
 [-0.00106403  0.          0.99999943  0.          0.          0.        ]
 [ 0.         -0.00106403  0.          0.99999943  0.          0.        ]
 [ 0.          0.          0.          0.          1.          0.        ]
 [ 0.          0.          0.          0.          0.          1.        ]]
R2 #[[ 0.99999943  0.         -0.00106403  0.          0.          0.        ]
 [ 0.          0.99999943  0.         -0.00106403  0.          0.        ]
 [ 0.00106403  0.          0.99999943  0.          0.          0.        ]
 [ 0.          0.00106403  0.          0.99999943  0.          0.        ]
 [ 0.          0.          0.          0.          1.          0.        ]
 [ 0.          0.          0.          0.          0.          1.        ]]
Param #3024: delta OK; RMS=0.001 mm
quads_tilt_fit #-6.00354009405461e-05
delta_local #[1.e-06]
R1 #[[ 9.99999998e-01  0.00000000e+00 -5.90354009e-05  0.00000000e+00
   0.00000000e+00  0.00000000e+00]
 [ 0.00000000e+00  9.99999998e-01  0.00000000e+00 -5.90354009e-05
   0.00000000e+00  0.00000000e+00]
 [ 5.90354009e-05  0.00000000e+00  9.99999998e-01  0.00000000e+00
   0.00000000e+00  0.00000000e+00]
 [ 0.00000000e+00  5.90354009e-05  0.00000000e+00  9.99999998e-01
   0.00000000e+00  0.00000000e+00]
 [ 0.00000000e+00  0.00000000e+00  0.00000000e+00  0.00000000e+00
   1.00000000e+00  0.00000000e+00]
 [ 0.00000000e+00  0.00000000e+00  0.00000000e+00  0.00000000e+00
   0.00000000e+00  1.00000000e+00]]
R2 #[[ 9.99999998e-01  0.00000000e+00  5.90354009e-05  0.00000000e+00
   0.00000000e+00  0.00000000e+00]
 [ 0.00000000e+00  9.99999998e-01  0.00000000e+00  5.90354009e-05
   0.00000000e+00  0.00000000e+00]
 [-5.90354009e-05  0.00000000e+00  9.99999998e-01  0.00000000e+00
   0.00000000e+00  0.00000000e+00]
 [ 0.00000000e+00 -5.90354009e-05  0.00000000e+00  9.99999998e-01
   0.00000000e+00  0.00000000e+00]
 [ 0.00000000e+00  0.00000000e+00  0.00000000e+00  0.00000000e+00
   1.00000000e+00  0.00000000e+00]
 [ 0.00000000e+00  0.00000000e+00  0.00000000e+00  0.00000000e+00
   0.00000000e+00  1.00000000e+00]]
Param #3031: delta too small; RMS=5.7531e-07 mm
quads_tilt_fit #-6.00354009405461e-05
delta_local #[0.00173819]
R1 #[[ 0.99999859  0.          0.00167815  0.          0.          0.        ]
 [ 0.          0.99999859  0.          0.00167815  0.          0.        ]
 [-0.00167815  0.          0.99999859  0.          0.          0.        ]
 [ 0.         -0.00167815  0.          0.99999859  0.          0.        ]
 [ 0.          0.          0.          0.          1.          0.        ]
 [ 0.          0.          0.          0.          0.          1.        ]]
R2 #[[ 0.99999859  0.         -0.00167815  0.          0.          0.        ]
 [ 0.          0.99999859  0.         -0.00167815  0.          0.        ]
 [ 0.00167815  0.          0.99999859  0.          0.          0.        ]
 [ 0.          0.00167815  0.          0.99999859  0.          0.        ]
 [ 0.          0.          0.          0.          1.          0.        ]
 [ 0.          0.          0.          0.          0.          1.        ]]
Param #3031: delta OK; RMS=0.001 mm
quads_tilt_fit #0.0002120085029289992
delta_local #[1.e-06]
R1 #[[ 9.99999977e-01  0.00000000e+00  2.13008501e-04  0.00000000e+00
   0.00000000e+00  0.00000000e+00]
 [ 0.00000000e+00  9.99999977e-01  0.00000000e+00  2.13008501e-04
   0.00000000e+00  0.00000000e+00]
 [-2.13008501e-04  0.00000000e+00  9.99999977e-01  0.00000000e+00
   0.00000000e+00  0.00000000e+00]
 [ 0.00000000e+00 -2.13008501e-04  0.00000000e+00  9.99999977e-01
   0.00000000e+00  0.00000000e+00]
 [ 0.00000000e+00  0.00000000e+00  0.00000000e+00  0.00000000e+00
   1.00000000e+00  0.00000000e+00]
 [ 0.00000000e+00  0.00000000e+00  0.00000000e+00  0.00000000e+00
   0.00000000e+00  1.00000000e+00]]
R2 #[[ 9.99999977e-01  0.00000000e+00 -2.13008501e-04  0.00000000e+00
   0.00000000e+00  0.00000000e+00]
 [ 0.00000000e+00  9.99999977e-01  0.00000000e+00 -2.13008501e-04
   0.00000000e+00  0.00000000e+00]
 [ 2.13008501e-04  0.00000000e+00  9.99999977e-01  0.00000000e+00
   0.00000000e+00  0.00000000e+00]
 [ 0.00000000e+00  2.13008501e-04  0.00000000e+00  9.99999977e-01
   0.00000000e+00  0.00000000e+00]
 [ 0.00000000e+00  0.00000000e+00  0.00000000e+00  0.00000000e+00
   1.00000000e+00  0.00000000e+00]
 [ 0.00000000e+00  0.00000000e+00  0.00000000e+00  0.00000000e+00
   0.00000000e+00  1.00000000e+00]]
Param #3067: delta too small; RMS=5.7519e-07 mm
quads_tilt_fit #0.0002120085029289992
delta_local #[0.00173856]
R1 #[[ 0.9999981   0.          0.00195057  0.          0.          0.        ]
 [ 0.          0.9999981   0.          0.00195057  0.          0.        ]
 [-0.00195057  0.          0.9999981   0.          0.          0.        ]
 [ 0.         -0.00195057  0.          0.9999981   0.          0.        ]
 [ 0.          0.          0.          0.          1.          0.        ]
 [ 0.          0.          0.          0.          0.          1.        ]]
R2 #[[ 0.9999981   0.         -0.00195057  0.          0.          0.        ]
 [ 0.          0.9999981   0.         -0.00195057  0.          0.        ]
 [ 0.00195057  0.          0.9999981   0.          0.          0.        ]
 [ 0.          0.00195057  0.          0.9999981   0.          0.        ]
 [ 0.          0.          0.          0.          1.          0.        ]
 [ 0.          0.          0.          0.          0.          1.        ]]
Param #3067: delta OK; RMS=0.001 mm
quads_tilt_fit #0.00011805757364562349
delta_local #[1.e-06]
R1 #[[ 9.99999993e-01  0.00000000e+00  1.19057573e-04  0.00000000e+00
   0.00000000e+00  0.00000000e+00]
 [ 0.00000000e+00  9.99999993e-01  0.00000000e+00  1.19057573e-04
   0.00000000e+00  0.00000000e+00]
 [-1.19057573e-04  0.00000000e+00  9.99999993e-01  0.00000000e+00
   0.00000000e+00  0.00000000e+00]
 [ 0.00000000e+00 -1.19057573e-04  0.00000000e+00  9.99999993e-01
   0.00000000e+00  0.00000000e+00]
 [ 0.00000000e+00  0.00000000e+00  0.00000000e+00  0.00000000e+00
   1.00000000e+00  0.00000000e+00]
 [ 0.00000000e+00  0.00000000e+00  0.00000000e+00  0.00000000e+00
   0.00000000e+00  1.00000000e+00]]
R2 #[[ 9.99999993e-01  0.00000000e+00 -1.19057573e-04  0.00000000e+00
   0.00000000e+00  0.00000000e+00]
 [ 0.00000000e+00  9.99999993e-01  0.00000000e+00 -1.19057573e-04
   0.00000000e+00  0.00000000e+00]
 [ 1.19057573e-04  0.00000000e+00  9.99999993e-01  0.00000000e+00
   0.00000000e+00  0.00000000e+00]
 [ 0.00000000e+00  1.19057573e-04  0.00000000e+00  9.99999993e-01
   0.00000000e+00  0.00000000e+00]
 [ 0.00000000e+00  0.00000000e+00  0.00000000e+00  0.00000000e+00
   1.00000000e+00  0.00000000e+00]
 [ 0.00000000e+00  0.00000000e+00  0.00000000e+00  0.00000000e+00
   0.00000000e+00  1.00000000e+00]]
Param #3074: delta too small; RMS=9.4862e-07 mm
quads_tilt_fit #0.00011805757364562349
delta_local #[0.00105416]
R1 #[[ 0.99999931  0.          0.00117222  0.          0.          0.        ]
 [ 0.          0.99999931  0.          0.00117222  0.          0.        ]
 [-0.00117222  0.          0.99999931  0.          0.          0.        ]
 [ 0.         -0.00117222  0.          0.99999931  0.          0.        ]
 [ 0.          0.          0.          0.          1.          0.        ]
 [ 0.          0.          0.          0.          0.          1.        ]]
R2 #[[ 0.99999931  0.         -0.00117222  0.          0.          0.        ]
 [ 0.          0.99999931  0.         -0.00117222  0.          0.        ]
 [ 0.00117222  0.          0.99999931  0.          0.          0.        ]
 [ 0.          0.00117222  0.          0.99999931  0.          0.        ]
 [ 0.          0.          0.          0.          1.          0.        ]
 [ 0.          0.          0.          0.          0.          1.        ]]
Param #3074: delta OK; RMS=0.001 mm
quads_tilt_fit #5.277979965651591e-05
delta_local #[1.e-06]
R1 #[[ 9.99999999e-01  0.00000000e+00  5.37797996e-05  0.00000000e+00
   0.00000000e+00  0.00000000e+00]
 [ 0.00000000e+00  9.99999999e-01  0.00000000e+00  5.37797996e-05
   0.00000000e+00  0.00000000e+00]
 [-5.37797996e-05  0.00000000e+00  9.99999999e-01  0.00000000e+00
   0.00000000e+00  0.00000000e+00]
 [ 0.00000000e+00 -5.37797996e-05  0.00000000e+00  9.99999999e-01
   0.00000000e+00  0.00000000e+00]
 [ 0.00000000e+00  0.00000000e+00  0.00000000e+00  0.00000000e+00
   1.00000000e+00  0.00000000e+00]
 [ 0.00000000e+00  0.00000000e+00  0.00000000e+00  0.00000000e+00
   0.00000000e+00  1.00000000e+00]]
R2 #[[ 9.99999999e-01  0.00000000e+00 -5.37797996e-05  0.00000000e+00
   0.00000000e+00  0.00000000e+00]
 [ 0.00000000e+00  9.99999999e-01  0.00000000e+00 -5.37797996e-05
   0.00000000e+00  0.00000000e+00]
 [ 5.37797996e-05  0.00000000e+00  9.99999999e-01  0.00000000e+00
   0.00000000e+00  0.00000000e+00]
 [ 0.00000000e+00  5.37797996e-05  0.00000000e+00  9.99999999e-01
   0.00000000e+00  0.00000000e+00]
 [ 0.00000000e+00  0.00000000e+00  0.00000000e+00  0.00000000e+00
   1.00000000e+00  0.00000000e+00]
 [ 0.00000000e+00  0.00000000e+00  0.00000000e+00  0.00000000e+00
   0.00000000e+00  1.00000000e+00]]
Param #3080: delta too small; RMS=8.7889e-07 mm
quads_tilt_fit #5.277979965651591e-05
delta_local #[0.0011378]
R1 #[[ 0.99999929  0.          0.00119058  0.          0.          0.        ]
 [ 0.          0.99999929  0.          0.00119058  0.          0.        ]
 [-0.00119058  0.          0.99999929  0.          0.          0.        ]
 [ 0.         -0.00119058  0.          0.99999929  0.          0.        ]
 [ 0.          0.          0.          0.          1.          0.        ]
 [ 0.          0.          0.          0.          0.          1.        ]]
R2 #[[ 0.99999929  0.         -0.00119058  0.          0.          0.        ]
 [ 0.          0.99999929  0.         -0.00119058  0.          0.        ]
 [ 0.00119058  0.          0.99999929  0.          0.          0.        ]
 [ 0.          0.00119058  0.          0.99999929  0.          0.        ]
 [ 0.          0.          0.          0.          1.          0.        ]
 [ 0.          0.          0.          0.          0.          1.        ]]
Param #3080: delta OK; RMS=0.001 mm
quads_tilt_fit #0.00010144259327329271
delta_local #[1.e-06]
R1 #[[ 9.99999995e-01  0.00000000e+00  1.02442593e-04  0.00000000e+00
   0.00000000e+00  0.00000000e+00]
 [ 0.00000000e+00  9.99999995e-01  0.00000000e+00  1.02442593e-04
   0.00000000e+00  0.00000000e+00]
 [-1.02442593e-04  0.00000000e+00  9.99999995e-01  0.00000000e+00
   0.00000000e+00  0.00000000e+00]
 [ 0.00000000e+00 -1.02442593e-04  0.00000000e+00  9.99999995e-01
   0.00000000e+00  0.00000000e+00]
 [ 0.00000000e+00  0.00000000e+00  0.00000000e+00  0.00000000e+00
   1.00000000e+00  0.00000000e+00]
 [ 0.00000000e+00  0.00000000e+00  0.00000000e+00  0.00000000e+00
   0.00000000e+00  1.00000000e+00]]
R2 #[[ 9.99999995e-01  0.00000000e+00 -1.02442593e-04  0.00000000e+00
   0.00000000e+00  0.00000000e+00]
 [ 0.00000000e+00  9.99999995e-01  0.00000000e+00 -1.02442593e-04
   0.00000000e+00  0.00000000e+00]
 [ 1.02442593e-04  0.00000000e+00  9.99999995e-01  0.00000000e+00
   0.00000000e+00  0.00000000e+00]
 [ 0.00000000e+00  1.02442593e-04  0.00000000e+00  9.99999995e-01
   0.00000000e+00  0.00000000e+00]
 [ 0.00000000e+00  0.00000000e+00  0.00000000e+00  0.00000000e+00
   1.00000000e+00  0.00000000e+00]
 [ 0.00000000e+00  0.00000000e+00  0.00000000e+00  0.00000000e+00
   0.00000000e+00  1.00000000e+00]]
Param #3089: delta too small; RMS=6.6334e-07 mm
quads_tilt_fit #0.00010144259327329271
delta_local #[0.00150753]
R1 #[[ 0.99999871  0.          0.00160897  0.          0.          0.        ]
 [ 0.          0.99999871  0.          0.00160897  0.          0.        ]
 [-0.00160897  0.          0.99999871  0.          0.          0.        ]
 [ 0.         -0.00160897  0.          0.99999871  0.          0.        ]
 [ 0.          0.          0.          0.          1.          0.        ]
 [ 0.          0.          0.          0.          0.          1.        ]]
R2 #[[ 0.99999871  0.         -0.00160897  0.          0.          0.        ]
 [ 0.          0.99999871  0.         -0.00160897  0.          0.        ]
 [ 0.00160897  0.          0.99999871  0.          0.          0.        ]
 [ 0.          0.00160897  0.          0.99999871  0.          0.        ]
 [ 0.          0.          0.          0.          1.          0.        ]
 [ 0.          0.          0.          0.          0.          1.        ]]
Param #3089: delta OK; RMS=0.001 mm
quads_tilt_fit #7.44204955319987e-05
delta_local #[1.e-06]
R1 #[[ 9.99999997e-01  0.00000000e+00  7.54204955e-05  0.00000000e+00
   0.00000000e+00  0.00000000e+00]
 [ 0.00000000e+00  9.99999997e-01  0.00000000e+00  7.54204955e-05
   0.00000000e+00  0.00000000e+00]
 [-7.54204955e-05  0.00000000e+00  9.99999997e-01  0.00000000e+00
   0.00000000e+00  0.00000000e+00]
 [ 0.00000000e+00 -7.54204955e-05  0.00000000e+00  9.99999997e-01
   0.00000000e+00  0.00000000e+00]
 [ 0.00000000e+00  0.00000000e+00  0.00000000e+00  0.00000000e+00
   1.00000000e+00  0.00000000e+00]
 [ 0.00000000e+00  0.00000000e+00  0.00000000e+00  0.00000000e+00
   0.00000000e+00  1.00000000e+00]]
R2 #[[ 9.99999997e-01  0.00000000e+00 -7.54204955e-05  0.00000000e+00
   0.00000000e+00  0.00000000e+00]
 [ 0.00000000e+00  9.99999997e-01  0.00000000e+00 -7.54204955e-05
   0.00000000e+00  0.00000000e+00]
 [ 7.54204955e-05  0.00000000e+00  9.99999997e-01  0.00000000e+00
   0.00000000e+00  0.00000000e+00]
 [ 0.00000000e+00  7.54204955e-05  0.00000000e+00  9.99999997e-01
   0.00000000e+00  0.00000000e+00]
 [ 0.00000000e+00  0.00000000e+00  0.00000000e+00  0.00000000e+00
   1.00000000e+00  0.00000000e+00]
 [ 0.00000000e+00  0.00000000e+00  0.00000000e+00  0.00000000e+00
   0.00000000e+00  1.00000000e+00]]
Param #3145: delta too small; RMS=6.664e-07 mm
quads_tilt_fit #7.44204955319987e-05
delta_local #[0.00150059]
R1 #[[ 0.99999876  0.          0.00157501  0.          0.          0.        ]
 [ 0.          0.99999876  0.          0.00157501  0.          0.        ]
 [-0.00157501  0.          0.99999876  0.          0.          0.        ]
 [ 0.         -0.00157501  0.          0.99999876  0.          0.        ]
 [ 0.          0.          0.          0.          1.          0.        ]
 [ 0.          0.          0.          0.          0.          1.        ]]
R2 #[[ 0.99999876  0.         -0.00157501  0.          0.          0.        ]
 [ 0.          0.99999876  0.         -0.00157501  0.          0.        ]
 [ 0.00157501  0.          0.99999876  0.          0.          0.        ]
 [ 0.          0.00157501  0.          0.99999876  0.          0.        ]
 [ 0.          0.          0.          0.          1.          0.        ]
 [ 0.          0.          0.          0.          0.          1.        ]]
Param #3145: delta OK; RMS=0.001 mm
quads_tilt_fit #7.678401346756885e-05
delta_local #[1.e-06]
R1 #[[ 9.99999997e-01  0.00000000e+00  7.77840134e-05  0.00000000e+00
   0.00000000e+00  0.00000000e+00]
 [ 0.00000000e+00  9.99999997e-01  0.00000000e+00  7.77840134e-05
   0.00000000e+00  0.00000000e+00]
 [-7.77840134e-05  0.00000000e+00  9.99999997e-01  0.00000000e+00
   0.00000000e+00  0.00000000e+00]
 [ 0.00000000e+00 -7.77840134e-05  0.00000000e+00  9.99999997e-01
   0.00000000e+00  0.00000000e+00]
 [ 0.00000000e+00  0.00000000e+00  0.00000000e+00  0.00000000e+00
   1.00000000e+00  0.00000000e+00]
 [ 0.00000000e+00  0.00000000e+00  0.00000000e+00  0.00000000e+00
   0.00000000e+00  1.00000000e+00]]
R2 #[[ 9.99999997e-01  0.00000000e+00 -7.77840134e-05  0.00000000e+00
   0.00000000e+00  0.00000000e+00]
 [ 0.00000000e+00  9.99999997e-01  0.00000000e+00 -7.77840134e-05
   0.00000000e+00  0.00000000e+00]
 [ 7.77840134e-05  0.00000000e+00  9.99999997e-01  0.00000000e+00
   0.00000000e+00  0.00000000e+00]
 [ 0.00000000e+00  7.77840134e-05  0.00000000e+00  9.99999997e-01
   0.00000000e+00  0.00000000e+00]
 [ 0.00000000e+00  0.00000000e+00  0.00000000e+00  0.00000000e+00
   1.00000000e+00  0.00000000e+00]
 [ 0.00000000e+00  0.00000000e+00  0.00000000e+00  0.00000000e+00
   0.00000000e+00  1.00000000e+00]]
Param #3154: delta too small; RMS=8.7311e-07 mm
quads_tilt_fit #7.678401346756885e-05
delta_local #[0.00114533]
R1 #[[ 0.99999925  0.          0.00122211  0.          0.          0.        ]
 [ 0.          0.99999925  0.          0.00122211  0.          0.        ]
 [-0.00122211  0.          0.99999925  0.          0.          0.        ]
 [ 0.         -0.00122211  0.          0.99999925  0.          0.        ]
 [ 0.          0.          0.          0.          1.          0.        ]
 [ 0.          0.          0.          0.          0.          1.        ]]
R2 #[[ 0.99999925  0.         -0.00122211  0.          0.          0.        ]
 [ 0.          0.99999925  0.         -0.00122211  0.          0.        ]
 [ 0.00122211  0.          0.99999925  0.          0.          0.        ]
 [ 0.          0.00122211  0.          0.99999925  0.          0.        ]
 [ 0.          0.          0.          0.          1.          0.        ]
 [ 0.          0.          0.          0.          0.          1.        ]]
Param #3154: delta OK; RMS=0.001 mm
quads_tilt_fit #0.00010241629289959705
delta_local #[1.e-06]
R1 #[[ 9.99999995e-01  0.00000000e+00  1.03416293e-04  0.00000000e+00
   0.00000000e+00  0.00000000e+00]
 [ 0.00000000e+00  9.99999995e-01  0.00000000e+00  1.03416293e-04
   0.00000000e+00  0.00000000e+00]
 [-1.03416293e-04  0.00000000e+00  9.99999995e-01  0.00000000e+00
   0.00000000e+00  0.00000000e+00]
 [ 0.00000000e+00 -1.03416293e-04  0.00000000e+00  9.99999995e-01
   0.00000000e+00  0.00000000e+00]
 [ 0.00000000e+00  0.00000000e+00  0.00000000e+00  0.00000000e+00
   1.00000000e+00  0.00000000e+00]
 [ 0.00000000e+00  0.00000000e+00  0.00000000e+00  0.00000000e+00
   0.00000000e+00  1.00000000e+00]]
R2 #[[ 9.99999995e-01  0.00000000e+00 -1.03416293e-04  0.00000000e+00
   0.00000000e+00  0.00000000e+00]
 [ 0.00000000e+00  9.99999995e-01  0.00000000e+00 -1.03416293e-04
   0.00000000e+00  0.00000000e+00]
 [ 1.03416293e-04  0.00000000e+00  9.99999995e-01  0.00000000e+00
   0.00000000e+00  0.00000000e+00]
 [ 0.00000000e+00  1.03416293e-04  0.00000000e+00  9.99999995e-01
   0.00000000e+00  0.00000000e+00]
 [ 0.00000000e+00  0.00000000e+00  0.00000000e+00  0.00000000e+00
   1.00000000e+00  0.00000000e+00]
 [ 0.00000000e+00  0.00000000e+00  0.00000000e+00  0.00000000e+00
   0.00000000e+00  1.00000000e+00]]
Param #3160: delta too small; RMS=9.4602e-07 mm
quads_tilt_fit #0.00010241629289959705
delta_local #[0.00105706]
R1 #[[ 0.99999933  0.          0.00115948  0.          0.          0.        ]
 [ 0.          0.99999933  0.          0.00115948  0.          0.        ]
 [-0.00115948  0.          0.99999933  0.          0.          0.        ]
 [ 0.         -0.00115948  0.          0.99999933  0.          0.        ]
 [ 0.          0.          0.          0.          1.          0.        ]
 [ 0.          0.          0.          0.          0.          1.        ]]
R2 #[[ 0.99999933  0.         -0.00115948  0.          0.          0.        ]
 [ 0.          0.99999933  0.         -0.00115948  0.          0.        ]
 [ 0.00115948  0.          0.99999933  0.          0.          0.        ]
 [ 0.          0.00115948  0.          0.99999933  0.          0.        ]
 [ 0.          0.          0.          0.          1.          0.        ]
 [ 0.          0.          0.          0.          0.          1.        ]]
Param #3160: delta OK; RMS=0.001 mm
quads_tilt_fit #0.00022677306205219107
delta_local #[1.e-06]
R1 #[[ 9.99999974e-01  0.00000000e+00  2.27773060e-04  0.00000000e+00
   0.00000000e+00  0.00000000e+00]
 [ 0.00000000e+00  9.99999974e-01  0.00000000e+00  2.27773060e-04
   0.00000000e+00  0.00000000e+00]
 [-2.27773060e-04  0.00000000e+00  9.99999974e-01  0.00000000e+00
   0.00000000e+00  0.00000000e+00]
 [ 0.00000000e+00 -2.27773060e-04  0.00000000e+00  9.99999974e-01
   0.00000000e+00  0.00000000e+00]
 [ 0.00000000e+00  0.00000000e+00  0.00000000e+00  0.00000000e+00
   1.00000000e+00  0.00000000e+00]
 [ 0.00000000e+00  0.00000000e+00  0.00000000e+00  0.00000000e+00
   0.00000000e+00  1.00000000e+00]]
R2 #[[ 9.99999974e-01  0.00000000e+00 -2.27773060e-04  0.00000000e+00
   0.00000000e+00  0.00000000e+00]
 [ 0.00000000e+00  9.99999974e-01  0.00000000e+00 -2.27773060e-04
   0.00000000e+00  0.00000000e+00]
 [ 2.27773060e-04  0.00000000e+00  9.99999974e-01  0.00000000e+00
   0.00000000e+00  0.00000000e+00]
 [ 0.00000000e+00  2.27773060e-04  0.00000000e+00  9.99999974e-01
   0.00000000e+00  0.00000000e+00]
 [ 0.00000000e+00  0.00000000e+00  0.00000000e+00  0.00000000e+00
   1.00000000e+00  0.00000000e+00]
 [ 0.00000000e+00  0.00000000e+00  0.00000000e+00  0.00000000e+00
   0.00000000e+00  1.00000000e+00]]
Param #3167: delta too small; RMS=5.751e-07 mm
quads_tilt_fit #0.00022677306205219107
delta_local #[0.00173884]
R1 #[[ 0.99999807  0.          0.00196561  0.          0.          0.        ]
 [ 0.          0.99999807  0.          0.00196561  0.          0.        ]
 [-0.00196561  0.          0.99999807  0.          0.          0.        ]
 [ 0.         -0.00196561  0.          0.99999807  0.          0.        ]
 [ 0.          0.          0.          0.          1.          0.        ]
 [ 0.          0.          0.          0.          0.          1.        ]]
R2 #[[ 0.99999807  0.         -0.00196561  0.          0.          0.        ]
 [ 0.          0.99999807  0.         -0.00196561  0.          0.        ]
 [ 0.00196561  0.          0.99999807  0.          0.          0.        ]
 [ 0.          0.00196561  0.          0.99999807  0.          0.        ]
 [ 0.          0.          0.          0.          1.          0.        ]
 [ 0.          0.          0.          0.          0.          1.        ]]
Param #3167: delta OK; RMS=0.001 mm
quads_tilt_fit #-0.00012133184188193097
delta_local #[1.e-06]
R1 #[[ 9.99999993e-01  0.00000000e+00 -1.20331842e-04  0.00000000e+00
   0.00000000e+00  0.00000000e+00]
 [ 0.00000000e+00  9.99999993e-01  0.00000000e+00 -1.20331842e-04
   0.00000000e+00  0.00000000e+00]
 [ 1.20331842e-04  0.00000000e+00  9.99999993e-01  0.00000000e+00
   0.00000000e+00  0.00000000e+00]
 [ 0.00000000e+00  1.20331842e-04  0.00000000e+00  9.99999993e-01
   0.00000000e+00  0.00000000e+00]
 [ 0.00000000e+00  0.00000000e+00  0.00000000e+00  0.00000000e+00
   1.00000000e+00  0.00000000e+00]
 [ 0.00000000e+00  0.00000000e+00  0.00000000e+00  0.00000000e+00
   0.00000000e+00  1.00000000e+00]]
R2 #[[ 9.99999993e-01  0.00000000e+00  1.20331842e-04  0.00000000e+00
   0.00000000e+00  0.00000000e+00]
 [ 0.00000000e+00  9.99999993e-01  0.00000000e+00  1.20331842e-04
   0.00000000e+00  0.00000000e+00]
 [-1.20331842e-04  0.00000000e+00  9.99999993e-01  0.00000000e+00
   0.00000000e+00  0.00000000e+00]
 [ 0.00000000e+00 -1.20331842e-04  0.00000000e+00  9.99999993e-01
   0.00000000e+00  0.00000000e+00]
 [ 0.00000000e+00  0.00000000e+00  0.00000000e+00  0.00000000e+00
   1.00000000e+00  0.00000000e+00]
 [ 0.00000000e+00  0.00000000e+00  0.00000000e+00  0.00000000e+00
   0.00000000e+00  1.00000000e+00]]
Param #3203: delta too small; RMS=5.6815e-07 mm
quads_tilt_fit #-0.00012133184188193097
delta_local #[0.00176011]
R1 #[[ 0.99999866  0.          0.00163877  0.          0.          0.        ]
 [ 0.          0.99999866  0.          0.00163877  0.          0.        ]
 [-0.00163877  0.          0.99999866  0.          0.          0.        ]
 [ 0.         -0.00163877  0.          0.99999866  0.          0.        ]
 [ 0.          0.          0.          0.          1.          0.        ]
 [ 0.          0.          0.          0.          0.          1.        ]]
R2 #[[ 0.99999866  0.         -0.00163877  0.          0.          0.        ]
 [ 0.          0.99999866  0.         -0.00163877  0.          0.        ]
 [ 0.00163877  0.          0.99999866  0.          0.          0.        ]
 [ 0.          0.00163877  0.          0.99999866  0.          0.        ]
 [ 0.          0.          0.          0.          1.          0.        ]
 [ 0.          0.          0.          0.          0.          1.        ]]
Param #3203: delta OK; RMS=0.001 mm
quads_tilt_fit #3.5184550953501064e-05
delta_local #[1.e-06]
R1 #[[ 9.99999999e-01  0.00000000e+00  3.61845509e-05  0.00000000e+00
   0.00000000e+00  0.00000000e+00]
 [ 0.00000000e+00  9.99999999e-01  0.00000000e+00  3.61845509e-05
   0.00000000e+00  0.00000000e+00]
 [-3.61845509e-05  0.00000000e+00  9.99999999e-01  0.00000000e+00
   0.00000000e+00  0.00000000e+00]
 [ 0.00000000e+00 -3.61845509e-05  0.00000000e+00  9.99999999e-01
   0.00000000e+00  0.00000000e+00]
 [ 0.00000000e+00  0.00000000e+00  0.00000000e+00  0.00000000e+00
   1.00000000e+00  0.00000000e+00]
 [ 0.00000000e+00  0.00000000e+00  0.00000000e+00  0.00000000e+00
   0.00000000e+00  1.00000000e+00]]
R2 #[[ 9.99999999e-01  0.00000000e+00 -3.61845509e-05  0.00000000e+00
   0.00000000e+00  0.00000000e+00]
 [ 0.00000000e+00  9.99999999e-01  0.00000000e+00 -3.61845509e-05
   0.00000000e+00  0.00000000e+00]
 [ 3.61845509e-05  0.00000000e+00  9.99999999e-01  0.00000000e+00
   0.00000000e+00  0.00000000e+00]
 [ 0.00000000e+00  3.61845509e-05  0.00000000e+00  9.99999999e-01
   0.00000000e+00  0.00000000e+00]
 [ 0.00000000e+00  0.00000000e+00  0.00000000e+00  0.00000000e+00
   1.00000000e+00  0.00000000e+00]
 [ 0.00000000e+00  0.00000000e+00  0.00000000e+00  0.00000000e+00
   0.00000000e+00  1.00000000e+00]]
Param #3210: delta too small; RMS=9.403e-07 mm
quads_tilt_fit #3.5184550953501064e-05
delta_local #[0.00106349]
R1 #[[ 0.9999994   0.          0.00109867  0.          0.          0.        ]
 [ 0.          0.9999994   0.          0.00109867  0.          0.        ]
 [-0.00109867  0.          0.9999994   0.          0.          0.        ]
 [ 0.         -0.00109867  0.          0.9999994   0.          0.        ]
 [ 0.          0.          0.          0.          1.          0.        ]
 [ 0.          0.          0.          0.          0.          1.        ]]
R2 #[[ 0.9999994   0.         -0.00109867  0.          0.          0.        ]
 [ 0.          0.9999994   0.         -0.00109867  0.          0.        ]
 [ 0.00109867  0.          0.9999994   0.          0.          0.        ]
 [ 0.          0.00109867  0.          0.9999994   0.          0.        ]
 [ 0.          0.          0.          0.          1.          0.        ]
 [ 0.          0.          0.          0.          0.          1.        ]]
Param #3210: delta OK; RMS=0.001 mm
quads_tilt_fit #1.2161519851432586e-05
delta_local #[1.e-06]
R1 #[[ 1.00000000e+00  0.00000000e+00  1.31615199e-05  0.00000000e+00
   0.00000000e+00  0.00000000e+00]
 [ 0.00000000e+00  1.00000000e+00  0.00000000e+00  1.31615199e-05
   0.00000000e+00  0.00000000e+00]
 [-1.31615199e-05  0.00000000e+00  1.00000000e+00  0.00000000e+00
   0.00000000e+00  0.00000000e+00]
 [ 0.00000000e+00 -1.31615199e-05  0.00000000e+00  1.00000000e+00
   0.00000000e+00  0.00000000e+00]
 [ 0.00000000e+00  0.00000000e+00  0.00000000e+00  0.00000000e+00
   1.00000000e+00  0.00000000e+00]
 [ 0.00000000e+00  0.00000000e+00  0.00000000e+00  0.00000000e+00
   0.00000000e+00  1.00000000e+00]]
R2 #[[ 1.00000000e+00  0.00000000e+00 -1.31615199e-05  0.00000000e+00
   0.00000000e+00  0.00000000e+00]
 [ 0.00000000e+00  1.00000000e+00  0.00000000e+00 -1.31615199e-05
   0.00000000e+00  0.00000000e+00]
 [ 1.31615199e-05  0.00000000e+00  1.00000000e+00  0.00000000e+00
   0.00000000e+00  0.00000000e+00]
 [ 0.00000000e+00  1.31615199e-05  0.00000000e+00  1.00000000e+00
   0.00000000e+00  0.00000000e+00]
 [ 0.00000000e+00  0.00000000e+00  0.00000000e+00  0.00000000e+00
   1.00000000e+00  0.00000000e+00]
 [ 0.00000000e+00  0.00000000e+00  0.00000000e+00  0.00000000e+00
   0.00000000e+00  1.00000000e+00]]
Param #3216: delta too small; RMS=8.6882e-07 mm
quads_tilt_fit #1.2161519851432586e-05
delta_local #[0.00115099]
R1 #[[ 0.99999932  0.          0.00116315  0.          0.          0.        ]
 [ 0.          0.99999932  0.          0.00116315  0.          0.        ]
 [-0.00116315  0.          0.99999932  0.          0.          0.        ]
 [ 0.         -0.00116315  0.          0.99999932  0.          0.        ]
 [ 0.          0.          0.          0.          1.          0.        ]
 [ 0.          0.          0.          0.          0.          1.        ]]
R2 #[[ 0.99999932  0.         -0.00116315  0.          0.          0.        ]
 [ 0.          0.99999932  0.         -0.00116315  0.          0.        ]
 [ 0.00116315  0.          0.99999932  0.          0.          0.        ]
 [ 0.          0.00116315  0.          0.99999932  0.          0.        ]
 [ 0.          0.          0.          0.          1.          0.        ]
 [ 0.          0.          0.          0.          0.          1.        ]]
Param #3216: delta OK; RMS=0.001 mm
quads_tilt_fit #0.00029025900088082706
delta_local #[1.e-06]
R1 #[[ 9.99999958e-01  0.00000000e+00  2.91258997e-04  0.00000000e+00
   0.00000000e+00  0.00000000e+00]
 [ 0.00000000e+00  9.99999958e-01  0.00000000e+00  2.91258997e-04
   0.00000000e+00  0.00000000e+00]
 [-2.91258997e-04  0.00000000e+00  9.99999958e-01  0.00000000e+00
   0.00000000e+00  0.00000000e+00]
 [ 0.00000000e+00 -2.91258997e-04  0.00000000e+00  9.99999958e-01
   0.00000000e+00  0.00000000e+00]
 [ 0.00000000e+00  0.00000000e+00  0.00000000e+00  0.00000000e+00
   1.00000000e+00  0.00000000e+00]
 [ 0.00000000e+00  0.00000000e+00  0.00000000e+00  0.00000000e+00
   0.00000000e+00  1.00000000e+00]]
R2 #[[ 9.99999958e-01  0.00000000e+00 -2.91258997e-04  0.00000000e+00
   0.00000000e+00  0.00000000e+00]
 [ 0.00000000e+00  9.99999958e-01  0.00000000e+00 -2.91258997e-04
   0.00000000e+00  0.00000000e+00]
 [ 2.91258997e-04  0.00000000e+00  9.99999958e-01  0.00000000e+00
   0.00000000e+00  0.00000000e+00]
 [ 0.00000000e+00  2.91258997e-04  0.00000000e+00  9.99999958e-01
   0.00000000e+00  0.00000000e+00]
 [ 0.00000000e+00  0.00000000e+00  0.00000000e+00  0.00000000e+00
   1.00000000e+00  0.00000000e+00]
 [ 0.00000000e+00  0.00000000e+00  0.00000000e+00  0.00000000e+00
   0.00000000e+00  1.00000000e+00]]
Param #3225: delta too small; RMS=6.6172e-07 mm
quads_tilt_fit #0.00029025900088082706
delta_local #[0.0015112]
R1 #[[ 0.99999838  0.          0.00180146  0.          0.          0.        ]
 [ 0.          0.99999838  0.          0.00180146  0.          0.        ]
 [-0.00180146  0.          0.99999838  0.          0.          0.        ]
 [ 0.         -0.00180146  0.          0.99999838  0.          0.        ]
 [ 0.          0.          0.          0.          1.          0.        ]
 [ 0.          0.          0.          0.          0.          1.        ]]
R2 #[[ 0.99999838  0.         -0.00180146  0.          0.          0.        ]
 [ 0.          0.99999838  0.         -0.00180146  0.          0.        ]
 [ 0.00180146  0.          0.99999838  0.          0.          0.        ]
 [ 0.          0.00180146  0.          0.99999838  0.          0.        ]
 [ 0.          0.          0.          0.          1.          0.        ]
 [ 0.          0.          0.          0.          0.          1.        ]]
Param #3225: delta OK; RMS=0.001 mm
quads_tilt_fit #0.0003255180283891924
delta_local #[1.e-06]
R1 #[[ 9.99999947e-01  0.00000000e+00  3.26518023e-04  0.00000000e+00
   0.00000000e+00  0.00000000e+00]
 [ 0.00000000e+00  9.99999947e-01  0.00000000e+00  3.26518023e-04
   0.00000000e+00  0.00000000e+00]
 [-3.26518023e-04  0.00000000e+00  9.99999947e-01  0.00000000e+00
   0.00000000e+00  0.00000000e+00]
 [ 0.00000000e+00 -3.26518023e-04  0.00000000e+00  9.99999947e-01
   0.00000000e+00  0.00000000e+00]
 [ 0.00000000e+00  0.00000000e+00  0.00000000e+00  0.00000000e+00
   1.00000000e+00  0.00000000e+00]
 [ 0.00000000e+00  0.00000000e+00  0.00000000e+00  0.00000000e+00
   0.00000000e+00  1.00000000e+00]]
R2 #[[ 9.99999947e-01  0.00000000e+00 -3.26518023e-04  0.00000000e+00
   0.00000000e+00  0.00000000e+00]
 [ 0.00000000e+00  9.99999947e-01  0.00000000e+00 -3.26518023e-04
   0.00000000e+00  0.00000000e+00]
 [ 3.26518023e-04  0.00000000e+00  9.99999947e-01  0.00000000e+00
   0.00000000e+00  0.00000000e+00]
 [ 0.00000000e+00  3.26518023e-04  0.00000000e+00  9.99999947e-01
   0.00000000e+00  0.00000000e+00]
 [ 0.00000000e+00  0.00000000e+00  0.00000000e+00  0.00000000e+00
   1.00000000e+00  0.00000000e+00]
 [ 0.00000000e+00  0.00000000e+00  0.00000000e+00  0.00000000e+00
   0.00000000e+00  1.00000000e+00]]
Param #3281: delta too small; RMS=6.623e-07 mm
quads_tilt_fit #0.0003255180283891924
delta_local #[0.0015099]
R1 #[[ 0.99999832  0.          0.00183541  0.          0.          0.        ]
 [ 0.          0.99999832  0.          0.00183541  0.          0.        ]
 [-0.00183541  0.          0.99999832  0.          0.          0.        ]
 [ 0.         -0.00183541  0.          0.99999832  0.          0.        ]
 [ 0.          0.          0.          0.          1.          0.        ]
 [ 0.          0.          0.          0.          0.          1.        ]]
R2 #[[ 0.99999832  0.         -0.00183541  0.          0.          0.        ]
 [ 0.          0.99999832  0.         -0.00183541  0.          0.        ]
 [ 0.00183541  0.          0.99999832  0.          0.          0.        ]
 [ 0.          0.00183541  0.          0.99999832  0.          0.        ]
 [ 0.          0.          0.          0.          1.          0.        ]
 [ 0.          0.          0.          0.          0.          1.        ]]
Param #3281: delta OK; RMS=0.001 mm
quads_tilt_fit #0.00012945274873250482
delta_local #[1.e-06]
R1 #[[ 9.99999991e-01  0.00000000e+00  1.30452748e-04  0.00000000e+00
   0.00000000e+00  0.00000000e+00]
 [ 0.00000000e+00  9.99999991e-01  0.00000000e+00  1.30452748e-04
   0.00000000e+00  0.00000000e+00]
 [-1.30452748e-04  0.00000000e+00  9.99999991e-01  0.00000000e+00
   0.00000000e+00  0.00000000e+00]
 [ 0.00000000e+00 -1.30452748e-04  0.00000000e+00  9.99999991e-01
   0.00000000e+00  0.00000000e+00]
 [ 0.00000000e+00  0.00000000e+00  0.00000000e+00  0.00000000e+00
   1.00000000e+00  0.00000000e+00]
 [ 0.00000000e+00  0.00000000e+00  0.00000000e+00  0.00000000e+00
   0.00000000e+00  1.00000000e+00]]
R2 #[[ 9.99999991e-01  0.00000000e+00 -1.30452748e-04  0.00000000e+00
   0.00000000e+00  0.00000000e+00]
 [ 0.00000000e+00  9.99999991e-01  0.00000000e+00 -1.30452748e-04
   0.00000000e+00  0.00000000e+00]
 [ 1.30452748e-04  0.00000000e+00  9.99999991e-01  0.00000000e+00
   0.00000000e+00  0.00000000e+00]
 [ 0.00000000e+00  1.30452748e-04  0.00000000e+00  9.99999991e-01
   0.00000000e+00  0.00000000e+00]
 [ 0.00000000e+00  0.00000000e+00  0.00000000e+00  0.00000000e+00
   1.00000000e+00  0.00000000e+00]
 [ 0.00000000e+00  0.00000000e+00  0.00000000e+00  0.00000000e+00
   0.00000000e+00  1.00000000e+00]]
Param #3290: delta too small; RMS=8.6727e-07 mm
quads_tilt_fit #0.00012945274873250482
delta_local #[0.00115304]
R1 #[[ 0.99999918  0.          0.00128249  0.          0.          0.        ]
 [ 0.          0.99999918  0.          0.00128249  0.          0.        ]
 [-0.00128249  0.          0.99999918  0.          0.          0.        ]
 [ 0.         -0.00128249  0.          0.99999918  0.          0.        ]
 [ 0.          0.          0.          0.          1.          0.        ]
 [ 0.          0.          0.          0.          0.          1.        ]]
R2 #[[ 0.99999918  0.         -0.00128249  0.          0.          0.        ]
 [ 0.          0.99999918  0.         -0.00128249  0.          0.        ]
 [ 0.00128249  0.          0.99999918  0.          0.          0.        ]
 [ 0.          0.00128249  0.          0.99999918  0.          0.        ]
 [ 0.          0.          0.          0.          1.          0.        ]
 [ 0.          0.          0.          0.          0.          1.        ]]
Param #3290: delta OK; RMS=0.001 mm
quads_tilt_fit #8.680965044957677e-05
delta_local #[1.e-06]
R1 #[[ 9.99999996e-01  0.00000000e+00  8.78096503e-05  0.00000000e+00
   0.00000000e+00  0.00000000e+00]
 [ 0.00000000e+00  9.99999996e-01  0.00000000e+00  8.78096503e-05
   0.00000000e+00  0.00000000e+00]
 [-8.78096503e-05  0.00000000e+00  9.99999996e-01  0.00000000e+00
   0.00000000e+00  0.00000000e+00]
 [ 0.00000000e+00 -8.78096503e-05  0.00000000e+00  9.99999996e-01
   0.00000000e+00  0.00000000e+00]
 [ 0.00000000e+00  0.00000000e+00  0.00000000e+00  0.00000000e+00
   1.00000000e+00  0.00000000e+00]
 [ 0.00000000e+00  0.00000000e+00  0.00000000e+00  0.00000000e+00
   0.00000000e+00  1.00000000e+00]]
R2 #[[ 9.99999996e-01  0.00000000e+00 -8.78096503e-05  0.00000000e+00
   0.00000000e+00  0.00000000e+00]
 [ 0.00000000e+00  9.99999996e-01  0.00000000e+00 -8.78096503e-05
   0.00000000e+00  0.00000000e+00]
 [ 8.78096503e-05  0.00000000e+00  9.99999996e-01  0.00000000e+00
   0.00000000e+00  0.00000000e+00]
 [ 0.00000000e+00  8.78096503e-05  0.00000000e+00  9.99999996e-01
   0.00000000e+00  0.00000000e+00]
 [ 0.00000000e+00  0.00000000e+00  0.00000000e+00  0.00000000e+00
   1.00000000e+00  0.00000000e+00]
 [ 0.00000000e+00  0.00000000e+00  0.00000000e+00  0.00000000e+00
   0.00000000e+00  1.00000000e+00]]
Param #3296: delta too small; RMS=9.3835e-07 mm
quads_tilt_fit #8.680965044957677e-05
delta_local #[0.0010657]
R1 #[[ 0.99999934  0.          0.00115251  0.          0.          0.        ]
 [ 0.          0.99999934  0.          0.00115251  0.          0.        ]
 [-0.00115251  0.          0.99999934  0.          0.          0.        ]
 [ 0.         -0.00115251  0.          0.99999934  0.          0.        ]
 [ 0.          0.          0.          0.          1.          0.        ]
 [ 0.          0.          0.          0.          0.          1.        ]]
R2 #[[ 0.99999934  0.         -0.00115251  0.          0.          0.        ]
 [ 0.          0.99999934  0.         -0.00115251  0.          0.        ]
 [ 0.00115251  0.          0.99999934  0.          0.          0.        ]
 [ 0.          0.00115251  0.          0.99999934  0.          0.        ]
 [ 0.          0.          0.          0.          1.          0.        ]
 [ 0.          0.          0.          0.          0.          1.        ]]
Param #3296: delta OK; RMS=0.001 mm
quads_tilt_fit #8.535737750300366e-05
delta_local #[1.e-06]
R1 #[[ 9.99999996e-01  0.00000000e+00  8.63573774e-05  0.00000000e+00
   0.00000000e+00  0.00000000e+00]
 [ 0.00000000e+00  9.99999996e-01  0.00000000e+00  8.63573774e-05
   0.00000000e+00  0.00000000e+00]
 [-8.63573774e-05  0.00000000e+00  9.99999996e-01  0.00000000e+00
   0.00000000e+00  0.00000000e+00]
 [ 0.00000000e+00 -8.63573774e-05  0.00000000e+00  9.99999996e-01
   0.00000000e+00  0.00000000e+00]
 [ 0.00000000e+00  0.00000000e+00  0.00000000e+00  0.00000000e+00
   1.00000000e+00  0.00000000e+00]
 [ 0.00000000e+00  0.00000000e+00  0.00000000e+00  0.00000000e+00
   0.00000000e+00  1.00000000e+00]]
R2 #[[ 9.99999996e-01  0.00000000e+00 -8.63573774e-05  0.00000000e+00
   0.00000000e+00  0.00000000e+00]
 [ 0.00000000e+00  9.99999996e-01  0.00000000e+00 -8.63573774e-05
   0.00000000e+00  0.00000000e+00]
 [ 8.63573774e-05  0.00000000e+00  9.99999996e-01  0.00000000e+00
   0.00000000e+00  0.00000000e+00]
 [ 0.00000000e+00  8.63573774e-05  0.00000000e+00  9.99999996e-01
   0.00000000e+00  0.00000000e+00]
 [ 0.00000000e+00  0.00000000e+00  0.00000000e+00  0.00000000e+00
   1.00000000e+00  0.00000000e+00]
 [ 0.00000000e+00  0.00000000e+00  0.00000000e+00  0.00000000e+00
   0.00000000e+00  1.00000000e+00]]
Param #3303: delta too small; RMS=5.6704e-07 mm
quads_tilt_fit #8.535737750300366e-05
delta_local #[0.00176355]
R1 #[[ 0.99999829  0.          0.00184891  0.          0.          0.        ]
 [ 0.          0.99999829  0.          0.00184891  0.          0.        ]
 [-0.00184891  0.          0.99999829  0.          0.          0.        ]
 [ 0.         -0.00184891  0.          0.99999829  0.          0.        ]
 [ 0.          0.          0.          0.          1.          0.        ]
 [ 0.          0.          0.          0.          0.          1.        ]]
R2 #[[ 0.99999829  0.         -0.00184891  0.          0.          0.        ]
 [ 0.          0.99999829  0.         -0.00184891  0.          0.        ]
 [ 0.00184891  0.          0.99999829  0.          0.          0.        ]
 [ 0.          0.00184891  0.          0.99999829  0.          0.        ]
 [ 0.          0.          0.          0.          1.          0.        ]
 [ 0.          0.          0.          0.          0.          1.        ]]
Param #3303: delta OK; RMS=0.001 mm
quads_tilt_fit #-7.962793362925691e-05
delta_local #[1.e-06]
R1 #[[ 9.99999997e-01  0.00000000e+00 -7.86279335e-05  0.00000000e+00
   0.00000000e+00  0.00000000e+00]
 [ 0.00000000e+00  9.99999997e-01  0.00000000e+00 -7.86279335e-05
   0.00000000e+00  0.00000000e+00]
 [ 7.86279335e-05  0.00000000e+00  9.99999997e-01  0.00000000e+00
   0.00000000e+00  0.00000000e+00]
 [ 0.00000000e+00  7.86279335e-05  0.00000000e+00  9.99999997e-01
   0.00000000e+00  0.00000000e+00]
 [ 0.00000000e+00  0.00000000e+00  0.00000000e+00  0.00000000e+00
   1.00000000e+00  0.00000000e+00]
 [ 0.00000000e+00  0.00000000e+00  0.00000000e+00  0.00000000e+00
   0.00000000e+00  1.00000000e+00]]
R2 #[[ 9.99999997e-01  0.00000000e+00  7.86279335e-05  0.00000000e+00
   0.00000000e+00  0.00000000e+00]
 [ 0.00000000e+00  9.99999997e-01  0.00000000e+00  7.86279335e-05
   0.00000000e+00  0.00000000e+00]
 [-7.86279335e-05  0.00000000e+00  9.99999997e-01  0.00000000e+00
   0.00000000e+00  0.00000000e+00]
 [ 0.00000000e+00 -7.86279335e-05  0.00000000e+00  9.99999997e-01
   0.00000000e+00  0.00000000e+00]
 [ 0.00000000e+00  0.00000000e+00  0.00000000e+00  0.00000000e+00
   1.00000000e+00  0.00000000e+00]
 [ 0.00000000e+00  0.00000000e+00  0.00000000e+00  0.00000000e+00
   0.00000000e+00  1.00000000e+00]]
Param #3339: delta too small; RMS=5.7565e-07 mm
quads_tilt_fit #-7.962793362925691e-05
delta_local #[0.00173718]
R1 #[[ 0.99999863  0.          0.00165755  0.          0.          0.        ]
 [ 0.          0.99999863  0.          0.00165755  0.          0.        ]
 [-0.00165755  0.          0.99999863  0.          0.          0.        ]
 [ 0.         -0.00165755  0.          0.99999863  0.          0.        ]
 [ 0.          0.          0.          0.          1.          0.        ]
 [ 0.          0.          0.          0.          0.          1.        ]]
R2 #[[ 0.99999863  0.         -0.00165755  0.          0.          0.        ]
 [ 0.          0.99999863  0.         -0.00165755  0.          0.        ]
 [ 0.00165755  0.          0.99999863  0.          0.          0.        ]
 [ 0.          0.00165755  0.          0.99999863  0.          0.        ]
 [ 0.          0.          0.          0.          1.          0.        ]
 [ 0.          0.          0.          0.          0.          1.        ]]
Param #3339: delta OK; RMS=0.001 mm
quads_tilt_fit #-1.997823983576036e-05
delta_local #[1.e-06]
R1 #[[ 1.00000000e+00  0.00000000e+00 -1.89782398e-05  0.00000000e+00
   0.00000000e+00  0.00000000e+00]
 [ 0.00000000e+00  1.00000000e+00  0.00000000e+00 -1.89782398e-05
   0.00000000e+00  0.00000000e+00]
 [ 1.89782398e-05  0.00000000e+00  1.00000000e+00  0.00000000e+00
   0.00000000e+00  0.00000000e+00]
 [ 0.00000000e+00  1.89782398e-05  0.00000000e+00  1.00000000e+00
   0.00000000e+00  0.00000000e+00]
 [ 0.00000000e+00  0.00000000e+00  0.00000000e+00  0.00000000e+00
   1.00000000e+00  0.00000000e+00]
 [ 0.00000000e+00  0.00000000e+00  0.00000000e+00  0.00000000e+00
   0.00000000e+00  1.00000000e+00]]
R2 #[[ 1.00000000e+00  0.00000000e+00  1.89782398e-05  0.00000000e+00
   0.00000000e+00  0.00000000e+00]
 [ 0.00000000e+00  1.00000000e+00  0.00000000e+00  1.89782398e-05
   0.00000000e+00  0.00000000e+00]
 [-1.89782398e-05  0.00000000e+00  1.00000000e+00  0.00000000e+00
   0.00000000e+00  0.00000000e+00]
 [ 0.00000000e+00 -1.89782398e-05  0.00000000e+00  1.00000000e+00
   0.00000000e+00  0.00000000e+00]
 [ 0.00000000e+00  0.00000000e+00  0.00000000e+00  0.00000000e+00
   1.00000000e+00  0.00000000e+00]
 [ 0.00000000e+00  0.00000000e+00  0.00000000e+00  0.00000000e+00
   0.00000000e+00  1.00000000e+00]]
Param #3346: delta too small; RMS=9.4842e-07 mm
quads_tilt_fit #-1.997823983576036e-05
delta_local #[0.00105439]
R1 #[[ 0.99999947  0.          0.00103441  0.          0.          0.        ]
 [ 0.          0.99999947  0.          0.00103441  0.          0.        ]
 [-0.00103441  0.          0.99999947  0.          0.          0.        ]
 [ 0.         -0.00103441  0.          0.99999947  0.          0.        ]
 [ 0.          0.          0.          0.          1.          0.        ]
 [ 0.          0.          0.          0.          0.          1.        ]]
R2 #[[ 0.99999947  0.         -0.00103441  0.          0.          0.        ]
 [ 0.          0.99999947  0.         -0.00103441  0.          0.        ]
 [ 0.00103441  0.          0.99999947  0.          0.          0.        ]
 [ 0.          0.00103441  0.          0.99999947  0.          0.        ]
 [ 0.          0.          0.          0.          1.          0.        ]
 [ 0.          0.          0.          0.          0.          1.        ]]
Param #3346: delta OK; RMS=0.001 mm
quads_tilt_fit #2.135041394698777e-05
delta_local #[1.e-06]
R1 #[[ 1.00000000e+00  0.00000000e+00  2.23504139e-05  0.00000000e+00
   0.00000000e+00  0.00000000e+00]
 [ 0.00000000e+00  1.00000000e+00  0.00000000e+00  2.23504139e-05
   0.00000000e+00  0.00000000e+00]
 [-2.23504139e-05  0.00000000e+00  1.00000000e+00  0.00000000e+00
   0.00000000e+00  0.00000000e+00]
 [ 0.00000000e+00 -2.23504139e-05  0.00000000e+00  1.00000000e+00
   0.00000000e+00  0.00000000e+00]
 [ 0.00000000e+00  0.00000000e+00  0.00000000e+00  0.00000000e+00
   1.00000000e+00  0.00000000e+00]
 [ 0.00000000e+00  0.00000000e+00  0.00000000e+00  0.00000000e+00
   0.00000000e+00  1.00000000e+00]]
R2 #[[ 1.00000000e+00  0.00000000e+00 -2.23504139e-05  0.00000000e+00
   0.00000000e+00  0.00000000e+00]
 [ 0.00000000e+00  1.00000000e+00  0.00000000e+00 -2.23504139e-05
   0.00000000e+00  0.00000000e+00]
 [ 2.23504139e-05  0.00000000e+00  1.00000000e+00  0.00000000e+00
   0.00000000e+00  0.00000000e+00]
 [ 0.00000000e+00  2.23504139e-05  0.00000000e+00  1.00000000e+00
   0.00000000e+00  0.00000000e+00]
 [ 0.00000000e+00  0.00000000e+00  0.00000000e+00  0.00000000e+00
   1.00000000e+00  0.00000000e+00]
 [ 0.00000000e+00  0.00000000e+00  0.00000000e+00  0.00000000e+00
   0.00000000e+00  1.00000000e+00]]
Param #3352: delta too small; RMS=8.7779e-07 mm
quads_tilt_fit #2.135041394698777e-05
delta_local #[0.00113922]
R1 #[[ 0.99999933  0.          0.00116057  0.          0.          0.        ]
 [ 0.          0.99999933  0.          0.00116057  0.          0.        ]
 [-0.00116057  0.          0.99999933  0.          0.          0.        ]
 [ 0.         -0.00116057  0.          0.99999933  0.          0.        ]
 [ 0.          0.          0.          0.          1.          0.        ]
 [ 0.          0.          0.          0.          0.          1.        ]]
R2 #[[ 0.99999933  0.         -0.00116057  0.          0.          0.        ]
 [ 0.          0.99999933  0.         -0.00116057  0.          0.        ]
 [ 0.00116057  0.          0.99999933  0.          0.          0.        ]
 [ 0.          0.00116057  0.          0.99999933  0.          0.        ]
 [ 0.          0.          0.          0.          1.          0.        ]
 [ 0.          0.          0.          0.          0.          1.        ]]
Param #3352: delta OK; RMS=0.001 mm
quads_tilt_fit #0.00016963264699583748
delta_local #[1.e-06]
R1 #[[ 9.99999985e-01  0.00000000e+00  1.70632646e-04  0.00000000e+00
   0.00000000e+00  0.00000000e+00]
 [ 0.00000000e+00  9.99999985e-01  0.00000000e+00  1.70632646e-04
   0.00000000e+00  0.00000000e+00]
 [-1.70632646e-04  0.00000000e+00  9.99999985e-01  0.00000000e+00
   0.00000000e+00  0.00000000e+00]
 [ 0.00000000e+00 -1.70632646e-04  0.00000000e+00  9.99999985e-01
   0.00000000e+00  0.00000000e+00]
 [ 0.00000000e+00  0.00000000e+00  0.00000000e+00  0.00000000e+00
   1.00000000e+00  0.00000000e+00]
 [ 0.00000000e+00  0.00000000e+00  0.00000000e+00  0.00000000e+00
   0.00000000e+00  1.00000000e+00]]
R2 #[[ 9.99999985e-01  0.00000000e+00 -1.70632646e-04  0.00000000e+00
   0.00000000e+00  0.00000000e+00]
 [ 0.00000000e+00  9.99999985e-01  0.00000000e+00 -1.70632646e-04
   0.00000000e+00  0.00000000e+00]
 [ 1.70632646e-04  0.00000000e+00  9.99999985e-01  0.00000000e+00
   0.00000000e+00  0.00000000e+00]
 [ 0.00000000e+00  1.70632646e-04  0.00000000e+00  9.99999985e-01
   0.00000000e+00  0.00000000e+00]
 [ 0.00000000e+00  0.00000000e+00  0.00000000e+00  0.00000000e+00
   1.00000000e+00  0.00000000e+00]
 [ 0.00000000e+00  0.00000000e+00  0.00000000e+00  0.00000000e+00
   0.00000000e+00  1.00000000e+00]]
Param #3361: delta too small; RMS=6.6186e-07 mm
quads_tilt_fit #0.00016963264699583748
delta_local #[0.00151089]
R1 #[[ 0.99999859  0.          0.00168052  0.          0.          0.        ]
 [ 0.          0.99999859  0.          0.00168052  0.          0.        ]
 [-0.00168052  0.          0.99999859  0.          0.          0.        ]
 [ 0.         -0.00168052  0.          0.99999859  0.          0.        ]
 [ 0.          0.          0.          0.          1.          0.        ]
 [ 0.          0.          0.          0.          0.          1.        ]]
R2 #[[ 0.99999859  0.         -0.00168052  0.          0.          0.        ]
 [ 0.          0.99999859  0.         -0.00168052  0.          0.        ]
 [ 0.00168052  0.          0.99999859  0.          0.          0.        ]
 [ 0.          0.00168052  0.          0.99999859  0.          0.        ]
 [ 0.          0.          0.          0.          1.          0.        ]
 [ 0.          0.          0.          0.          0.          1.        ]]
Param #3361: delta OK; RMS=0.001 mm
quads_tilt_fit #0.00028512687316968827
delta_local #[1.e-06]
R1 #[[ 9.99999959e-01  0.00000000e+00  2.86126869e-04  0.00000000e+00
   0.00000000e+00  0.00000000e+00]
 [ 0.00000000e+00  9.99999959e-01  0.00000000e+00  2.86126869e-04
   0.00000000e+00  0.00000000e+00]
 [-2.86126869e-04  0.00000000e+00  9.99999959e-01  0.00000000e+00
   0.00000000e+00  0.00000000e+00]
 [ 0.00000000e+00 -2.86126869e-04  0.00000000e+00  9.99999959e-01
   0.00000000e+00  0.00000000e+00]
 [ 0.00000000e+00  0.00000000e+00  0.00000000e+00  0.00000000e+00
   1.00000000e+00  0.00000000e+00]
 [ 0.00000000e+00  0.00000000e+00  0.00000000e+00  0.00000000e+00
   0.00000000e+00  1.00000000e+00]]
R2 #[[ 9.99999959e-01  0.00000000e+00 -2.86126869e-04  0.00000000e+00
   0.00000000e+00  0.00000000e+00]
 [ 0.00000000e+00  9.99999959e-01  0.00000000e+00 -2.86126869e-04
   0.00000000e+00  0.00000000e+00]
 [ 2.86126869e-04  0.00000000e+00  9.99999959e-01  0.00000000e+00
   0.00000000e+00  0.00000000e+00]
 [ 0.00000000e+00  2.86126869e-04  0.00000000e+00  9.99999959e-01
   0.00000000e+00  0.00000000e+00]
 [ 0.00000000e+00  0.00000000e+00  0.00000000e+00  0.00000000e+00
   1.00000000e+00  0.00000000e+00]
 [ 0.00000000e+00  0.00000000e+00  0.00000000e+00  0.00000000e+00
   0.00000000e+00  1.00000000e+00]]
Param #3417: delta too small; RMS=6.7117e-07 mm
quads_tilt_fit #0.00028512687316968827
delta_local #[0.00148994]
R1 #[[ 0.99999842  0.          0.00177507  0.          0.          0.        ]
 [ 0.          0.99999842  0.          0.00177507  0.          0.        ]
 [-0.00177507  0.          0.99999842  0.          0.          0.        ]
 [ 0.         -0.00177507  0.          0.99999842  0.          0.        ]
 [ 0.          0.          0.          0.          1.          0.        ]
 [ 0.          0.          0.          0.          0.          1.        ]]
R2 #[[ 0.99999842  0.         -0.00177507  0.          0.          0.        ]
 [ 0.          0.99999842  0.         -0.00177507  0.          0.        ]
 [ 0.00177507  0.          0.99999842  0.          0.          0.        ]
 [ 0.          0.00177507  0.          0.99999842  0.          0.        ]
 [ 0.          0.          0.          0.          1.          0.        ]
 [ 0.          0.          0.          0.          0.          1.        ]]
Param #3417: delta OK; RMS=0.001 mm
quads_tilt_fit #0.00011392346467585537
delta_local #[1.e-06]
R1 #[[ 9.99999993e-01  0.00000000e+00  1.14923464e-04  0.00000000e+00
   0.00000000e+00  0.00000000e+00]
 [ 0.00000000e+00  9.99999993e-01  0.00000000e+00  1.14923464e-04
   0.00000000e+00  0.00000000e+00]
 [-1.14923464e-04  0.00000000e+00  9.99999993e-01  0.00000000e+00
   0.00000000e+00  0.00000000e+00]
 [ 0.00000000e+00 -1.14923464e-04  0.00000000e+00  9.99999993e-01
   0.00000000e+00  0.00000000e+00]
 [ 0.00000000e+00  0.00000000e+00  0.00000000e+00  0.00000000e+00
   1.00000000e+00  0.00000000e+00]
 [ 0.00000000e+00  0.00000000e+00  0.00000000e+00  0.00000000e+00
   0.00000000e+00  1.00000000e+00]]
R2 #[[ 9.99999993e-01  0.00000000e+00 -1.14923464e-04  0.00000000e+00
   0.00000000e+00  0.00000000e+00]
 [ 0.00000000e+00  9.99999993e-01  0.00000000e+00 -1.14923464e-04
   0.00000000e+00  0.00000000e+00]
 [ 1.14923464e-04  0.00000000e+00  9.99999993e-01  0.00000000e+00
   0.00000000e+00  0.00000000e+00]
 [ 0.00000000e+00  1.14923464e-04  0.00000000e+00  9.99999993e-01
   0.00000000e+00  0.00000000e+00]
 [ 0.00000000e+00  0.00000000e+00  0.00000000e+00  0.00000000e+00
   1.00000000e+00  0.00000000e+00]
 [ 0.00000000e+00  0.00000000e+00  0.00000000e+00  0.00000000e+00
   0.00000000e+00  1.00000000e+00]]
Param #3426: delta too small; RMS=8.7369e-07 mm
quads_tilt_fit #0.00011392346467585537
delta_local #[0.00114457]
R1 #[[ 0.99999921  0.          0.00125849  0.          0.          0.        ]
 [ 0.          0.99999921  0.          0.00125849  0.          0.        ]
 [-0.00125849  0.          0.99999921  0.          0.          0.        ]
 [ 0.         -0.00125849  0.          0.99999921  0.          0.        ]
 [ 0.          0.          0.          0.          1.          0.        ]
 [ 0.          0.          0.          0.          0.          1.        ]]
R2 #[[ 0.99999921  0.         -0.00125849  0.          0.          0.        ]
 [ 0.          0.99999921  0.         -0.00125849  0.          0.        ]
 [ 0.00125849  0.          0.99999921  0.          0.          0.        ]
 [ 0.          0.00125849  0.          0.99999921  0.          0.        ]
 [ 0.          0.          0.          0.          1.          0.        ]
 [ 0.          0.          0.          0.          0.          1.        ]]
Param #3426: delta OK; RMS=0.001 mm
quads_tilt_fit #3.503652152881016e-05
delta_local #[1.e-06]
R1 #[[ 9.99999999e-01  0.00000000e+00  3.60365215e-05  0.00000000e+00
   0.00000000e+00  0.00000000e+00]
 [ 0.00000000e+00  9.99999999e-01  0.00000000e+00  3.60365215e-05
   0.00000000e+00  0.00000000e+00]
 [-3.60365215e-05  0.00000000e+00  9.99999999e-01  0.00000000e+00
   0.00000000e+00  0.00000000e+00]
 [ 0.00000000e+00 -3.60365215e-05  0.00000000e+00  9.99999999e-01
   0.00000000e+00  0.00000000e+00]
 [ 0.00000000e+00  0.00000000e+00  0.00000000e+00  0.00000000e+00
   1.00000000e+00  0.00000000e+00]
 [ 0.00000000e+00  0.00000000e+00  0.00000000e+00  0.00000000e+00
   0.00000000e+00  1.00000000e+00]]
R2 #[[ 9.99999999e-01  0.00000000e+00 -3.60365215e-05  0.00000000e+00
   0.00000000e+00  0.00000000e+00]
 [ 0.00000000e+00  9.99999999e-01  0.00000000e+00 -3.60365215e-05
   0.00000000e+00  0.00000000e+00]
 [ 3.60365215e-05  0.00000000e+00  9.99999999e-01  0.00000000e+00
   0.00000000e+00  0.00000000e+00]
 [ 0.00000000e+00  3.60365215e-05  0.00000000e+00  9.99999999e-01
   0.00000000e+00  0.00000000e+00]
 [ 0.00000000e+00  0.00000000e+00  0.00000000e+00  0.00000000e+00
   1.00000000e+00  0.00000000e+00]
 [ 0.00000000e+00  0.00000000e+00  0.00000000e+00  0.00000000e+00
   0.00000000e+00  1.00000000e+00]]
Param #3432: delta too small; RMS=9.4556e-07 mm
quads_tilt_fit #3.503652152881016e-05
delta_local #[0.00105757]
R1 #[[ 0.9999994   0.          0.00109261  0.          0.          0.        ]
 [ 0.          0.9999994   0.          0.00109261  0.          0.        ]
 [-0.00109261  0.          0.9999994   0.          0.          0.        ]
 [ 0.         -0.00109261  0.          0.9999994   0.          0.        ]
 [ 0.          0.          0.          0.          1.          0.        ]
 [ 0.          0.          0.          0.          0.          1.        ]]
R2 #[[ 0.9999994   0.         -0.00109261  0.          0.          0.        ]
 [ 0.          0.9999994   0.         -0.00109261  0.          0.        ]
 [ 0.00109261  0.          0.9999994   0.          0.          0.        ]
 [ 0.          0.00109261  0.          0.9999994   0.          0.        ]
 [ 0.          0.          0.          0.          1.          0.        ]
 [ 0.          0.          0.          0.          0.          1.        ]]
Param #3432: delta OK; RMS=0.001 mm
quads_tilt_fit #3.563217989556219e-05
delta_local #[1.e-06]
R1 #[[ 9.99999999e-01  0.00000000e+00  3.66321799e-05  0.00000000e+00
   0.00000000e+00  0.00000000e+00]
 [ 0.00000000e+00  9.99999999e-01  0.00000000e+00  3.66321799e-05
   0.00000000e+00  0.00000000e+00]
 [-3.66321799e-05  0.00000000e+00  9.99999999e-01  0.00000000e+00
   0.00000000e+00  0.00000000e+00]
 [ 0.00000000e+00 -3.66321799e-05  0.00000000e+00  9.99999999e-01
   0.00000000e+00  0.00000000e+00]
 [ 0.00000000e+00  0.00000000e+00  0.00000000e+00  0.00000000e+00
   1.00000000e+00  0.00000000e+00]
 [ 0.00000000e+00  0.00000000e+00  0.00000000e+00  0.00000000e+00
   0.00000000e+00  1.00000000e+00]]
R2 #[[ 9.99999999e-01  0.00000000e+00 -3.66321799e-05  0.00000000e+00
   0.00000000e+00  0.00000000e+00]
 [ 0.00000000e+00  9.99999999e-01  0.00000000e+00 -3.66321799e-05
   0.00000000e+00  0.00000000e+00]
 [ 3.66321799e-05  0.00000000e+00  9.99999999e-01  0.00000000e+00
   0.00000000e+00  0.00000000e+00]
 [ 0.00000000e+00  3.66321799e-05  0.00000000e+00  9.99999999e-01
   0.00000000e+00  0.00000000e+00]
 [ 0.00000000e+00  0.00000000e+00  0.00000000e+00  0.00000000e+00
   1.00000000e+00  0.00000000e+00]
 [ 0.00000000e+00  0.00000000e+00  0.00000000e+00  0.00000000e+00
   0.00000000e+00  1.00000000e+00]]
Param #3439: delta too small; RMS=5.7039e-07 mm
quads_tilt_fit #3.563217989556219e-05
delta_local #[0.0017532]
R1 #[[ 0.9999984   0.          0.00178883  0.          0.          0.        ]
 [ 0.          0.9999984   0.          0.00178883  0.          0.        ]
 [-0.00178883  0.          0.9999984   0.          0.          0.        ]
 [ 0.         -0.00178883  0.          0.9999984   0.          0.        ]
 [ 0.          0.          0.          0.          1.          0.        ]
 [ 0.          0.          0.          0.          0.          1.        ]]
R2 #[[ 0.9999984   0.         -0.00178883  0.          0.          0.        ]
 [ 0.          0.9999984   0.         -0.00178883  0.          0.        ]
 [ 0.00178883  0.          0.9999984   0.          0.          0.        ]
 [ 0.          0.00178883  0.          0.9999984   0.          0.        ]
 [ 0.          0.          0.          0.          1.          0.        ]
 [ 0.          0.          0.          0.          0.          1.        ]]
Param #3439: delta OK; RMS=0.001 mm
quads_tilt_fit #6.316571650839693e-05
delta_local #[1.e-06]
R1 #[[ 9.99999998e-01  0.00000000e+00  6.41657165e-05  0.00000000e+00
   0.00000000e+00  0.00000000e+00]
 [ 0.00000000e+00  9.99999998e-01  0.00000000e+00  6.41657165e-05
   0.00000000e+00  0.00000000e+00]
 [-6.41657165e-05  0.00000000e+00  9.99999998e-01  0.00000000e+00
   0.00000000e+00  0.00000000e+00]
 [ 0.00000000e+00 -6.41657165e-05  0.00000000e+00  9.99999998e-01
   0.00000000e+00  0.00000000e+00]
 [ 0.00000000e+00  0.00000000e+00  0.00000000e+00  0.00000000e+00
   1.00000000e+00  0.00000000e+00]
 [ 0.00000000e+00  0.00000000e+00  0.00000000e+00  0.00000000e+00
   0.00000000e+00  1.00000000e+00]]
R2 #[[ 9.99999998e-01  0.00000000e+00 -6.41657165e-05  0.00000000e+00
   0.00000000e+00  0.00000000e+00]
 [ 0.00000000e+00  9.99999998e-01  0.00000000e+00 -6.41657165e-05
   0.00000000e+00  0.00000000e+00]
 [ 6.41657165e-05  0.00000000e+00  9.99999998e-01  0.00000000e+00
   0.00000000e+00  0.00000000e+00]
 [ 0.00000000e+00  6.41657165e-05  0.00000000e+00  9.99999998e-01
   0.00000000e+00  0.00000000e+00]
 [ 0.00000000e+00  0.00000000e+00  0.00000000e+00  0.00000000e+00
   1.00000000e+00  0.00000000e+00]
 [ 0.00000000e+00  0.00000000e+00  0.00000000e+00  0.00000000e+00
   0.00000000e+00  1.00000000e+00]]
Param #3475: delta too small; RMS=5.7691e-07 mm
quads_tilt_fit #6.316571650839693e-05
delta_local #[0.00173337]
R1 #[[ 0.99999839  0.          0.00179654  0.          0.          0.        ]
 [ 0.          0.99999839  0.          0.00179654  0.          0.        ]
 [-0.00179654  0.          0.99999839  0.          0.          0.        ]
 [ 0.         -0.00179654  0.          0.99999839  0.          0.        ]
 [ 0.          0.          0.          0.          1.          0.        ]
 [ 0.          0.          0.          0.          0.          1.        ]]
R2 #[[ 0.99999839  0.         -0.00179654  0.          0.          0.        ]
 [ 0.          0.99999839  0.         -0.00179654  0.          0.        ]
 [ 0.00179654  0.          0.99999839  0.          0.          0.        ]
 [ 0.          0.00179654  0.          0.99999839  0.          0.        ]
 [ 0.          0.          0.          0.          1.          0.        ]
 [ 0.          0.          0.          0.          0.          1.        ]]
Param #3475: delta OK; RMS=0.001 mm
quads_tilt_fit #6.856309534440842e-05
delta_local #[1.e-06]
R1 #[[ 9.99999998e-01  0.00000000e+00  6.95630953e-05  0.00000000e+00
   0.00000000e+00  0.00000000e+00]
 [ 0.00000000e+00  9.99999998e-01  0.00000000e+00  6.95630953e-05
   0.00000000e+00  0.00000000e+00]
 [-6.95630953e-05  0.00000000e+00  9.99999998e-01  0.00000000e+00
   0.00000000e+00  0.00000000e+00]
 [ 0.00000000e+00 -6.95630953e-05  0.00000000e+00  9.99999998e-01
   0.00000000e+00  0.00000000e+00]
 [ 0.00000000e+00  0.00000000e+00  0.00000000e+00  0.00000000e+00
   1.00000000e+00  0.00000000e+00]
 [ 0.00000000e+00  0.00000000e+00  0.00000000e+00  0.00000000e+00
   0.00000000e+00  1.00000000e+00]]
R2 #[[ 9.99999998e-01  0.00000000e+00 -6.95630953e-05  0.00000000e+00
   0.00000000e+00  0.00000000e+00]
 [ 0.00000000e+00  9.99999998e-01  0.00000000e+00 -6.95630953e-05
   0.00000000e+00  0.00000000e+00]
 [ 6.95630953e-05  0.00000000e+00  9.99999998e-01  0.00000000e+00
   0.00000000e+00  0.00000000e+00]
 [ 0.00000000e+00  6.95630953e-05  0.00000000e+00  9.99999998e-01
   0.00000000e+00  0.00000000e+00]
 [ 0.00000000e+00  0.00000000e+00  0.00000000e+00  0.00000000e+00
   1.00000000e+00  0.00000000e+00]
 [ 0.00000000e+00  0.00000000e+00  0.00000000e+00  0.00000000e+00
   0.00000000e+00  1.00000000e+00]]
Param #3482: delta too small; RMS=9.5368e-07 mm
quads_tilt_fit #6.856309534440842e-05
delta_local #[0.00104857]
R1 #[[ 0.99999938  0.          0.00111714  0.          0.          0.        ]
 [ 0.          0.99999938  0.          0.00111714  0.          0.        ]
 [-0.00111714  0.          0.99999938  0.          0.          0.        ]
 [ 0.         -0.00111714  0.          0.99999938  0.          0.        ]
 [ 0.          0.          0.          0.          1.          0.        ]
 [ 0.          0.          0.          0.          0.          1.        ]]
R2 #[[ 0.99999938  0.         -0.00111714  0.          0.          0.        ]
 [ 0.          0.99999938  0.         -0.00111714  0.          0.        ]
 [ 0.00111714  0.          0.99999938  0.          0.          0.        ]
 [ 0.          0.00111714  0.          0.99999938  0.          0.        ]
 [ 0.          0.          0.          0.          1.          0.        ]
 [ 0.          0.          0.          0.          0.          1.        ]]
Param #3482: delta OK; RMS=0.001 mm
quads_tilt_fit #3.314982963359516e-05
delta_local #[1.e-06]
R1 #[[ 9.99999999e-01  0.00000000e+00  3.41498296e-05  0.00000000e+00
   0.00000000e+00  0.00000000e+00]
 [ 0.00000000e+00  9.99999999e-01  0.00000000e+00  3.41498296e-05
   0.00000000e+00  0.00000000e+00]
 [-3.41498296e-05  0.00000000e+00  9.99999999e-01  0.00000000e+00
   0.00000000e+00  0.00000000e+00]
 [ 0.00000000e+00 -3.41498296e-05  0.00000000e+00  9.99999999e-01
   0.00000000e+00  0.00000000e+00]
 [ 0.00000000e+00  0.00000000e+00  0.00000000e+00  0.00000000e+00
   1.00000000e+00  0.00000000e+00]
 [ 0.00000000e+00  0.00000000e+00  0.00000000e+00  0.00000000e+00
   0.00000000e+00  1.00000000e+00]]
R2 #[[ 9.99999999e-01  0.00000000e+00 -3.41498296e-05  0.00000000e+00
   0.00000000e+00  0.00000000e+00]
 [ 0.00000000e+00  9.99999999e-01  0.00000000e+00 -3.41498296e-05
   0.00000000e+00  0.00000000e+00]
 [ 3.41498296e-05  0.00000000e+00  9.99999999e-01  0.00000000e+00
   0.00000000e+00  0.00000000e+00]
 [ 0.00000000e+00  3.41498296e-05  0.00000000e+00  9.99999999e-01
   0.00000000e+00  0.00000000e+00]
 [ 0.00000000e+00  0.00000000e+00  0.00000000e+00  0.00000000e+00
   1.00000000e+00  0.00000000e+00]
 [ 0.00000000e+00  0.00000000e+00  0.00000000e+00  0.00000000e+00
   0.00000000e+00  1.00000000e+00]]
Param #3488: delta too small; RMS=8.8153e-07 mm
quads_tilt_fit #3.314982963359516e-05
delta_local #[0.00113439]
R1 #[[ 0.99999932  0.          0.00116754  0.          0.          0.        ]
 [ 0.          0.99999932  0.          0.00116754  0.          0.        ]
 [-0.00116754  0.          0.99999932  0.          0.          0.        ]
 [ 0.         -0.00116754  0.          0.99999932  0.          0.        ]
 [ 0.          0.          0.          0.          1.          0.        ]
 [ 0.          0.          0.          0.          0.          1.        ]]
R2 #[[ 0.99999932  0.         -0.00116754  0.          0.          0.        ]
 [ 0.          0.99999932  0.         -0.00116754  0.          0.        ]
 [ 0.00116754  0.          0.99999932  0.          0.          0.        ]
 [ 0.          0.00116754  0.          0.99999932  0.          0.        ]
 [ 0.          0.          0.          0.          1.          0.        ]
 [ 0.          0.          0.          0.          0.          1.        ]]
Param #3488: delta OK; RMS=0.001 mm
quads_tilt_fit #0.00015270885533859188
delta_local #[1.e-06]
R1 #[[ 9.99999988e-01  0.00000000e+00  1.53708855e-04  0.00000000e+00
   0.00000000e+00  0.00000000e+00]
 [ 0.00000000e+00  9.99999988e-01  0.00000000e+00  1.53708855e-04
   0.00000000e+00  0.00000000e+00]
 [-1.53708855e-04  0.00000000e+00  9.99999988e-01  0.00000000e+00
   0.00000000e+00  0.00000000e+00]
 [ 0.00000000e+00 -1.53708855e-04  0.00000000e+00  9.99999988e-01
   0.00000000e+00  0.00000000e+00]
 [ 0.00000000e+00  0.00000000e+00  0.00000000e+00  0.00000000e+00
   1.00000000e+00  0.00000000e+00]
 [ 0.00000000e+00  0.00000000e+00  0.00000000e+00  0.00000000e+00
   0.00000000e+00  1.00000000e+00]]
R2 #[[ 9.99999988e-01  0.00000000e+00 -1.53708855e-04  0.00000000e+00
   0.00000000e+00  0.00000000e+00]
 [ 0.00000000e+00  9.99999988e-01  0.00000000e+00 -1.53708855e-04
   0.00000000e+00  0.00000000e+00]
 [ 1.53708855e-04  0.00000000e+00  9.99999988e-01  0.00000000e+00
   0.00000000e+00  0.00000000e+00]
 [ 0.00000000e+00  1.53708855e-04  0.00000000e+00  9.99999988e-01
   0.00000000e+00  0.00000000e+00]
 [ 0.00000000e+00  0.00000000e+00  0.00000000e+00  0.00000000e+00
   1.00000000e+00  0.00000000e+00]
 [ 0.00000000e+00  0.00000000e+00  0.00000000e+00  0.00000000e+00
   0.00000000e+00  1.00000000e+00]]
Param #3497: delta too small; RMS=6.6693e-07 mm
quads_tilt_fit #0.00015270885533859188
delta_local #[0.00149941]
R1 #[[ 0.99999864  0.          0.00165211  0.          0.          0.        ]
 [ 0.          0.99999864  0.          0.00165211  0.          0.        ]
 [-0.00165211  0.          0.99999864  0.          0.          0.        ]
 [ 0.         -0.00165211  0.          0.99999864  0.          0.        ]
 [ 0.          0.          0.          0.          1.          0.        ]
 [ 0.          0.          0.          0.          0.          1.        ]]
R2 #[[ 0.99999864  0.         -0.00165211  0.          0.          0.        ]
 [ 0.          0.99999864  0.         -0.00165211  0.          0.        ]
 [ 0.00165211  0.          0.99999864  0.          0.          0.        ]
 [ 0.          0.00165211  0.          0.99999864  0.          0.        ]
 [ 0.          0.          0.          0.          1.          0.        ]
 [ 0.          0.          0.          0.          0.          1.        ]]
Param #3497: delta OK; RMS=0.001 mm
quads_tilt_fit #0.0002796645250332764
delta_local #[1.e-06]
R1 #[[ 9.99999961e-01  0.00000000e+00  2.80664521e-04  0.00000000e+00
   0.00000000e+00  0.00000000e+00]
 [ 0.00000000e+00  9.99999961e-01  0.00000000e+00  2.80664521e-04
   0.00000000e+00  0.00000000e+00]
 [-2.80664521e-04  0.00000000e+00  9.99999961e-01  0.00000000e+00
   0.00000000e+00  0.00000000e+00]
 [ 0.00000000e+00 -2.80664521e-04  0.00000000e+00  9.99999961e-01
   0.00000000e+00  0.00000000e+00]
 [ 0.00000000e+00  0.00000000e+00  0.00000000e+00  0.00000000e+00
   1.00000000e+00  0.00000000e+00]
 [ 0.00000000e+00  0.00000000e+00  0.00000000e+00  0.00000000e+00
   0.00000000e+00  1.00000000e+00]]
R2 #[[ 9.99999961e-01  0.00000000e+00 -2.80664521e-04  0.00000000e+00
   0.00000000e+00  0.00000000e+00]
 [ 0.00000000e+00  9.99999961e-01  0.00000000e+00 -2.80664521e-04
   0.00000000e+00  0.00000000e+00]
 [ 2.80664521e-04  0.00000000e+00  9.99999961e-01  0.00000000e+00
   0.00000000e+00  0.00000000e+00]
 [ 0.00000000e+00  2.80664521e-04  0.00000000e+00  9.99999961e-01
   0.00000000e+00  0.00000000e+00]
 [ 0.00000000e+00  0.00000000e+00  0.00000000e+00  0.00000000e+00
   1.00000000e+00  0.00000000e+00]
 [ 0.00000000e+00  0.00000000e+00  0.00000000e+00  0.00000000e+00
   0.00000000e+00  1.00000000e+00]]
Param #3558: delta too small; RMS=6.726e-07 mm
quads_tilt_fit #0.0002796645250332764
delta_local #[0.00148676]
R1 #[[ 0.99999844  0.          0.00176642  0.          0.          0.        ]
 [ 0.          0.99999844  0.          0.00176642  0.          0.        ]
 [-0.00176642  0.          0.99999844  0.          0.          0.        ]
 [ 0.         -0.00176642  0.          0.99999844  0.          0.        ]
 [ 0.          0.          0.          0.          1.          0.        ]
 [ 0.          0.          0.          0.          0.          1.        ]]
R2 #[[ 0.99999844  0.         -0.00176642  0.          0.          0.        ]
 [ 0.          0.99999844  0.         -0.00176642  0.          0.        ]
 [ 0.00176642  0.          0.99999844  0.          0.          0.        ]
 [ 0.          0.00176642  0.          0.99999844  0.          0.        ]
 [ 0.          0.          0.          0.          1.          0.        ]
 [ 0.          0.          0.          0.          0.          1.        ]]
Param #3558: delta OK; RMS=0.001 mm
quads_tilt_fit #8.551532766518583e-05
delta_local #[1.e-06]
R1 #[[ 9.99999996e-01  0.00000000e+00  8.65153276e-05  0.00000000e+00
   0.00000000e+00  0.00000000e+00]
 [ 0.00000000e+00  9.99999996e-01  0.00000000e+00  8.65153276e-05
   0.00000000e+00  0.00000000e+00]
 [-8.65153276e-05  0.00000000e+00  9.99999996e-01  0.00000000e+00
   0.00000000e+00  0.00000000e+00]
 [ 0.00000000e+00 -8.65153276e-05  0.00000000e+00  9.99999996e-01
   0.00000000e+00  0.00000000e+00]
 [ 0.00000000e+00  0.00000000e+00  0.00000000e+00  0.00000000e+00
   1.00000000e+00  0.00000000e+00]
 [ 0.00000000e+00  0.00000000e+00  0.00000000e+00  0.00000000e+00
   0.00000000e+00  1.00000000e+00]]
R2 #[[ 9.99999996e-01  0.00000000e+00 -8.65153276e-05  0.00000000e+00
   0.00000000e+00  0.00000000e+00]
 [ 0.00000000e+00  9.99999996e-01  0.00000000e+00 -8.65153276e-05
   0.00000000e+00  0.00000000e+00]
 [ 8.65153276e-05  0.00000000e+00  9.99999996e-01  0.00000000e+00
   0.00000000e+00  0.00000000e+00]
 [ 0.00000000e+00  8.65153276e-05  0.00000000e+00  9.99999996e-01
   0.00000000e+00  0.00000000e+00]
 [ 0.00000000e+00  0.00000000e+00  0.00000000e+00  0.00000000e+00
   1.00000000e+00  0.00000000e+00]
 [ 0.00000000e+00  0.00000000e+00  0.00000000e+00  0.00000000e+00
   0.00000000e+00  1.00000000e+00]]
Param #3567: delta too small; RMS=9.1092e-07 mm
quads_tilt_fit #8.551532766518583e-05
delta_local #[0.00109779]
R1 #[[ 0.9999993  0.         0.0011833  0.         0.         0.       ]
 [ 0.         0.9999993  0.         0.0011833  0.         0.       ]
 [-0.0011833  0.         0.9999993  0.         0.         0.       ]
 [ 0.        -0.0011833  0.         0.9999993  0.         0.       ]
 [ 0.         0.         0.         0.         1.         0.       ]
 [ 0.         0.         0.         0.         0.         1.       ]]
R2 #[[ 0.9999993  0.        -0.0011833  0.         0.         0.       ]
 [ 0.         0.9999993  0.        -0.0011833  0.         0.       ]
 [ 0.0011833  0.         0.9999993  0.         0.         0.       ]
 [ 0.         0.0011833  0.         0.9999993  0.         0.       ]
 [ 0.         0.         0.         0.         1.         0.       ]
 [ 0.         0.         0.         0.         0.         1.       ]]
Param #3567: delta OK; RMS=0.001 mm
quads_tilt_fit #0.0001365672587198189
delta_local #[1.e-06]
R1 #[[ 9.99999991e-01  0.00000000e+00  1.37567258e-04  0.00000000e+00
   0.00000000e+00  0.00000000e+00]
 [ 0.00000000e+00  9.99999991e-01  0.00000000e+00  1.37567258e-04
   0.00000000e+00  0.00000000e+00]
 [-1.37567258e-04  0.00000000e+00  9.99999991e-01  0.00000000e+00
   0.00000000e+00  0.00000000e+00]
 [ 0.00000000e+00 -1.37567258e-04  0.00000000e+00  9.99999991e-01
   0.00000000e+00  0.00000000e+00]
 [ 0.00000000e+00  0.00000000e+00  0.00000000e+00  0.00000000e+00
   1.00000000e+00  0.00000000e+00]
 [ 0.00000000e+00  0.00000000e+00  0.00000000e+00  0.00000000e+00
   0.00000000e+00  1.00000000e+00]]
R2 #[[ 9.99999991e-01  0.00000000e+00 -1.37567258e-04  0.00000000e+00
   0.00000000e+00  0.00000000e+00]
 [ 0.00000000e+00  9.99999991e-01  0.00000000e+00 -1.37567258e-04
   0.00000000e+00  0.00000000e+00]
 [ 1.37567258e-04  0.00000000e+00  9.99999991e-01  0.00000000e+00
   0.00000000e+00  0.00000000e+00]
 [ 0.00000000e+00  1.37567258e-04  0.00000000e+00  9.99999991e-01
   0.00000000e+00  0.00000000e+00]
 [ 0.00000000e+00  0.00000000e+00  0.00000000e+00  0.00000000e+00
   1.00000000e+00  0.00000000e+00]
 [ 0.00000000e+00  0.00000000e+00  0.00000000e+00  0.00000000e+00
   0.00000000e+00  1.00000000e+00]]
Param #3573: delta too small; RMS=8.8652e-07 mm
quads_tilt_fit #0.0001365672587198189
delta_local #[0.00112801]
R1 #[[ 0.9999992   0.          0.00126457  0.          0.          0.        ]
 [ 0.          0.9999992   0.          0.00126457  0.          0.        ]
 [-0.00126457  0.          0.9999992   0.          0.          0.        ]
 [ 0.         -0.00126457  0.          0.9999992   0.          0.        ]
 [ 0.          0.          0.          0.          1.          0.        ]
 [ 0.          0.          0.          0.          0.          1.        ]]
R2 #[[ 0.9999992   0.         -0.00126457  0.          0.          0.        ]
 [ 0.          0.9999992   0.         -0.00126457  0.          0.        ]
 [ 0.00126457  0.          0.9999992   0.          0.          0.        ]
 [ 0.          0.00126457  0.          0.9999992   0.          0.        ]
 [ 0.          0.          0.          0.          1.          0.        ]
 [ 0.          0.          0.          0.          0.          1.        ]]
Param #3573: delta OK; RMS=0.001 mm
quads_tilt_fit #0.00010982098586942486
delta_local #[1.e-06]
R1 #[[ 9.99999994e-01  0.00000000e+00  1.10820986e-04  0.00000000e+00
   0.00000000e+00  0.00000000e+00]
 [ 0.00000000e+00  9.99999994e-01  0.00000000e+00  1.10820986e-04
   0.00000000e+00  0.00000000e+00]
 [-1.10820986e-04  0.00000000e+00  9.99999994e-01  0.00000000e+00
   0.00000000e+00  0.00000000e+00]
 [ 0.00000000e+00 -1.10820986e-04  0.00000000e+00  9.99999994e-01
   0.00000000e+00  0.00000000e+00]
 [ 0.00000000e+00  0.00000000e+00  0.00000000e+00  0.00000000e+00
   1.00000000e+00  0.00000000e+00]
 [ 0.00000000e+00  0.00000000e+00  0.00000000e+00  0.00000000e+00
   0.00000000e+00  1.00000000e+00]]
R2 #[[ 9.99999994e-01  0.00000000e+00 -1.10820986e-04  0.00000000e+00
   0.00000000e+00  0.00000000e+00]
 [ 0.00000000e+00  9.99999994e-01  0.00000000e+00 -1.10820986e-04
   0.00000000e+00  0.00000000e+00]
 [ 1.10820986e-04  0.00000000e+00  9.99999994e-01  0.00000000e+00
   0.00000000e+00  0.00000000e+00]
 [ 0.00000000e+00  1.10820986e-04  0.00000000e+00  9.99999994e-01
   0.00000000e+00  0.00000000e+00]
 [ 0.00000000e+00  0.00000000e+00  0.00000000e+00  0.00000000e+00
   1.00000000e+00  0.00000000e+00]
 [ 0.00000000e+00  0.00000000e+00  0.00000000e+00  0.00000000e+00
   0.00000000e+00  1.00000000e+00]]
Param #3580: delta too small; RMS=5.6419e-07 mm
quads_tilt_fit #0.00010982098586942486
delta_local #[0.00177245]
R1 #[[ 0.99999823  0.          0.00188227  0.          0.          0.        ]
 [ 0.          0.99999823  0.          0.00188227  0.          0.        ]
 [-0.00188227  0.          0.99999823  0.          0.          0.        ]
 [ 0.         -0.00188227  0.          0.99999823  0.          0.        ]
 [ 0.          0.          0.          0.          1.          0.        ]
 [ 0.          0.          0.          0.          0.          1.        ]]
R2 #[[ 0.99999823  0.         -0.00188227  0.          0.          0.        ]
 [ 0.          0.99999823  0.         -0.00188227  0.          0.        ]
 [ 0.00188227  0.          0.99999823  0.          0.          0.        ]
 [ 0.          0.00188227  0.          0.99999823  0.          0.        ]
 [ 0.          0.          0.          0.          1.          0.        ]
 [ 0.          0.          0.          0.          0.          1.        ]]
Param #3580: delta OK; RMS=0.001 mm
quads_tilt_fit #5.685727288529745e-05
delta_local #[1.e-06]
R1 #[[ 9.99999998e-01  0.00000000e+00  5.78572729e-05  0.00000000e+00
   0.00000000e+00  0.00000000e+00]
 [ 0.00000000e+00  9.99999998e-01  0.00000000e+00  5.78572729e-05
   0.00000000e+00  0.00000000e+00]
 [-5.78572729e-05  0.00000000e+00  9.99999998e-01  0.00000000e+00
   0.00000000e+00  0.00000000e+00]
 [ 0.00000000e+00 -5.78572729e-05  0.00000000e+00  9.99999998e-01
   0.00000000e+00  0.00000000e+00]
 [ 0.00000000e+00  0.00000000e+00  0.00000000e+00  0.00000000e+00
   1.00000000e+00  0.00000000e+00]
 [ 0.00000000e+00  0.00000000e+00  0.00000000e+00  0.00000000e+00
   0.00000000e+00  1.00000000e+00]]
R2 #[[ 9.99999998e-01  0.00000000e+00 -5.78572729e-05  0.00000000e+00
   0.00000000e+00  0.00000000e+00]
 [ 0.00000000e+00  9.99999998e-01  0.00000000e+00 -5.78572729e-05
   0.00000000e+00  0.00000000e+00]
 [ 5.78572729e-05  0.00000000e+00  9.99999998e-01  0.00000000e+00
   0.00000000e+00  0.00000000e+00]
 [ 0.00000000e+00  5.78572729e-05  0.00000000e+00  9.99999998e-01
   0.00000000e+00  0.00000000e+00]
 [ 0.00000000e+00  0.00000000e+00  0.00000000e+00  0.00000000e+00
   1.00000000e+00  0.00000000e+00]
 [ 0.00000000e+00  0.00000000e+00  0.00000000e+00  0.00000000e+00
   0.00000000e+00  1.00000000e+00]]
Param #3619: delta too small; RMS=5.6179e-07 mm
quads_tilt_fit #5.685727288529745e-05
delta_local #[0.00178001]
R1 #[[ 0.99999831  0.          0.00183687  0.          0.          0.        ]
 [ 0.          0.99999831  0.          0.00183687  0.          0.        ]
 [-0.00183687  0.          0.99999831  0.          0.          0.        ]
 [ 0.         -0.00183687  0.          0.99999831  0.          0.        ]
 [ 0.          0.          0.          0.          1.          0.        ]
 [ 0.          0.          0.          0.          0.          1.        ]]
R2 #[[ 0.99999831  0.         -0.00183687  0.          0.          0.        ]
 [ 0.          0.99999831  0.         -0.00183687  0.          0.        ]
 [ 0.00183687  0.          0.99999831  0.          0.          0.        ]
 [ 0.          0.00183687  0.          0.99999831  0.          0.        ]
 [ 0.          0.          0.          0.          1.          0.        ]
 [ 0.          0.          0.          0.          0.          1.        ]]
Param #3619: delta OK; RMS=0.001 mm
quads_tilt_fit #0.00014203035812857684
delta_local #[1.e-06]
R1 #[[ 9.99999990e-01  0.00000000e+00  1.43030358e-04  0.00000000e+00
   0.00000000e+00  0.00000000e+00]
 [ 0.00000000e+00  9.99999990e-01  0.00000000e+00  1.43030358e-04
   0.00000000e+00  0.00000000e+00]
 [-1.43030358e-04  0.00000000e+00  9.99999990e-01  0.00000000e+00
   0.00000000e+00  0.00000000e+00]
 [ 0.00000000e+00 -1.43030358e-04  0.00000000e+00  9.99999990e-01
   0.00000000e+00  0.00000000e+00]
 [ 0.00000000e+00  0.00000000e+00  0.00000000e+00  0.00000000e+00
   1.00000000e+00  0.00000000e+00]
 [ 0.00000000e+00  0.00000000e+00  0.00000000e+00  0.00000000e+00
   0.00000000e+00  1.00000000e+00]]
R2 #[[ 9.99999990e-01  0.00000000e+00 -1.43030358e-04  0.00000000e+00
   0.00000000e+00  0.00000000e+00]
 [ 0.00000000e+00  9.99999990e-01  0.00000000e+00 -1.43030358e-04
   0.00000000e+00  0.00000000e+00]
 [ 1.43030358e-04  0.00000000e+00  9.99999990e-01  0.00000000e+00
   0.00000000e+00  0.00000000e+00]
 [ 0.00000000e+00  1.43030358e-04  0.00000000e+00  9.99999990e-01
   0.00000000e+00  0.00000000e+00]
 [ 0.00000000e+00  0.00000000e+00  0.00000000e+00  0.00000000e+00
   1.00000000e+00  0.00000000e+00]
 [ 0.00000000e+00  0.00000000e+00  0.00000000e+00  0.00000000e+00
   0.00000000e+00  1.00000000e+00]]
Param #3626: delta too small; RMS=8.9572e-07 mm
quads_tilt_fit #0.00014203035812857684
delta_local #[0.00111642]
R1 #[[ 0.99999921  0.          0.00125845  0.          0.          0.        ]
 [ 0.          0.99999921  0.          0.00125845  0.          0.        ]
 [-0.00125845  0.          0.99999921  0.          0.          0.        ]
 [ 0.         -0.00125845  0.          0.99999921  0.          0.        ]
 [ 0.          0.          0.          0.          1.          0.        ]
 [ 0.          0.          0.          0.          0.          1.        ]]
R2 #[[ 0.99999921  0.         -0.00125845  0.          0.          0.        ]
 [ 0.          0.99999921  0.         -0.00125845  0.          0.        ]
 [ 0.00125845  0.          0.99999921  0.          0.          0.        ]
 [ 0.          0.00125845  0.          0.99999921  0.          0.        ]
 [ 0.          0.          0.          0.          1.          0.        ]
 [ 0.          0.          0.          0.          0.          1.        ]]
Param #3626: delta OK; RMS=0.001 mm
quads_tilt_fit #3.8719574564006825e-05
delta_local #[1.e-06]
R1 #[[ 9.99999999e-01  0.00000000e+00  3.97195746e-05  0.00000000e+00
   0.00000000e+00  0.00000000e+00]
 [ 0.00000000e+00  9.99999999e-01  0.00000000e+00  3.97195746e-05
   0.00000000e+00  0.00000000e+00]
 [-3.97195746e-05  0.00000000e+00  9.99999999e-01  0.00000000e+00
   0.00000000e+00  0.00000000e+00]
 [ 0.00000000e+00 -3.97195746e-05  0.00000000e+00  9.99999999e-01
   0.00000000e+00  0.00000000e+00]
 [ 0.00000000e+00  0.00000000e+00  0.00000000e+00  0.00000000e+00
   1.00000000e+00  0.00000000e+00]
 [ 0.00000000e+00  0.00000000e+00  0.00000000e+00  0.00000000e+00
   0.00000000e+00  1.00000000e+00]]
R2 #[[ 9.99999999e-01  0.00000000e+00 -3.97195746e-05  0.00000000e+00
   0.00000000e+00  0.00000000e+00]
 [ 0.00000000e+00  9.99999999e-01  0.00000000e+00 -3.97195746e-05
   0.00000000e+00  0.00000000e+00]
 [ 3.97195746e-05  0.00000000e+00  9.99999999e-01  0.00000000e+00
   0.00000000e+00  0.00000000e+00]
 [ 0.00000000e+00  3.97195746e-05  0.00000000e+00  9.99999999e-01
   0.00000000e+00  0.00000000e+00]
 [ 0.00000000e+00  0.00000000e+00  0.00000000e+00  0.00000000e+00
   1.00000000e+00  0.00000000e+00]
 [ 0.00000000e+00  0.00000000e+00  0.00000000e+00  0.00000000e+00
   0.00000000e+00  1.00000000e+00]]
Param #3632: delta too small; RMS=8.9698e-07 mm
quads_tilt_fit #3.8719574564006825e-05
delta_local #[0.00111485]
R1 #[[ 0.99999933  0.          0.00115357  0.          0.          0.        ]
 [ 0.          0.99999933  0.          0.00115357  0.          0.        ]
 [-0.00115357  0.          0.99999933  0.          0.          0.        ]
 [ 0.         -0.00115357  0.          0.99999933  0.          0.        ]
 [ 0.          0.          0.          0.          1.          0.        ]
 [ 0.          0.          0.          0.          0.          1.        ]]
R2 #[[ 0.99999933  0.         -0.00115357  0.          0.          0.        ]
 [ 0.          0.99999933  0.         -0.00115357  0.          0.        ]
 [ 0.00115357  0.          0.99999933  0.          0.          0.        ]
 [ 0.          0.00115357  0.          0.99999933  0.          0.        ]
 [ 0.          0.          0.          0.          1.          0.        ]
 [ 0.          0.          0.          0.          0.          1.        ]]
Param #3632: delta OK; RMS=0.001 mm
quads_tilt_fit #0.00027562379066483256
delta_local #[1.e-06]
R1 #[[ 9.99999962e-01  0.00000000e+00  2.76623787e-04  0.00000000e+00
   0.00000000e+00  0.00000000e+00]
 [ 0.00000000e+00  9.99999962e-01  0.00000000e+00  2.76623787e-04
   0.00000000e+00  0.00000000e+00]
 [-2.76623787e-04  0.00000000e+00  9.99999962e-01  0.00000000e+00
   0.00000000e+00  0.00000000e+00]
 [ 0.00000000e+00 -2.76623787e-04  0.00000000e+00  9.99999962e-01
   0.00000000e+00  0.00000000e+00]
 [ 0.00000000e+00  0.00000000e+00  0.00000000e+00  0.00000000e+00
   1.00000000e+00  0.00000000e+00]
 [ 0.00000000e+00  0.00000000e+00  0.00000000e+00  0.00000000e+00
   0.00000000e+00  1.00000000e+00]]
R2 #[[ 9.99999962e-01  0.00000000e+00 -2.76623787e-04  0.00000000e+00
   0.00000000e+00  0.00000000e+00]
 [ 0.00000000e+00  9.99999962e-01  0.00000000e+00 -2.76623787e-04
   0.00000000e+00  0.00000000e+00]
 [ 2.76623787e-04  0.00000000e+00  9.99999962e-01  0.00000000e+00
   0.00000000e+00  0.00000000e+00]
 [ 0.00000000e+00  2.76623787e-04  0.00000000e+00  9.99999962e-01
   0.00000000e+00  0.00000000e+00]
 [ 0.00000000e+00  0.00000000e+00  0.00000000e+00  0.00000000e+00
   1.00000000e+00  0.00000000e+00]
 [ 0.00000000e+00  0.00000000e+00  0.00000000e+00  0.00000000e+00
   0.00000000e+00  1.00000000e+00]]
Param #3641: delta too small; RMS=6.6649e-07 mm
quads_tilt_fit #0.00027562379066483256
delta_local #[0.0015004]
R1 #[[ 0.99999842  0.          0.00177603  0.          0.          0.        ]
 [ 0.          0.99999842  0.          0.00177603  0.          0.        ]
 [-0.00177603  0.          0.99999842  0.          0.          0.        ]
 [ 0.         -0.00177603  0.          0.99999842  0.          0.        ]
 [ 0.          0.          0.          0.          1.          0.        ]
 [ 0.          0.          0.          0.          0.          1.        ]]
R2 #[[ 0.99999842  0.         -0.00177603  0.          0.          0.        ]
 [ 0.          0.99999842  0.         -0.00177603  0.          0.        ]
 [ 0.00177603  0.          0.99999842  0.          0.          0.        ]
 [ 0.          0.00177603  0.          0.99999842  0.          0.        ]
 [ 0.          0.          0.          0.          1.          0.        ]
 [ 0.          0.          0.          0.          0.          1.        ]]
Param #3641: delta OK; RMS=0.001 mm
quads_tilt_fit #0.00023996366770639163
delta_local #[1.e-06]
R1 #[[ 9.99999971e-01  0.00000000e+00  2.40963665e-04  0.00000000e+00
   0.00000000e+00  0.00000000e+00]
 [ 0.00000000e+00  9.99999971e-01  0.00000000e+00  2.40963665e-04
   0.00000000e+00  0.00000000e+00]
 [-2.40963665e-04  0.00000000e+00  9.99999971e-01  0.00000000e+00
   0.00000000e+00  0.00000000e+00]
 [ 0.00000000e+00 -2.40963665e-04  0.00000000e+00  9.99999971e-01
   0.00000000e+00  0.00000000e+00]
 [ 0.00000000e+00  0.00000000e+00  0.00000000e+00  0.00000000e+00
   1.00000000e+00  0.00000000e+00]
 [ 0.00000000e+00  0.00000000e+00  0.00000000e+00  0.00000000e+00
   0.00000000e+00  1.00000000e+00]]
R2 #[[ 9.99999971e-01  0.00000000e+00 -2.40963665e-04  0.00000000e+00
   0.00000000e+00  0.00000000e+00]
 [ 0.00000000e+00  9.99999971e-01  0.00000000e+00 -2.40963665e-04
   0.00000000e+00  0.00000000e+00]
 [ 2.40963665e-04  0.00000000e+00  9.99999971e-01  0.00000000e+00
   0.00000000e+00  0.00000000e+00]
 [ 0.00000000e+00  2.40963665e-04  0.00000000e+00  9.99999971e-01
   0.00000000e+00  0.00000000e+00]
 [ 0.00000000e+00  0.00000000e+00  0.00000000e+00  0.00000000e+00
   1.00000000e+00  0.00000000e+00]
 [ 0.00000000e+00  0.00000000e+00  0.00000000e+00  0.00000000e+00
   0.00000000e+00  1.00000000e+00]]
Param #3697: delta too small; RMS=6.6873e-07 mm
quads_tilt_fit #0.00023996366770639163
delta_local #[0.00149537]
R1 #[[ 0.99999849  0.          0.00173533  0.          0.          0.        ]
 [ 0.          0.99999849  0.          0.00173533  0.          0.        ]
 [-0.00173533  0.          0.99999849  0.          0.          0.        ]
 [ 0.         -0.00173533  0.          0.99999849  0.          0.        ]
 [ 0.          0.          0.          0.          1.          0.        ]
 [ 0.          0.          0.          0.          0.          1.        ]]
R2 #[[ 0.99999849  0.         -0.00173533  0.          0.          0.        ]
 [ 0.          0.99999849  0.         -0.00173533  0.          0.        ]
 [ 0.00173533  0.          0.99999849  0.          0.          0.        ]
 [ 0.          0.00173533  0.          0.99999849  0.          0.        ]
 [ 0.          0.          0.          0.          1.          0.        ]
 [ 0.          0.          0.          0.          0.          1.        ]]
Param #3697: delta OK; RMS=0.001 mm
quads_tilt_fit #6.944832715527156e-05
delta_local #[1.e-06]
R1 #[[ 9.99999998e-01  0.00000000e+00  7.04483271e-05  0.00000000e+00
   0.00000000e+00  0.00000000e+00]
 [ 0.00000000e+00  9.99999998e-01  0.00000000e+00  7.04483271e-05
   0.00000000e+00  0.00000000e+00]
 [-7.04483271e-05  0.00000000e+00  9.99999998e-01  0.00000000e+00
   0.00000000e+00  0.00000000e+00]
 [ 0.00000000e+00 -7.04483271e-05  0.00000000e+00  9.99999998e-01
   0.00000000e+00  0.00000000e+00]
 [ 0.00000000e+00  0.00000000e+00  0.00000000e+00  0.00000000e+00
   1.00000000e+00  0.00000000e+00]
 [ 0.00000000e+00  0.00000000e+00  0.00000000e+00  0.00000000e+00
   0.00000000e+00  1.00000000e+00]]
R2 #[[ 9.99999998e-01  0.00000000e+00 -7.04483271e-05  0.00000000e+00
   0.00000000e+00  0.00000000e+00]
 [ 0.00000000e+00  9.99999998e-01  0.00000000e+00 -7.04483271e-05
   0.00000000e+00  0.00000000e+00]
 [ 7.04483271e-05  0.00000000e+00  9.99999998e-01  0.00000000e+00
   0.00000000e+00  0.00000000e+00]
 [ 0.00000000e+00  7.04483271e-05  0.00000000e+00  9.99999998e-01
   0.00000000e+00  0.00000000e+00]
 [ 0.00000000e+00  0.00000000e+00  0.00000000e+00  0.00000000e+00
   1.00000000e+00  0.00000000e+00]
 [ 0.00000000e+00  0.00000000e+00  0.00000000e+00  0.00000000e+00
   0.00000000e+00  1.00000000e+00]]
Param #3706: delta too small; RMS=8.7211e-07 mm
quads_tilt_fit #6.944832715527156e-05
delta_local #[0.00114664]
R1 #[[ 0.99999926  0.          0.00121609  0.          0.          0.        ]
 [ 0.          0.99999926  0.          0.00121609  0.          0.        ]
 [-0.00121609  0.          0.99999926  0.          0.          0.        ]
 [ 0.         -0.00121609  0.          0.99999926  0.          0.        ]
 [ 0.          0.          0.          0.          1.          0.        ]
 [ 0.          0.          0.          0.          0.          1.        ]]
R2 #[[ 0.99999926  0.         -0.00121609  0.          0.          0.        ]
 [ 0.          0.99999926  0.         -0.00121609  0.          0.        ]
 [ 0.00121609  0.          0.99999926  0.          0.          0.        ]
 [ 0.          0.00121609  0.          0.99999926  0.          0.        ]
 [ 0.          0.          0.          0.          1.          0.        ]
 [ 0.          0.          0.          0.          0.          1.        ]]
Param #3706: delta OK; RMS=0.001 mm
quads_tilt_fit #9.462769948361174e-05
delta_local #[1.e-06]
R1 #[[ 9.99999995e-01  0.00000000e+00  9.56276993e-05  0.00000000e+00
   0.00000000e+00  0.00000000e+00]
 [ 0.00000000e+00  9.99999995e-01  0.00000000e+00  9.56276993e-05
   0.00000000e+00  0.00000000e+00]
 [-9.56276993e-05  0.00000000e+00  9.99999995e-01  0.00000000e+00
   0.00000000e+00  0.00000000e+00]
 [ 0.00000000e+00 -9.56276993e-05  0.00000000e+00  9.99999995e-01
   0.00000000e+00  0.00000000e+00]
 [ 0.00000000e+00  0.00000000e+00  0.00000000e+00  0.00000000e+00
   1.00000000e+00  0.00000000e+00]
 [ 0.00000000e+00  0.00000000e+00  0.00000000e+00  0.00000000e+00
   0.00000000e+00  1.00000000e+00]]
R2 #[[ 9.99999995e-01  0.00000000e+00 -9.56276993e-05  0.00000000e+00
   0.00000000e+00  0.00000000e+00]
 [ 0.00000000e+00  9.99999995e-01  0.00000000e+00 -9.56276993e-05
   0.00000000e+00  0.00000000e+00]
 [ 9.56276993e-05  0.00000000e+00  9.99999995e-01  0.00000000e+00
   0.00000000e+00  0.00000000e+00]
 [ 0.00000000e+00  9.56276993e-05  0.00000000e+00  9.99999995e-01
   0.00000000e+00  0.00000000e+00]
 [ 0.00000000e+00  0.00000000e+00  0.00000000e+00  0.00000000e+00
   1.00000000e+00  0.00000000e+00]
 [ 0.00000000e+00  0.00000000e+00  0.00000000e+00  0.00000000e+00
   0.00000000e+00  1.00000000e+00]]
Param #3712: delta too small; RMS=9.4466e-07 mm
quads_tilt_fit #9.462769948361174e-05
delta_local #[0.00105858]
R1 #[[ 0.99999934  0.          0.00115321  0.          0.          0.        ]
 [ 0.          0.99999934  0.          0.00115321  0.          0.        ]
 [-0.00115321  0.          0.99999934  0.          0.          0.        ]
 [ 0.         -0.00115321  0.          0.99999934  0.          0.        ]
 [ 0.          0.          0.          0.          1.          0.        ]
 [ 0.          0.          0.          0.          0.          1.        ]]
R2 #[[ 0.99999934  0.         -0.00115321  0.          0.          0.        ]
 [ 0.          0.99999934  0.         -0.00115321  0.          0.        ]
 [ 0.00115321  0.          0.99999934  0.          0.          0.        ]
 [ 0.          0.00115321  0.          0.99999934  0.          0.        ]
 [ 0.          0.          0.          0.          1.          0.        ]
 [ 0.          0.          0.          0.          0.          1.        ]]
Param #3712: delta OK; RMS=0.001 mm
quads_tilt_fit #6.1857759172747e-05
delta_local #[1.e-06]
R1 #[[ 9.99999998e-01  0.00000000e+00  6.28577591e-05  0.00000000e+00
   0.00000000e+00  0.00000000e+00]
 [ 0.00000000e+00  9.99999998e-01  0.00000000e+00  6.28577591e-05
   0.00000000e+00  0.00000000e+00]
 [-6.28577591e-05  0.00000000e+00  9.99999998e-01  0.00000000e+00
   0.00000000e+00  0.00000000e+00]
 [ 0.00000000e+00 -6.28577591e-05  0.00000000e+00  9.99999998e-01
   0.00000000e+00  0.00000000e+00]
 [ 0.00000000e+00  0.00000000e+00  0.00000000e+00  0.00000000e+00
   1.00000000e+00  0.00000000e+00]
 [ 0.00000000e+00  0.00000000e+00  0.00000000e+00  0.00000000e+00
   0.00000000e+00  1.00000000e+00]]
R2 #[[ 9.99999998e-01  0.00000000e+00 -6.28577591e-05  0.00000000e+00
   0.00000000e+00  0.00000000e+00]
 [ 0.00000000e+00  9.99999998e-01  0.00000000e+00 -6.28577591e-05
   0.00000000e+00  0.00000000e+00]
 [ 6.28577591e-05  0.00000000e+00  9.99999998e-01  0.00000000e+00
   0.00000000e+00  0.00000000e+00]
 [ 0.00000000e+00  6.28577591e-05  0.00000000e+00  9.99999998e-01
   0.00000000e+00  0.00000000e+00]
 [ 0.00000000e+00  0.00000000e+00  0.00000000e+00  0.00000000e+00
   1.00000000e+00  0.00000000e+00]
 [ 0.00000000e+00  0.00000000e+00  0.00000000e+00  0.00000000e+00
   0.00000000e+00  1.00000000e+00]]
Param #3719: delta too small; RMS=5.7005e-07 mm
quads_tilt_fit #6.1857759172747e-05
delta_local #[0.00175423]
R1 #[[ 0.99999835  0.          0.00181609  0.          0.          0.        ]
 [ 0.          0.99999835  0.          0.00181609  0.          0.        ]
 [-0.00181609  0.          0.99999835  0.          0.          0.        ]
 [ 0.         -0.00181609  0.          0.99999835  0.          0.        ]
 [ 0.          0.          0.          0.          1.          0.        ]
 [ 0.          0.          0.          0.          0.          1.        ]]
R2 #[[ 0.99999835  0.         -0.00181609  0.          0.          0.        ]
 [ 0.          0.99999835  0.         -0.00181609  0.          0.        ]
 [ 0.00181609  0.          0.99999835  0.          0.          0.        ]
 [ 0.          0.00181609  0.          0.99999835  0.          0.        ]
 [ 0.          0.          0.          0.          1.          0.        ]
 [ 0.          0.          0.          0.          0.          1.        ]]
Param #3719: delta OK; RMS=0.001 mm
quads_tilt_fit #0.00011638112350130105
delta_local #[1.e-06]
R1 #[[ 9.99999993e-01  0.00000000e+00  1.17381123e-04  0.00000000e+00
   0.00000000e+00  0.00000000e+00]
 [ 0.00000000e+00  9.99999993e-01  0.00000000e+00  1.17381123e-04
   0.00000000e+00  0.00000000e+00]
 [-1.17381123e-04  0.00000000e+00  9.99999993e-01  0.00000000e+00
   0.00000000e+00  0.00000000e+00]
 [ 0.00000000e+00 -1.17381123e-04  0.00000000e+00  9.99999993e-01
   0.00000000e+00  0.00000000e+00]
 [ 0.00000000e+00  0.00000000e+00  0.00000000e+00  0.00000000e+00
   1.00000000e+00  0.00000000e+00]
 [ 0.00000000e+00  0.00000000e+00  0.00000000e+00  0.00000000e+00
   0.00000000e+00  1.00000000e+00]]
R2 #[[ 9.99999993e-01  0.00000000e+00 -1.17381123e-04  0.00000000e+00
   0.00000000e+00  0.00000000e+00]
 [ 0.00000000e+00  9.99999993e-01  0.00000000e+00 -1.17381123e-04
   0.00000000e+00  0.00000000e+00]
 [ 1.17381123e-04  0.00000000e+00  9.99999993e-01  0.00000000e+00
   0.00000000e+00  0.00000000e+00]
 [ 0.00000000e+00  1.17381123e-04  0.00000000e+00  9.99999993e-01
   0.00000000e+00  0.00000000e+00]
 [ 0.00000000e+00  0.00000000e+00  0.00000000e+00  0.00000000e+00
   1.00000000e+00  0.00000000e+00]
 [ 0.00000000e+00  0.00000000e+00  0.00000000e+00  0.00000000e+00
   0.00000000e+00  1.00000000e+00]]
Param #3755: delta too small; RMS=5.7123e-07 mm
quads_tilt_fit #0.00011638112350130105
delta_local #[0.00175062]
R1 #[[ 0.99999826  0.          0.001867    0.          0.          0.        ]
 [ 0.          0.99999826  0.          0.001867    0.          0.        ]
 [-0.001867    0.          0.99999826  0.          0.          0.        ]
 [ 0.         -0.001867    0.          0.99999826  0.          0.        ]
 [ 0.          0.          0.          0.          1.          0.        ]
 [ 0.          0.          0.          0.          0.          1.        ]]
R2 #[[ 0.99999826  0.         -0.001867    0.          0.          0.        ]
 [ 0.          0.99999826  0.         -0.001867    0.          0.        ]
 [ 0.001867    0.          0.99999826  0.          0.          0.        ]
 [ 0.          0.001867    0.          0.99999826  0.          0.        ]
 [ 0.          0.          0.          0.          1.          0.        ]
 [ 0.          0.          0.          0.          0.          1.        ]]
Param #3755: delta OK; RMS=0.001 mm
quads_tilt_fit #8.370547323650169e-05
delta_local #[1.e-06]
R1 #[[ 9.99999996e-01  0.00000000e+00  8.47054731e-05  0.00000000e+00
   0.00000000e+00  0.00000000e+00]
 [ 0.00000000e+00  9.99999996e-01  0.00000000e+00  8.47054731e-05
   0.00000000e+00  0.00000000e+00]
 [-8.47054731e-05  0.00000000e+00  9.99999996e-01  0.00000000e+00
   0.00000000e+00  0.00000000e+00]
 [ 0.00000000e+00 -8.47054731e-05  0.00000000e+00  9.99999996e-01
   0.00000000e+00  0.00000000e+00]
 [ 0.00000000e+00  0.00000000e+00  0.00000000e+00  0.00000000e+00
   1.00000000e+00  0.00000000e+00]
 [ 0.00000000e+00  0.00000000e+00  0.00000000e+00  0.00000000e+00
   0.00000000e+00  1.00000000e+00]]
R2 #[[ 9.99999996e-01  0.00000000e+00 -8.47054731e-05  0.00000000e+00
   0.00000000e+00  0.00000000e+00]
 [ 0.00000000e+00  9.99999996e-01  0.00000000e+00 -8.47054731e-05
   0.00000000e+00  0.00000000e+00]
 [ 8.47054731e-05  0.00000000e+00  9.99999996e-01  0.00000000e+00
   0.00000000e+00  0.00000000e+00]
 [ 0.00000000e+00  8.47054731e-05  0.00000000e+00  9.99999996e-01
   0.00000000e+00  0.00000000e+00]
 [ 0.00000000e+00  0.00000000e+00  0.00000000e+00  0.00000000e+00
   1.00000000e+00  0.00000000e+00]
 [ 0.00000000e+00  0.00000000e+00  0.00000000e+00  0.00000000e+00
   0.00000000e+00  1.00000000e+00]]
Param #3762: delta too small; RMS=9.4518e-07 mm
quads_tilt_fit #8.370547323650169e-05
delta_local #[0.001058]
R1 #[[ 0.99999935  0.          0.0011417   0.          0.          0.        ]
 [ 0.          0.99999935  0.          0.0011417   0.          0.        ]
 [-0.0011417   0.          0.99999935  0.          0.          0.        ]
 [ 0.         -0.0011417   0.          0.99999935  0.          0.        ]
 [ 0.          0.          0.          0.          1.          0.        ]
 [ 0.          0.          0.          0.          0.          1.        ]]
R2 #[[ 0.99999935  0.         -0.0011417   0.          0.          0.        ]
 [ 0.          0.99999935  0.         -0.0011417   0.          0.        ]
 [ 0.0011417   0.          0.99999935  0.          0.          0.        ]
 [ 0.          0.0011417   0.          0.99999935  0.          0.        ]
 [ 0.          0.          0.          0.          1.          0.        ]
 [ 0.          0.          0.          0.          0.          1.        ]]
Param #3762: delta OK; RMS=0.001 mm
quads_tilt_fit #6.792262095006795e-05
delta_local #[1.e-06]
R1 #[[ 9.99999998e-01  0.00000000e+00  6.89226209e-05  0.00000000e+00
   0.00000000e+00  0.00000000e+00]
 [ 0.00000000e+00  9.99999998e-01  0.00000000e+00  6.89226209e-05
   0.00000000e+00  0.00000000e+00]
 [-6.89226209e-05  0.00000000e+00  9.99999998e-01  0.00000000e+00
   0.00000000e+00  0.00000000e+00]
 [ 0.00000000e+00 -6.89226209e-05  0.00000000e+00  9.99999998e-01
   0.00000000e+00  0.00000000e+00]
 [ 0.00000000e+00  0.00000000e+00  0.00000000e+00  0.00000000e+00
   1.00000000e+00  0.00000000e+00]
 [ 0.00000000e+00  0.00000000e+00  0.00000000e+00  0.00000000e+00
   0.00000000e+00  1.00000000e+00]]
R2 #[[ 9.99999998e-01  0.00000000e+00 -6.89226209e-05  0.00000000e+00
   0.00000000e+00  0.00000000e+00]
 [ 0.00000000e+00  9.99999998e-01  0.00000000e+00 -6.89226209e-05
   0.00000000e+00  0.00000000e+00]
 [ 6.89226209e-05  0.00000000e+00  9.99999998e-01  0.00000000e+00
   0.00000000e+00  0.00000000e+00]
 [ 0.00000000e+00  6.89226209e-05  0.00000000e+00  9.99999998e-01
   0.00000000e+00  0.00000000e+00]
 [ 0.00000000e+00  0.00000000e+00  0.00000000e+00  0.00000000e+00
   1.00000000e+00  0.00000000e+00]
 [ 0.00000000e+00  0.00000000e+00  0.00000000e+00  0.00000000e+00
   0.00000000e+00  1.00000000e+00]]
Param #3768: delta too small; RMS=8.7534e-07 mm
quads_tilt_fit #6.792262095006795e-05
delta_local #[0.00114241]
R1 #[[ 0.99999927  0.          0.00121033  0.          0.          0.        ]
 [ 0.          0.99999927  0.          0.00121033  0.          0.        ]
 [-0.00121033  0.          0.99999927  0.          0.          0.        ]
 [ 0.         -0.00121033  0.          0.99999927  0.          0.        ]
 [ 0.          0.          0.          0.          1.          0.        ]
 [ 0.          0.          0.          0.          0.          1.        ]]
R2 #[[ 0.99999927  0.         -0.00121033  0.          0.          0.        ]
 [ 0.          0.99999927  0.         -0.00121033  0.          0.        ]
 [ 0.00121033  0.          0.99999927  0.          0.          0.        ]
 [ 0.          0.00121033  0.          0.99999927  0.          0.        ]
 [ 0.          0.          0.          0.          1.          0.        ]
 [ 0.          0.          0.          0.          0.          1.        ]]
Param #3768: delta OK; RMS=0.001 mm
quads_tilt_fit #0.00020458302232314744
delta_local #[1.e-06]
R1 #[[ 9.99999979e-01  0.00000000e+00  2.05583021e-04  0.00000000e+00
   0.00000000e+00  0.00000000e+00]
 [ 0.00000000e+00  9.99999979e-01  0.00000000e+00  2.05583021e-04
   0.00000000e+00  0.00000000e+00]
 [-2.05583021e-04  0.00000000e+00  9.99999979e-01  0.00000000e+00
   0.00000000e+00  0.00000000e+00]
 [ 0.00000000e+00 -2.05583021e-04  0.00000000e+00  9.99999979e-01
   0.00000000e+00  0.00000000e+00]
 [ 0.00000000e+00  0.00000000e+00  0.00000000e+00  0.00000000e+00
   1.00000000e+00  0.00000000e+00]
 [ 0.00000000e+00  0.00000000e+00  0.00000000e+00  0.00000000e+00
   0.00000000e+00  1.00000000e+00]]
R2 #[[ 9.99999979e-01  0.00000000e+00 -2.05583021e-04  0.00000000e+00
   0.00000000e+00  0.00000000e+00]
 [ 0.00000000e+00  9.99999979e-01  0.00000000e+00 -2.05583021e-04
   0.00000000e+00  0.00000000e+00]
 [ 2.05583021e-04  0.00000000e+00  9.99999979e-01  0.00000000e+00
   0.00000000e+00  0.00000000e+00]
 [ 0.00000000e+00  2.05583021e-04  0.00000000e+00  9.99999979e-01
   0.00000000e+00  0.00000000e+00]
 [ 0.00000000e+00  0.00000000e+00  0.00000000e+00  0.00000000e+00
   1.00000000e+00  0.00000000e+00]
 [ 0.00000000e+00  0.00000000e+00  0.00000000e+00  0.00000000e+00
   0.00000000e+00  1.00000000e+00]]
Param #3777: delta too small; RMS=6.6739e-07 mm
quads_tilt_fit #0.00020458302232314744
delta_local #[0.00149838]
R1 #[[ 0.99999855  0.          0.00170296  0.          0.          0.        ]
 [ 0.          0.99999855  0.          0.00170296  0.          0.        ]
 [-0.00170296  0.          0.99999855  0.          0.          0.        ]
 [ 0.         -0.00170296  0.          0.99999855  0.          0.        ]
 [ 0.          0.          0.          0.          1.          0.        ]
 [ 0.          0.          0.          0.          0.          1.        ]]
R2 #[[ 0.99999855  0.         -0.00170296  0.          0.          0.        ]
 [ 0.          0.99999855  0.         -0.00170296  0.          0.        ]
 [ 0.00170296  0.          0.99999855  0.          0.          0.        ]
 [ 0.          0.00170296  0.          0.99999855  0.          0.        ]
 [ 0.          0.          0.          0.          1.          0.        ]
 [ 0.          0.          0.          0.          0.          1.        ]]
Param #3777: delta OK; RMS=0.001 mm
quads_tilt_fit #7.466168444158111e-05
delta_local #[1.e-06]
R1 #[[ 9.99999997e-01  0.00000000e+00  7.56616844e-05  0.00000000e+00
   0.00000000e+00  0.00000000e+00]
 [ 0.00000000e+00  9.99999997e-01  0.00000000e+00  7.56616844e-05
   0.00000000e+00  0.00000000e+00]
 [-7.56616844e-05  0.00000000e+00  9.99999997e-01  0.00000000e+00
   0.00000000e+00  0.00000000e+00]
 [ 0.00000000e+00 -7.56616844e-05  0.00000000e+00  9.99999997e-01
   0.00000000e+00  0.00000000e+00]
 [ 0.00000000e+00  0.00000000e+00  0.00000000e+00  0.00000000e+00
   1.00000000e+00  0.00000000e+00]
 [ 0.00000000e+00  0.00000000e+00  0.00000000e+00  0.00000000e+00
   0.00000000e+00  1.00000000e+00]]
R2 #[[ 9.99999997e-01  0.00000000e+00 -7.56616844e-05  0.00000000e+00
   0.00000000e+00  0.00000000e+00]
 [ 0.00000000e+00  9.99999997e-01  0.00000000e+00 -7.56616844e-05
   0.00000000e+00  0.00000000e+00]
 [ 7.56616844e-05  0.00000000e+00  9.99999997e-01  0.00000000e+00
   0.00000000e+00  0.00000000e+00]
 [ 0.00000000e+00  7.56616844e-05  0.00000000e+00  9.99999997e-01
   0.00000000e+00  0.00000000e+00]
 [ 0.00000000e+00  0.00000000e+00  0.00000000e+00  0.00000000e+00
   1.00000000e+00  0.00000000e+00]
 [ 0.00000000e+00  0.00000000e+00  0.00000000e+00  0.00000000e+00
   0.00000000e+00  1.00000000e+00]]
Param #3838: delta too small; RMS=6.6332e-07 mm
quads_tilt_fit #7.466168444158111e-05
delta_local #[0.00150758]
R1 #[[ 0.99999875  0.          0.00158224  0.          0.          0.        ]
 [ 0.          0.99999875  0.          0.00158224  0.          0.        ]
 [-0.00158224  0.          0.99999875  0.          0.          0.        ]
 [ 0.         -0.00158224  0.          0.99999875  0.          0.        ]
 [ 0.          0.          0.          0.          1.          0.        ]
 [ 0.          0.          0.          0.          0.          1.        ]]
R2 #[[ 0.99999875  0.         -0.00158224  0.          0.          0.        ]
 [ 0.          0.99999875  0.         -0.00158224  0.          0.        ]
 [ 0.00158224  0.          0.99999875  0.          0.          0.        ]
 [ 0.          0.00158224  0.          0.99999875  0.          0.        ]
 [ 0.          0.          0.          0.          1.          0.        ]
 [ 0.          0.          0.          0.          0.          1.        ]]
Param #3838: delta OK; RMS=0.001 mm
quads_tilt_fit #9.447401683549994e-05
delta_local #[1.e-06]
R1 #[[ 9.99999995e-01  0.00000000e+00  9.54740167e-05  0.00000000e+00
   0.00000000e+00  0.00000000e+00]
 [ 0.00000000e+00  9.99999995e-01  0.00000000e+00  9.54740167e-05
   0.00000000e+00  0.00000000e+00]
 [-9.54740167e-05  0.00000000e+00  9.99999995e-01  0.00000000e+00
   0.00000000e+00  0.00000000e+00]
 [ 0.00000000e+00 -9.54740167e-05  0.00000000e+00  9.99999995e-01
   0.00000000e+00  0.00000000e+00]
 [ 0.00000000e+00  0.00000000e+00  0.00000000e+00  0.00000000e+00
   1.00000000e+00  0.00000000e+00]
 [ 0.00000000e+00  0.00000000e+00  0.00000000e+00  0.00000000e+00
   0.00000000e+00  1.00000000e+00]]
R2 #[[ 9.99999995e-01  0.00000000e+00 -9.54740167e-05  0.00000000e+00
   0.00000000e+00  0.00000000e+00]
 [ 0.00000000e+00  9.99999995e-01  0.00000000e+00 -9.54740167e-05
   0.00000000e+00  0.00000000e+00]
 [ 9.54740167e-05  0.00000000e+00  9.99999995e-01  0.00000000e+00
   0.00000000e+00  0.00000000e+00]
 [ 0.00000000e+00  9.54740167e-05  0.00000000e+00  9.99999995e-01
   0.00000000e+00  0.00000000e+00]
 [ 0.00000000e+00  0.00000000e+00  0.00000000e+00  0.00000000e+00
   1.00000000e+00  0.00000000e+00]
 [ 0.00000000e+00  0.00000000e+00  0.00000000e+00  0.00000000e+00
   0.00000000e+00  1.00000000e+00]]
Param #3847: delta too small; RMS=8.5656e-07 mm
quads_tilt_fit #9.447401683549994e-05
delta_local #[0.00116746]
R1 #[[ 0.9999992   0.          0.00126194  0.          0.          0.        ]
 [ 0.          0.9999992   0.          0.00126194  0.          0.        ]
 [-0.00126194  0.          0.9999992   0.          0.          0.        ]
 [ 0.         -0.00126194  0.          0.9999992   0.          0.        ]
 [ 0.          0.          0.          0.          1.          0.        ]
 [ 0.          0.          0.          0.          0.          1.        ]]
R2 #[[ 0.9999992   0.         -0.00126194  0.          0.          0.        ]
 [ 0.          0.9999992   0.         -0.00126194  0.          0.        ]
 [ 0.00126194  0.          0.9999992   0.          0.          0.        ]
 [ 0.          0.00126194  0.          0.9999992   0.          0.        ]
 [ 0.          0.          0.          0.          1.          0.        ]
 [ 0.          0.          0.          0.          0.          1.        ]]
Param #3847: delta OK; RMS=0.001 mm
quads_tilt_fit #-8.365727955053188e-06
delta_local #[1.e-06]
R1 #[[ 1.00000000e+00  0.00000000e+00 -7.36572795e-06  0.00000000e+00
   0.00000000e+00  0.00000000e+00]
 [ 0.00000000e+00  1.00000000e+00  0.00000000e+00 -7.36572795e-06
   0.00000000e+00  0.00000000e+00]
 [ 7.36572795e-06  0.00000000e+00  1.00000000e+00  0.00000000e+00
   0.00000000e+00  0.00000000e+00]
 [ 0.00000000e+00  7.36572795e-06  0.00000000e+00  1.00000000e+00
   0.00000000e+00  0.00000000e+00]
 [ 0.00000000e+00  0.00000000e+00  0.00000000e+00  0.00000000e+00
   1.00000000e+00  0.00000000e+00]
 [ 0.00000000e+00  0.00000000e+00  0.00000000e+00  0.00000000e+00
   0.00000000e+00  1.00000000e+00]]
R2 #[[ 1.00000000e+00  0.00000000e+00  7.36572795e-06  0.00000000e+00
   0.00000000e+00  0.00000000e+00]
 [ 0.00000000e+00  1.00000000e+00  0.00000000e+00  7.36572795e-06
   0.00000000e+00  0.00000000e+00]
 [-7.36572795e-06  0.00000000e+00  1.00000000e+00  0.00000000e+00
   0.00000000e+00  0.00000000e+00]
 [ 0.00000000e+00 -7.36572795e-06  0.00000000e+00  1.00000000e+00
   0.00000000e+00  0.00000000e+00]
 [ 0.00000000e+00  0.00000000e+00  0.00000000e+00  0.00000000e+00
   1.00000000e+00  0.00000000e+00]
 [ 0.00000000e+00  0.00000000e+00  0.00000000e+00  0.00000000e+00
   0.00000000e+00  1.00000000e+00]]
Param #3853: delta too small; RMS=9.5792e-07 mm
quads_tilt_fit #-8.365727955053188e-06
delta_local #[0.00104393]
R1 #[[ 0.99999946  0.          0.00103556  0.          0.          0.        ]
 [ 0.          0.99999946  0.          0.00103556  0.          0.        ]
 [-0.00103556  0.          0.99999946  0.          0.          0.        ]
 [ 0.         -0.00103556  0.          0.99999946  0.          0.        ]
 [ 0.          0.          0.          0.          1.          0.        ]
 [ 0.          0.          0.          0.          0.          1.        ]]
R2 #[[ 0.99999946  0.         -0.00103556  0.          0.          0.        ]
 [ 0.          0.99999946  0.         -0.00103556  0.          0.        ]
 [ 0.00103556  0.          0.99999946  0.          0.          0.        ]
 [ 0.          0.00103556  0.          0.99999946  0.          0.        ]
 [ 0.          0.          0.          0.          1.          0.        ]
 [ 0.          0.          0.          0.          0.          1.        ]]
Param #3853: delta OK; RMS=0.001 mm
quads_tilt_fit #0.00013602333396119857
delta_local #[1.e-06]
R1 #[[ 9.99999991e-01  0.00000000e+00  1.37023334e-04  0.00000000e+00
   0.00000000e+00  0.00000000e+00]
 [ 0.00000000e+00  9.99999991e-01  0.00000000e+00  1.37023334e-04
   0.00000000e+00  0.00000000e+00]
 [-1.37023334e-04  0.00000000e+00  9.99999991e-01  0.00000000e+00
   0.00000000e+00  0.00000000e+00]
 [ 0.00000000e+00 -1.37023334e-04  0.00000000e+00  9.99999991e-01
   0.00000000e+00  0.00000000e+00]
 [ 0.00000000e+00  0.00000000e+00  0.00000000e+00  0.00000000e+00
   1.00000000e+00  0.00000000e+00]
 [ 0.00000000e+00  0.00000000e+00  0.00000000e+00  0.00000000e+00
   0.00000000e+00  1.00000000e+00]]
R2 #[[ 9.99999991e-01  0.00000000e+00 -1.37023334e-04  0.00000000e+00
   0.00000000e+00  0.00000000e+00]
 [ 0.00000000e+00  9.99999991e-01  0.00000000e+00 -1.37023334e-04
   0.00000000e+00  0.00000000e+00]
 [ 1.37023334e-04  0.00000000e+00  9.99999991e-01  0.00000000e+00
   0.00000000e+00  0.00000000e+00]
 [ 0.00000000e+00  1.37023334e-04  0.00000000e+00  9.99999991e-01
   0.00000000e+00  0.00000000e+00]
 [ 0.00000000e+00  0.00000000e+00  0.00000000e+00  0.00000000e+00
   1.00000000e+00  0.00000000e+00]
 [ 0.00000000e+00  0.00000000e+00  0.00000000e+00  0.00000000e+00
   0.00000000e+00  1.00000000e+00]]
Param #3860: delta too small; RMS=5.7219e-07 mm
quads_tilt_fit #0.00013602333396119857
delta_local #[0.00174767]
R1 #[[ 0.99999823  0.          0.00188369  0.          0.          0.        ]
 [ 0.          0.99999823  0.          0.00188369  0.          0.        ]
 [-0.00188369  0.          0.99999823  0.          0.          0.        ]
 [ 0.         -0.00188369  0.          0.99999823  0.          0.        ]
 [ 0.          0.          0.          0.          1.          0.        ]
 [ 0.          0.          0.          0.          0.          1.        ]]
R2 #[[ 0.99999823  0.         -0.00188369  0.          0.          0.        ]
 [ 0.          0.99999823  0.         -0.00188369  0.          0.        ]
 [ 0.00188369  0.          0.99999823  0.          0.          0.        ]
 [ 0.          0.00188369  0.          0.99999823  0.          0.        ]
 [ 0.          0.          0.          0.          1.          0.        ]
 [ 0.          0.          0.          0.          0.          1.        ]]
Param #3860: delta OK; RMS=0.001 mm
quads_tilt_fit #-1.7675967414545657e-05
delta_local #[1.e-06]
R1 #[[ 1.00000000e+00  0.00000000e+00 -1.66759674e-05  0.00000000e+00
   0.00000000e+00  0.00000000e+00]
 [ 0.00000000e+00  1.00000000e+00  0.00000000e+00 -1.66759674e-05
   0.00000000e+00  0.00000000e+00]
 [ 1.66759674e-05  0.00000000e+00  1.00000000e+00  0.00000000e+00
   0.00000000e+00  0.00000000e+00]
 [ 0.00000000e+00  1.66759674e-05  0.00000000e+00  1.00000000e+00
   0.00000000e+00  0.00000000e+00]
 [ 0.00000000e+00  0.00000000e+00  0.00000000e+00  0.00000000e+00
   1.00000000e+00  0.00000000e+00]
 [ 0.00000000e+00  0.00000000e+00  0.00000000e+00  0.00000000e+00
   0.00000000e+00  1.00000000e+00]]
R2 #[[ 1.00000000e+00  0.00000000e+00  1.66759674e-05  0.00000000e+00
   0.00000000e+00  0.00000000e+00]
 [ 0.00000000e+00  1.00000000e+00  0.00000000e+00  1.66759674e-05
   0.00000000e+00  0.00000000e+00]
 [-1.66759674e-05  0.00000000e+00  1.00000000e+00  0.00000000e+00
   0.00000000e+00  0.00000000e+00]
 [ 0.00000000e+00 -1.66759674e-05  0.00000000e+00  1.00000000e+00
   0.00000000e+00  0.00000000e+00]
 [ 0.00000000e+00  0.00000000e+00  0.00000000e+00  0.00000000e+00
   1.00000000e+00  0.00000000e+00]
 [ 0.00000000e+00  0.00000000e+00  0.00000000e+00  0.00000000e+00
   0.00000000e+00  1.00000000e+00]]
Param #3896: delta too small; RMS=5.7381e-07 mm
quads_tilt_fit #-1.7675967414545657e-05
delta_local #[0.00174273]
R1 #[[ 0.99999851  0.          0.00172506  0.          0.          0.        ]
 [ 0.          0.99999851  0.          0.00172506  0.          0.        ]
 [-0.00172506  0.          0.99999851  0.          0.          0.        ]
 [ 0.         -0.00172506  0.          0.99999851  0.          0.        ]
 [ 0.          0.          0.          0.          1.          0.        ]
 [ 0.          0.          0.          0.          0.          1.        ]]
R2 #[[ 0.99999851  0.         -0.00172506  0.          0.          0.        ]
 [ 0.          0.99999851  0.         -0.00172506  0.          0.        ]
 [ 0.00172506  0.          0.99999851  0.          0.          0.        ]
 [ 0.          0.00172506  0.          0.99999851  0.          0.        ]
 [ 0.          0.          0.          0.          1.          0.        ]
 [ 0.          0.          0.          0.          0.          1.        ]]
Param #3896: delta OK; RMS=0.0010001 mm
quads_tilt_fit #-7.746640672521337e-05
delta_local #[1.e-06]
R1 #[[ 9.99999997e-01  0.00000000e+00 -7.64664067e-05  0.00000000e+00
   0.00000000e+00  0.00000000e+00]
 [ 0.00000000e+00  9.99999997e-01  0.00000000e+00 -7.64664067e-05
   0.00000000e+00  0.00000000e+00]
 [ 7.64664067e-05  0.00000000e+00  9.99999997e-01  0.00000000e+00
   0.00000000e+00  0.00000000e+00]
 [ 0.00000000e+00  7.64664067e-05  0.00000000e+00  9.99999997e-01
   0.00000000e+00  0.00000000e+00]
 [ 0.00000000e+00  0.00000000e+00  0.00000000e+00  0.00000000e+00
   1.00000000e+00  0.00000000e+00]
 [ 0.00000000e+00  0.00000000e+00  0.00000000e+00  0.00000000e+00
   0.00000000e+00  1.00000000e+00]]
R2 #[[ 9.99999997e-01  0.00000000e+00  7.64664067e-05  0.00000000e+00
   0.00000000e+00  0.00000000e+00]
 [ 0.00000000e+00  9.99999997e-01  0.00000000e+00  7.64664067e-05
   0.00000000e+00  0.00000000e+00]
 [-7.64664067e-05  0.00000000e+00  9.99999997e-01  0.00000000e+00
   0.00000000e+00  0.00000000e+00]
 [ 0.00000000e+00 -7.64664067e-05  0.00000000e+00  9.99999997e-01
   0.00000000e+00  0.00000000e+00]
 [ 0.00000000e+00  0.00000000e+00  0.00000000e+00  0.00000000e+00
   1.00000000e+00  0.00000000e+00]
 [ 0.00000000e+00  0.00000000e+00  0.00000000e+00  0.00000000e+00
   0.00000000e+00  1.00000000e+00]]
Param #3903: delta too small; RMS=9.4728e-07 mm
quads_tilt_fit #-7.746640672521337e-05
delta_local #[0.00105565]
R1 #[[ 9.99999522e-01  0.00000000e+00  9.78184162e-04  0.00000000e+00
   0.00000000e+00  0.00000000e+00]
 [ 0.00000000e+00  9.99999522e-01  0.00000000e+00  9.78184162e-04
   0.00000000e+00  0.00000000e+00]
 [-9.78184162e-04  0.00000000e+00  9.99999522e-01  0.00000000e+00
   0.00000000e+00  0.00000000e+00]
 [ 0.00000000e+00 -9.78184162e-04  0.00000000e+00  9.99999522e-01
   0.00000000e+00  0.00000000e+00]
 [ 0.00000000e+00  0.00000000e+00  0.00000000e+00  0.00000000e+00
   1.00000000e+00  0.00000000e+00]
 [ 0.00000000e+00  0.00000000e+00  0.00000000e+00  0.00000000e+00
   0.00000000e+00  1.00000000e+00]]
R2 #[[ 9.99999522e-01  0.00000000e+00 -9.78184162e-04  0.00000000e+00
   0.00000000e+00  0.00000000e+00]
 [ 0.00000000e+00  9.99999522e-01  0.00000000e+00 -9.78184162e-04
   0.00000000e+00  0.00000000e+00]
 [ 9.78184162e-04  0.00000000e+00  9.99999522e-01  0.00000000e+00
   0.00000000e+00  0.00000000e+00]
 [ 0.00000000e+00  9.78184162e-04  0.00000000e+00  9.99999522e-01
   0.00000000e+00  0.00000000e+00]
 [ 0.00000000e+00  0.00000000e+00  0.00000000e+00  0.00000000e+00
   1.00000000e+00  0.00000000e+00]
 [ 0.00000000e+00  0.00000000e+00  0.00000000e+00  0.00000000e+00
   0.00000000e+00  1.00000000e+00]]
Param #3903: delta OK; RMS=0.001 mm
quads_tilt_fit #0.00012085219395991774
delta_local #[1.e-06]
R1 #[[ 9.99999993e-01  0.00000000e+00  1.21852194e-04  0.00000000e+00
   0.00000000e+00  0.00000000e+00]
 [ 0.00000000e+00  9.99999993e-01  0.00000000e+00  1.21852194e-04
   0.00000000e+00  0.00000000e+00]
 [-1.21852194e-04  0.00000000e+00  9.99999993e-01  0.00000000e+00
   0.00000000e+00  0.00000000e+00]
 [ 0.00000000e+00 -1.21852194e-04  0.00000000e+00  9.99999993e-01
   0.00000000e+00  0.00000000e+00]
 [ 0.00000000e+00  0.00000000e+00  0.00000000e+00  0.00000000e+00
   1.00000000e+00  0.00000000e+00]
 [ 0.00000000e+00  0.00000000e+00  0.00000000e+00  0.00000000e+00
   0.00000000e+00  1.00000000e+00]]
R2 #[[ 9.99999993e-01  0.00000000e+00 -1.21852194e-04  0.00000000e+00
   0.00000000e+00  0.00000000e+00]
 [ 0.00000000e+00  9.99999993e-01  0.00000000e+00 -1.21852194e-04
   0.00000000e+00  0.00000000e+00]
 [ 1.21852194e-04  0.00000000e+00  9.99999993e-01  0.00000000e+00
   0.00000000e+00  0.00000000e+00]
 [ 0.00000000e+00  1.21852194e-04  0.00000000e+00  9.99999993e-01
   0.00000000e+00  0.00000000e+00]
 [ 0.00000000e+00  0.00000000e+00  0.00000000e+00  0.00000000e+00
   1.00000000e+00  0.00000000e+00]
 [ 0.00000000e+00  0.00000000e+00  0.00000000e+00  0.00000000e+00
   0.00000000e+00  1.00000000e+00]]
Param #3909: delta too small; RMS=8.7651e-07 mm
quads_tilt_fit #0.00012085219395991774
delta_local #[0.00114089]
R1 #[[ 0.9999992   0.          0.00126174  0.          0.          0.        ]
 [ 0.          0.9999992   0.          0.00126174  0.          0.        ]
 [-0.00126174  0.          0.9999992   0.          0.          0.        ]
 [ 0.         -0.00126174  0.          0.9999992   0.          0.        ]
 [ 0.          0.          0.          0.          1.          0.        ]
 [ 0.          0.          0.          0.          0.          1.        ]]
R2 #[[ 0.9999992   0.         -0.00126174  0.          0.          0.        ]
 [ 0.          0.9999992   0.         -0.00126174  0.          0.        ]
 [ 0.00126174  0.          0.9999992   0.          0.          0.        ]
 [ 0.          0.00126174  0.          0.9999992   0.          0.        ]
 [ 0.          0.          0.          0.          1.          0.        ]
 [ 0.          0.          0.          0.          0.          1.        ]]
Param #3909: delta OK; RMS=0.001 mm
quads_tilt_fit #0.00022114013000762732
delta_local #[1.e-06]
R1 #[[ 9.99999975e-01  0.00000000e+00  2.22140128e-04  0.00000000e+00
   0.00000000e+00  0.00000000e+00]
 [ 0.00000000e+00  9.99999975e-01  0.00000000e+00  2.22140128e-04
   0.00000000e+00  0.00000000e+00]
 [-2.22140128e-04  0.00000000e+00  9.99999975e-01  0.00000000e+00
   0.00000000e+00  0.00000000e+00]
 [ 0.00000000e+00 -2.22140128e-04  0.00000000e+00  9.99999975e-01
   0.00000000e+00  0.00000000e+00]
 [ 0.00000000e+00  0.00000000e+00  0.00000000e+00  0.00000000e+00
   1.00000000e+00  0.00000000e+00]
 [ 0.00000000e+00  0.00000000e+00  0.00000000e+00  0.00000000e+00
   0.00000000e+00  1.00000000e+00]]
R2 #[[ 9.99999975e-01  0.00000000e+00 -2.22140128e-04  0.00000000e+00
   0.00000000e+00  0.00000000e+00]
 [ 0.00000000e+00  9.99999975e-01  0.00000000e+00 -2.22140128e-04
   0.00000000e+00  0.00000000e+00]
 [ 2.22140128e-04  0.00000000e+00  9.99999975e-01  0.00000000e+00
   0.00000000e+00  0.00000000e+00]
 [ 0.00000000e+00  2.22140128e-04  0.00000000e+00  9.99999975e-01
   0.00000000e+00  0.00000000e+00]
 [ 0.00000000e+00  0.00000000e+00  0.00000000e+00  0.00000000e+00
   1.00000000e+00  0.00000000e+00]
 [ 0.00000000e+00  0.00000000e+00  0.00000000e+00  0.00000000e+00
   0.00000000e+00  1.00000000e+00]]
Param #3918: delta too small; RMS=6.608e-07 mm
quads_tilt_fit #0.00022114013000762732
delta_local #[0.00151332]
R1 #[[ 0.9999985   0.          0.00173446  0.          0.          0.        ]
 [ 0.          0.9999985   0.          0.00173446  0.          0.        ]
 [-0.00173446  0.          0.9999985   0.          0.          0.        ]
 [ 0.         -0.00173446  0.          0.9999985   0.          0.        ]
 [ 0.          0.          0.          0.          1.          0.        ]
 [ 0.          0.          0.          0.          0.          1.        ]]
R2 #[[ 0.9999985   0.         -0.00173446  0.          0.          0.        ]
 [ 0.          0.9999985   0.         -0.00173446  0.          0.        ]
 [ 0.00173446  0.          0.9999985   0.          0.          0.        ]
 [ 0.          0.00173446  0.          0.9999985   0.          0.        ]
 [ 0.          0.          0.          0.          1.          0.        ]
 [ 0.          0.          0.          0.          0.          1.        ]]
Param #3918: delta OK; RMS=0.001 mm
quads_tilt_fit #2.5468783401341682e-05
delta_local #[1.e-06]
R1 #[[ 1.00000000e+00  0.00000000e+00  2.64687834e-05  0.00000000e+00
   0.00000000e+00  0.00000000e+00]
 [ 0.00000000e+00  1.00000000e+00  0.00000000e+00  2.64687834e-05
   0.00000000e+00  0.00000000e+00]
 [-2.64687834e-05  0.00000000e+00  1.00000000e+00  0.00000000e+00
   0.00000000e+00  0.00000000e+00]
 [ 0.00000000e+00 -2.64687834e-05  0.00000000e+00  1.00000000e+00
   0.00000000e+00  0.00000000e+00]
 [ 0.00000000e+00  0.00000000e+00  0.00000000e+00  0.00000000e+00
   1.00000000e+00  0.00000000e+00]
 [ 0.00000000e+00  0.00000000e+00  0.00000000e+00  0.00000000e+00
   0.00000000e+00  1.00000000e+00]]
R2 #[[ 1.00000000e+00  0.00000000e+00 -2.64687834e-05  0.00000000e+00
   0.00000000e+00  0.00000000e+00]
 [ 0.00000000e+00  1.00000000e+00  0.00000000e+00 -2.64687834e-05
   0.00000000e+00  0.00000000e+00]
 [ 2.64687834e-05  0.00000000e+00  1.00000000e+00  0.00000000e+00
   0.00000000e+00  0.00000000e+00]
 [ 0.00000000e+00  2.64687834e-05  0.00000000e+00  1.00000000e+00
   0.00000000e+00  0.00000000e+00]
 [ 0.00000000e+00  0.00000000e+00  0.00000000e+00  0.00000000e+00
   1.00000000e+00  0.00000000e+00]
 [ 0.00000000e+00  0.00000000e+00  0.00000000e+00  0.00000000e+00
   0.00000000e+00  1.00000000e+00]]
Param #3974: delta too small; RMS=6.7062e-07 mm
quads_tilt_fit #2.5468783401341682e-05
delta_local #[0.00149115]
R1 #[[ 0.99999885  0.          0.00151662  0.          0.          0.        ]
 [ 0.          0.99999885  0.          0.00151662  0.          0.        ]
 [-0.00151662  0.          0.99999885  0.          0.          0.        ]
 [ 0.         -0.00151662  0.          0.99999885  0.          0.        ]
 [ 0.          0.          0.          0.          1.          0.        ]
 [ 0.          0.          0.          0.          0.          1.        ]]
R2 #[[ 0.99999885  0.         -0.00151662  0.          0.          0.        ]
 [ 0.          0.99999885  0.         -0.00151662  0.          0.        ]
 [ 0.00151662  0.          0.99999885  0.          0.          0.        ]
 [ 0.          0.00151662  0.          0.99999885  0.          0.        ]
 [ 0.          0.          0.          0.          1.          0.        ]
 [ 0.          0.          0.          0.          0.          1.        ]]
Param #3974: delta OK; RMS=0.001 mm
quads_tilt_fit #5.2794013733667906e-05
delta_local #[1.e-06]
R1 #[[ 9.99999999e-01  0.00000000e+00  5.37940137e-05  0.00000000e+00
   0.00000000e+00  0.00000000e+00]
 [ 0.00000000e+00  9.99999999e-01  0.00000000e+00  5.37940137e-05
   0.00000000e+00  0.00000000e+00]
 [-5.37940137e-05  0.00000000e+00  9.99999999e-01  0.00000000e+00
   0.00000000e+00  0.00000000e+00]
 [ 0.00000000e+00 -5.37940137e-05  0.00000000e+00  9.99999999e-01
   0.00000000e+00  0.00000000e+00]
 [ 0.00000000e+00  0.00000000e+00  0.00000000e+00  0.00000000e+00
   1.00000000e+00  0.00000000e+00]
 [ 0.00000000e+00  0.00000000e+00  0.00000000e+00  0.00000000e+00
   0.00000000e+00  1.00000000e+00]]
R2 #[[ 9.99999999e-01  0.00000000e+00 -5.37940137e-05  0.00000000e+00
   0.00000000e+00  0.00000000e+00]
 [ 0.00000000e+00  9.99999999e-01  0.00000000e+00 -5.37940137e-05
   0.00000000e+00  0.00000000e+00]
 [ 5.37940137e-05  0.00000000e+00  9.99999999e-01  0.00000000e+00
   0.00000000e+00  0.00000000e+00]
 [ 0.00000000e+00  5.37940137e-05  0.00000000e+00  9.99999999e-01
   0.00000000e+00  0.00000000e+00]
 [ 0.00000000e+00  0.00000000e+00  0.00000000e+00  0.00000000e+00
   1.00000000e+00  0.00000000e+00]
 [ 0.00000000e+00  0.00000000e+00  0.00000000e+00  0.00000000e+00
   0.00000000e+00  1.00000000e+00]]
Param #3983: delta too small; RMS=8.7087e-07 mm
quads_tilt_fit #5.2794013733667906e-05
delta_local #[0.00114828]
R1 #[[ 0.99999928  0.          0.00120107  0.          0.          0.        ]
 [ 0.          0.99999928  0.          0.00120107  0.          0.        ]
 [-0.00120107  0.          0.99999928  0.          0.          0.        ]
 [ 0.         -0.00120107  0.          0.99999928  0.          0.        ]
 [ 0.          0.          0.          0.          1.          0.        ]
 [ 0.          0.          0.          0.          0.          1.        ]]
R2 #[[ 0.99999928  0.         -0.00120107  0.          0.          0.        ]
 [ 0.          0.99999928  0.         -0.00120107  0.          0.        ]
 [ 0.00120107  0.          0.99999928  0.          0.          0.        ]
 [ 0.          0.00120107  0.          0.99999928  0.          0.        ]
 [ 0.          0.          0.          0.          1.          0.        ]
 [ 0.          0.          0.          0.          0.          1.        ]]
Param #3983: delta OK; RMS=0.001 mm
quads_tilt_fit #-0.0001378979193909351
delta_local #[1.e-06]
R1 #[[ 9.99999991e-01  0.00000000e+00 -1.36897919e-04  0.00000000e+00
   0.00000000e+00  0.00000000e+00]
 [ 0.00000000e+00  9.99999991e-01  0.00000000e+00 -1.36897919e-04
   0.00000000e+00  0.00000000e+00]
 [ 1.36897919e-04  0.00000000e+00  9.99999991e-01  0.00000000e+00
   0.00000000e+00  0.00000000e+00]
 [ 0.00000000e+00  1.36897919e-04  0.00000000e+00  9.99999991e-01
   0.00000000e+00  0.00000000e+00]
 [ 0.00000000e+00  0.00000000e+00  0.00000000e+00  0.00000000e+00
   1.00000000e+00  0.00000000e+00]
 [ 0.00000000e+00  0.00000000e+00  0.00000000e+00  0.00000000e+00
   0.00000000e+00  1.00000000e+00]]
R2 #[[ 9.99999991e-01  0.00000000e+00  1.36897919e-04  0.00000000e+00
   0.00000000e+00  0.00000000e+00]
 [ 0.00000000e+00  9.99999991e-01  0.00000000e+00  1.36897919e-04
   0.00000000e+00  0.00000000e+00]
 [-1.36897919e-04  0.00000000e+00  9.99999991e-01  0.00000000e+00
   0.00000000e+00  0.00000000e+00]
 [ 0.00000000e+00 -1.36897919e-04  0.00000000e+00  9.99999991e-01
   0.00000000e+00  0.00000000e+00]
 [ 0.00000000e+00  0.00000000e+00  0.00000000e+00  0.00000000e+00
   1.00000000e+00  0.00000000e+00]
 [ 0.00000000e+00  0.00000000e+00  0.00000000e+00  0.00000000e+00
   0.00000000e+00  1.00000000e+00]]
Param #3989: delta too small; RMS=9.4319e-07 mm
quads_tilt_fit #-0.0001378979193909351
delta_local #[0.00106024]
R1 #[[ 9.99999575e-01  0.00000000e+00  9.22338882e-04  0.00000000e+00
   0.00000000e+00  0.00000000e+00]
 [ 0.00000000e+00  9.99999575e-01  0.00000000e+00  9.22338882e-04
   0.00000000e+00  0.00000000e+00]
 [-9.22338882e-04  0.00000000e+00  9.99999575e-01  0.00000000e+00
   0.00000000e+00  0.00000000e+00]
 [ 0.00000000e+00 -9.22338882e-04  0.00000000e+00  9.99999575e-01
   0.00000000e+00  0.00000000e+00]
 [ 0.00000000e+00  0.00000000e+00  0.00000000e+00  0.00000000e+00
   1.00000000e+00  0.00000000e+00]
 [ 0.00000000e+00  0.00000000e+00  0.00000000e+00  0.00000000e+00
   0.00000000e+00  1.00000000e+00]]
R2 #[[ 9.99999575e-01  0.00000000e+00 -9.22338882e-04  0.00000000e+00
   0.00000000e+00  0.00000000e+00]
 [ 0.00000000e+00  9.99999575e-01  0.00000000e+00 -9.22338882e-04
   0.00000000e+00  0.00000000e+00]
 [ 9.22338882e-04  0.00000000e+00  9.99999575e-01  0.00000000e+00
   0.00000000e+00  0.00000000e+00]
 [ 0.00000000e+00  9.22338882e-04  0.00000000e+00  9.99999575e-01
   0.00000000e+00  0.00000000e+00]
 [ 0.00000000e+00  0.00000000e+00  0.00000000e+00  0.00000000e+00
   1.00000000e+00  0.00000000e+00]
 [ 0.00000000e+00  0.00000000e+00  0.00000000e+00  0.00000000e+00
   0.00000000e+00  1.00000000e+00]]
Param #3989: delta OK; RMS=0.001 mm
quads_tilt_fit #-5.6042343291147275e-05
delta_local #[1.e-06]
R1 #[[ 9.99999998e-01  0.00000000e+00 -5.50423433e-05  0.00000000e+00
   0.00000000e+00  0.00000000e+00]
 [ 0.00000000e+00  9.99999998e-01  0.00000000e+00 -5.50423433e-05
   0.00000000e+00  0.00000000e+00]
 [ 5.50423433e-05  0.00000000e+00  9.99999998e-01  0.00000000e+00
   0.00000000e+00  0.00000000e+00]
 [ 0.00000000e+00  5.50423433e-05  0.00000000e+00  9.99999998e-01
   0.00000000e+00  0.00000000e+00]
 [ 0.00000000e+00  0.00000000e+00  0.00000000e+00  0.00000000e+00
   1.00000000e+00  0.00000000e+00]
 [ 0.00000000e+00  0.00000000e+00  0.00000000e+00  0.00000000e+00
   0.00000000e+00  1.00000000e+00]]
R2 #[[ 9.99999998e-01  0.00000000e+00  5.50423433e-05  0.00000000e+00
   0.00000000e+00  0.00000000e+00]
 [ 0.00000000e+00  9.99999998e-01  0.00000000e+00  5.50423433e-05
   0.00000000e+00  0.00000000e+00]
 [-5.50423433e-05  0.00000000e+00  9.99999998e-01  0.00000000e+00
   0.00000000e+00  0.00000000e+00]
 [ 0.00000000e+00 -5.50423433e-05  0.00000000e+00  9.99999998e-01
   0.00000000e+00  0.00000000e+00]
 [ 0.00000000e+00  0.00000000e+00  0.00000000e+00  0.00000000e+00
   1.00000000e+00  0.00000000e+00]
 [ 0.00000000e+00  0.00000000e+00  0.00000000e+00  0.00000000e+00
   0.00000000e+00  1.00000000e+00]]
Param #3996: delta too small; RMS=5.68e-07 mm
quads_tilt_fit #-5.6042343291147275e-05
delta_local #[0.00176057]
R1 #[[ 0.99999855  0.          0.00170453  0.          0.          0.        ]
 [ 0.          0.99999855  0.          0.00170453  0.          0.        ]
 [-0.00170453  0.          0.99999855  0.          0.          0.        ]
 [ 0.         -0.00170453  0.          0.99999855  0.          0.        ]
 [ 0.          0.          0.          0.          1.          0.        ]
 [ 0.          0.          0.          0.          0.          1.        ]]
R2 #[[ 0.99999855  0.         -0.00170453  0.          0.          0.        ]
 [ 0.          0.99999855  0.         -0.00170453  0.          0.        ]
 [ 0.00170453  0.          0.99999855  0.          0.          0.        ]
 [ 0.          0.00170453  0.          0.99999855  0.          0.        ]
 [ 0.          0.          0.          0.          1.          0.        ]
 [ 0.          0.          0.          0.          0.          1.        ]]
Param #3996: delta OK; RMS=0.001 mm
quads_tilt_fit #0.00018268416029075602
delta_local #[1.e-06]
R1 #[[ 9.99999983e-01  0.00000000e+00  1.83684159e-04  0.00000000e+00
   0.00000000e+00  0.00000000e+00]
 [ 0.00000000e+00  9.99999983e-01  0.00000000e+00  1.83684159e-04
   0.00000000e+00  0.00000000e+00]
 [-1.83684159e-04  0.00000000e+00  9.99999983e-01  0.00000000e+00
   0.00000000e+00  0.00000000e+00]
 [ 0.00000000e+00 -1.83684159e-04  0.00000000e+00  9.99999983e-01
   0.00000000e+00  0.00000000e+00]
 [ 0.00000000e+00  0.00000000e+00  0.00000000e+00  0.00000000e+00
   1.00000000e+00  0.00000000e+00]
 [ 0.00000000e+00  0.00000000e+00  0.00000000e+00  0.00000000e+00
   0.00000000e+00  1.00000000e+00]]
R2 #[[ 9.99999983e-01  0.00000000e+00 -1.83684159e-04  0.00000000e+00
   0.00000000e+00  0.00000000e+00]
 [ 0.00000000e+00  9.99999983e-01  0.00000000e+00 -1.83684159e-04
   0.00000000e+00  0.00000000e+00]
 [ 1.83684159e-04  0.00000000e+00  9.99999983e-01  0.00000000e+00
   0.00000000e+00  0.00000000e+00]
 [ 0.00000000e+00  1.83684159e-04  0.00000000e+00  9.99999983e-01
   0.00000000e+00  0.00000000e+00]
 [ 0.00000000e+00  0.00000000e+00  0.00000000e+00  0.00000000e+00
   1.00000000e+00  0.00000000e+00]
 [ 0.00000000e+00  0.00000000e+00  0.00000000e+00  0.00000000e+00
   0.00000000e+00  1.00000000e+00]]
Param #4032: delta too small; RMS=5.7681e-07 mm
quads_tilt_fit #0.00018268416029075602
delta_local #[0.00173366]
R1 #[[ 0.99999816  0.          0.00191634  0.          0.          0.        ]
 [ 0.          0.99999816  0.          0.00191634  0.          0.        ]
 [-0.00191634  0.          0.99999816  0.          0.          0.        ]
 [ 0.         -0.00191634  0.          0.99999816  0.          0.        ]
 [ 0.          0.          0.          0.          1.          0.        ]
 [ 0.          0.          0.          0.          0.          1.        ]]
R2 #[[ 0.99999816  0.         -0.00191634  0.          0.          0.        ]
 [ 0.          0.99999816  0.         -0.00191634  0.          0.        ]
 [ 0.00191634  0.          0.99999816  0.          0.          0.        ]
 [ 0.          0.00191634  0.          0.99999816  0.          0.        ]
 [ 0.          0.          0.          0.          1.          0.        ]
 [ 0.          0.          0.          0.          0.          1.        ]]
Param #4032: delta OK; RMS=0.001 mm
quads_tilt_fit #-0.00012689055867328206
delta_local #[1.e-06]
R1 #[[ 9.99999992e-01  0.00000000e+00 -1.25890558e-04  0.00000000e+00
   0.00000000e+00  0.00000000e+00]
 [ 0.00000000e+00  9.99999992e-01  0.00000000e+00 -1.25890558e-04
   0.00000000e+00  0.00000000e+00]
 [ 1.25890558e-04  0.00000000e+00  9.99999992e-01  0.00000000e+00
   0.00000000e+00  0.00000000e+00]
 [ 0.00000000e+00  1.25890558e-04  0.00000000e+00  9.99999992e-01
   0.00000000e+00  0.00000000e+00]
 [ 0.00000000e+00  0.00000000e+00  0.00000000e+00  0.00000000e+00
   1.00000000e+00  0.00000000e+00]
 [ 0.00000000e+00  0.00000000e+00  0.00000000e+00  0.00000000e+00
   0.00000000e+00  1.00000000e+00]]
R2 #[[ 9.99999992e-01  0.00000000e+00  1.25890558e-04  0.00000000e+00
   0.00000000e+00  0.00000000e+00]
 [ 0.00000000e+00  9.99999992e-01  0.00000000e+00  1.25890558e-04
   0.00000000e+00  0.00000000e+00]
 [-1.25890558e-04  0.00000000e+00  9.99999992e-01  0.00000000e+00
   0.00000000e+00  0.00000000e+00]
 [ 0.00000000e+00 -1.25890558e-04  0.00000000e+00  9.99999992e-01
   0.00000000e+00  0.00000000e+00]
 [ 0.00000000e+00  0.00000000e+00  0.00000000e+00  0.00000000e+00
   1.00000000e+00  0.00000000e+00]
 [ 0.00000000e+00  0.00000000e+00  0.00000000e+00  0.00000000e+00
   0.00000000e+00  1.00000000e+00]]
Param #4039: delta too small; RMS=9.527e-07 mm
quads_tilt_fit #-0.00012689055867328206
delta_local #[0.00104965]
R1 #[[ 9.99999574e-01  0.00000000e+00  9.22760142e-04  0.00000000e+00
   0.00000000e+00  0.00000000e+00]
 [ 0.00000000e+00  9.99999574e-01  0.00000000e+00  9.22760142e-04
   0.00000000e+00  0.00000000e+00]
 [-9.22760142e-04  0.00000000e+00  9.99999574e-01  0.00000000e+00
   0.00000000e+00  0.00000000e+00]
 [ 0.00000000e+00 -9.22760142e-04  0.00000000e+00  9.99999574e-01
   0.00000000e+00  0.00000000e+00]
 [ 0.00000000e+00  0.00000000e+00  0.00000000e+00  0.00000000e+00
   1.00000000e+00  0.00000000e+00]
 [ 0.00000000e+00  0.00000000e+00  0.00000000e+00  0.00000000e+00
   0.00000000e+00  1.00000000e+00]]
R2 #[[ 9.99999574e-01  0.00000000e+00 -9.22760142e-04  0.00000000e+00
   0.00000000e+00  0.00000000e+00]
 [ 0.00000000e+00  9.99999574e-01  0.00000000e+00 -9.22760142e-04
   0.00000000e+00  0.00000000e+00]
 [ 9.22760142e-04  0.00000000e+00  9.99999574e-01  0.00000000e+00
   0.00000000e+00  0.00000000e+00]
 [ 0.00000000e+00  9.22760142e-04  0.00000000e+00  9.99999574e-01
   0.00000000e+00  0.00000000e+00]
 [ 0.00000000e+00  0.00000000e+00  0.00000000e+00  0.00000000e+00
   1.00000000e+00  0.00000000e+00]
 [ 0.00000000e+00  0.00000000e+00  0.00000000e+00  0.00000000e+00
   0.00000000e+00  1.00000000e+00]]
Param #4039: delta OK; RMS=0.001 mm
quads_tilt_fit #0.00017503701519787338
delta_local #[1.e-06]
R1 #[[ 9.99999985e-01  0.00000000e+00  1.76037014e-04  0.00000000e+00
   0.00000000e+00  0.00000000e+00]
 [ 0.00000000e+00  9.99999985e-01  0.00000000e+00  1.76037014e-04
   0.00000000e+00  0.00000000e+00]
 [-1.76037014e-04  0.00000000e+00  9.99999985e-01  0.00000000e+00
   0.00000000e+00  0.00000000e+00]
 [ 0.00000000e+00 -1.76037014e-04  0.00000000e+00  9.99999985e-01
   0.00000000e+00  0.00000000e+00]
 [ 0.00000000e+00  0.00000000e+00  0.00000000e+00  0.00000000e+00
   1.00000000e+00  0.00000000e+00]
 [ 0.00000000e+00  0.00000000e+00  0.00000000e+00  0.00000000e+00
   0.00000000e+00  1.00000000e+00]]
R2 #[[ 9.99999985e-01  0.00000000e+00 -1.76037014e-04  0.00000000e+00
   0.00000000e+00  0.00000000e+00]
 [ 0.00000000e+00  9.99999985e-01  0.00000000e+00 -1.76037014e-04
   0.00000000e+00  0.00000000e+00]
 [ 1.76037014e-04  0.00000000e+00  9.99999985e-01  0.00000000e+00
   0.00000000e+00  0.00000000e+00]
 [ 0.00000000e+00  1.76037014e-04  0.00000000e+00  9.99999985e-01
   0.00000000e+00  0.00000000e+00]
 [ 0.00000000e+00  0.00000000e+00  0.00000000e+00  0.00000000e+00
   1.00000000e+00  0.00000000e+00]
 [ 0.00000000e+00  0.00000000e+00  0.00000000e+00  0.00000000e+00
   0.00000000e+00  1.00000000e+00]]
Param #4045: delta too small; RMS=8.8014e-07 mm
quads_tilt_fit #0.00017503701519787338
delta_local #[0.00113618]
R1 #[[ 0.99999914  0.          0.00131122  0.          0.          0.        ]
 [ 0.          0.99999914  0.          0.00131122  0.          0.        ]
 [-0.00131122  0.          0.99999914  0.          0.          0.        ]
 [ 0.         -0.00131122  0.          0.99999914  0.          0.        ]
 [ 0.          0.          0.          0.          1.          0.        ]
 [ 0.          0.          0.          0.          0.          1.        ]]
R2 #[[ 0.99999914  0.         -0.00131122  0.          0.          0.        ]
 [ 0.          0.99999914  0.         -0.00131122  0.          0.        ]
 [ 0.00131122  0.          0.99999914  0.          0.          0.        ]
 [ 0.          0.00131122  0.          0.99999914  0.          0.        ]
 [ 0.          0.          0.          0.          1.          0.        ]
 [ 0.          0.          0.          0.          0.          1.        ]]
Param #4045: delta OK; RMS=0.001 mm
quads_tilt_fit #-3.459641902838859e-05
delta_local #[1.e-06]
R1 #[[ 9.99999999e-01  0.00000000e+00 -3.35964190e-05  0.00000000e+00
   0.00000000e+00  0.00000000e+00]
 [ 0.00000000e+00  9.99999999e-01  0.00000000e+00 -3.35964190e-05
   0.00000000e+00  0.00000000e+00]
 [ 3.35964190e-05  0.00000000e+00  9.99999999e-01  0.00000000e+00
   0.00000000e+00  0.00000000e+00]
 [ 0.00000000e+00  3.35964190e-05  0.00000000e+00  9.99999999e-01
   0.00000000e+00  0.00000000e+00]
 [ 0.00000000e+00  0.00000000e+00  0.00000000e+00  0.00000000e+00
   1.00000000e+00  0.00000000e+00]
 [ 0.00000000e+00  0.00000000e+00  0.00000000e+00  0.00000000e+00
   0.00000000e+00  1.00000000e+00]]
R2 #[[ 9.99999999e-01  0.00000000e+00  3.35964190e-05  0.00000000e+00
   0.00000000e+00  0.00000000e+00]
 [ 0.00000000e+00  9.99999999e-01  0.00000000e+00  3.35964190e-05
   0.00000000e+00  0.00000000e+00]
 [-3.35964190e-05  0.00000000e+00  9.99999999e-01  0.00000000e+00
   0.00000000e+00  0.00000000e+00]
 [ 0.00000000e+00 -3.35964190e-05  0.00000000e+00  9.99999999e-01
   0.00000000e+00  0.00000000e+00]
 [ 0.00000000e+00  0.00000000e+00  0.00000000e+00  0.00000000e+00
   1.00000000e+00  0.00000000e+00]
 [ 0.00000000e+00  0.00000000e+00  0.00000000e+00  0.00000000e+00
   0.00000000e+00  1.00000000e+00]]
Param #4054: delta too small; RMS=6.7047e-07 mm
quads_tilt_fit #-3.459641902838859e-05
delta_local #[0.0014915]
R1 #[[ 0.99999894  0.          0.0014569   0.          0.          0.        ]
 [ 0.          0.99999894  0.          0.0014569   0.          0.        ]
 [-0.0014569   0.          0.99999894  0.          0.          0.        ]
 [ 0.         -0.0014569   0.          0.99999894  0.          0.        ]
 [ 0.          0.          0.          0.          1.          0.        ]
 [ 0.          0.          0.          0.          0.          1.        ]]
R2 #[[ 0.99999894  0.         -0.0014569   0.          0.          0.        ]
 [ 0.          0.99999894  0.         -0.0014569   0.          0.        ]
 [ 0.0014569   0.          0.99999894  0.          0.          0.        ]
 [ 0.          0.0014569   0.          0.99999894  0.          0.        ]
 [ 0.          0.          0.          0.          1.          0.        ]
 [ 0.          0.          0.          0.          0.          1.        ]]
Param #4054: delta OK; RMS=0.0010001 mm
quads_tilt_fit #-0.00015972978636016058
delta_local #[1.e-06]
R1 #[[ 9.99999987e-01  0.00000000e+00 -1.58729786e-04  0.00000000e+00
   0.00000000e+00  0.00000000e+00]
 [ 0.00000000e+00  9.99999987e-01  0.00000000e+00 -1.58729786e-04
   0.00000000e+00  0.00000000e+00]
 [ 1.58729786e-04  0.00000000e+00  9.99999987e-01  0.00000000e+00
   0.00000000e+00  0.00000000e+00]
 [ 0.00000000e+00  1.58729786e-04  0.00000000e+00  9.99999987e-01
   0.00000000e+00  0.00000000e+00]
 [ 0.00000000e+00  0.00000000e+00  0.00000000e+00  0.00000000e+00
   1.00000000e+00  0.00000000e+00]
 [ 0.00000000e+00  0.00000000e+00  0.00000000e+00  0.00000000e+00
   0.00000000e+00  1.00000000e+00]]
R2 #[[ 9.99999987e-01  0.00000000e+00  1.58729786e-04  0.00000000e+00
   0.00000000e+00  0.00000000e+00]
 [ 0.00000000e+00  9.99999987e-01  0.00000000e+00  1.58729786e-04
   0.00000000e+00  0.00000000e+00]
 [-1.58729786e-04  0.00000000e+00  9.99999987e-01  0.00000000e+00
   0.00000000e+00  0.00000000e+00]
 [ 0.00000000e+00 -1.58729786e-04  0.00000000e+00  9.99999987e-01
   0.00000000e+00  0.00000000e+00]
 [ 0.00000000e+00  0.00000000e+00  0.00000000e+00  0.00000000e+00
   1.00000000e+00  0.00000000e+00]
 [ 0.00000000e+00  0.00000000e+00  0.00000000e+00  0.00000000e+00
   0.00000000e+00  1.00000000e+00]]
Param #4115: delta too small; RMS=6.6461e-07 mm
quads_tilt_fit #-0.00015972978636016058
delta_local #[0.00150463]
R1 #[[ 0.9999991  0.         0.0013449  0.         0.         0.       ]
 [ 0.         0.9999991  0.         0.0013449  0.         0.       ]
 [-0.0013449  0.         0.9999991  0.         0.         0.       ]
 [ 0.        -0.0013449  0.         0.9999991  0.         0.       ]
 [ 0.         0.         0.         0.         1.         0.       ]
 [ 0.         0.         0.         0.         0.         1.       ]]
R2 #[[ 0.9999991  0.        -0.0013449  0.         0.         0.       ]
 [ 0.         0.9999991  0.        -0.0013449  0.         0.       ]
 [ 0.0013449  0.         0.9999991  0.         0.         0.       ]
 [ 0.         0.0013449  0.         0.9999991  0.         0.       ]
 [ 0.         0.         0.         0.         1.         0.       ]
 [ 0.         0.         0.         0.         0.         1.       ]]
Param #4115: delta OK; RMS=0.0010001 mm
quads_tilt_fit #4.4747000723828004e-05
delta_local #[1.e-06]
R1 #[[ 9.99999999e-01  0.00000000e+00  4.57470007e-05  0.00000000e+00
   0.00000000e+00  0.00000000e+00]
 [ 0.00000000e+00  9.99999999e-01  0.00000000e+00  4.57470007e-05
   0.00000000e+00  0.00000000e+00]
 [-4.57470007e-05  0.00000000e+00  9.99999999e-01  0.00000000e+00
   0.00000000e+00  0.00000000e+00]
 [ 0.00000000e+00 -4.57470007e-05  0.00000000e+00  9.99999999e-01
   0.00000000e+00  0.00000000e+00]
 [ 0.00000000e+00  0.00000000e+00  0.00000000e+00  0.00000000e+00
   1.00000000e+00  0.00000000e+00]
 [ 0.00000000e+00  0.00000000e+00  0.00000000e+00  0.00000000e+00
   0.00000000e+00  1.00000000e+00]]
R2 #[[ 9.99999999e-01  0.00000000e+00 -4.57470007e-05  0.00000000e+00
   0.00000000e+00  0.00000000e+00]
 [ 0.00000000e+00  9.99999999e-01  0.00000000e+00 -4.57470007e-05
   0.00000000e+00  0.00000000e+00]
 [ 4.57470007e-05  0.00000000e+00  9.99999999e-01  0.00000000e+00
   0.00000000e+00  0.00000000e+00]
 [ 0.00000000e+00  4.57470007e-05  0.00000000e+00  9.99999999e-01
   0.00000000e+00  0.00000000e+00]
 [ 0.00000000e+00  0.00000000e+00  0.00000000e+00  0.00000000e+00
   1.00000000e+00  0.00000000e+00]
 [ 0.00000000e+00  0.00000000e+00  0.00000000e+00  0.00000000e+00
   0.00000000e+00  1.00000000e+00]]
Param #4124: delta too small; RMS=8.6597e-07 mm
quads_tilt_fit #4.4747000723828004e-05
delta_local #[0.00115478]
R1 #[[ 0.99999928  0.          0.00119953  0.          0.          0.        ]
 [ 0.          0.99999928  0.          0.00119953  0.          0.        ]
 [-0.00119953  0.          0.99999928  0.          0.          0.        ]
 [ 0.         -0.00119953  0.          0.99999928  0.          0.        ]
 [ 0.          0.          0.          0.          1.          0.        ]
 [ 0.          0.          0.          0.          0.          1.        ]]
R2 #[[ 0.99999928  0.         -0.00119953  0.          0.          0.        ]
 [ 0.          0.99999928  0.         -0.00119953  0.          0.        ]
 [ 0.00119953  0.          0.99999928  0.          0.          0.        ]
 [ 0.          0.00119953  0.          0.99999928  0.          0.        ]
 [ 0.          0.          0.          0.          1.          0.        ]
 [ 0.          0.          0.          0.          0.          1.        ]]
Param #4124: delta OK; RMS=0.001 mm
quads_tilt_fit #-0.00015649031316555218
delta_local #[1.e-06]
R1 #[[ 9.99999988e-01  0.00000000e+00 -1.55490313e-04  0.00000000e+00
   0.00000000e+00  0.00000000e+00]
 [ 0.00000000e+00  9.99999988e-01  0.00000000e+00 -1.55490313e-04
   0.00000000e+00  0.00000000e+00]
 [ 1.55490313e-04  0.00000000e+00  9.99999988e-01  0.00000000e+00
   0.00000000e+00  0.00000000e+00]
 [ 0.00000000e+00  1.55490313e-04  0.00000000e+00  9.99999988e-01
   0.00000000e+00  0.00000000e+00]
 [ 0.00000000e+00  0.00000000e+00  0.00000000e+00  0.00000000e+00
   1.00000000e+00  0.00000000e+00]
 [ 0.00000000e+00  0.00000000e+00  0.00000000e+00  0.00000000e+00
   0.00000000e+00  1.00000000e+00]]
R2 #[[ 9.99999988e-01  0.00000000e+00  1.55490313e-04  0.00000000e+00
   0.00000000e+00  0.00000000e+00]
 [ 0.00000000e+00  9.99999988e-01  0.00000000e+00  1.55490313e-04
   0.00000000e+00  0.00000000e+00]
 [-1.55490313e-04  0.00000000e+00  9.99999988e-01  0.00000000e+00
   0.00000000e+00  0.00000000e+00]
 [ 0.00000000e+00 -1.55490313e-04  0.00000000e+00  9.99999988e-01
   0.00000000e+00  0.00000000e+00]
 [ 0.00000000e+00  0.00000000e+00  0.00000000e+00  0.00000000e+00
   1.00000000e+00  0.00000000e+00]
 [ 0.00000000e+00  0.00000000e+00  0.00000000e+00  0.00000000e+00
   0.00000000e+00  1.00000000e+00]]
Param #4130: delta too small; RMS=9.6641e-07 mm
quads_tilt_fit #-0.00015649031316555218
delta_local #[0.00103476]
R1 #[[ 9.99999614e-01  0.00000000e+00  8.78268502e-04  0.00000000e+00
   0.00000000e+00  0.00000000e+00]
 [ 0.00000000e+00  9.99999614e-01  0.00000000e+00  8.78268502e-04
   0.00000000e+00  0.00000000e+00]
 [-8.78268502e-04  0.00000000e+00  9.99999614e-01  0.00000000e+00
   0.00000000e+00  0.00000000e+00]
 [ 0.00000000e+00 -8.78268502e-04  0.00000000e+00  9.99999614e-01
   0.00000000e+00  0.00000000e+00]
 [ 0.00000000e+00  0.00000000e+00  0.00000000e+00  0.00000000e+00
   1.00000000e+00  0.00000000e+00]
 [ 0.00000000e+00  0.00000000e+00  0.00000000e+00  0.00000000e+00
   0.00000000e+00  1.00000000e+00]]
R2 #[[ 9.99999614e-01  0.00000000e+00 -8.78268502e-04  0.00000000e+00
   0.00000000e+00  0.00000000e+00]
 [ 0.00000000e+00  9.99999614e-01  0.00000000e+00 -8.78268502e-04
   0.00000000e+00  0.00000000e+00]
 [ 8.78268502e-04  0.00000000e+00  9.99999614e-01  0.00000000e+00
   0.00000000e+00  0.00000000e+00]
 [ 0.00000000e+00  8.78268502e-04  0.00000000e+00  9.99999614e-01
   0.00000000e+00  0.00000000e+00]
 [ 0.00000000e+00  0.00000000e+00  0.00000000e+00  0.00000000e+00
   1.00000000e+00  0.00000000e+00]
 [ 0.00000000e+00  0.00000000e+00  0.00000000e+00  0.00000000e+00
   0.00000000e+00  1.00000000e+00]]
Param #4130: delta OK; RMS=0.001 mm
quads_tilt_fit #0.0001041506189691788
delta_local #[1.e-06]
R1 #[[ 9.99999994e-01  0.00000000e+00  1.05150619e-04  0.00000000e+00
   0.00000000e+00  0.00000000e+00]
 [ 0.00000000e+00  9.99999994e-01  0.00000000e+00  1.05150619e-04
   0.00000000e+00  0.00000000e+00]
 [-1.05150619e-04  0.00000000e+00  9.99999994e-01  0.00000000e+00
   0.00000000e+00  0.00000000e+00]
 [ 0.00000000e+00 -1.05150619e-04  0.00000000e+00  9.99999994e-01
   0.00000000e+00  0.00000000e+00]
 [ 0.00000000e+00  0.00000000e+00  0.00000000e+00  0.00000000e+00
   1.00000000e+00  0.00000000e+00]
 [ 0.00000000e+00  0.00000000e+00  0.00000000e+00  0.00000000e+00
   0.00000000e+00  1.00000000e+00]]
R2 #[[ 9.99999994e-01  0.00000000e+00 -1.05150619e-04  0.00000000e+00
   0.00000000e+00  0.00000000e+00]
 [ 0.00000000e+00  9.99999994e-01  0.00000000e+00 -1.05150619e-04
   0.00000000e+00  0.00000000e+00]
 [ 1.05150619e-04  0.00000000e+00  9.99999994e-01  0.00000000e+00
   0.00000000e+00  0.00000000e+00]
 [ 0.00000000e+00  1.05150619e-04  0.00000000e+00  9.99999994e-01
   0.00000000e+00  0.00000000e+00]
 [ 0.00000000e+00  0.00000000e+00  0.00000000e+00  0.00000000e+00
   1.00000000e+00  0.00000000e+00]
 [ 0.00000000e+00  0.00000000e+00  0.00000000e+00  0.00000000e+00
   0.00000000e+00  1.00000000e+00]]
Param #4137: delta too small; RMS=5.7863e-07 mm
quads_tilt_fit #0.0001041506189691788
delta_local #[0.00172822]
R1 #[[ 0.99999832  0.          0.00183237  0.          0.          0.        ]
 [ 0.          0.99999832  0.          0.00183237  0.          0.        ]
 [-0.00183237  0.          0.99999832  0.          0.          0.        ]
 [ 0.         -0.00183237  0.          0.99999832  0.          0.        ]
 [ 0.          0.          0.          0.          1.          0.        ]
 [ 0.          0.          0.          0.          0.          1.        ]]
R2 #[[ 0.99999832  0.         -0.00183237  0.          0.          0.        ]
 [ 0.          0.99999832  0.         -0.00183237  0.          0.        ]
 [ 0.00183237  0.          0.99999832  0.          0.          0.        ]
 [ 0.          0.00183237  0.          0.99999832  0.          0.        ]
 [ 0.          0.          0.          0.          1.          0.        ]
 [ 0.          0.          0.          0.          0.          1.        ]]
Param #4137: delta OK; RMS=0.001 mm
quads_tilt_fit #2.4333589428014852e-05
delta_local #[1.e-06]
R1 #[[ 1.00000000e+00  0.00000000e+00  2.53335894e-05  0.00000000e+00
   0.00000000e+00  0.00000000e+00]
 [ 0.00000000e+00  1.00000000e+00  0.00000000e+00  2.53335894e-05
   0.00000000e+00  0.00000000e+00]
 [-2.53335894e-05  0.00000000e+00  1.00000000e+00  0.00000000e+00
   0.00000000e+00  0.00000000e+00]
 [ 0.00000000e+00 -2.53335894e-05  0.00000000e+00  1.00000000e+00
   0.00000000e+00  0.00000000e+00]
 [ 0.00000000e+00  0.00000000e+00  0.00000000e+00  0.00000000e+00
   1.00000000e+00  0.00000000e+00]
 [ 0.00000000e+00  0.00000000e+00  0.00000000e+00  0.00000000e+00
   0.00000000e+00  1.00000000e+00]]
R2 #[[ 1.00000000e+00  0.00000000e+00 -2.53335894e-05  0.00000000e+00
   0.00000000e+00  0.00000000e+00]
 [ 0.00000000e+00  1.00000000e+00  0.00000000e+00 -2.53335894e-05
   0.00000000e+00  0.00000000e+00]
 [ 2.53335894e-05  0.00000000e+00  1.00000000e+00  0.00000000e+00
   0.00000000e+00  0.00000000e+00]
 [ 0.00000000e+00  2.53335894e-05  0.00000000e+00  1.00000000e+00
   0.00000000e+00  0.00000000e+00]
 [ 0.00000000e+00  0.00000000e+00  0.00000000e+00  0.00000000e+00
   1.00000000e+00  0.00000000e+00]
 [ 0.00000000e+00  0.00000000e+00  0.00000000e+00  0.00000000e+00
   0.00000000e+00  1.00000000e+00]]
Param #4173: delta too small; RMS=5.7305e-07 mm
quads_tilt_fit #2.4333589428014852e-05
delta_local #[0.00174505]
R1 #[[ 0.99999843  0.          0.00176938  0.          0.          0.        ]
 [ 0.          0.99999843  0.          0.00176938  0.          0.        ]
 [-0.00176938  0.          0.99999843  0.          0.          0.        ]
 [ 0.         -0.00176938  0.          0.99999843  0.          0.        ]
 [ 0.          0.          0.          0.          1.          0.        ]
 [ 0.          0.          0.          0.          0.          1.        ]]
R2 #[[ 0.99999843  0.         -0.00176938  0.          0.          0.        ]
 [ 0.          0.99999843  0.         -0.00176938  0.          0.        ]
 [ 0.00176938  0.          0.99999843  0.          0.          0.        ]
 [ 0.          0.00176938  0.          0.99999843  0.          0.        ]
 [ 0.          0.          0.          0.          1.          0.        ]
 [ 0.          0.          0.          0.          0.          1.        ]]
Param #4173: delta OK; RMS=0.001 mm
quads_tilt_fit #-8.168908795814918e-05
delta_local #[1.e-06]
R1 #[[ 9.99999997e-01  0.00000000e+00 -8.06890879e-05  0.00000000e+00
   0.00000000e+00  0.00000000e+00]
 [ 0.00000000e+00  9.99999997e-01  0.00000000e+00 -8.06890879e-05
   0.00000000e+00  0.00000000e+00]
 [ 8.06890879e-05  0.00000000e+00  9.99999997e-01  0.00000000e+00
   0.00000000e+00  0.00000000e+00]
 [ 0.00000000e+00  8.06890879e-05  0.00000000e+00  9.99999997e-01
   0.00000000e+00  0.00000000e+00]
 [ 0.00000000e+00  0.00000000e+00  0.00000000e+00  0.00000000e+00
   1.00000000e+00  0.00000000e+00]
 [ 0.00000000e+00  0.00000000e+00  0.00000000e+00  0.00000000e+00
   0.00000000e+00  1.00000000e+00]]
R2 #[[ 9.99999997e-01  0.00000000e+00  8.06890879e-05  0.00000000e+00
   0.00000000e+00  0.00000000e+00]
 [ 0.00000000e+00  9.99999997e-01  0.00000000e+00  8.06890879e-05
   0.00000000e+00  0.00000000e+00]
 [-8.06890879e-05  0.00000000e+00  9.99999997e-01  0.00000000e+00
   0.00000000e+00  0.00000000e+00]
 [ 0.00000000e+00 -8.06890879e-05  0.00000000e+00  9.99999997e-01
   0.00000000e+00  0.00000000e+00]
 [ 0.00000000e+00  0.00000000e+00  0.00000000e+00  0.00000000e+00
   1.00000000e+00  0.00000000e+00]
 [ 0.00000000e+00  0.00000000e+00  0.00000000e+00  0.00000000e+00
   0.00000000e+00  1.00000000e+00]]
Param #4180: delta too small; RMS=9.5046e-07 mm
quads_tilt_fit #-8.168908795814918e-05
delta_local #[0.00105212]
R1 #[[ 9.99999529e-01  0.00000000e+00  9.70427482e-04  0.00000000e+00
   0.00000000e+00  0.00000000e+00]
 [ 0.00000000e+00  9.99999529e-01  0.00000000e+00  9.70427482e-04
   0.00000000e+00  0.00000000e+00]
 [-9.70427482e-04  0.00000000e+00  9.99999529e-01  0.00000000e+00
   0.00000000e+00  0.00000000e+00]
 [ 0.00000000e+00 -9.70427482e-04  0.00000000e+00  9.99999529e-01
   0.00000000e+00  0.00000000e+00]
 [ 0.00000000e+00  0.00000000e+00  0.00000000e+00  0.00000000e+00
   1.00000000e+00  0.00000000e+00]
 [ 0.00000000e+00  0.00000000e+00  0.00000000e+00  0.00000000e+00
   0.00000000e+00  1.00000000e+00]]
R2 #[[ 9.99999529e-01  0.00000000e+00 -9.70427482e-04  0.00000000e+00
   0.00000000e+00  0.00000000e+00]
 [ 0.00000000e+00  9.99999529e-01  0.00000000e+00 -9.70427482e-04
   0.00000000e+00  0.00000000e+00]
 [ 9.70427482e-04  0.00000000e+00  9.99999529e-01  0.00000000e+00
   0.00000000e+00  0.00000000e+00]
 [ 0.00000000e+00  9.70427482e-04  0.00000000e+00  9.99999529e-01
   0.00000000e+00  0.00000000e+00]
 [ 0.00000000e+00  0.00000000e+00  0.00000000e+00  0.00000000e+00
   1.00000000e+00  0.00000000e+00]
 [ 0.00000000e+00  0.00000000e+00  0.00000000e+00  0.00000000e+00
   0.00000000e+00  1.00000000e+00]]
Param #4180: delta OK; RMS=0.001 mm
quads_tilt_fit #0.0001121383323264379
delta_local #[1.e-06]
R1 #[[ 9.99999994e-01  0.00000000e+00  1.13138332e-04  0.00000000e+00
   0.00000000e+00  0.00000000e+00]
 [ 0.00000000e+00  9.99999994e-01  0.00000000e+00  1.13138332e-04
   0.00000000e+00  0.00000000e+00]
 [-1.13138332e-04  0.00000000e+00  9.99999994e-01  0.00000000e+00
   0.00000000e+00  0.00000000e+00]
 [ 0.00000000e+00 -1.13138332e-04  0.00000000e+00  9.99999994e-01
   0.00000000e+00  0.00000000e+00]
 [ 0.00000000e+00  0.00000000e+00  0.00000000e+00  0.00000000e+00
   1.00000000e+00  0.00000000e+00]
 [ 0.00000000e+00  0.00000000e+00  0.00000000e+00  0.00000000e+00
   0.00000000e+00  1.00000000e+00]]
R2 #[[ 9.99999994e-01  0.00000000e+00 -1.13138332e-04  0.00000000e+00
   0.00000000e+00  0.00000000e+00]
 [ 0.00000000e+00  9.99999994e-01  0.00000000e+00 -1.13138332e-04
   0.00000000e+00  0.00000000e+00]
 [ 1.13138332e-04  0.00000000e+00  9.99999994e-01  0.00000000e+00
   0.00000000e+00  0.00000000e+00]
 [ 0.00000000e+00  1.13138332e-04  0.00000000e+00  9.99999994e-01
   0.00000000e+00  0.00000000e+00]
 [ 0.00000000e+00  0.00000000e+00  0.00000000e+00  0.00000000e+00
   1.00000000e+00  0.00000000e+00]
 [ 0.00000000e+00  0.00000000e+00  0.00000000e+00  0.00000000e+00
   0.00000000e+00  1.00000000e+00]]
Param #4186: delta too small; RMS=8.8146e-07 mm
quads_tilt_fit #0.0001121383323264379
delta_local #[0.00113448]
R1 #[[ 0.99999922  0.          0.00124662  0.          0.          0.        ]
 [ 0.          0.99999922  0.          0.00124662  0.          0.        ]
 [-0.00124662  0.          0.99999922  0.          0.          0.        ]
 [ 0.         -0.00124662  0.          0.99999922  0.          0.        ]
 [ 0.          0.          0.          0.          1.          0.        ]
 [ 0.          0.          0.          0.          0.          1.        ]]
R2 #[[ 0.99999922  0.         -0.00124662  0.          0.          0.        ]
 [ 0.          0.99999922  0.         -0.00124662  0.          0.        ]
 [ 0.00124662  0.          0.99999922  0.          0.          0.        ]
 [ 0.          0.00124662  0.          0.99999922  0.          0.        ]
 [ 0.          0.          0.          0.          1.          0.        ]
 [ 0.          0.          0.          0.          0.          1.        ]]
Param #4186: delta OK; RMS=0.001 mm
quads_tilt_fit #0.00013413109393069897
delta_local #[1.e-06]
R1 #[[ 9.99999991e-01  0.00000000e+00  1.35131094e-04  0.00000000e+00
   0.00000000e+00  0.00000000e+00]
 [ 0.00000000e+00  9.99999991e-01  0.00000000e+00  1.35131094e-04
   0.00000000e+00  0.00000000e+00]
 [-1.35131094e-04  0.00000000e+00  9.99999991e-01  0.00000000e+00
   0.00000000e+00  0.00000000e+00]
 [ 0.00000000e+00 -1.35131094e-04  0.00000000e+00  9.99999991e-01
   0.00000000e+00  0.00000000e+00]
 [ 0.00000000e+00  0.00000000e+00  0.00000000e+00  0.00000000e+00
   1.00000000e+00  0.00000000e+00]
 [ 0.00000000e+00  0.00000000e+00  0.00000000e+00  0.00000000e+00
   0.00000000e+00  1.00000000e+00]]
R2 #[[ 9.99999991e-01  0.00000000e+00 -1.35131094e-04  0.00000000e+00
   0.00000000e+00  0.00000000e+00]
 [ 0.00000000e+00  9.99999991e-01  0.00000000e+00 -1.35131094e-04
   0.00000000e+00  0.00000000e+00]
 [ 1.35131094e-04  0.00000000e+00  9.99999991e-01  0.00000000e+00
   0.00000000e+00  0.00000000e+00]
 [ 0.00000000e+00  1.35131094e-04  0.00000000e+00  9.99999991e-01
   0.00000000e+00  0.00000000e+00]
 [ 0.00000000e+00  0.00000000e+00  0.00000000e+00  0.00000000e+00
   1.00000000e+00  0.00000000e+00]
 [ 0.00000000e+00  0.00000000e+00  0.00000000e+00  0.00000000e+00
   0.00000000e+00  1.00000000e+00]]
Param #4195: delta too small; RMS=6.6616e-07 mm
quads_tilt_fit #0.00013413109393069897
delta_local #[0.00150114]
R1 #[[ 0.99999866  0.          0.00163527  0.          0.          0.        ]
 [ 0.          0.99999866  0.          0.00163527  0.          0.        ]
 [-0.00163527  0.          0.99999866  0.          0.          0.        ]
 [ 0.         -0.00163527  0.          0.99999866  0.          0.        ]
 [ 0.          0.          0.          0.          1.          0.        ]
 [ 0.          0.          0.          0.          0.          1.        ]]
R2 #[[ 0.99999866  0.         -0.00163527  0.          0.          0.        ]
 [ 0.          0.99999866  0.         -0.00163527  0.          0.        ]
 [ 0.00163527  0.          0.99999866  0.          0.          0.        ]
 [ 0.          0.00163527  0.          0.99999866  0.          0.        ]
 [ 0.          0.          0.          0.          1.          0.        ]
 [ 0.          0.          0.          0.          0.          1.        ]]
Param #4195: delta OK; RMS=0.001 mm
quads_tilt_fit #0.00016818643484070497
delta_local #[1.e-06]
R1 #[[ 9.99999986e-01  0.00000000e+00  1.69186434e-04  0.00000000e+00
   0.00000000e+00  0.00000000e+00]
 [ 0.00000000e+00  9.99999986e-01  0.00000000e+00  1.69186434e-04
   0.00000000e+00  0.00000000e+00]
 [-1.69186434e-04  0.00000000e+00  9.99999986e-01  0.00000000e+00
   0.00000000e+00  0.00000000e+00]
 [ 0.00000000e+00 -1.69186434e-04  0.00000000e+00  9.99999986e-01
   0.00000000e+00  0.00000000e+00]
 [ 0.00000000e+00  0.00000000e+00  0.00000000e+00  0.00000000e+00
   1.00000000e+00  0.00000000e+00]
 [ 0.00000000e+00  0.00000000e+00  0.00000000e+00  0.00000000e+00
   0.00000000e+00  1.00000000e+00]]
R2 #[[ 9.99999986e-01  0.00000000e+00 -1.69186434e-04  0.00000000e+00
   0.00000000e+00  0.00000000e+00]
 [ 0.00000000e+00  9.99999986e-01  0.00000000e+00 -1.69186434e-04
   0.00000000e+00  0.00000000e+00]
 [ 1.69186434e-04  0.00000000e+00  9.99999986e-01  0.00000000e+00
   0.00000000e+00  0.00000000e+00]
 [ 0.00000000e+00  1.69186434e-04  0.00000000e+00  9.99999986e-01
   0.00000000e+00  0.00000000e+00]
 [ 0.00000000e+00  0.00000000e+00  0.00000000e+00  0.00000000e+00
   1.00000000e+00  0.00000000e+00]
 [ 0.00000000e+00  0.00000000e+00  0.00000000e+00  0.00000000e+00
   0.00000000e+00  1.00000000e+00]]
Param #4251: delta too small; RMS=6.7018e-07 mm
quads_tilt_fit #0.00016818643484070497
delta_local #[0.00149214]
R1 #[[ 0.99999862  0.          0.00166032  0.          0.          0.        ]
 [ 0.          0.99999862  0.          0.00166032  0.          0.        ]
 [-0.00166032  0.          0.99999862  0.          0.          0.        ]
 [ 0.         -0.00166032  0.          0.99999862  0.          0.        ]
 [ 0.          0.          0.          0.          1.          0.        ]
 [ 0.          0.          0.          0.          0.          1.        ]]
R2 #[[ 0.99999862  0.         -0.00166032  0.          0.          0.        ]
 [ 0.          0.99999862  0.         -0.00166032  0.          0.        ]
 [ 0.00166032  0.          0.99999862  0.          0.          0.        ]
 [ 0.          0.00166032  0.          0.99999862  0.          0.        ]
 [ 0.          0.          0.          0.          1.          0.        ]
 [ 0.          0.          0.          0.          0.          1.        ]]
Param #4251: delta OK; RMS=0.001 mm
quads_tilt_fit #5.447067337807829e-05
delta_local #[1.e-06]
R1 #[[ 9.99999998e-01  0.00000000e+00  5.54706733e-05  0.00000000e+00
   0.00000000e+00  0.00000000e+00]
 [ 0.00000000e+00  9.99999998e-01  0.00000000e+00  5.54706733e-05
   0.00000000e+00  0.00000000e+00]
 [-5.54706733e-05  0.00000000e+00  9.99999998e-01  0.00000000e+00
   0.00000000e+00  0.00000000e+00]
 [ 0.00000000e+00 -5.54706733e-05  0.00000000e+00  9.99999998e-01
   0.00000000e+00  0.00000000e+00]
 [ 0.00000000e+00  0.00000000e+00  0.00000000e+00  0.00000000e+00
   1.00000000e+00  0.00000000e+00]
 [ 0.00000000e+00  0.00000000e+00  0.00000000e+00  0.00000000e+00
   0.00000000e+00  1.00000000e+00]]
R2 #[[ 9.99999998e-01  0.00000000e+00 -5.54706733e-05  0.00000000e+00
   0.00000000e+00  0.00000000e+00]
 [ 0.00000000e+00  9.99999998e-01  0.00000000e+00 -5.54706733e-05
   0.00000000e+00  0.00000000e+00]
 [ 5.54706733e-05  0.00000000e+00  9.99999998e-01  0.00000000e+00
   0.00000000e+00  0.00000000e+00]
 [ 0.00000000e+00  5.54706733e-05  0.00000000e+00  9.99999998e-01
   0.00000000e+00  0.00000000e+00]
 [ 0.00000000e+00  0.00000000e+00  0.00000000e+00  0.00000000e+00
   1.00000000e+00  0.00000000e+00]
 [ 0.00000000e+00  0.00000000e+00  0.00000000e+00  0.00000000e+00
   0.00000000e+00  1.00000000e+00]]
Param #4260: delta too small; RMS=8.7475e-07 mm
quads_tilt_fit #5.447067337807829e-05
delta_local #[0.00114318]
R1 #[[ 0.99999928  0.          0.00119765  0.          0.          0.        ]
 [ 0.          0.99999928  0.          0.00119765  0.          0.        ]
 [-0.00119765  0.          0.99999928  0.          0.          0.        ]
 [ 0.         -0.00119765  0.          0.99999928  0.          0.        ]
 [ 0.          0.          0.          0.          1.          0.        ]
 [ 0.          0.          0.          0.          0.          1.        ]]
R2 #[[ 0.99999928  0.         -0.00119765  0.          0.          0.        ]
 [ 0.          0.99999928  0.         -0.00119765  0.          0.        ]
 [ 0.00119765  0.          0.99999928  0.          0.          0.        ]
 [ 0.          0.00119765  0.          0.99999928  0.          0.        ]
 [ 0.          0.          0.          0.          1.          0.        ]
 [ 0.          0.          0.          0.          0.          1.        ]]
Param #4260: delta OK; RMS=0.001 mm
quads_tilt_fit #-5.701150683850702e-05
delta_local #[1.e-06]
R1 #[[ 9.99999998e-01  0.00000000e+00 -5.60115068e-05  0.00000000e+00
   0.00000000e+00  0.00000000e+00]
 [ 0.00000000e+00  9.99999998e-01  0.00000000e+00 -5.60115068e-05
   0.00000000e+00  0.00000000e+00]
 [ 5.60115068e-05  0.00000000e+00  9.99999998e-01  0.00000000e+00
   0.00000000e+00  0.00000000e+00]
 [ 0.00000000e+00  5.60115068e-05  0.00000000e+00  9.99999998e-01
   0.00000000e+00  0.00000000e+00]
 [ 0.00000000e+00  0.00000000e+00  0.00000000e+00  0.00000000e+00
   1.00000000e+00  0.00000000e+00]
 [ 0.00000000e+00  0.00000000e+00  0.00000000e+00  0.00000000e+00
   0.00000000e+00  1.00000000e+00]]
R2 #[[ 9.99999998e-01  0.00000000e+00  5.60115068e-05  0.00000000e+00
   0.00000000e+00  0.00000000e+00]
 [ 0.00000000e+00  9.99999998e-01  0.00000000e+00  5.60115068e-05
   0.00000000e+00  0.00000000e+00]
 [-5.60115068e-05  0.00000000e+00  9.99999998e-01  0.00000000e+00
   0.00000000e+00  0.00000000e+00]
 [ 0.00000000e+00 -5.60115068e-05  0.00000000e+00  9.99999998e-01
   0.00000000e+00  0.00000000e+00]
 [ 0.00000000e+00  0.00000000e+00  0.00000000e+00  0.00000000e+00
   1.00000000e+00  0.00000000e+00]
 [ 0.00000000e+00  0.00000000e+00  0.00000000e+00  0.00000000e+00
   0.00000000e+00  1.00000000e+00]]
Param #4266: delta too small; RMS=9.4861e-07 mm
quads_tilt_fit #-5.701150683850702e-05
delta_local #[0.00105417]
R1 #[[ 9.99999503e-01  0.00000000e+00  9.97162505e-04  0.00000000e+00
   0.00000000e+00  0.00000000e+00]
 [ 0.00000000e+00  9.99999503e-01  0.00000000e+00  9.97162505e-04
   0.00000000e+00  0.00000000e+00]
 [-9.97162505e-04  0.00000000e+00  9.99999503e-01  0.00000000e+00
   0.00000000e+00  0.00000000e+00]
 [ 0.00000000e+00 -9.97162505e-04  0.00000000e+00  9.99999503e-01
   0.00000000e+00  0.00000000e+00]
 [ 0.00000000e+00  0.00000000e+00  0.00000000e+00  0.00000000e+00
   1.00000000e+00  0.00000000e+00]
 [ 0.00000000e+00  0.00000000e+00  0.00000000e+00  0.00000000e+00
   0.00000000e+00  1.00000000e+00]]
R2 #[[ 9.99999503e-01  0.00000000e+00 -9.97162505e-04  0.00000000e+00
   0.00000000e+00  0.00000000e+00]
 [ 0.00000000e+00  9.99999503e-01  0.00000000e+00 -9.97162505e-04
   0.00000000e+00  0.00000000e+00]
 [ 9.97162505e-04  0.00000000e+00  9.99999503e-01  0.00000000e+00
   0.00000000e+00  0.00000000e+00]
 [ 0.00000000e+00  9.97162505e-04  0.00000000e+00  9.99999503e-01
   0.00000000e+00  0.00000000e+00]
 [ 0.00000000e+00  0.00000000e+00  0.00000000e+00  0.00000000e+00
   1.00000000e+00  0.00000000e+00]
 [ 0.00000000e+00  0.00000000e+00  0.00000000e+00  0.00000000e+00
   0.00000000e+00  1.00000000e+00]]
Param #4266: delta OK; RMS=0.001 mm
quads_tilt_fit #-4.17796790267671e-05
delta_local #[1.e-06]
R1 #[[ 9.99999999e-01  0.00000000e+00 -4.07796790e-05  0.00000000e+00
   0.00000000e+00  0.00000000e+00]
 [ 0.00000000e+00  9.99999999e-01  0.00000000e+00 -4.07796790e-05
   0.00000000e+00  0.00000000e+00]
 [ 4.07796790e-05  0.00000000e+00  9.99999999e-01  0.00000000e+00
   0.00000000e+00  0.00000000e+00]
 [ 0.00000000e+00  4.07796790e-05  0.00000000e+00  9.99999999e-01
   0.00000000e+00  0.00000000e+00]
 [ 0.00000000e+00  0.00000000e+00  0.00000000e+00  0.00000000e+00
   1.00000000e+00  0.00000000e+00]
 [ 0.00000000e+00  0.00000000e+00  0.00000000e+00  0.00000000e+00
   0.00000000e+00  1.00000000e+00]]
R2 #[[ 9.99999999e-01  0.00000000e+00  4.07796790e-05  0.00000000e+00
   0.00000000e+00  0.00000000e+00]
 [ 0.00000000e+00  9.99999999e-01  0.00000000e+00  4.07796790e-05
   0.00000000e+00  0.00000000e+00]
 [-4.07796790e-05  0.00000000e+00  9.99999999e-01  0.00000000e+00
   0.00000000e+00  0.00000000e+00]
 [ 0.00000000e+00 -4.07796790e-05  0.00000000e+00  9.99999999e-01
   0.00000000e+00  0.00000000e+00]
 [ 0.00000000e+00  0.00000000e+00  0.00000000e+00  0.00000000e+00
   1.00000000e+00  0.00000000e+00]
 [ 0.00000000e+00  0.00000000e+00  0.00000000e+00  0.00000000e+00
   0.00000000e+00  1.00000000e+00]]
Param #4273: delta too small; RMS=5.7484e-07 mm
quads_tilt_fit #-4.17796790267671e-05
delta_local #[0.00173962]
R1 #[[ 0.99999856  0.          0.00169784  0.          0.          0.        ]
 [ 0.          0.99999856  0.          0.00169784  0.          0.        ]
 [-0.00169784  0.          0.99999856  0.          0.          0.        ]
 [ 0.         -0.00169784  0.          0.99999856  0.          0.        ]
 [ 0.          0.          0.          0.          1.          0.        ]
 [ 0.          0.          0.          0.          0.          1.        ]]
R2 #[[ 0.99999856  0.         -0.00169784  0.          0.          0.        ]
 [ 0.          0.99999856  0.         -0.00169784  0.          0.        ]
 [ 0.00169784  0.          0.99999856  0.          0.          0.        ]
 [ 0.          0.00169784  0.          0.99999856  0.          0.        ]
 [ 0.          0.          0.          0.          1.          0.        ]
 [ 0.          0.          0.          0.          0.          1.        ]]
Param #4273: delta OK; RMS=0.0010001 mm
quads_tilt_fit #0.0002503971021081032
delta_local #[1.e-06]
R1 #[[ 9.99999968e-01  0.00000000e+00  2.51397099e-04  0.00000000e+00
   0.00000000e+00  0.00000000e+00]
 [ 0.00000000e+00  9.99999968e-01  0.00000000e+00  2.51397099e-04
   0.00000000e+00  0.00000000e+00]
 [-2.51397099e-04  0.00000000e+00  9.99999968e-01  0.00000000e+00
   0.00000000e+00  0.00000000e+00]
 [ 0.00000000e+00 -2.51397099e-04  0.00000000e+00  9.99999968e-01
   0.00000000e+00  0.00000000e+00]
 [ 0.00000000e+00  0.00000000e+00  0.00000000e+00  0.00000000e+00
   1.00000000e+00  0.00000000e+00]
 [ 0.00000000e+00  0.00000000e+00  0.00000000e+00  0.00000000e+00
   0.00000000e+00  1.00000000e+00]]
R2 #[[ 9.99999968e-01  0.00000000e+00 -2.51397099e-04  0.00000000e+00
   0.00000000e+00  0.00000000e+00]
 [ 0.00000000e+00  9.99999968e-01  0.00000000e+00 -2.51397099e-04
   0.00000000e+00  0.00000000e+00]
 [ 2.51397099e-04  0.00000000e+00  9.99999968e-01  0.00000000e+00
   0.00000000e+00  0.00000000e+00]
 [ 0.00000000e+00  2.51397099e-04  0.00000000e+00  9.99999968e-01
   0.00000000e+00  0.00000000e+00]
 [ 0.00000000e+00  0.00000000e+00  0.00000000e+00  0.00000000e+00
   1.00000000e+00  0.00000000e+00]
 [ 0.00000000e+00  0.00000000e+00  0.00000000e+00  0.00000000e+00
   0.00000000e+00  1.00000000e+00]]
Param #4309: delta too small; RMS=5.7063e-07 mm
quads_tilt_fit #0.0002503971021081032
delta_local #[0.00175244]
R1 #[[ 0.99999799  0.          0.00200283  0.          0.          0.        ]
 [ 0.          0.99999799  0.          0.00200283  0.          0.        ]
 [-0.00200283  0.          0.99999799  0.          0.          0.        ]
 [ 0.         -0.00200283  0.          0.99999799  0.          0.        ]
 [ 0.          0.          0.          0.          1.          0.        ]
 [ 0.          0.          0.          0.          0.          1.        ]]
R2 #[[ 0.99999799  0.         -0.00200283  0.          0.          0.        ]
 [ 0.          0.99999799  0.         -0.00200283  0.          0.        ]
 [ 0.00200283  0.          0.99999799  0.          0.          0.        ]
 [ 0.          0.00200283  0.          0.99999799  0.          0.        ]
 [ 0.          0.          0.          0.          1.          0.        ]
 [ 0.          0.          0.          0.          0.          1.        ]]
Param #4309: delta OK; RMS=0.001 mm
quads_tilt_fit #-2.9492312313639607e-06
delta_local #[1.e-06]
R1 #[[ 1.00000000e+00  0.00000000e+00 -1.94923123e-06  0.00000000e+00
   0.00000000e+00  0.00000000e+00]
 [ 0.00000000e+00  1.00000000e+00  0.00000000e+00 -1.94923123e-06
   0.00000000e+00  0.00000000e+00]
 [ 1.94923123e-06  0.00000000e+00  1.00000000e+00  0.00000000e+00
   0.00000000e+00  0.00000000e+00]
 [ 0.00000000e+00  1.94923123e-06  0.00000000e+00  1.00000000e+00
   0.00000000e+00  0.00000000e+00]
 [ 0.00000000e+00  0.00000000e+00  0.00000000e+00  0.00000000e+00
   1.00000000e+00  0.00000000e+00]
 [ 0.00000000e+00  0.00000000e+00  0.00000000e+00  0.00000000e+00
   0.00000000e+00  1.00000000e+00]]
R2 #[[ 1.00000000e+00  0.00000000e+00  1.94923123e-06  0.00000000e+00
   0.00000000e+00  0.00000000e+00]
 [ 0.00000000e+00  1.00000000e+00  0.00000000e+00  1.94923123e-06
   0.00000000e+00  0.00000000e+00]
 [-1.94923123e-06  0.00000000e+00  1.00000000e+00  0.00000000e+00
   0.00000000e+00  0.00000000e+00]
 [ 0.00000000e+00 -1.94923123e-06  0.00000000e+00  1.00000000e+00
   0.00000000e+00  0.00000000e+00]
 [ 0.00000000e+00  0.00000000e+00  0.00000000e+00  0.00000000e+00
   1.00000000e+00  0.00000000e+00]
 [ 0.00000000e+00  0.00000000e+00  0.00000000e+00  0.00000000e+00
   0.00000000e+00  1.00000000e+00]]
Param #4316: delta too small; RMS=9.4015e-07 mm
quads_tilt_fit #-2.9492312313639607e-06
delta_local #[0.00106366]
R1 #[[ 0.99999944  0.          0.00106071  0.          0.          0.        ]
 [ 0.          0.99999944  0.          0.00106071  0.          0.        ]
 [-0.00106071  0.          0.99999944  0.          0.          0.        ]
 [ 0.         -0.00106071  0.          0.99999944  0.          0.        ]
 [ 0.          0.          0.          0.          1.          0.        ]
 [ 0.          0.          0.          0.          0.          1.        ]]
R2 #[[ 0.99999944  0.         -0.00106071  0.          0.          0.        ]
 [ 0.          0.99999944  0.         -0.00106071  0.          0.        ]
 [ 0.00106071  0.          0.99999944  0.          0.          0.        ]
 [ 0.          0.00106071  0.          0.99999944  0.          0.        ]
 [ 0.          0.          0.          0.          1.          0.        ]
 [ 0.          0.          0.          0.          0.          1.        ]]
Param #4316: delta OK; RMS=0.001 mm
quads_tilt_fit #7.365120482185103e-05
delta_local #[1.e-06]
R1 #[[ 9.99999997e-01  0.00000000e+00  7.46512048e-05  0.00000000e+00
   0.00000000e+00  0.00000000e+00]
 [ 0.00000000e+00  9.99999997e-01  0.00000000e+00  7.46512048e-05
   0.00000000e+00  0.00000000e+00]
 [-7.46512048e-05  0.00000000e+00  9.99999997e-01  0.00000000e+00
   0.00000000e+00  0.00000000e+00]
 [ 0.00000000e+00 -7.46512048e-05  0.00000000e+00  9.99999997e-01
   0.00000000e+00  0.00000000e+00]
 [ 0.00000000e+00  0.00000000e+00  0.00000000e+00  0.00000000e+00
   1.00000000e+00  0.00000000e+00]
 [ 0.00000000e+00  0.00000000e+00  0.00000000e+00  0.00000000e+00
   0.00000000e+00  1.00000000e+00]]
R2 #[[ 9.99999997e-01  0.00000000e+00 -7.46512048e-05  0.00000000e+00
   0.00000000e+00  0.00000000e+00]
 [ 0.00000000e+00  9.99999997e-01  0.00000000e+00 -7.46512048e-05
   0.00000000e+00  0.00000000e+00]
 [ 7.46512048e-05  0.00000000e+00  9.99999997e-01  0.00000000e+00
   0.00000000e+00  0.00000000e+00]
 [ 0.00000000e+00  7.46512048e-05  0.00000000e+00  9.99999997e-01
   0.00000000e+00  0.00000000e+00]
 [ 0.00000000e+00  0.00000000e+00  0.00000000e+00  0.00000000e+00
   1.00000000e+00  0.00000000e+00]
 [ 0.00000000e+00  0.00000000e+00  0.00000000e+00  0.00000000e+00
   0.00000000e+00  1.00000000e+00]]
Param #4322: delta too small; RMS=8.6663e-07 mm
quads_tilt_fit #7.365120482185103e-05
delta_local #[0.00115389]
R1 #[[ 0.99999925  0.          0.00122754  0.          0.          0.        ]
 [ 0.          0.99999925  0.          0.00122754  0.          0.        ]
 [-0.00122754  0.          0.99999925  0.          0.          0.        ]
 [ 0.         -0.00122754  0.          0.99999925  0.          0.        ]
 [ 0.          0.          0.          0.          1.          0.        ]
 [ 0.          0.          0.          0.          0.          1.        ]]
R2 #[[ 0.99999925  0.         -0.00122754  0.          0.          0.        ]
 [ 0.          0.99999925  0.         -0.00122754  0.          0.        ]
 [ 0.00122754  0.          0.99999925  0.          0.          0.        ]
 [ 0.          0.00122754  0.          0.99999925  0.          0.        ]
 [ 0.          0.          0.          0.          1.          0.        ]
 [ 0.          0.          0.          0.          0.          1.        ]]
Param #4322: delta OK; RMS=0.001 mm
quads_tilt_fit #-0.0001468073279081209
delta_local #[1.e-06]
R1 #[[ 9.99999989e-01  0.00000000e+00 -1.45807327e-04  0.00000000e+00
   0.00000000e+00  0.00000000e+00]
 [ 0.00000000e+00  9.99999989e-01  0.00000000e+00 -1.45807327e-04
   0.00000000e+00  0.00000000e+00]
 [ 1.45807327e-04  0.00000000e+00  9.99999989e-01  0.00000000e+00
   0.00000000e+00  0.00000000e+00]
 [ 0.00000000e+00  1.45807327e-04  0.00000000e+00  9.99999989e-01
   0.00000000e+00  0.00000000e+00]
 [ 0.00000000e+00  0.00000000e+00  0.00000000e+00  0.00000000e+00
   1.00000000e+00  0.00000000e+00]
 [ 0.00000000e+00  0.00000000e+00  0.00000000e+00  0.00000000e+00
   0.00000000e+00  1.00000000e+00]]
R2 #[[ 9.99999989e-01  0.00000000e+00  1.45807327e-04  0.00000000e+00
   0.00000000e+00  0.00000000e+00]
 [ 0.00000000e+00  9.99999989e-01  0.00000000e+00  1.45807327e-04
   0.00000000e+00  0.00000000e+00]
 [-1.45807327e-04  0.00000000e+00  9.99999989e-01  0.00000000e+00
   0.00000000e+00  0.00000000e+00]
 [ 0.00000000e+00 -1.45807327e-04  0.00000000e+00  9.99999989e-01
   0.00000000e+00  0.00000000e+00]
 [ 0.00000000e+00  0.00000000e+00  0.00000000e+00  0.00000000e+00
   1.00000000e+00  0.00000000e+00]
 [ 0.00000000e+00  0.00000000e+00  0.00000000e+00  0.00000000e+00
   0.00000000e+00  1.00000000e+00]]
Param #4331: delta too small; RMS=6.5871e-07 mm
quads_tilt_fit #-0.0001468073279081209
delta_local #[0.00151811]
R1 #[[ 0.99999906  0.          0.00137131  0.          0.          0.        ]
 [ 0.          0.99999906  0.          0.00137131  0.          0.        ]
 [-0.00137131  0.          0.99999906  0.          0.          0.        ]
 [ 0.         -0.00137131  0.          0.99999906  0.          0.        ]
 [ 0.          0.          0.          0.          1.          0.        ]
 [ 0.          0.          0.          0.          0.          1.        ]]
R2 #[[ 0.99999906  0.         -0.00137131  0.          0.          0.        ]
 [ 0.          0.99999906  0.         -0.00137131  0.          0.        ]
 [ 0.00137131  0.          0.99999906  0.          0.          0.        ]
 [ 0.          0.00137131  0.          0.99999906  0.          0.        ]
 [ 0.          0.          0.          0.          1.          0.        ]
 [ 0.          0.          0.          0.          0.          1.        ]]
Param #4331: delta OK; RMS=0.001 mm
quads_tilt_fit #0.00013575780870799106
delta_local #[1.e-06]
R1 #[[ 9.99999991e-01  0.00000000e+00  1.36757808e-04  0.00000000e+00
   0.00000000e+00  0.00000000e+00]
 [ 0.00000000e+00  9.99999991e-01  0.00000000e+00  1.36757808e-04
   0.00000000e+00  0.00000000e+00]
 [-1.36757808e-04  0.00000000e+00  9.99999991e-01  0.00000000e+00
   0.00000000e+00  0.00000000e+00]
 [ 0.00000000e+00 -1.36757808e-04  0.00000000e+00  9.99999991e-01
   0.00000000e+00  0.00000000e+00]
 [ 0.00000000e+00  0.00000000e+00  0.00000000e+00  0.00000000e+00
   1.00000000e+00  0.00000000e+00]
 [ 0.00000000e+00  0.00000000e+00  0.00000000e+00  0.00000000e+00
   0.00000000e+00  1.00000000e+00]]
R2 #[[ 9.99999991e-01  0.00000000e+00 -1.36757808e-04  0.00000000e+00
   0.00000000e+00  0.00000000e+00]
 [ 0.00000000e+00  9.99999991e-01  0.00000000e+00 -1.36757808e-04
   0.00000000e+00  0.00000000e+00]
 [ 1.36757808e-04  0.00000000e+00  9.99999991e-01  0.00000000e+00
   0.00000000e+00  0.00000000e+00]
 [ 0.00000000e+00  1.36757808e-04  0.00000000e+00  9.99999991e-01
   0.00000000e+00  0.00000000e+00]
 [ 0.00000000e+00  0.00000000e+00  0.00000000e+00  0.00000000e+00
   1.00000000e+00  0.00000000e+00]
 [ 0.00000000e+00  0.00000000e+00  0.00000000e+00  0.00000000e+00
   0.00000000e+00  1.00000000e+00]]
Param #4385: delta too small; RMS=6.5472e-07 mm
quads_tilt_fit #0.00013575780870799106
delta_local #[0.00152737]
R1 #[[ 0.99999862  0.          0.00166313  0.          0.          0.        ]
 [ 0.          0.99999862  0.          0.00166313  0.          0.        ]
 [-0.00166313  0.          0.99999862  0.          0.          0.        ]
 [ 0.         -0.00166313  0.          0.99999862  0.          0.        ]
 [ 0.          0.          0.          0.          1.          0.        ]
 [ 0.          0.          0.          0.          0.          1.        ]]
R2 #[[ 0.99999862  0.         -0.00166313  0.          0.          0.        ]
 [ 0.          0.99999862  0.         -0.00166313  0.          0.        ]
 [ 0.00166313  0.          0.99999862  0.          0.          0.        ]
 [ 0.          0.00166313  0.          0.99999862  0.          0.        ]
 [ 0.          0.          0.          0.          1.          0.        ]
 [ 0.          0.          0.          0.          0.          1.        ]]
Param #4385: delta OK; RMS=0.001 mm
quads_tilt_fit #0.00010057141001631664
delta_local #[1.e-06]
R1 #[[ 9.99999995e-01  0.00000000e+00  1.01571410e-04  0.00000000e+00
   0.00000000e+00  0.00000000e+00]
 [ 0.00000000e+00  9.99999995e-01  0.00000000e+00  1.01571410e-04
   0.00000000e+00  0.00000000e+00]
 [-1.01571410e-04  0.00000000e+00  9.99999995e-01  0.00000000e+00
   0.00000000e+00  0.00000000e+00]
 [ 0.00000000e+00 -1.01571410e-04  0.00000000e+00  9.99999995e-01
   0.00000000e+00  0.00000000e+00]
 [ 0.00000000e+00  0.00000000e+00  0.00000000e+00  0.00000000e+00
   1.00000000e+00  0.00000000e+00]
 [ 0.00000000e+00  0.00000000e+00  0.00000000e+00  0.00000000e+00
   0.00000000e+00  1.00000000e+00]]
R2 #[[ 9.99999995e-01  0.00000000e+00 -1.01571410e-04  0.00000000e+00
   0.00000000e+00  0.00000000e+00]
 [ 0.00000000e+00  9.99999995e-01  0.00000000e+00 -1.01571410e-04
   0.00000000e+00  0.00000000e+00]
 [ 1.01571410e-04  0.00000000e+00  9.99999995e-01  0.00000000e+00
   0.00000000e+00  0.00000000e+00]
 [ 0.00000000e+00  1.01571410e-04  0.00000000e+00  9.99999995e-01
   0.00000000e+00  0.00000000e+00]
 [ 0.00000000e+00  0.00000000e+00  0.00000000e+00  0.00000000e+00
   1.00000000e+00  0.00000000e+00]
 [ 0.00000000e+00  0.00000000e+00  0.00000000e+00  0.00000000e+00
   0.00000000e+00  1.00000000e+00]]
Param #4394: delta too small; RMS=8.7145e-07 mm
quads_tilt_fit #0.00010057141001631664
delta_local #[0.00114751]
R1 #[[ 0.99999922  0.          0.00124808  0.          0.          0.        ]
 [ 0.          0.99999922  0.          0.00124808  0.          0.        ]
 [-0.00124808  0.          0.99999922  0.          0.          0.        ]
 [ 0.         -0.00124808  0.          0.99999922  0.          0.        ]
 [ 0.          0.          0.          0.          1.          0.        ]
 [ 0.          0.          0.          0.          0.          1.        ]]
R2 #[[ 0.99999922  0.         -0.00124808  0.          0.          0.        ]
 [ 0.          0.99999922  0.         -0.00124808  0.          0.        ]
 [ 0.00124808  0.          0.99999922  0.          0.          0.        ]
 [ 0.          0.00124808  0.          0.99999922  0.          0.        ]
 [ 0.          0.          0.          0.          1.          0.        ]
 [ 0.          0.          0.          0.          0.          1.        ]]
Param #4394: delta OK; RMS=0.001 mm
